http://stats.nba.com/cvp.html?GameID=0021200014&GameEventID=1,1,,San Antonio Spurs,Jump Ball Duncan vs. Ibaka: Tip to Perkins,12:00
http://stats.nba.com/cvp.html?GameID=0021200014&GameEventID=2,1,,San Antonio Spurs,Parker P.FOUL (P1.T1),11:47
http://stats.nba.com/cvp.html?GameID=0021200014&GameEventID=3,1,[ 2 - 0 ],Oklahoma City Thunder,Durant 19' Jump Shot (2 PTS) (Westbrook 1 AST),11:40
http://stats.nba.com/cvp.html?GameID=0021200014&GameEventID=4,1,,San Antonio Spurs,MISS Diaw 25' 3PT Jump Shot,11:18
http://stats.nba.com/cvp.html?GameID=0021200014&GameEventID=5,1,,Oklahoma City Thunder,Sefolosha REBOUND (Off:0 Def:1),11:17
http://stats.nba.com/cvp.html?GameID=0021200014&GameEventID=6,1,[ 4 - 0 ],Oklahoma City Thunder,Westbrook 20' Pullup Jump Shot (2 PTS) (Perkins 1 AST),11:02
http://stats.nba.com/cvp.html?GameID=0021200014&GameEventID=7,1,,San Antonio Spurs,MISS Parker 9' Jump Shot,10:40
http://stats.nba.com/cvp.html?GameID=0021200014&GameEventID=8,1,,Oklahoma City Thunder,Durant REBOUND (Off:0 Def:1),10:39
http://stats.nba.com/cvp.html?GameID=0021200014&GameEventID=10,1,[ 6 - 0 ],Oklahoma City Thunder,Ibaka 19' Jump Shot (2 PTS) (Sefolosha 1 AST),10:15
http://stats.nba.com/cvp.html?GameID=0021200014&GameEventID=11,1,,San Antonio Spurs,MISS Duncan 6' Jump Shot,10:00
http://stats.nba.com/cvp.html?GameID=0021200014&GameEventID=11,1,,Oklahoma City Thunder,Ibaka BLOCK (1 BLK),10:00
http://stats.nba.com/cvp.html?GameID=0021200014&GameEventID=12,1,,Oklahoma City Thunder,Perkins REBOUND (Off:0 Def:1),9:58
http://stats.nba.com/cvp.html?GameID=0021200014&GameEventID=13,1,,Oklahoma City Thunder,MISS Westbrook 16' Jump Shot,9:55
http://stats.nba.com/cvp.html?GameID=0021200014&GameEventID=14,1,,San Antonio Spurs,Green REBOUND (Off:0 Def:1),9:53
http://stats.nba.com/cvp.html?GameID=0021200014&GameEventID=15,1,,San Antonio Spurs,MISS Parker 2' Layup,9:45
http://stats.nba.com/cvp.html?GameID=0021200014&GameEventID=16,1,,Oklahoma City Thunder,Sefolosha REBOUND (Off:0 Def:2),9:44
http://stats.nba.com/cvp.html?GameID=0021200014&GameEventID=17,1,,San Antonio Spurs,Diaw S.FOUL (P1.T2),9:41
http://stats.nba.com/cvp.html?GameID=0021200014&GameEventID=18,1,[ 7 - 0 ],Oklahoma City Thunder,Sefolosha Free Throw 1 of 2 (1 PTS),9:41
http://stats.nba.com/cvp.html?GameID=0021200014&GameEventID=20,1,[ 8 - 0 ],Oklahoma City Thunder,Sefolosha Free Throw 2 of 2 (2 PTS),9:41
http://stats.nba.com/cvp.html?GameID=0021200014&GameEventID=22,1,,San Antonio Spurs,MISS Leonard 18' Jump Shot,9:23
http://stats.nba.com/cvp.html?GameID=0021200014&GameEventID=23,1,,San Antonio Spurs,Parker REBOUND (Off:1 Def:0),9:22
http://stats.nba.com/cvp.html?GameID=0021200014&GameEventID=24,1,,Oklahoma City Thunder,Ibaka S.FOUL (P1.T1),9:07
http://stats.nba.com/cvp.html?GameID=0021200014&GameEventID=25,1,[ 8 - 1 ],San Antonio Spurs,Duncan Free Throw 1 of 2 (1 PTS),9:07
http://stats.nba.com/cvp.html?GameID=0021200014&GameEventID=27,1,[ 8 - 2 ],San Antonio Spurs,Duncan Free Throw 2 of 2 (2 PTS),9:07
http://stats.nba.com/cvp.html?GameID=0021200014&GameEventID=29,1,,San Antonio Spurs,Leonard STEAL (1 STL),8:48
http://stats.nba.com/cvp.html?GameID=0021200014&GameEventID=29,1,,Oklahoma City Thunder,Durant Lost Ball Turnover (P1.T1),8:48
http://stats.nba.com/cvp.html?GameID=0021200014&GameEventID=30,1,[ 8 - 4 ],San Antonio Spurs,Parker 2' Reverse Layup (2 PTS) (Diaw 1 AST),8:43
http://stats.nba.com/cvp.html?GameID=0021200014&GameEventID=31,1,,San Antonio Spurs,Diaw BLOCK (1 BLK),8:30
http://stats.nba.com/cvp.html?GameID=0021200014&GameEventID=31,1,,Oklahoma City Thunder,MISS Ibaka 2' Layup,8:30
http://stats.nba.com/cvp.html?GameID=0021200014&GameEventID=32,1,,San Antonio Spurs,Duncan REBOUND (Off:0 Def:1),8:28
http://stats.nba.com/cvp.html?GameID=0021200014&GameEventID=33,1,[ 8 - 7 ],San Antonio Spurs,Green 25' 3PT Jump Shot (3 PTS) (Parker 1 AST),8:23
http://stats.nba.com/cvp.html?GameID=0021200014&GameEventID=34,1,,Oklahoma City Thunder,MISS Westbrook 14' Jump Shot,8:07
http://stats.nba.com/cvp.html?GameID=0021200014&GameEventID=35,1,,San Antonio Spurs,Diaw REBOUND (Off:0 Def:1),8:06
http://stats.nba.com/cvp.html?GameID=0021200014&GameEventID=36,1,[ 8 - 9 ],San Antonio Spurs,Duncan 14' Jump Bank Shot (4 PTS),7:54
http://stats.nba.com/cvp.html?GameID=0021200014&GameEventID=37,1,,Oklahoma City Thunder,Thunder Timeout: Short (Reg.0 Short 1),7:47
http://stats.nba.com/cvp.html?GameID=0021200014&GameEventID=39,1,,Oklahoma City Thunder,MISS Ibaka 24' 3PT Jump Shot,7:40
http://stats.nba.com/cvp.html?GameID=0021200014&GameEventID=40,1,,Oklahoma City Thunder,Perkins REBOUND (Off:1 Def:1),7:39
http://stats.nba.com/cvp.html?GameID=0021200014&GameEventID=41,1,,Oklahoma City Thunder,MISS Sefolosha 18' Jump Shot,7:32
http://stats.nba.com/cvp.html?GameID=0021200014&GameEventID=42,1,,San Antonio Spurs,Diaw REBOUND (Off:0 Def:2),7:31
http://stats.nba.com/cvp.html?GameID=0021200014&GameEventID=43,1,,San Antonio Spurs,MISS Duncan 19' Jump Shot,7:21
http://stats.nba.com/cvp.html?GameID=0021200014&GameEventID=44,1,,Oklahoma City Thunder,Ibaka REBOUND (Off:0 Def:1),7:20
http://stats.nba.com/cvp.html?GameID=0021200014&GameEventID=45,1,,San Antonio Spurs,Leonard STEAL (2 STL),7:11
http://stats.nba.com/cvp.html?GameID=0021200014&GameEventID=45,1,,Oklahoma City Thunder,Durant Bad Pass Turnover (P2.T2),7:11
http://stats.nba.com/cvp.html?GameID=0021200014&GameEventID=46,1,[ 8 - 11 ],San Antonio Spurs,Parker 2' Reverse Layup (4 PTS) (Leonard 1 AST),7:06
http://stats.nba.com/cvp.html?GameID=0021200014&GameEventID=47,1,,San Antonio Spurs,Leonard STEAL (3 STL),6:51
http://stats.nba.com/cvp.html?GameID=0021200014&GameEventID=47,1,,Oklahoma City Thunder,Westbrook Bad Pass Turnover (P1.T3),6:51
http://stats.nba.com/cvp.html?GameID=0021200014&GameEventID=48,1,,San Antonio Spurs,MISS Leonard 3' Running Layup,6:46
http://stats.nba.com/cvp.html?GameID=0021200014&GameEventID=49,1,,Oklahoma City Thunder,Westbrook REBOUND (Off:0 Def:1),6:43
http://stats.nba.com/cvp.html?GameID=0021200014&GameEventID=50,1,,San Antonio Spurs,Duncan BLOCK (1 BLK),6:27
http://stats.nba.com/cvp.html?GameID=0021200014&GameEventID=50,1,,Oklahoma City Thunder,MISS Sefolosha 3' Jump Shot,6:27
http://stats.nba.com/cvp.html?GameID=0021200014&GameEventID=51,1,,San Antonio Spurs,Diaw REBOUND (Off:0 Def:3),6:25
http://stats.nba.com/cvp.html?GameID=0021200014&GameEventID=52,1,,San Antonio Spurs,Leonard Poss Lost Ball Turnover (P1.T1),6:18
http://stats.nba.com/cvp.html?GameID=0021200014&GameEventID=52,1,,Oklahoma City Thunder,Durant STEAL (1 STL),6:18
http://stats.nba.com/cvp.html?GameID=0021200014&GameEventID=53,1,,San Antonio Spurs,Duncan BLOCK (2 BLK),6:12
http://stats.nba.com/cvp.html?GameID=0021200014&GameEventID=53,1,,Oklahoma City Thunder,MISS Durant 3' Dunk,6:12
http://stats.nba.com/cvp.html?GameID=0021200014&GameEventID=54,1,,San Antonio Spurs,Duncan REBOUND (Off:0 Def:2),6:10
http://stats.nba.com/cvp.html?GameID=0021200014&GameEventID=55,1,,San Antonio Spurs,MISS Leonard  3PT Jump Shot,6:04
http://stats.nba.com/cvp.html?GameID=0021200014&GameEventID=56,1,,Oklahoma City Thunder,Ibaka REBOUND (Off:0 Def:2),6:01
http://stats.nba.com/cvp.html?GameID=0021200014&GameEventID=57,1,[ 10 - 11 ],Oklahoma City Thunder,Westbrook 2' Driving Layup (4 PTS),5:49
http://stats.nba.com/cvp.html?GameID=0021200014&GameEventID=58,1,,San Antonio Spurs,SPURS Timeout: Regular (Full 1 Short 0),5:48
http://stats.nba.com/cvp.html?GameID=0021200014&GameEventID=60,1,,San Antonio Spurs,SUB: Neal FOR Green,5:48
http://stats.nba.com/cvp.html?GameID=0021200014&GameEventID=61,1,,San Antonio Spurs,MISS Duncan 8' Turnaround Jump Shot,5:26
http://stats.nba.com/cvp.html?GameID=0021200014&GameEventID=62,1,,Oklahoma City Thunder,Ibaka REBOUND (Off:0 Def:3),5:25
http://stats.nba.com/cvp.html?GameID=0021200014&GameEventID=63,1,,Oklahoma City Thunder,MISS Westbrook 7' Jump Shot,5:05
http://stats.nba.com/cvp.html?GameID=0021200014&GameEventID=64,1,,San Antonio Spurs,Duncan REBOUND (Off:0 Def:3),5:04
http://stats.nba.com/cvp.html?GameID=0021200014&GameEventID=65,1,[ 10 - 13 ],San Antonio Spurs,Diaw 5' Jump Hook Shot (2 PTS) (Parker 2 AST),4:47
http://stats.nba.com/cvp.html?GameID=0021200014&GameEventID=66,1,[ 12 - 13 ],Oklahoma City Thunder,Durant 6' Floating Jump Shot (4 PTS) (Westbrook 2 AST),4:32
http://stats.nba.com/cvp.html?GameID=0021200014&GameEventID=67,1,,Oklahoma City Thunder,Sefolosha P.FOUL (P1.T2),4:07
http://stats.nba.com/cvp.html?GameID=0021200014&GameEventID=68,1,,Oklahoma City Thunder,SUB: Collison FOR Perkins,4:07
http://stats.nba.com/cvp.html?GameID=0021200014&GameEventID=69,1,,Oklahoma City Thunder,SUB: Martin FOR Sefolosha,4:07
http://stats.nba.com/cvp.html?GameID=0021200014&GameEventID=70,1,[ 12 - 15 ],San Antonio Spurs,Duncan 16' Jump Shot (6 PTS) (Parker 3 AST),4:00
http://stats.nba.com/cvp.html?GameID=0021200014&GameEventID=71,1,[ 14 - 15 ],Oklahoma City Thunder,Westbrook 2' Layup (6 PTS),3:43
http://stats.nba.com/cvp.html?GameID=0021200014&GameEventID=72,1,,San Antonio Spurs,Diaw Inbound Turnover (P1.T2),3:43
http://stats.nba.com/cvp.html?GameID=0021200014&GameEventID=73,1,,Oklahoma City Thunder,SUB: Thabeet FOR Ibaka,3:43
http://stats.nba.com/cvp.html?GameID=0021200014&GameEventID=74,1,,San Antonio Spurs,SUB: Splitter FOR Diaw,3:43
http://stats.nba.com/cvp.html?GameID=0021200014&GameEventID=76,1,[ 16 - 15 ],Oklahoma City Thunder,Durant 17' Jump Shot (6 PTS) (Martin 1 AST),3:37
http://stats.nba.com/cvp.html?GameID=0021200014&GameEventID=77,1,,Oklahoma City Thunder,Martin P.FOUL (P1.T3),3:30
http://stats.nba.com/cvp.html?GameID=0021200014&GameEventID=78,1,,San Antonio Spurs,SUB: Jackson FOR Leonard,3:30
http://stats.nba.com/cvp.html?GameID=0021200014&GameEventID=79,1,,San Antonio Spurs,MISS Duncan 18' Jump Shot,3:16
http://stats.nba.com/cvp.html?GameID=0021200014&GameEventID=80,1,,Oklahoma City Thunder,Durant REBOUND (Off:0 Def:2),3:15
http://stats.nba.com/cvp.html?GameID=0021200014&GameEventID=81,1,,Oklahoma City Thunder,Westbrook Bad Pass Turnover (P2.T4),3:04
http://stats.nba.com/cvp.html?GameID=0021200014&GameEventID=82,1,,Oklahoma City Thunder,Thabeet P.FOUL (P1.T4),2:52
http://stats.nba.com/cvp.html?GameID=0021200014&GameEventID=83,1,,Oklahoma City Thunder,Thunder Timeout: Regular (Reg.1 Short 1),2:52
http://stats.nba.com/cvp.html?GameID=0021200014&GameEventID=85,1,,San Antonio Spurs,SUB: Bonner FOR Duncan,2:52
http://stats.nba.com/cvp.html?GameID=0021200014&GameEventID=86,1,[ 16 - 17 ],San Antonio Spurs,Splitter 3' Layup (2 PTS) (Neal 1 AST),2:45
http://stats.nba.com/cvp.html?GameID=0021200014&GameEventID=87,1,,San Antonio Spurs,Splitter S.FOUL (P1.T3),2:32
http://stats.nba.com/cvp.html?GameID=0021200014&GameEventID=88,1,[ 17 - 17 ],Oklahoma City Thunder,Martin Free Throw 1 of 2 (1 PTS),2:32
http://stats.nba.com/cvp.html?GameID=0021200014&GameEventID=90,1,[ 18 - 17 ],Oklahoma City Thunder,Martin Free Throw 2 of 2 (2 PTS),2:32
http://stats.nba.com/cvp.html?GameID=0021200014&GameEventID=92,1,,San Antonio Spurs,MISS Jackson 26' 3PT Jump Shot,2:15
http://stats.nba.com/cvp.html?GameID=0021200014&GameEventID=93,1,,San Antonio Spurs,SPURS Rebound,2:15
http://stats.nba.com/cvp.html?GameID=0021200014&GameEventID=94,1,,San Antonio Spurs,SUB: Mills FOR Parker,2:15
http://stats.nba.com/cvp.html?GameID=0021200014&GameEventID=95,1,,Oklahoma City Thunder,SUB: Maynor FOR Westbrook,2:15
http://stats.nba.com/cvp.html?GameID=0021200014&GameEventID=96,1,,San Antonio Spurs,MISS Neal 12' Running Jump Shot,2:11
http://stats.nba.com/cvp.html?GameID=0021200014&GameEventID=97,1,,Oklahoma City Thunder,Maynor REBOUND (Off:0 Def:1),2:09
http://stats.nba.com/cvp.html?GameID=0021200014&GameEventID=98,1,,Oklahoma City Thunder,MISS Collison 14' Jump Shot,1:56
http://stats.nba.com/cvp.html?GameID=0021200014&GameEventID=99,1,,San Antonio Spurs,SPURS Rebound,1:54
http://stats.nba.com/cvp.html?GameID=0021200014&GameEventID=100,1,,San Antonio Spurs,Mills Bad Pass Turnover (P1.T3),1:38
http://stats.nba.com/cvp.html?GameID=0021200014&GameEventID=100,1,,Oklahoma City Thunder,Thabeet STEAL (1 STL),1:38
http://stats.nba.com/cvp.html?GameID=0021200014&GameEventID=101,1,,San Antonio Spurs,Bonner S.FOUL (P1.T4),1:36
http://stats.nba.com/cvp.html?GameID=0021200014&GameEventID=102,1,[ 19 - 17 ],Oklahoma City Thunder,Durant Free Throw 1 of 2 (7 PTS),1:36
http://stats.nba.com/cvp.html?GameID=0021200014&GameEventID=104,1,[ 20 - 17 ],Oklahoma City Thunder,Durant Free Throw 2 of 2 (8 PTS),1:36
http://stats.nba.com/cvp.html?GameID=0021200014&GameEventID=106,1,[ 20 - 19 ],San Antonio Spurs,Jackson 2' Layup (2 PTS),1:19
http://stats.nba.com/cvp.html?GameID=0021200014&GameEventID=107,1,[ 22 - 19 ],Oklahoma City Thunder,Maynor 17' Jump Bank Shot (2 PTS) (Durant 1 AST),0:57
http://stats.nba.com/cvp.html?GameID=0021200014&GameEventID=108,1,[ 22 - 21 ],San Antonio Spurs,Neal 5' Running Bank Shot (2 PTS) (Bonner 1 AST),0:47
http://stats.nba.com/cvp.html?GameID=0021200014&GameEventID=109,1,,Oklahoma City Thunder,MISS Maynor 26' 3PT Jump Shot,0:24
http://stats.nba.com/cvp.html?GameID=0021200014&GameEventID=110,1,,Oklahoma City Thunder,Thabeet REBOUND (Off:1 Def:0),0:21
http://stats.nba.com/cvp.html?GameID=0021200014&GameEventID=111,1,,San Antonio Spurs,Splitter S.FOUL (P2.PN),0:21
http://stats.nba.com/cvp.html?GameID=0021200014&GameEventID=112,1,[ 23 - 21 ],Oklahoma City Thunder,Collison Free Throw 1 of 2 (1 PTS),0:21
http://stats.nba.com/cvp.html?GameID=0021200014&GameEventID=114,1,,San Antonio Spurs,SUB: Green FOR Splitter,0:21
http://stats.nba.com/cvp.html?GameID=0021200014&GameEventID=115,1,,Oklahoma City Thunder,SUB: Jackson FOR Durant,0:21
http://stats.nba.com/cvp.html?GameID=0021200014&GameEventID=116,1,,Oklahoma City Thunder,SUB: Sefolosha FOR Thabeet,0:21
http://stats.nba.com/cvp.html?GameID=0021200014&GameEventID=118,1,[ 24 - 21 ],Oklahoma City Thunder,Collison Free Throw 2 of 2 (2 PTS),0:21
http://stats.nba.com/cvp.html?GameID=0021200014&GameEventID=120,1,,San Antonio Spurs,MISS Mills 2' Layup,0:02
http://stats.nba.com/cvp.html?GameID=0021200014&GameEventID=120,1,,Oklahoma City Thunder,Collison BLOCK (1 BLK),0:02
http://stats.nba.com/cvp.html?GameID=0021200014&GameEventID=121,1,,Oklahoma City Thunder,Thunder Rebound,0:02
http://stats.nba.com/cvp.html?GameID=0021200014&GameEventID=125,2,[ 24 - 23 ],San Antonio Spurs,Jackson 2' Driving Layup (4 PTS),11:42
http://stats.nba.com/cvp.html?GameID=0021200014&GameEventID=126,2,[ 26 - 23 ],Oklahoma City Thunder,Collison 5' Jump Shot (4 PTS) (Martin 2 AST),11:27
http://stats.nba.com/cvp.html?GameID=0021200014&GameEventID=127,2,,San Antonio Spurs,MISS Splitter 3' Layup,11:15
http://stats.nba.com/cvp.html?GameID=0021200014&GameEventID=127,2,,Oklahoma City Thunder,Thabeet BLOCK (1 BLK),11:15
http://stats.nba.com/cvp.html?GameID=0021200014&GameEventID=128,2,,Oklahoma City Thunder,Maynor REBOUND (Off:0 Def:2),11:13
http://stats.nba.com/cvp.html?GameID=0021200014&GameEventID=129,2,,Oklahoma City Thunder,MISS Collison 20' Jump Shot,11:06
http://stats.nba.com/cvp.html?GameID=0021200014&GameEventID=130,2,,Oklahoma City Thunder,Thunder Rebound,11:06
http://stats.nba.com/cvp.html?GameID=0021200014&GameEventID=131,2,,San Antonio Spurs,Splitter L.B.FOUL (P3.T1),11:06
http://stats.nba.com/cvp.html?GameID=0021200014&GameEventID=132,2,,San Antonio Spurs,SUB: Blair FOR Splitter,11:06
http://stats.nba.com/cvp.html?GameID=0021200014&GameEventID=133,2,,San Antonio Spurs,Green P.FOUL (P1.T2),10:54
http://stats.nba.com/cvp.html?GameID=0021200014&GameEventID=134,2,,San Antonio Spurs,Bonner STEAL (1 STL),10:48
http://stats.nba.com/cvp.html?GameID=0021200014&GameEventID=134,2,,Oklahoma City Thunder,Maynor Bad Pass Turnover (P1.T5),10:48
http://stats.nba.com/cvp.html?GameID=0021200014&GameEventID=135,2,,San Antonio Spurs,MISS Neal 24' 3PT Jump Shot,10:42
http://stats.nba.com/cvp.html?GameID=0021200014&GameEventID=136,2,,Oklahoma City Thunder,Maynor REBOUND (Off:0 Def:3),10:40
http://stats.nba.com/cvp.html?GameID=0021200014&GameEventID=137,2,[ 29 - 23 ],Oklahoma City Thunder,Martin 25' 3PT Jump Shot (5 PTS),10:22
http://stats.nba.com/cvp.html?GameID=0021200014&GameEventID=138,2,[ 29 - 25 ],San Antonio Spurs,Neal 22' Jump Shot (4 PTS),10:04
http://stats.nba.com/cvp.html?GameID=0021200014&GameEventID=139,2,,San Antonio Spurs,Jackson STEAL (1 STL),9:39
http://stats.nba.com/cvp.html?GameID=0021200014&GameEventID=139,2,,Oklahoma City Thunder,Sefolosha Bad Pass Turnover (P1.T6),9:39
http://stats.nba.com/cvp.html?GameID=0021200014&GameEventID=140,2,,San Antonio Spurs,MISS Blair 14' Jump Shot,9:26
http://stats.nba.com/cvp.html?GameID=0021200014&GameEventID=141,2,,Oklahoma City Thunder,Thabeet REBOUND (Off:1 Def:1),9:25
http://stats.nba.com/cvp.html?GameID=0021200014&GameEventID=142,2,[ 31 - 25 ],Oklahoma City Thunder,Collison 20' Jump Shot (6 PTS) (Martin 3 AST),9:15
http://stats.nba.com/cvp.html?GameID=0021200014&GameEventID=143,2,[ 31 - 27 ],San Antonio Spurs,Neal 2' Finger Roll Layup (6 PTS) (Blair 1 AST),9:02
http://stats.nba.com/cvp.html?GameID=0021200014&GameEventID=144,2,,Oklahoma City Thunder,MISS Maynor 19' Jump Bank Shot,8:42
http://stats.nba.com/cvp.html?GameID=0021200014&GameEventID=145,2,,San Antonio Spurs,Neal REBOUND (Off:0 Def:1),8:41
http://stats.nba.com/cvp.html?GameID=0021200014&GameEventID=146,2,[ 31 - 30 ],San Antonio Spurs,Green 25' 3PT Jump Shot (6 PTS) (Neal 2 AST),8:35
http://stats.nba.com/cvp.html?GameID=0021200014&GameEventID=147,2,,Oklahoma City Thunder,MISS Collison 21' Jump Shot,8:11
http://stats.nba.com/cvp.html?GameID=0021200014&GameEventID=148,2,,San Antonio Spurs,SPURS Rebound,8:10
http://stats.nba.com/cvp.html?GameID=0021200014&GameEventID=152,2,,Oklahoma City Thunder,SUB: Westbrook FOR Maynor,8:10
http://stats.nba.com/cvp.html?GameID=0021200014&GameEventID=153,2,,Oklahoma City Thunder,SUB: Ibaka FOR Thabeet,8:10
http://stats.nba.com/cvp.html?GameID=0021200014&GameEventID=154,2,,San Antonio Spurs,MISS Jackson 2' Layup,8:02
http://stats.nba.com/cvp.html?GameID=0021200014&GameEventID=155,2,,Oklahoma City Thunder,Westbrook REBOUND (Off:0 Def:2),8:00
http://stats.nba.com/cvp.html?GameID=0021200014&GameEventID=156,2,,Oklahoma City Thunder,MISS Collison 1' Layup,7:44
http://stats.nba.com/cvp.html?GameID=0021200014&GameEventID=157,2,,San Antonio Spurs,Bonner REBOUND (Off:0 Def:1),7:42
http://stats.nba.com/cvp.html?GameID=0021200014&GameEventID=158,2,[ 31 - 32 ],San Antonio Spurs,Blair 15' Jump Shot (2 PTS) (Jackson 1 AST),7:24
http://stats.nba.com/cvp.html?GameID=0021200014&GameEventID=159,2,[ 33 - 32 ],Oklahoma City Thunder,Westbrook 5' Running Jump Shot (8 PTS),7:09
http://stats.nba.com/cvp.html?GameID=0021200014&GameEventID=160,2,,San Antonio Spurs,Neal Traveling Turnover (P1.T4),6:52
http://stats.nba.com/cvp.html?GameID=0021200014&GameEventID=161,2,,Oklahoma City Thunder,SUB: Durant FOR Sefolosha,6:52
http://stats.nba.com/cvp.html?GameID=0021200014&GameEventID=162,2,,Oklahoma City Thunder,Martin OFF.Foul (P2),6:39
http://stats.nba.com/cvp.html?GameID=0021200014&GameEventID=163,2,,Oklahoma City Thunder,Martin Foul Turnover (P1.T7),6:39
http://stats.nba.com/cvp.html?GameID=0021200014&GameEventID=164,2,,San Antonio Spurs,SUB: Parker FOR Neal,6:39
http://stats.nba.com/cvp.html?GameID=0021200014&GameEventID=165,2,,San Antonio Spurs,SUB: Diaw FOR Bonner,6:39
http://stats.nba.com/cvp.html?GameID=0021200014&GameEventID=167,2,,Oklahoma City Thunder,Collison S.FOUL (P1.T1),6:18
http://stats.nba.com/cvp.html?GameID=0021200014&GameEventID=168,2,[ 33 - 33 ],San Antonio Spurs,Jackson Free Throw 1 of 2 (5 PTS),6:18
http://stats.nba.com/cvp.html?GameID=0021200014&GameEventID=170,2,[ 33 - 34 ],San Antonio Spurs,Jackson Free Throw 2 of 2 (6 PTS),6:18
http://stats.nba.com/cvp.html?GameID=0021200014&GameEventID=172,2,,Oklahoma City Thunder,MISS Westbrook 11' Jump Shot,6:07
http://stats.nba.com/cvp.html?GameID=0021200014&GameEventID=173,2,,Oklahoma City Thunder,Collison REBOUND (Off:1 Def:0),6:06
http://stats.nba.com/cvp.html?GameID=0021200014&GameEventID=174,2,,San Antonio Spurs,Blair P.FOUL (P1.T3),6:05
http://stats.nba.com/cvp.html?GameID=0021200014&GameEventID=175,2,[ 34 - 34 ],Oklahoma City Thunder,Westbrook Free Throw 1 of 2 (9 PTS),6:05
http://stats.nba.com/cvp.html?GameID=0021200014&GameEventID=179,2,,Oklahoma City Thunder,MISS Westbrook Free Throw 2 of 2,6:05
http://stats.nba.com/cvp.html?GameID=0021200014&GameEventID=181,2,,San Antonio Spurs,Diaw REBOUND (Off:0 Def:4),6:02
http://stats.nba.com/cvp.html?GameID=0021200014&GameEventID=182,2,,San Antonio Spurs,MISS Parker 18' Jump Shot,5:54
http://stats.nba.com/cvp.html?GameID=0021200014&GameEventID=183,2,,Oklahoma City Thunder,Ibaka REBOUND (Off:0 Def:4),5:53
http://stats.nba.com/cvp.html?GameID=0021200014&GameEventID=184,2,,Oklahoma City Thunder,MISS Durant 4' Jump Shot,5:43
http://stats.nba.com/cvp.html?GameID=0021200014&GameEventID=185,2,,San Antonio Spurs,Jackson REBOUND (Off:0 Def:1),5:42
http://stats.nba.com/cvp.html?GameID=0021200014&GameEventID=186,2,,San Antonio Spurs,Parker Out of Bounds Lost Ball Turnover (P1.T5),5:27
http://stats.nba.com/cvp.html?GameID=0021200014&GameEventID=187,2,,San Antonio Spurs,SPURS Timeout: Regular (Full 2 Short 0),5:27
http://stats.nba.com/cvp.html?GameID=0021200014&GameEventID=189,2,,Oklahoma City Thunder,SUB: Perkins FOR Collison,5:27
http://stats.nba.com/cvp.html?GameID=0021200014&GameEventID=190,2,,San Antonio Spurs,SUB: Leonard FOR Jackson,5:27
http://stats.nba.com/cvp.html?GameID=0021200014&GameEventID=191,2,,San Antonio Spurs,SUB: Duncan FOR Blair,5:27
http://stats.nba.com/cvp.html?GameID=0021200014&GameEventID=192,2,[ 36 - 34 ],Oklahoma City Thunder,Durant  Alley Oop Dunk (10 PTS) (Westbrook 3 AST),5:12
http://stats.nba.com/cvp.html?GameID=0021200014&GameEventID=193,2,,Oklahoma City Thunder,Perkins P.FOUL (P1.T2),4:59
http://stats.nba.com/cvp.html?GameID=0021200014&GameEventID=194,2,,San Antonio Spurs,MISS Parker 7' Floating Jump Shot,4:55
http://stats.nba.com/cvp.html?GameID=0021200014&GameEventID=195,2,,Oklahoma City Thunder,Ibaka REBOUND (Off:0 Def:5),4:54
http://stats.nba.com/cvp.html?GameID=0021200014&GameEventID=196,2,,Oklahoma City Thunder,MISS Martin 17' Jump Shot,4:42
http://stats.nba.com/cvp.html?GameID=0021200014&GameEventID=197,2,,San Antonio Spurs,SPURS Rebound,4:40
http://stats.nba.com/cvp.html?GameID=0021200014&GameEventID=198,2,,Oklahoma City Thunder,Perkins L.B.FOUL (P2.T3),4:40
http://stats.nba.com/cvp.html?GameID=0021200014&GameEventID=199,2,[ 36 - 36 ],San Antonio Spurs,Duncan 4' Jump Shot (8 PTS) (Diaw 2 AST),4:25
http://stats.nba.com/cvp.html?GameID=0021200014&GameEventID=200,2,,Oklahoma City Thunder,MISS Ibaka 22' Jump Shot,4:13
http://stats.nba.com/cvp.html?GameID=0021200014&GameEventID=201,2,,San Antonio Spurs,Green REBOUND (Off:0 Def:2),4:11
http://stats.nba.com/cvp.html?GameID=0021200014&GameEventID=202,2,,San Antonio Spurs,Leonard Bad Pass Turnover (P2.T6),3:54
http://stats.nba.com/cvp.html?GameID=0021200014&GameEventID=202,2,,Oklahoma City Thunder,Martin STEAL (1 STL),3:54
http://stats.nba.com/cvp.html?GameID=0021200014&GameEventID=203,2,,Oklahoma City Thunder,MISS Martin 1' Layup,3:49
http://stats.nba.com/cvp.html?GameID=0021200014&GameEventID=204,2,,San Antonio Spurs,Leonard REBOUND (Off:0 Def:1),3:47
http://stats.nba.com/cvp.html?GameID=0021200014&GameEventID=205,2,[ 36 - 38 ],San Antonio Spurs,Duncan 11' Jump Bank Shot (10 PTS) (Green 1 AST),3:41
http://stats.nba.com/cvp.html?GameID=0021200014&GameEventID=206,2,,Oklahoma City Thunder,MISS Westbrook 26' 3PT Jump Shot,3:15
http://stats.nba.com/cvp.html?GameID=0021200014&GameEventID=207,2,,San Antonio Spurs,Green REBOUND (Off:0 Def:3),3:13
http://stats.nba.com/cvp.html?GameID=0021200014&GameEventID=208,2,,Oklahoma City Thunder,Ibaka S.FOUL (P2.T4),3:01
http://stats.nba.com/cvp.html?GameID=0021200014&GameEventID=209,2,,San Antonio Spurs,MISS Diaw Free Throw 1 of 2,3:01
http://stats.nba.com/cvp.html?GameID=0021200014&GameEventID=210,2,,San Antonio Spurs,SPURS Rebound,3:01
http://stats.nba.com/cvp.html?GameID=0021200014&GameEventID=211,2,,Oklahoma City Thunder,Thunder Timeout: Regular (Reg.2 Short 1),3:01
http://stats.nba.com/cvp.html?GameID=0021200014&GameEventID=213,2,,San Antonio Spurs,SUB: Jackson FOR Green,3:01
http://stats.nba.com/cvp.html?GameID=0021200014&GameEventID=214,2,[ 36 - 39 ],San Antonio Spurs,Diaw Free Throw 2 of 2 (3 PTS),3:01
http://stats.nba.com/cvp.html?GameID=0021200014&GameEventID=216,2,,Oklahoma City Thunder,MISS Ibaka 14' Jump Shot,2:45
http://stats.nba.com/cvp.html?GameID=0021200014&GameEventID=217,2,,San Antonio Spurs,Parker REBOUND (Off:1 Def:1),2:42
http://stats.nba.com/cvp.html?GameID=0021200014&GameEventID=218,2,[ 36 - 41 ],San Antonio Spurs,Diaw 2' Driving Layup (5 PTS) (Parker 4 AST),2:22
http://stats.nba.com/cvp.html?GameID=0021200014&GameEventID=219,2,[ 38 - 41 ],Oklahoma City Thunder,Durant 16' Jump Shot (12 PTS),2:01
http://stats.nba.com/cvp.html?GameID=0021200014&GameEventID=220,2,,San Antonio Spurs,Jackson Bad Pass Turnover (P1.T7),1:44
http://stats.nba.com/cvp.html?GameID=0021200014&GameEventID=221,2,,Oklahoma City Thunder,MISS Perkins 15' Jump Shot,1:30
http://stats.nba.com/cvp.html?GameID=0021200014&GameEventID=222,2,,Oklahoma City Thunder,Westbrook REBOUND (Off:1 Def:2),1:29
http://stats.nba.com/cvp.html?GameID=0021200014&GameEventID=223,2,,Oklahoma City Thunder,MISS Durant 16' Jump Shot,1:16
http://stats.nba.com/cvp.html?GameID=0021200014&GameEventID=224,2,,Oklahoma City Thunder,Ibaka REBOUND (Off:1 Def:5),1:14
http://stats.nba.com/cvp.html?GameID=0021200014&GameEventID=225,2,,San Antonio Spurs,Duncan P.FOUL (P1.T4),1:14
http://stats.nba.com/cvp.html?GameID=0021200014&GameEventID=226,2,,Oklahoma City Thunder,MISS Martin 25' 3PT Jump Shot,1:03
http://stats.nba.com/cvp.html?GameID=0021200014&GameEventID=228,2,,Oklahoma City Thunder,Durant REBOUND (Off:1 Def:2),1:02
http://stats.nba.com/cvp.html?GameID=0021200014&GameEventID=227,2,,San Antonio Spurs,Duncan BLOCK (3 BLK),1:02
http://stats.nba.com/cvp.html?GameID=0021200014&GameEventID=227,2,,Oklahoma City Thunder,MISS Durant 2' Layup,1:02
http://stats.nba.com/cvp.html?GameID=0021200014&GameEventID=230,2,,Oklahoma City Thunder,Durant REBOUND (Off:2 Def:2),0:58
http://stats.nba.com/cvp.html?GameID=0021200014&GameEventID=229,2,,Oklahoma City Thunder,MISS Durant 2' Layup,0:58
http://stats.nba.com/cvp.html?GameID=0021200014&GameEventID=231,2,,San Antonio Spurs,Duncan REBOUND (Off:0 Def:4),0:57
http://stats.nba.com/cvp.html?GameID=0021200014&GameEventID=232,2,[ 38 - 43 ],San Antonio Spurs,Leonard 1' Layup (2 PTS) (Duncan 1 AST),0:55
http://stats.nba.com/cvp.html?GameID=0021200014&GameEventID=233,2,,San Antonio Spurs,Leonard P.FOUL (P1.PN),0:42
http://stats.nba.com/cvp.html?GameID=0021200014&GameEventID=234,2,[ 39 - 43 ],Oklahoma City Thunder,Martin Free Throw 1 of 2 (6 PTS),0:42
http://stats.nba.com/cvp.html?GameID=0021200014&GameEventID=236,2,[ 40 - 43 ],Oklahoma City Thunder,Martin Free Throw 2 of 2 (7 PTS),0:42
http://stats.nba.com/cvp.html?GameID=0021200014&GameEventID=238,2,[ 40 - 45 ],San Antonio Spurs,Duncan 1' Dunk (12 PTS) (Parker 5 AST),0:32
http://stats.nba.com/cvp.html?GameID=0021200014&GameEventID=239,2,,Oklahoma City Thunder,MISS Westbrook 15' Pullup Jump Shot,0:24
http://stats.nba.com/cvp.html?GameID=0021200014&GameEventID=240,2,,San Antonio Spurs,Duncan REBOUND (Off:0 Def:5),0:23
http://stats.nba.com/cvp.html?GameID=0021200014&GameEventID=242,2,,Oklahoma City Thunder,SUB: Sefolosha FOR Martin,0:03
http://stats.nba.com/cvp.html?GameID=0021200014&GameEventID=243,2,,San Antonio Spurs,SPURS Timeout: Short (Full 2 Short 1),0:03
http://stats.nba.com/cvp.html?GameID=0021200014&GameEventID=245,2,,San Antonio Spurs,MISS Duncan 14' Jump Shot,0:01
http://stats.nba.com/cvp.html?GameID=0021200014&GameEventID=246,2,,Oklahoma City Thunder,Sefolosha REBOUND (Off:0 Def:3),0:00
http://stats.nba.com/cvp.html?GameID=0021200014&GameEventID=250,3,,San Antonio Spurs,MISS Duncan 18' Jump Shot,11:43
http://stats.nba.com/cvp.html?GameID=0021200014&GameEventID=251,3,,Oklahoma City Thunder,Ibaka REBOUND (Off:1 Def:6),11:41
http://stats.nba.com/cvp.html?GameID=0021200014&GameEventID=252,3,,Oklahoma City Thunder,Westbrook Out of Bounds Lost Ball Turnover (P3.T8),11:29
http://stats.nba.com/cvp.html?GameID=0021200014&GameEventID=253,3,,San Antonio Spurs,MISS Leonard 6' Floating Jump Shot,11:12
http://stats.nba.com/cvp.html?GameID=0021200014&GameEventID=254,3,,Oklahoma City Thunder,Perkins REBOUND (Off:1 Def:2),11:10
http://stats.nba.com/cvp.html?GameID=0021200014&GameEventID=257,3,,San Antonio Spurs,Leonard P.FOUL (P2.T1),11:08
http://stats.nba.com/cvp.html?GameID=0021200014&GameEventID=258,3,,Oklahoma City Thunder,MISS Westbrook 17' Jump Shot,11:02
http://stats.nba.com/cvp.html?GameID=0021200014&GameEventID=259,3,,San Antonio Spurs,SPURS Rebound,11:02
http://stats.nba.com/cvp.html?GameID=0021200014&GameEventID=260,3,,San Antonio Spurs,MISS Duncan 15' Jump Bank Shot,10:44
http://stats.nba.com/cvp.html?GameID=0021200014&GameEventID=261,3,,Oklahoma City Thunder,Durant REBOUND (Off:2 Def:3),10:43
http://stats.nba.com/cvp.html?GameID=0021200014&GameEventID=262,3,,Oklahoma City Thunder,MISS Sefolosha 23' Jump Shot,10:26
http://stats.nba.com/cvp.html?GameID=0021200014&GameEventID=263,3,,San Antonio Spurs,Leonard REBOUND (Off:0 Def:2),10:25
http://stats.nba.com/cvp.html?GameID=0021200014&GameEventID=264,3,,San Antonio Spurs,MISS Green  3PT Jump Shot,10:17
http://stats.nba.com/cvp.html?GameID=0021200014&GameEventID=265,3,,Oklahoma City Thunder,Durant REBOUND (Off:2 Def:4),10:15
http://stats.nba.com/cvp.html?GameID=0021200014&GameEventID=266,3,[ 42 - 45 ],Oklahoma City Thunder,Westbrook 3' Driving Layup (11 PTS),10:08
http://stats.nba.com/cvp.html?GameID=0021200014&GameEventID=267,3,,San Antonio Spurs,Parker S.FOUL (P2.T2),10:08
http://stats.nba.com/cvp.html?GameID=0021200014&GameEventID=268,3,[ 43 - 45 ],Oklahoma City Thunder,Westbrook Free Throw 1 of 1 (12 PTS),10:08
http://stats.nba.com/cvp.html?GameID=0021200014&GameEventID=270,3,,San Antonio Spurs,MISS Parker  3PT Jump Shot,9:48
http://stats.nba.com/cvp.html?GameID=0021200014&GameEventID=271,3,,Oklahoma City Thunder,Durant REBOUND (Off:2 Def:5),9:47
http://stats.nba.com/cvp.html?GameID=0021200014&GameEventID=272,3,[ 46 - 45 ],Oklahoma City Thunder,Sefolosha 24' 3PT Jump Shot (5 PTS) (Durant 2 AST),9:39
http://stats.nba.com/cvp.html?GameID=0021200014&GameEventID=273,3,,Oklahoma City Thunder,Ibaka FLAGRANT.FOUL.TYPE1 (P3.T1),9:39
http://stats.nba.com/cvp.html?GameID=0021200014&GameEventID=275,3,[ 46 - 46 ],San Antonio Spurs,Diaw Free Throw Flagrant 1 of 2 (6 PTS),9:39
http://stats.nba.com/cvp.html?GameID=0021200014&GameEventID=277,3,,San Antonio Spurs,MISS Diaw Free Throw Flagrant 2 of 2,9:39
http://stats.nba.com/cvp.html?GameID=0021200014&GameEventID=278,3,,San Antonio Spurs,SPURS Rebound,9:39
http://stats.nba.com/cvp.html?GameID=0021200014&GameEventID=279,3,[ 46 - 49 ],San Antonio Spurs,Green 25' 3PT Jump Shot (9 PTS) (Parker 6 AST),9:27
http://stats.nba.com/cvp.html?GameID=0021200014&GameEventID=280,3,,Oklahoma City Thunder,MISS Sefolosha 19' Jump Shot,8:59
http://stats.nba.com/cvp.html?GameID=0021200014&GameEventID=281,3,,San Antonio Spurs,Duncan REBOUND (Off:0 Def:6),8:58
http://stats.nba.com/cvp.html?GameID=0021200014&GameEventID=282,3,,Oklahoma City Thunder,Westbrook P.FOUL (P1.T2),8:56
http://stats.nba.com/cvp.html?GameID=0021200014&GameEventID=283,3,[ 46 - 51 ],San Antonio Spurs,Green 20' Jump Shot (11 PTS) (Parker 7 AST),8:50
http://stats.nba.com/cvp.html?GameID=0021200014&GameEventID=284,3,,Oklahoma City Thunder,Ibaka Traveling Turnover (P1.T9),8:32
http://stats.nba.com/cvp.html?GameID=0021200014&GameEventID=285,3,,San Antonio Spurs,MISS Green 27' 3PT Jump Shot,8:11
http://stats.nba.com/cvp.html?GameID=0021200014&GameEventID=286,3,,Oklahoma City Thunder,Durant REBOUND (Off:2 Def:6),8:10
http://stats.nba.com/cvp.html?GameID=0021200014&GameEventID=287,3,[ 49 - 51 ],Oklahoma City Thunder,Sefolosha 26' 3PT Jump Shot (8 PTS) (Westbrook 4 AST),8:01
http://stats.nba.com/cvp.html?GameID=0021200014&GameEventID=288,3,[ 49 - 53 ],San Antonio Spurs,Parker 14' Pullup Jump Shot (6 PTS) (Diaw 3 AST),7:48
http://stats.nba.com/cvp.html?GameID=0021200014&GameEventID=289,3,,Oklahoma City Thunder,MISS Ibaka 20' Jump Shot,7:36
http://stats.nba.com/cvp.html?GameID=0021200014&GameEventID=290,3,,San Antonio Spurs,Green REBOUND (Off:0 Def:4),7:34
http://stats.nba.com/cvp.html?GameID=0021200014&GameEventID=291,3,[ 49 - 55 ],San Antonio Spurs,Diaw 1' Driving Layup (8 PTS) (Parker 8 AST),7:15
http://stats.nba.com/cvp.html?GameID=0021200014&GameEventID=292,3,,Oklahoma City Thunder,Thunder Timeout: Regular (Reg.3 Short 1),7:13
http://stats.nba.com/cvp.html?GameID=0021200014&GameEventID=294,3,,Oklahoma City Thunder,MISS Durant 21' Jump Shot,6:59
http://stats.nba.com/cvp.html?GameID=0021200014&GameEventID=295,3,,San Antonio Spurs,Green REBOUND (Off:0 Def:5),6:58
http://stats.nba.com/cvp.html?GameID=0021200014&GameEventID=296,3,,Oklahoma City Thunder,Durant Violation:Kicked Ball,6:51
http://stats.nba.com/cvp.html?GameID=0021200014&GameEventID=297,3,[ 49 - 57 ],San Antonio Spurs,Duncan 3' Layup (14 PTS) (Parker 9 AST),6:40
http://stats.nba.com/cvp.html?GameID=0021200014&GameEventID=298,3,,Oklahoma City Thunder,MISS Durant 13' Pullup Jump Shot,6:21
http://stats.nba.com/cvp.html?GameID=0021200014&GameEventID=299,3,,Oklahoma City Thunder,Thunder Rebound,6:21
http://stats.nba.com/cvp.html?GameID=0021200014&GameEventID=300,3,,San Antonio Spurs,Diaw L.B.FOUL (P2.T3),6:21
http://stats.nba.com/cvp.html?GameID=0021200014&GameEventID=301,3,[ 51 - 57 ],Oklahoma City Thunder,Ibaka 15' Jump Shot (4 PTS) (Westbrook 5 AST),6:12
http://stats.nba.com/cvp.html?GameID=0021200014&GameEventID=302,3,,Oklahoma City Thunder,Westbrook P.FOUL (P2.T3),5:58
http://stats.nba.com/cvp.html?GameID=0021200014&GameEventID=303,3,,San Antonio Spurs,SUB: Jackson FOR Leonard,5:58
http://stats.nba.com/cvp.html?GameID=0021200014&GameEventID=304,3,,San Antonio Spurs,MISS Jackson  3PT Jump Shot,5:49
http://stats.nba.com/cvp.html?GameID=0021200014&GameEventID=305,3,,Oklahoma City Thunder,Thunder Rebound,5:48
http://stats.nba.com/cvp.html?GameID=0021200014&GameEventID=306,3,,San Antonio Spurs,Green STEAL (1 STL),5:32
http://stats.nba.com/cvp.html?GameID=0021200014&GameEventID=306,3,,Oklahoma City Thunder,Westbrook Lost Ball Turnover (P4.T10),5:32
http://stats.nba.com/cvp.html?GameID=0021200014&GameEventID=308,3,,Oklahoma City Thunder,Ibaka Violation:Defensive Goaltending,5:28
http://stats.nba.com/cvp.html?GameID=0021200014&GameEventID=307,3,[ 51 - 59 ],San Antonio Spurs,Green 2' Layup (13 PTS) (Parker 10 AST),5:28
http://stats.nba.com/cvp.html?GameID=0021200014&GameEventID=309,3,,Oklahoma City Thunder,MISS Sefolosha  3PT Jump Shot,5:12
http://stats.nba.com/cvp.html?GameID=0021200014&GameEventID=310,3,,San Antonio Spurs,Jackson REBOUND (Off:0 Def:2),5:11
http://stats.nba.com/cvp.html?GameID=0021200014&GameEventID=311,3,[ 51 - 61 ],San Antonio Spurs,Duncan 2' Layup (16 PTS) (Jackson 2 AST),4:52
http://stats.nba.com/cvp.html?GameID=0021200014&GameEventID=312,3,,San Antonio Spurs,Duncan S.FOUL (P2.T4),4:33
http://stats.nba.com/cvp.html?GameID=0021200014&GameEventID=313,3,,Oklahoma City Thunder,MISS Durant Free Throw 1 of 2,4:33
http://stats.nba.com/cvp.html?GameID=0021200014&GameEventID=314,3,,Oklahoma City Thunder,Thunder Rebound,4:33
http://stats.nba.com/cvp.html?GameID=0021200014&GameEventID=315,3,,Oklahoma City Thunder,SUB: Martin FOR Ibaka,4:33
http://stats.nba.com/cvp.html?GameID=0021200014&GameEventID=316,3,,Oklahoma City Thunder,Perkins Offensive Goaltending Turnover (P1.T11),4:33
http://stats.nba.com/cvp.html?GameID=0021200014&GameEventID=319,3,,Oklahoma City Thunder,Perkins P.FOUL (P3.T4),4:18
http://stats.nba.com/cvp.html?GameID=0021200014&GameEventID=320,3,,San Antonio Spurs,MISS Duncan 4' Jump Shot,4:08
http://stats.nba.com/cvp.html?GameID=0021200014&GameEventID=320,3,,Oklahoma City Thunder,Perkins BLOCK (1 BLK),4:08
http://stats.nba.com/cvp.html?GameID=0021200014&GameEventID=321,3,,San Antonio Spurs,Jackson REBOUND (Off:1 Def:2),4:07
http://stats.nba.com/cvp.html?GameID=0021200014&GameEventID=322,3,,San Antonio Spurs,MISS Jackson 26' 3PT Jump Shot,4:04
http://stats.nba.com/cvp.html?GameID=0021200014&GameEventID=323,3,,San Antonio Spurs,Diaw REBOUND (Off:1 Def:4),4:02
http://stats.nba.com/cvp.html?GameID=0021200014&GameEventID=324,3,,San Antonio Spurs,MISS Jackson 2' Layup,3:58
http://stats.nba.com/cvp.html?GameID=0021200014&GameEventID=325,3,,San Antonio Spurs,Jackson REBOUND (Off:2 Def:2),3:57
http://stats.nba.com/cvp.html?GameID=0021200014&GameEventID=326,3,,San Antonio Spurs,MISS Green 26' 3PT Jump Shot,3:53
http://stats.nba.com/cvp.html?GameID=0021200014&GameEventID=327,3,,Oklahoma City Thunder,Perkins REBOUND (Off:1 Def:3),3:52
http://stats.nba.com/cvp.html?GameID=0021200014&GameEventID=328,3,[ 54 - 61 ],Oklahoma City Thunder,Durant 25' 3PT Jump Shot (15 PTS) (Martin 4 AST),3:36
http://stats.nba.com/cvp.html?GameID=0021200014&GameEventID=333,3,,San Antonio Spurs,SPURS Timeout: Regular (Full 3 Short 1),3:36
http://stats.nba.com/cvp.html?GameID=0021200014&GameEventID=334,3,,San Antonio Spurs,SUB: Leonard FOR Diaw,3:36
http://stats.nba.com/cvp.html?GameID=0021200014&GameEventID=335,3,,Oklahoma City Thunder,SUB: Collison FOR Perkins,3:36
http://stats.nba.com/cvp.html?GameID=0021200014&GameEventID=337,3,,San Antonio Spurs,MISS Duncan 20' Jump Shot,3:12
http://stats.nba.com/cvp.html?GameID=0021200014&GameEventID=338,3,,Oklahoma City Thunder,Durant REBOUND (Off:2 Def:7),3:12
http://stats.nba.com/cvp.html?GameID=0021200014&GameEventID=339,3,,San Antonio Spurs,Green P.FOUL (P2.PN),3:12
http://stats.nba.com/cvp.html?GameID=0021200014&GameEventID=340,3,[ 55 - 61 ],Oklahoma City Thunder,Durant Free Throw 1 of 2 (16 PTS),3:12
http://stats.nba.com/cvp.html?GameID=0021200014&GameEventID=342,3,[ 56 - 61 ],Oklahoma City Thunder,Durant Free Throw 2 of 2 (17 PTS),3:12
http://stats.nba.com/cvp.html?GameID=0021200014&GameEventID=344,3,[ 56 - 63 ],San Antonio Spurs,Duncan 2' Layup (18 PTS) (Parker 11 AST),2:55
http://stats.nba.com/cvp.html?GameID=0021200014&GameEventID=345,3,[ 59 - 63 ],Oklahoma City Thunder,Martin 25' 3PT Jump Shot (10 PTS) (Durant 3 AST),2:35
http://stats.nba.com/cvp.html?GameID=0021200014&GameEventID=346,3,,San Antonio Spurs,Jackson Bad Pass Turnover (P2.T8),2:17
http://stats.nba.com/cvp.html?GameID=0021200014&GameEventID=346,3,,Oklahoma City Thunder,Durant STEAL (2 STL),2:17
http://stats.nba.com/cvp.html?GameID=0021200014&GameEventID=347,3,,Oklahoma City Thunder,MISS Martin 25' 3PT Jump Shot,2:11
http://stats.nba.com/cvp.html?GameID=0021200014&GameEventID=348,3,,Oklahoma City Thunder,Westbrook REBOUND (Off:2 Def:2),2:10
http://stats.nba.com/cvp.html?GameID=0021200014&GameEventID=349,3,,Oklahoma City Thunder,MISS Westbrook 17' Jump Shot,2:00
http://stats.nba.com/cvp.html?GameID=0021200014&GameEventID=350,3,,Oklahoma City Thunder,Martin REBOUND (Off:1 Def:0),1:59
http://stats.nba.com/cvp.html?GameID=0021200014&GameEventID=351,3,[ 61 - 63 ],Oklahoma City Thunder,Durant 2' Driving Layup (19 PTS) (Martin 5 AST),1:53
http://stats.nba.com/cvp.html?GameID=0021200014&GameEventID=352,3,[ 61 - 65 ],San Antonio Spurs,Parker 1' Driving Layup (8 PTS),1:29
http://stats.nba.com/cvp.html?GameID=0021200014&GameEventID=353,3,,Oklahoma City Thunder,MISS Westbrook 26' 3PT Jump Shot,1:05
http://stats.nba.com/cvp.html?GameID=0021200014&GameEventID=354,3,,San Antonio Spurs,Jackson REBOUND (Off:2 Def:3),1:04
http://stats.nba.com/cvp.html?GameID=0021200014&GameEventID=355,3,,San Antonio Spurs,MISS Parker 9' Floating Jump Shot,0:53
http://stats.nba.com/cvp.html?GameID=0021200014&GameEventID=356,3,,Oklahoma City Thunder,Durant REBOUND (Off:2 Def:8),0:52
http://stats.nba.com/cvp.html?GameID=0021200014&GameEventID=357,3,[ 63 - 65 ],Oklahoma City Thunder,Martin 18' Jump Shot (12 PTS) (Durant 4 AST),0:39
http://stats.nba.com/cvp.html?GameID=0021200014&GameEventID=358,3,,San Antonio Spurs,MISS Leonard 24' 3PT Jump Shot,0:27
http://stats.nba.com/cvp.html?GameID=0021200014&GameEventID=359,3,,Oklahoma City Thunder,Westbrook REBOUND (Off:2 Def:3),0:26
http://stats.nba.com/cvp.html?GameID=0021200014&GameEventID=360,3,,Oklahoma City Thunder,Westbrook Poss Lost Ball Turnover (P5.T12),0:05
http://stats.nba.com/cvp.html?GameID=0021200014&GameEventID=361,3,,Oklahoma City Thunder,SUB: Thabeet FOR Sefolosha,0:05
http://stats.nba.com/cvp.html?GameID=0021200014&GameEventID=362,3,,Oklahoma City Thunder,SUB: Maynor FOR Westbrook,0:05
http://stats.nba.com/cvp.html?GameID=0021200014&GameEventID=363,3,,San Antonio Spurs,SUB: Neal FOR Green,0:05
http://stats.nba.com/cvp.html?GameID=0021200014&GameEventID=364,3,,Oklahoma City Thunder,Durant S.FOUL (P1.PN),0:01
http://stats.nba.com/cvp.html?GameID=0021200014&GameEventID=365,3,,San Antonio Spurs,MISS Parker Free Throw 1 of 2,0:01
http://stats.nba.com/cvp.html?GameID=0021200014&GameEventID=366,3,,San Antonio Spurs,SPURS Rebound,0:01
http://stats.nba.com/cvp.html?GameID=0021200014&GameEventID=367,3,[ 63 - 66 ],San Antonio Spurs,Parker Free Throw 2 of 2 (9 PTS),0:01
http://stats.nba.com/cvp.html?GameID=0021200014&GameEventID=369,3,[ 66 - 66 ],Oklahoma City Thunder,Maynor 54' 3PT Jump Shot (5 PTS) (Durant 5 AST),0:00
http://stats.nba.com/cvp.html?GameID=0021200014&GameEventID=374,4,,San Antonio Spurs,Diaw S.FOUL (P3.T1),11:46
http://stats.nba.com/cvp.html?GameID=0021200014&GameEventID=375,4,[ 67 - 66 ],Oklahoma City Thunder,Thabeet Free Throw 1 of 2 (1 PTS),11:46
http://stats.nba.com/cvp.html?GameID=0021200014&GameEventID=377,4,,Oklahoma City Thunder,MISS Thabeet Free Throw 2 of 2,11:46
http://stats.nba.com/cvp.html?GameID=0021200014&GameEventID=379,4,,San Antonio Spurs,Blair REBOUND (Off:0 Def:1),11:45
http://stats.nba.com/cvp.html?GameID=0021200014&GameEventID=380,4,,San Antonio Spurs,MISS Blair 4' Jump Shot,11:31
http://stats.nba.com/cvp.html?GameID=0021200014&GameEventID=381,4,,San Antonio Spurs,Leonard REBOUND (Off:1 Def:2),11:30
http://stats.nba.com/cvp.html?GameID=0021200014&GameEventID=382,4,,San Antonio Spurs,Leonard Lost Ball Turnover (P3.T9),11:28
http://stats.nba.com/cvp.html?GameID=0021200014&GameEventID=382,4,,Oklahoma City Thunder,Collison STEAL (1 STL),11:28
http://stats.nba.com/cvp.html?GameID=0021200014&GameEventID=383,4,[ 69 - 66 ],Oklahoma City Thunder,Durant 2' Driving Dunk (21 PTS),11:09
http://stats.nba.com/cvp.html?GameID=0021200014&GameEventID=384,4,,San Antonio Spurs,Blair Bad Pass Turnover (P1.T10),10:51
http://stats.nba.com/cvp.html?GameID=0021200014&GameEventID=384,4,,Oklahoma City Thunder,Thabeet STEAL (2 STL),10:51
http://stats.nba.com/cvp.html?GameID=0021200014&GameEventID=385,4,,San Antonio Spurs,Leonard STEAL (4 STL),10:40
http://stats.nba.com/cvp.html?GameID=0021200014&GameEventID=385,4,,Oklahoma City Thunder,Durant Bad Pass Turnover (P3.T13),10:40
http://stats.nba.com/cvp.html?GameID=0021200014&GameEventID=386,4,[ 69 - 68 ],San Antonio Spurs,Leonard 1' Layup (4 PTS),10:34
http://stats.nba.com/cvp.html?GameID=0021200014&GameEventID=387,4,,San Antonio Spurs,Diaw STEAL (1 STL),10:12
http://stats.nba.com/cvp.html?GameID=0021200014&GameEventID=387,4,,Oklahoma City Thunder,Collison Lost Ball Turnover (P1.T14),10:12
http://stats.nba.com/cvp.html?GameID=0021200014&GameEventID=388,4,[ 69 - 70 ],San Antonio Spurs,Diaw 1' Layup (10 PTS) (Jackson 3 AST),10:00
http://stats.nba.com/cvp.html?GameID=0021200014&GameEventID=389,4,,Oklahoma City Thunder,MISS Durant 19' Jump Shot,9:41
http://stats.nba.com/cvp.html?GameID=0021200014&GameEventID=390,4,,San Antonio Spurs,Leonard REBOUND (Off:1 Def:3),9:40
http://stats.nba.com/cvp.html?GameID=0021200014&GameEventID=391,4,[ 69 - 73 ],San Antonio Spurs,Jackson 26' 3PT Jump Shot (9 PTS) (Neal 3 AST),9:31
http://stats.nba.com/cvp.html?GameID=0021200014&GameEventID=392,4,,Oklahoma City Thunder,Thunder Timeout: Regular (Reg.4 Short 1),9:30
http://stats.nba.com/cvp.html?GameID=0021200014&GameEventID=394,4,,Oklahoma City Thunder,SUB: Sefolosha FOR Durant,9:30
http://stats.nba.com/cvp.html?GameID=0021200014&GameEventID=395,4,,Oklahoma City Thunder,Thabeet OFF.Foul (P2),9:16
http://stats.nba.com/cvp.html?GameID=0021200014&GameEventID=396,4,,Oklahoma City Thunder,Thabeet Foul Turnover (P1.T15),9:16
http://stats.nba.com/cvp.html?GameID=0021200014&GameEventID=397,4,,San Antonio Spurs,Diaw Bad Pass Turnover (P2.T11),9:01
http://stats.nba.com/cvp.html?GameID=0021200014&GameEventID=398,4,,Oklahoma City Thunder,MISS Maynor 6' Floating Jump Shot,8:47
http://stats.nba.com/cvp.html?GameID=0021200014&GameEventID=399,4,,San Antonio Spurs,Blair REBOUND (Off:0 Def:2),8:46
http://stats.nba.com/cvp.html?GameID=0021200014&GameEventID=400,4,[ 69 - 75 ],San Antonio Spurs,Neal 18' Pullup Jump Shot (8 PTS),8:37
http://stats.nba.com/cvp.html?GameID=0021200014&GameEventID=401,4,,Oklahoma City Thunder,MISS Martin 25' 3PT Jump Shot,8:29
http://stats.nba.com/cvp.html?GameID=0021200014&GameEventID=402,4,,San Antonio Spurs,Diaw REBOUND (Off:1 Def:5),8:28
http://stats.nba.com/cvp.html?GameID=0021200014&GameEventID=403,4,[ 69 - 77 ],San Antonio Spurs,Jackson 1' Layup (11 PTS),8:21
http://stats.nba.com/cvp.html?GameID=0021200014&GameEventID=404,4,[ 71 - 77 ],Oklahoma City Thunder,Maynor 7' Floating Jump Shot (7 PTS),8:04
http://stats.nba.com/cvp.html?GameID=0021200014&GameEventID=405,4,,San Antonio Spurs,MISS Blair 16' Jump Shot,7:48
http://stats.nba.com/cvp.html?GameID=0021200014&GameEventID=406,4,,Oklahoma City Thunder,Martin REBOUND (Off:1 Def:1),7:47
http://stats.nba.com/cvp.html?GameID=0021200014&GameEventID=407,4,,Oklahoma City Thunder,Collison Offensive Charge Foul (P2.T1),7:38
http://stats.nba.com/cvp.html?GameID=0021200014&GameEventID=408,4,,Oklahoma City Thunder,Collison Foul Turnover (P2.T16),7:38
http://stats.nba.com/cvp.html?GameID=0021200014&GameEventID=409,4,,Oklahoma City Thunder,SUB: Westbrook FOR Maynor,7:38
http://stats.nba.com/cvp.html?GameID=0021200014&GameEventID=410,4,,Oklahoma City Thunder,SUB: Durant FOR Sefolosha,7:38
http://stats.nba.com/cvp.html?GameID=0021200014&GameEventID=411,4,,San Antonio Spurs,MISS Diaw 24' 3PT Jump Shot,7:21
http://stats.nba.com/cvp.html?GameID=0021200014&GameEventID=413,4,,San Antonio Spurs,Blair REBOUND (Off:1 Def:2),7:19
http://stats.nba.com/cvp.html?GameID=0021200014&GameEventID=412,4,,San Antonio Spurs,MISS Blair 1' Tip Shot,7:19
http://stats.nba.com/cvp.html?GameID=0021200014&GameEventID=414,4,,Oklahoma City Thunder,Westbrook REBOUND (Off:2 Def:4),7:18
http://stats.nba.com/cvp.html?GameID=0021200014&GameEventID=415,4,,Oklahoma City Thunder,MISS Westbrook 4' Jump Shot,7:12
http://stats.nba.com/cvp.html?GameID=0021200014&GameEventID=416,4,,San Antonio Spurs,Blair REBOUND (Off:1 Def:3),7:11
http://stats.nba.com/cvp.html?GameID=0021200014&GameEventID=417,4,,San Antonio Spurs,SPURS Timeout: Regular (Full 4 Short 1),7:08
http://stats.nba.com/cvp.html?GameID=0021200014&GameEventID=419,4,,Oklahoma City Thunder,SUB: Ibaka FOR Thabeet,7:08
http://stats.nba.com/cvp.html?GameID=0021200014&GameEventID=420,4,,San Antonio Spurs,SUB: Duncan FOR Blair,7:08
http://stats.nba.com/cvp.html?GameID=0021200014&GameEventID=421,4,,San Antonio Spurs,SUB: Green FOR Jackson,7:08
http://stats.nba.com/cvp.html?GameID=0021200014&GameEventID=422,4,,San Antonio Spurs,MISS Green 22' Jump Shot,6:48
http://stats.nba.com/cvp.html?GameID=0021200014&GameEventID=423,4,,Oklahoma City Thunder,Durant REBOUND (Off:2 Def:9),6:46
http://stats.nba.com/cvp.html?GameID=0021200014&GameEventID=424,4,[ 73 - 77 ],Oklahoma City Thunder,Durant 1' Layup (23 PTS),6:42
http://stats.nba.com/cvp.html?GameID=0021200014&GameEventID=425,4,,San Antonio Spurs,Leonard Offensive Charge Foul (P3.T2),6:28
http://stats.nba.com/cvp.html?GameID=0021200014&GameEventID=426,4,,San Antonio Spurs,Leonard Foul Turnover (P4.T12),6:28
http://stats.nba.com/cvp.html?GameID=0021200014&GameEventID=427,4,,San Antonio Spurs,SUB: Parker FOR Neal,6:28
http://stats.nba.com/cvp.html?GameID=0021200014&GameEventID=428,4,,Oklahoma City Thunder,Durant Poss Lost Ball Turnover (P4.T17),6:15
http://stats.nba.com/cvp.html?GameID=0021200014&GameEventID=430,4,,Oklahoma City Thunder,SUB: Perkins FOR Collison,6:15
http://stats.nba.com/cvp.html?GameID=0021200014&GameEventID=431,4,,Oklahoma City Thunder,Perkins S.FOUL (P4.T2),6:01
http://stats.nba.com/cvp.html?GameID=0021200014&GameEventID=432,4,,San Antonio Spurs,MISS Duncan Free Throw 1 of 2,6:01
http://stats.nba.com/cvp.html?GameID=0021200014&GameEventID=433,4,,San Antonio Spurs,SPURS Rebound,6:01
http://stats.nba.com/cvp.html?GameID=0021200014&GameEventID=434,4,[ 73 - 78 ],San Antonio Spurs,Duncan Free Throw 2 of 2 (19 PTS),6:01
http://stats.nba.com/cvp.html?GameID=0021200014&GameEventID=436,4,,San Antonio Spurs,Leonard P.FOUL (P4.T3),5:45
http://stats.nba.com/cvp.html?GameID=0021200014&GameEventID=437,4,[ 75 - 78 ],Oklahoma City Thunder,Westbrook 12' Jump Bank Shot (14 PTS),5:36
http://stats.nba.com/cvp.html?GameID=0021200014&GameEventID=438,4,,San Antonio Spurs,Parker S.FOUL (P3.T4),5:36
http://stats.nba.com/cvp.html?GameID=0021200014&GameEventID=439,4,,Oklahoma City Thunder,MISS Westbrook Free Throw 1 of 1,5:36
http://stats.nba.com/cvp.html?GameID=0021200014&GameEventID=441,4,,San Antonio Spurs,Diaw REBOUND (Off:1 Def:6),5:35
http://stats.nba.com/cvp.html?GameID=0021200014&GameEventID=442,4,,San Antonio Spurs,MISS Duncan 12' Jump Shot,5:17
http://stats.nba.com/cvp.html?GameID=0021200014&GameEventID=442,4,,Oklahoma City Thunder,Ibaka BLOCK (2 BLK),5:17
http://stats.nba.com/cvp.html?GameID=0021200014&GameEventID=443,4,,Oklahoma City Thunder,Ibaka REBOUND (Off:1 Def:7),5:15
http://stats.nba.com/cvp.html?GameID=0021200014&GameEventID=444,4,,Oklahoma City Thunder,MISS Westbrook 2' Layup,5:10
http://stats.nba.com/cvp.html?GameID=0021200014&GameEventID=445,4,,San Antonio Spurs,Parker REBOUND (Off:1 Def:2),5:09
http://stats.nba.com/cvp.html?GameID=0021200014&GameEventID=446,4,,San Antonio Spurs,MISS Leonard 24' 3PT Jump Shot,4:47
http://stats.nba.com/cvp.html?GameID=0021200014&GameEventID=447,4,,Oklahoma City Thunder,Ibaka REBOUND (Off:1 Def:8),4:46
http://stats.nba.com/cvp.html?GameID=0021200014&GameEventID=448,4,,Oklahoma City Thunder,MISS Martin 19' Jump Shot,4:29
http://stats.nba.com/cvp.html?GameID=0021200014&GameEventID=450,4,,Oklahoma City Thunder,Perkins REBOUND (Off:2 Def:3),4:27
http://stats.nba.com/cvp.html?GameID=0021200014&GameEventID=449,4,[ 77 - 78 ],Oklahoma City Thunder,Perkins 2' Tip Shot (2 PTS),4:27
http://stats.nba.com/cvp.html?GameID=0021200014&GameEventID=451,4,,Oklahoma City Thunder,Ibaka S.FOUL (P4.T3),4:12
http://stats.nba.com/cvp.html?GameID=0021200014&GameEventID=452,4,[ 77 - 79 ],San Antonio Spurs,Leonard Free Throw 1 of 2 (5 PTS),4:12
http://stats.nba.com/cvp.html?GameID=0021200014&GameEventID=454,4,[ 77 - 80 ],San Antonio Spurs,Leonard Free Throw 2 of 2 (6 PTS),4:12
http://stats.nba.com/cvp.html?GameID=0021200014&GameEventID=456,4,,Oklahoma City Thunder,MISS Westbrook 2' Layup,3:56
http://stats.nba.com/cvp.html?GameID=0021200014&GameEventID=457,4,,San Antonio Spurs,Duncan REBOUND (Off:0 Def:7),3:55
http://stats.nba.com/cvp.html?GameID=0021200014&GameEventID=458,4,,San Antonio Spurs,Diaw Traveling Turnover (P3.T13),3:51
http://stats.nba.com/cvp.html?GameID=0021200014&GameEventID=459,4,,San Antonio Spurs,SUB: Jackson FOR Leonard,3:51
http://stats.nba.com/cvp.html?GameID=0021200014&GameEventID=460,4,[ 80 - 80 ],Oklahoma City Thunder,Martin 25' 3PT Jump Shot (15 PTS) (Perkins 2 AST),3:31
http://stats.nba.com/cvp.html?GameID=0021200014&GameEventID=461,4,,Oklahoma City Thunder,Ibaka S.FOUL (P5.T4),3:12
http://stats.nba.com/cvp.html?GameID=0021200014&GameEventID=462,4,[ 80 - 81 ],San Antonio Spurs,Duncan Free Throw 1 of 2 (20 PTS),3:12
http://stats.nba.com/cvp.html?GameID=0021200014&GameEventID=464,4,,San Antonio Spurs,MISS Duncan Free Throw 2 of 2,3:12
http://stats.nba.com/cvp.html?GameID=0021200014&GameEventID=466,4,,Oklahoma City Thunder,Durant REBOUND (Off:2 Def:10),3:11
http://stats.nba.com/cvp.html?GameID=0021200014&GameEventID=467,4,,Oklahoma City Thunder,MISS Westbrook 17' Jump Shot,2:47
http://stats.nba.com/cvp.html?GameID=0021200014&GameEventID=468,4,,San Antonio Spurs,Jackson REBOUND (Off:2 Def:4),2:46
http://stats.nba.com/cvp.html?GameID=0021200014&GameEventID=469,4,,San Antonio Spurs,MISS Jackson 25' 3PT Jump Shot,2:33
http://stats.nba.com/cvp.html?GameID=0021200014&GameEventID=470,4,,Oklahoma City Thunder,Durant REBOUND (Off:2 Def:11),2:31
http://stats.nba.com/cvp.html?GameID=0021200014&GameEventID=471,4,,Oklahoma City Thunder,MISS Durant 27' 3PT Jump Shot,2:24
http://stats.nba.com/cvp.html?GameID=0021200014&GameEventID=472,4,,Oklahoma City Thunder,Westbrook REBOUND (Off:3 Def:4),2:23
http://stats.nba.com/cvp.html?GameID=0021200014&GameEventID=473,4,,San Antonio Spurs,Diaw S.FOUL (P4.PN),2:12
http://stats.nba.com/cvp.html?GameID=0021200014&GameEventID=476,4,[ 81 - 81 ],Oklahoma City Thunder,Westbrook Free Throw 1 of 2 (15 PTS),2:12
http://stats.nba.com/cvp.html?GameID=0021200014&GameEventID=478,4,[ 82 - 81 ],Oklahoma City Thunder,Westbrook Free Throw 2 of 2 (16 PTS),2:12
http://stats.nba.com/cvp.html?GameID=0021200014&GameEventID=480,4,,San Antonio Spurs,MISS Duncan 17' Jump Shot,1:59
http://stats.nba.com/cvp.html?GameID=0021200014&GameEventID=481,4,,Oklahoma City Thunder,Durant REBOUND (Off:2 Def:12),1:58
http://stats.nba.com/cvp.html?GameID=0021200014&GameEventID=482,4,,Oklahoma City Thunder,MISS Westbrook 26' 3PT Jump Shot,1:41
http://stats.nba.com/cvp.html?GameID=0021200014&GameEventID=483,4,,Oklahoma City Thunder,Perkins REBOUND (Off:3 Def:3),1:39
http://stats.nba.com/cvp.html?GameID=0021200014&GameEventID=484,4,,San Antonio Spurs,Jackson P.FOUL (P1.PN),1:26
http://stats.nba.com/cvp.html?GameID=0021200014&GameEventID=485,4,[ 83 - 81 ],Oklahoma City Thunder,Westbrook Free Throw 1 of 2 (17 PTS),1:26
http://stats.nba.com/cvp.html?GameID=0021200014&GameEventID=487,4,[ 84 - 81 ],Oklahoma City Thunder,Westbrook Free Throw 2 of 2 (18 PTS),1:26
http://stats.nba.com/cvp.html?GameID=0021200014&GameEventID=489,4,,San Antonio Spurs,MISS Parker 16' Jump Shot,1:04
http://stats.nba.com/cvp.html?GameID=0021200014&GameEventID=490,4,,Oklahoma City Thunder,Westbrook REBOUND (Off:3 Def:5),1:02
http://stats.nba.com/cvp.html?GameID=0021200014&GameEventID=491,4,,Oklahoma City Thunder,MISS Westbrook 2' Alley Oop Layup,0:47
http://stats.nba.com/cvp.html?GameID=0021200014&GameEventID=492,4,,San Antonio Spurs,Duncan REBOUND (Off:0 Def:8),0:46
http://stats.nba.com/cvp.html?GameID=0021200014&GameEventID=493,4,,Oklahoma City Thunder,Westbrook P.FOUL (P3.PN),0:38
http://stats.nba.com/cvp.html?GameID=0021200014&GameEventID=494,4,[ 84 - 84 ],San Antonio Spurs,Parker 24' 3PT Jump Shot (12 PTS) (Diaw 4 AST),0:28
http://stats.nba.com/cvp.html?GameID=0021200014&GameEventID=495,4,,Oklahoma City Thunder,Thunder Timeout: Short (Reg.4 Short 2),0:28
http://stats.nba.com/cvp.html?GameID=0021200014&GameEventID=497,4,,San Antonio Spurs,SUB: Leonard FOR Jackson,0:28
http://stats.nba.com/cvp.html?GameID=0021200014&GameEventID=498,4,,San Antonio Spurs,Leonard STEAL (5 STL),0:07
http://stats.nba.com/cvp.html?GameID=0021200014&GameEventID=498,4,,Oklahoma City Thunder,Westbrook Bad Pass Turnover (P6.T18),0:07
http://stats.nba.com/cvp.html?GameID=0021200014&GameEventID=499,4,,San Antonio Spurs,SPURS Timeout: Regular (Full 5 Short 1),0:05
http://stats.nba.com/cvp.html?GameID=0021200014&GameEventID=500,4,,San Antonio Spurs,SUB: Jackson FOR Leonard,0:05
http://stats.nba.com/cvp.html?GameID=0021200014&GameEventID=501,4,,Oklahoma City Thunder,SUB: Sefolosha FOR Martin,0:05
http://stats.nba.com/cvp.html?GameID=0021200014&GameEventID=502,4,[ 84 - 86 ],San Antonio Spurs,Parker 21' Jump Shot (14 PTS) (Green 2 AST),0:00
