http://stats.nba.com/cvp.html?GameID=0021200532&GameEventID=1,1,,Brooklyn Nets,Jump Ball Lopez vs. Gortat: Tip to D. Williams,12:00
http://stats.nba.com/cvp.html?GameID=0021200532&GameEventID=2,1,,Phoenix Suns,Scola P.FOUL (P1.T1),11:48
http://stats.nba.com/cvp.html?GameID=0021200532&GameEventID=3,1,,Brooklyn Nets,MISS Lopez 19' Fadeaway Jumper,11:33
http://stats.nba.com/cvp.html?GameID=0021200532&GameEventID=4,1,,Phoenix Suns,Scola REBOUND (Off:0 Def:1),11:32
http://stats.nba.com/cvp.html?GameID=0021200532&GameEventID=5,1,,Phoenix Suns,MISS Scola 12' Hook Shot,11:07
http://stats.nba.com/cvp.html?GameID=0021200532&GameEventID=6,1,,Brooklyn Nets,Lopez REBOUND (Off:0 Def:1),11:05
http://stats.nba.com/cvp.html?GameID=0021200532&GameEventID=7,1,,Brooklyn Nets,MISS Lopez 3' Layup,10:48
http://stats.nba.com/cvp.html?GameID=0021200532&GameEventID=8,1,,Brooklyn Nets,Evans REBOUND (Off:1 Def:0),10:46
http://stats.nba.com/cvp.html?GameID=0021200532&GameEventID=9,1,,Phoenix Suns,Gortat P.FOUL (P1.T2),10:37
http://stats.nba.com/cvp.html?GameID=0021200532&GameEventID=10,1,[ 0 - 3 ],Brooklyn Nets,Johnson 25' 3PT Jump Shot (3 PTS),10:23
http://stats.nba.com/cvp.html?GameID=0021200532&GameEventID=11,1,,Phoenix Suns,Gortat Bad Pass Turnover (P1.T1),10:11
http://stats.nba.com/cvp.html?GameID=0021200532&GameEventID=12,1,[ 0 - 5 ],Brooklyn Nets,Evans 2' Dunk (2 PTS) (D. Williams 1 AST),9:51
http://stats.nba.com/cvp.html?GameID=0021200532&GameEventID=13,1,,Phoenix Suns,MISS Gortat 13' Jump Shot,9:37
http://stats.nba.com/cvp.html?GameID=0021200532&GameEventID=14,1,,Brooklyn Nets,Lopez REBOUND (Off:0 Def:2),9:36
http://stats.nba.com/cvp.html?GameID=0021200532&GameEventID=15,1,,Brooklyn Nets,D. Williams Lost Ball Turnover (P1.T1),9:29
http://stats.nba.com/cvp.html?GameID=0021200532&GameEventID=15,1,,Phoenix Suns,Tucker STEAL (1 STL),9:29
http://stats.nba.com/cvp.html?GameID=0021200532&GameEventID=16,1,[ 2 - 5 ],Phoenix Suns,Dragic 3' Layup (2 PTS) (Tucker 1 AST),9:23
http://stats.nba.com/cvp.html?GameID=0021200532&GameEventID=17,1,[ 2 - 8 ],Brooklyn Nets,D. Williams 24' 3PT Jump Shot (3 PTS) (Johnson 1 AST),9:06
http://stats.nba.com/cvp.html?GameID=0021200532&GameEventID=18,1,,Phoenix Suns,MISS Dragic 24' 3PT Jump Shot,8:57
http://stats.nba.com/cvp.html?GameID=0021200532&GameEventID=19,1,,Brooklyn Nets,Evans REBOUND (Off:1 Def:1),8:56
http://stats.nba.com/cvp.html?GameID=0021200532&GameEventID=21,1,,Brooklyn Nets,MISS Lopez 6' Jump Bank Shot,8:42
http://stats.nba.com/cvp.html?GameID=0021200532&GameEventID=22,1,,Phoenix Suns,Gortat REBOUND (Off:0 Def:1),8:40
http://stats.nba.com/cvp.html?GameID=0021200532&GameEventID=23,1,,Phoenix Suns,MISS Scola 19' Jump Shot,8:29
http://stats.nba.com/cvp.html?GameID=0021200532&GameEventID=24,1,,Brooklyn Nets,D. Williams REBOUND (Off:0 Def:1),8:28
http://stats.nba.com/cvp.html?GameID=0021200532&GameEventID=25,1,,Brooklyn Nets,MISS Evans 3' Layup,8:20
http://stats.nba.com/cvp.html?GameID=0021200532&GameEventID=25,1,,Phoenix Suns,Scola BLOCK (1 BLK),8:20
http://stats.nba.com/cvp.html?GameID=0021200532&GameEventID=26,1,,Phoenix Suns,Tucker REBOUND (Off:0 Def:1),8:18
http://stats.nba.com/cvp.html?GameID=0021200532&GameEventID=27,1,,Phoenix Suns,MISS Dragic 19' Jump Shot,8:05
http://stats.nba.com/cvp.html?GameID=0021200532&GameEventID=28,1,,Phoenix Suns,Scola REBOUND (Off:1 Def:1),8:04
http://stats.nba.com/cvp.html?GameID=0021200532&GameEventID=29,1,[ 5 - 8 ],Phoenix Suns,Dudley 25' 3PT Jump Shot (3 PTS) (Scola 1 AST),7:47
http://stats.nba.com/cvp.html?GameID=0021200532&GameEventID=30,1,,Brooklyn Nets,MISS Lopez 5' Jump Bank Shot,7:18
http://stats.nba.com/cvp.html?GameID=0021200532&GameEventID=31,1,,Phoenix Suns,Tucker REBOUND (Off:0 Def:2),7:17
http://stats.nba.com/cvp.html?GameID=0021200532&GameEventID=32,1,[ 7 - 8 ],Phoenix Suns,Scola 19' Jump Shot (2 PTS) (Dragic 1 AST),7:01
http://stats.nba.com/cvp.html?GameID=0021200532&GameEventID=33,1,[ 7 - 10 ],Brooklyn Nets,Johnson 14' Fadeaway Jumper (5 PTS),6:33
http://stats.nba.com/cvp.html?GameID=0021200532&GameEventID=34,1,[ 9 - 10 ],Phoenix Suns,Gortat 2' Reverse Layup (2 PTS),6:13
http://stats.nba.com/cvp.html?GameID=0021200532&GameEventID=35,1,,Phoenix Suns,Tucker S.FOUL (P1.T3),6:09
http://stats.nba.com/cvp.html?GameID=0021200532&GameEventID=37,1,,Brooklyn Nets,NETS Timeout: Regular (Full 1 Short 0),6:09
http://stats.nba.com/cvp.html?GameID=0021200532&GameEventID=38,1,,Brooklyn Nets,SUB: Taylor FOR Wallace,6:09
http://stats.nba.com/cvp.html?GameID=0021200532&GameEventID=39,1,,Brooklyn Nets,MISS Taylor Free Throw 1 of 2,6:09
http://stats.nba.com/cvp.html?GameID=0021200532&GameEventID=40,1,,Brooklyn Nets,NETS Rebound,6:09
http://stats.nba.com/cvp.html?GameID=0021200532&GameEventID=41,1,[ 9 - 11 ],Brooklyn Nets,Taylor Free Throw 2 of 2 (1 PTS),6:09
http://stats.nba.com/cvp.html?GameID=0021200532&GameEventID=43,1,,Phoenix Suns,MISS Dudley 14' Jump Shot,5:54
http://stats.nba.com/cvp.html?GameID=0021200532&GameEventID=44,1,,Phoenix Suns,Gortat REBOUND (Off:1 Def:1),5:53
http://stats.nba.com/cvp.html?GameID=0021200532&GameEventID=45,1,,Phoenix Suns,MISS Gortat 1' Tip Shot,5:52
http://stats.nba.com/cvp.html?GameID=0021200532&GameEventID=46,1,,Brooklyn Nets,Johnson REBOUND (Off:0 Def:1),5:51
http://stats.nba.com/cvp.html?GameID=0021200532&GameEventID=47,1,,Brooklyn Nets,MISS Lopez 17' Jump Shot,5:40
http://stats.nba.com/cvp.html?GameID=0021200532&GameEventID=48,1,,Phoenix Suns,Tucker REBOUND (Off:0 Def:3),5:39
http://stats.nba.com/cvp.html?GameID=0021200532&GameEventID=49,1,,Phoenix Suns,Dragic Bad Pass Turnover (P1.T2),5:29
http://stats.nba.com/cvp.html?GameID=0021200532&GameEventID=50,1,,Brooklyn Nets,SUB: Bogans FOR Taylor,5:29
http://stats.nba.com/cvp.html?GameID=0021200532&GameEventID=51,1,[ 9 - 13 ],Brooklyn Nets,Lopez 3' Layup (2 PTS) (D. Williams 2 AST),5:16
http://stats.nba.com/cvp.html?GameID=0021200532&GameEventID=52,1,[ 12 - 13 ],Phoenix Suns,Dudley 24' 3PT Jump Shot (6 PTS) (Dragic 2 AST),4:56
http://stats.nba.com/cvp.html?GameID=0021200532&GameEventID=53,1,,Brooklyn Nets,MISS D. Williams 24' 3PT Jump Shot,4:38
http://stats.nba.com/cvp.html?GameID=0021200532&GameEventID=54,1,,Phoenix Suns,Scola REBOUND (Off:1 Def:2),4:37
http://stats.nba.com/cvp.html?GameID=0021200532&GameEventID=55,1,,Brooklyn Nets,D. Williams STEAL (1 STL),4:33
http://stats.nba.com/cvp.html?GameID=0021200532&GameEventID=55,1,,Phoenix Suns,Dragic Bad Pass Turnover (P2.T3),4:33
http://stats.nba.com/cvp.html?GameID=0021200532&GameEventID=56,1,,Phoenix Suns,Dragic P.FOUL (P1.T4),4:32
http://stats.nba.com/cvp.html?GameID=0021200532&GameEventID=57,1,,Brooklyn Nets,SUB: Blatche FOR Lopez,4:32
http://stats.nba.com/cvp.html?GameID=0021200532&GameEventID=58,1,,Brooklyn Nets,MISS Blatche 11' Jump Shot,4:11
http://stats.nba.com/cvp.html?GameID=0021200532&GameEventID=59,1,,Phoenix Suns,Tucker REBOUND (Off:0 Def:4),4:10
http://stats.nba.com/cvp.html?GameID=0021200532&GameEventID=60,1,[ 14 - 13 ],Phoenix Suns,Scola 4' Hook Shot (4 PTS) (Dudley 1 AST),3:57
http://stats.nba.com/cvp.html?GameID=0021200532&GameEventID=61,1,,Brooklyn Nets,MISS Blatche 8' Turnaround Jump Shot,3:26
http://stats.nba.com/cvp.html?GameID=0021200532&GameEventID=62,1,,Brooklyn Nets,Evans REBOUND (Off:2 Def:1),3:25
http://stats.nba.com/cvp.html?GameID=0021200532&GameEventID=63,1,[ 14 - 15 ],Brooklyn Nets,Evans 2' Putback Layup (4 PTS),3:24
http://stats.nba.com/cvp.html?GameID=0021200532&GameEventID=64,1,[ 16 - 15 ],Phoenix Suns,Dudley 2' Driving Layup (8 PTS) (Gortat 1 AST),3:11
http://stats.nba.com/cvp.html?GameID=0021200532&GameEventID=65,1,,Brooklyn Nets,Evans 3 Second Violation Turnover (P1.T2),2:57
http://stats.nba.com/cvp.html?GameID=0021200532&GameEventID=66,1,,Phoenix Suns,Suns Timeout: Regular (Reg.1 Short 0),2:57
http://stats.nba.com/cvp.html?GameID=0021200532&GameEventID=68,1,,Brooklyn Nets,SUB: Brooks FOR Johnson,2:57
http://stats.nba.com/cvp.html?GameID=0021200532&GameEventID=69,1,,Phoenix Suns,SUB: Morris FOR Scola,2:57
http://stats.nba.com/cvp.html?GameID=0021200532&GameEventID=70,1,,Phoenix Suns,MISS Morris 25' 3PT Jump Shot,2:33
http://stats.nba.com/cvp.html?GameID=0021200532&GameEventID=71,1,,Brooklyn Nets,Bogans REBOUND (Off:0 Def:1),2:32
http://stats.nba.com/cvp.html?GameID=0021200532&GameEventID=72,1,[ 16 - 17 ],Brooklyn Nets,Brooks 14' Jump Shot (2 PTS),2:12
http://stats.nba.com/cvp.html?GameID=0021200532&GameEventID=73,1,[ 19 - 17 ],Phoenix Suns,Dragic 25' 3PT Jump Shot (5 PTS) (Morris 1 AST),1:55
http://stats.nba.com/cvp.html?GameID=0021200532&GameEventID=74,1,,Phoenix Suns,Dragic P.FOUL (P2.PN),1:42
http://stats.nba.com/cvp.html?GameID=0021200532&GameEventID=75,1,[ 19 - 18 ],Brooklyn Nets,D. Williams Free Throw 1 of 2 (4 PTS),1:42
http://stats.nba.com/cvp.html?GameID=0021200532&GameEventID=77,1,,Phoenix Suns,SUB: Brown FOR Tucker,1:42
http://stats.nba.com/cvp.html?GameID=0021200532&GameEventID=78,1,,Phoenix Suns,SUB: Telfair FOR Dragic,1:42
http://stats.nba.com/cvp.html?GameID=0021200532&GameEventID=79,1,[ 19 - 19 ],Brooklyn Nets,D. Williams Free Throw 2 of 2 (5 PTS),1:42
http://stats.nba.com/cvp.html?GameID=0021200532&GameEventID=81,1,[ 21 - 19 ],Phoenix Suns,Gortat 2' Layup (4 PTS) (Morris 2 AST),1:26
http://stats.nba.com/cvp.html?GameID=0021200532&GameEventID=82,1,,Phoenix Suns,Telfair P.FOUL (P1.PN),1:10
http://stats.nba.com/cvp.html?GameID=0021200532&GameEventID=83,1,[ 21 - 20 ],Brooklyn Nets,D. Williams Free Throw 1 of 2 (6 PTS),1:10
http://stats.nba.com/cvp.html?GameID=0021200532&GameEventID=85,1,[ 21 - 21 ],Brooklyn Nets,D. Williams Free Throw 2 of 2 (7 PTS),1:10
http://stats.nba.com/cvp.html?GameID=0021200532&GameEventID=87,1,,Phoenix Suns,MISS Gortat 9' Turnaround Jump Shot,0:53
http://stats.nba.com/cvp.html?GameID=0021200532&GameEventID=88,1,,Phoenix Suns,Morris REBOUND (Off:1 Def:0),0:53
http://stats.nba.com/cvp.html?GameID=0021200532&GameEventID=89,1,[ 23 - 21 ],Phoenix Suns,Morris 2' Putback Layup (2 PTS),0:52
http://stats.nba.com/cvp.html?GameID=0021200532&GameEventID=90,1,,Brooklyn Nets,Blatche Traveling Turnover (P1.T3),0:33
http://stats.nba.com/cvp.html?GameID=0021200532&GameEventID=91,1,[ 25 - 21 ],Phoenix Suns,Brown 4' Hook Shot (2 PTS) (Morris 3 AST),0:23
http://stats.nba.com/cvp.html?GameID=0021200532&GameEventID=92,1,,Brooklyn Nets,MISS Brooks 18' Jump Shot,0:01
http://stats.nba.com/cvp.html?GameID=0021200532&GameEventID=93,1,,Brooklyn Nets,NETS Rebound,0:00
http://stats.nba.com/cvp.html?GameID=0021200532&GameEventID=97,2,,Brooklyn Nets,Johnson STEAL (1 STL),11:45
http://stats.nba.com/cvp.html?GameID=0021200532&GameEventID=97,2,,Phoenix Suns,O'Neal Lost Ball Turnover (P1.T4),11:45
http://stats.nba.com/cvp.html?GameID=0021200532&GameEventID=98,2,[ 25 - 23 ],Brooklyn Nets,Johnson 3' Jump Shot (7 PTS),11:39
http://stats.nba.com/cvp.html?GameID=0021200532&GameEventID=99,2,,Phoenix Suns,O'Neal Out of Bounds Lost Ball Turnover (P2.T5),11:20
http://stats.nba.com/cvp.html?GameID=0021200532&GameEventID=100,2,,Brooklyn Nets,MISS Lopez 6' Jump Bank Shot,10:56
http://stats.nba.com/cvp.html?GameID=0021200532&GameEventID=101,2,,Brooklyn Nets,Blatche REBOUND (Off:1 Def:0),10:55
http://stats.nba.com/cvp.html?GameID=0021200532&GameEventID=102,2,[ 25 - 25 ],Brooklyn Nets,Blatche 1' Putback Dunk (2 PTS),10:54
http://stats.nba.com/cvp.html?GameID=0021200532&GameEventID=103,2,,Phoenix Suns,Suns Timeout: Regular (Reg.2 Short 0),10:43
http://stats.nba.com/cvp.html?GameID=0021200532&GameEventID=104,2,,Phoenix Suns,MISS O'Neal 8' Jump Shot,10:27
http://stats.nba.com/cvp.html?GameID=0021200532&GameEventID=105,2,,Phoenix Suns,Brown REBOUND (Off:1 Def:0),10:26
http://stats.nba.com/cvp.html?GameID=0021200532&GameEventID=106,2,,Phoenix Suns,MISS Brown 1' Tip Shot,10:23
http://stats.nba.com/cvp.html?GameID=0021200532&GameEventID=107,2,,Phoenix Suns,Morris REBOUND (Off:2 Def:0),10:22
http://stats.nba.com/cvp.html?GameID=0021200532&GameEventID=108,2,,Phoenix Suns,MISS Morris 2' Layup,10:21
http://stats.nba.com/cvp.html?GameID=0021200532&GameEventID=109,2,,Brooklyn Nets,Blatche REBOUND (Off:1 Def:1),10:20
http://stats.nba.com/cvp.html?GameID=0021200532&GameEventID=110,2,,Phoenix Suns,O'Neal S.FOUL (P1.T1),10:16
http://stats.nba.com/cvp.html?GameID=0021200532&GameEventID=111,2,,Brooklyn Nets,MISS Lopez Free Throw 1 of 2,10:16
http://stats.nba.com/cvp.html?GameID=0021200532&GameEventID=112,2,,Brooklyn Nets,NETS Rebound,10:16
http://stats.nba.com/cvp.html?GameID=0021200532&GameEventID=113,2,[ 25 - 26 ],Brooklyn Nets,Lopez Free Throw 2 of 2 (3 PTS),10:16
http://stats.nba.com/cvp.html?GameID=0021200532&GameEventID=115,2,[ 27 - 26 ],Phoenix Suns,Brown 16' Jump Shot (4 PTS),10:02
http://stats.nba.com/cvp.html?GameID=0021200532&GameEventID=116,2,,Brooklyn Nets,MISS Bogans 24' 3PT Jump Shot,9:42
http://stats.nba.com/cvp.html?GameID=0021200532&GameEventID=117,2,,Brooklyn Nets,Blatche REBOUND (Off:2 Def:1),9:40
http://stats.nba.com/cvp.html?GameID=0021200532&GameEventID=118,2,,Brooklyn Nets,MISS Blatche 4' Jump Shot,9:36
http://stats.nba.com/cvp.html?GameID=0021200532&GameEventID=119,2,,Phoenix Suns,Morris REBOUND (Off:2 Def:1),9:35
http://stats.nba.com/cvp.html?GameID=0021200532&GameEventID=120,2,,Phoenix Suns,MISS Morris 16' Jump Shot,9:26
http://stats.nba.com/cvp.html?GameID=0021200532&GameEventID=121,2,,Brooklyn Nets,NETS Rebound,9:25
http://stats.nba.com/cvp.html?GameID=0021200532&GameEventID=122,2,,Phoenix Suns,SUB: Tucker FOR Dudley,9:25
http://stats.nba.com/cvp.html?GameID=0021200532&GameEventID=123,2,[ 27 - 28 ],Brooklyn Nets,Watson 21' Jump Shot (2 PTS) (Bogans 1 AST),9:05
http://stats.nba.com/cvp.html?GameID=0021200532&GameEventID=124,2,[ 30 - 28 ],Phoenix Suns,Telfair 25' 3PT Jump Shot (3 PTS) (Brown 1 AST),8:43
http://stats.nba.com/cvp.html?GameID=0021200532&GameEventID=125,2,,Brooklyn Nets,MISS Johnson 7' Jump Shot,8:23
http://stats.nba.com/cvp.html?GameID=0021200532&GameEventID=126,2,,Brooklyn Nets,Lopez REBOUND (Off:1 Def:2),8:22
http://stats.nba.com/cvp.html?GameID=0021200532&GameEventID=127,2,,Brooklyn Nets,MISS Lopez 1' Tip Shot,8:21
http://stats.nba.com/cvp.html?GameID=0021200532&GameEventID=128,2,,Phoenix Suns,O'Neal REBOUND (Off:0 Def:1),8:20
http://stats.nba.com/cvp.html?GameID=0021200532&GameEventID=129,2,,Phoenix Suns,Morris OFF.Foul (P1),8:14
http://stats.nba.com/cvp.html?GameID=0021200532&GameEventID=130,2,,Phoenix Suns,Morris Foul Turnover (P1.T6),8:14
http://stats.nba.com/cvp.html?GameID=0021200532&GameEventID=131,2,,Brooklyn Nets,Watson Bad Pass Turnover (P1.T4),7:58
http://stats.nba.com/cvp.html?GameID=0021200532&GameEventID=132,2,,Phoenix Suns,MISS Brown 18' Jump Shot,7:42
http://stats.nba.com/cvp.html?GameID=0021200532&GameEventID=133,2,,Phoenix Suns,Suns Rebound,7:41
http://stats.nba.com/cvp.html?GameID=0021200532&GameEventID=134,2,,Brooklyn Nets,Lopez L.B.FOUL (P1.T1),7:41
http://stats.nba.com/cvp.html?GameID=0021200532&GameEventID=135,2,,Brooklyn Nets,Blatche STEAL (1 STL),7:37
http://stats.nba.com/cvp.html?GameID=0021200532&GameEventID=135,2,,Phoenix Suns,Morris Lost Ball Turnover (P2.T7),7:37
http://stats.nba.com/cvp.html?GameID=0021200532&GameEventID=136,2,,Phoenix Suns,Brown P.FOUL (P1.T2),7:35
http://stats.nba.com/cvp.html?GameID=0021200532&GameEventID=137,2,,Brooklyn Nets,MISS Johnson 3' Jump Shot,7:28
http://stats.nba.com/cvp.html?GameID=0021200532&GameEventID=137,2,,Phoenix Suns,Tucker BLOCK (1 BLK),7:28
http://stats.nba.com/cvp.html?GameID=0021200532&GameEventID=138,2,,Phoenix Suns,Suns Rebound,7:27
http://stats.nba.com/cvp.html?GameID=0021200532&GameEventID=139,2,,Brooklyn Nets,Lopez L.B.FOUL (P2.T2),7:27
http://stats.nba.com/cvp.html?GameID=0021200532&GameEventID=140,2,[ 32 - 28 ],Phoenix Suns,O'Neal 12' Jump Shot (2 PTS) (Brown 2 AST),7:11
http://stats.nba.com/cvp.html?GameID=0021200532&GameEventID=141,2,[ 32 - 30 ],Brooklyn Nets,Blatche 7' Turnaround Jump Shot (4 PTS),6:53
http://stats.nba.com/cvp.html?GameID=0021200532&GameEventID=142,2,,Brooklyn Nets,Watson P.FOUL (P1.T3),6:30
http://stats.nba.com/cvp.html?GameID=0021200532&GameEventID=143,2,,Phoenix Suns,SUB: Scola FOR Morris,6:30
http://stats.nba.com/cvp.html?GameID=0021200532&GameEventID=144,2,,Brooklyn Nets,SUB: Evans FOR Blatche,6:30
http://stats.nba.com/cvp.html?GameID=0021200532&GameEventID=145,2,,Brooklyn Nets,SUB: D. Williams FOR Bogans,6:30
http://stats.nba.com/cvp.html?GameID=0021200532&GameEventID=146,2,[ 34 - 30 ],Phoenix Suns,Brown 21' Jump Shot (6 PTS) (Telfair 1 AST),6:22
http://stats.nba.com/cvp.html?GameID=0021200532&GameEventID=147,2,,Brooklyn Nets,D. Williams Bad Pass Turnover (P2.T5),6:12
http://stats.nba.com/cvp.html?GameID=0021200532&GameEventID=147,2,,Phoenix Suns,Brown STEAL (1 STL),6:12
http://stats.nba.com/cvp.html?GameID=0021200532&GameEventID=148,2,[ 36 - 30 ],Phoenix Suns,Brown 2' Slam Dunk (8 PTS),6:08
http://stats.nba.com/cvp.html?GameID=0021200532&GameEventID=149,2,,Brooklyn Nets,NETS Timeout: Regular (Full 2 Short 0),6:08
http://stats.nba.com/cvp.html?GameID=0021200532&GameEventID=151,2,,Phoenix Suns,Telfair S.FOUL (P2.T3),5:49
http://stats.nba.com/cvp.html?GameID=0021200532&GameEventID=152,2,[ 36 - 31 ],Brooklyn Nets,D. Williams Free Throw 1 of 2 (8 PTS),5:49
http://stats.nba.com/cvp.html?GameID=0021200532&GameEventID=154,2,[ 36 - 32 ],Brooklyn Nets,D. Williams Free Throw 2 of 2 (9 PTS),5:49
http://stats.nba.com/cvp.html?GameID=0021200532&GameEventID=156,2,,Phoenix Suns,MISS Brown 25' 3PT Jump Shot,5:34
http://stats.nba.com/cvp.html?GameID=0021200532&GameEventID=157,2,,Brooklyn Nets,Evans REBOUND (Off:2 Def:2),5:33
http://stats.nba.com/cvp.html?GameID=0021200532&GameEventID=158,2,,Phoenix Suns,O'Neal S.FOUL (P2.T4),5:20
http://stats.nba.com/cvp.html?GameID=0021200532&GameEventID=159,2,[ 36 - 33 ],Brooklyn Nets,Lopez Free Throw 1 of 2 (4 PTS),5:20
http://stats.nba.com/cvp.html?GameID=0021200532&GameEventID=161,2,[ 36 - 34 ],Brooklyn Nets,Lopez Free Throw 2 of 2 (5 PTS),5:20
http://stats.nba.com/cvp.html?GameID=0021200532&GameEventID=163,2,,Phoenix Suns,MISS O'Neal 3' Layup,5:07
http://stats.nba.com/cvp.html?GameID=0021200532&GameEventID=164,2,,Phoenix Suns,Scola REBOUND (Off:2 Def:2),5:06
http://stats.nba.com/cvp.html?GameID=0021200532&GameEventID=165,2,[ 38 - 34 ],Phoenix Suns,Scola 1' Layup (6 PTS),5:05
http://stats.nba.com/cvp.html?GameID=0021200532&GameEventID=166,2,[ 38 - 37 ],Brooklyn Nets,D. Williams 24' 3PT Jump Shot (12 PTS) (Johnson 2 AST),4:46
http://stats.nba.com/cvp.html?GameID=0021200532&GameEventID=167,2,,Phoenix Suns,MISS Tucker  3PT Jump Shot,4:30
http://stats.nba.com/cvp.html?GameID=0021200532&GameEventID=168,2,,Brooklyn Nets,Evans REBOUND (Off:2 Def:3),4:28
http://stats.nba.com/cvp.html?GameID=0021200532&GameEventID=169,2,,Brooklyn Nets,D. Williams Bad Pass Turnover (P3.T6),4:23
http://stats.nba.com/cvp.html?GameID=0021200532&GameEventID=169,2,,Phoenix Suns,Brown STEAL (2 STL),4:23
http://stats.nba.com/cvp.html?GameID=0021200532&GameEventID=170,2,,Brooklyn Nets,D. Williams S.FOUL (P1.T4),4:16
http://stats.nba.com/cvp.html?GameID=0021200532&GameEventID=171,2,[ 39 - 37 ],Phoenix Suns,Brown Free Throw 1 of 2 (9 PTS),4:16
http://stats.nba.com/cvp.html?GameID=0021200532&GameEventID=173,2,,Phoenix Suns,SUB: Gortat FOR O'Neal,4:16
http://stats.nba.com/cvp.html?GameID=0021200532&GameEventID=174,2,,Brooklyn Nets,SUB: Brooks FOR Johnson,4:16
http://stats.nba.com/cvp.html?GameID=0021200532&GameEventID=175,2,[ 40 - 37 ],Phoenix Suns,Brown Free Throw 2 of 2 (10 PTS),4:16
http://stats.nba.com/cvp.html?GameID=0021200532&GameEventID=177,2,,Brooklyn Nets,Lopez Traveling Turnover (P1.T7),4:01
http://stats.nba.com/cvp.html?GameID=0021200532&GameEventID=178,2,,Phoenix Suns,SUB: Dudley FOR Tucker,4:01
http://stats.nba.com/cvp.html?GameID=0021200532&GameEventID=179,2,,Brooklyn Nets,Watson STEAL (1 STL),3:47
http://stats.nba.com/cvp.html?GameID=0021200532&GameEventID=179,2,,Phoenix Suns,Dudley Bad Pass Turnover (P1.T8),3:47
http://stats.nba.com/cvp.html?GameID=0021200532&GameEventID=180,2,,Phoenix Suns,Telfair S.FOUL (P3.PN),3:43
http://stats.nba.com/cvp.html?GameID=0021200532&GameEventID=181,2,,Brooklyn Nets,MISS Evans Free Throw 1 of 2,3:43
http://stats.nba.com/cvp.html?GameID=0021200532&GameEventID=182,2,,Brooklyn Nets,NETS Rebound,3:43
http://stats.nba.com/cvp.html?GameID=0021200532&GameEventID=183,2,,Brooklyn Nets,SUB: Blatche FOR Lopez,3:43
http://stats.nba.com/cvp.html?GameID=0021200532&GameEventID=184,2,,Phoenix Suns,SUB: Dragic FOR Telfair,3:43
http://stats.nba.com/cvp.html?GameID=0021200532&GameEventID=185,2,,Brooklyn Nets,MISS Evans Free Throw 2 of 2,3:43
http://stats.nba.com/cvp.html?GameID=0021200532&GameEventID=189,2,,Brooklyn Nets,Blatche REBOUND (Off:3 Def:1),3:40
http://stats.nba.com/cvp.html?GameID=0021200532&GameEventID=191,2,,Brooklyn Nets,MISS Blatche 1' Tip Shot,3:39
http://stats.nba.com/cvp.html?GameID=0021200532&GameEventID=187,2,,Phoenix Suns,Dragic REBOUND (Off:0 Def:1),3:38
http://stats.nba.com/cvp.html?GameID=0021200532&GameEventID=188,2,[ 42 - 37 ],Phoenix Suns,Scola 5' Hook Shot (8 PTS),3:25
http://stats.nba.com/cvp.html?GameID=0021200532&GameEventID=190,2,[ 42 - 39 ],Brooklyn Nets,Brooks 4' Driving Dunk (4 PTS) (D. Williams 3 AST),3:13
http://stats.nba.com/cvp.html?GameID=0021200532&GameEventID=192,2,[ 45 - 39 ],Phoenix Suns,Dudley 25' 3PT Jump Shot (11 PTS) (Brown 3 AST),2:59
http://stats.nba.com/cvp.html?GameID=0021200532&GameEventID=193,2,,Phoenix Suns,Dudley S.FOUL (P1.PN),2:45
http://stats.nba.com/cvp.html?GameID=0021200532&GameEventID=196,2,[ 45 - 40 ],Brooklyn Nets,Brooks Free Throw 1 of 2 (5 PTS),2:45
http://stats.nba.com/cvp.html?GameID=0021200532&GameEventID=198,2,[ 45 - 41 ],Brooklyn Nets,Brooks Free Throw 2 of 2 (6 PTS),2:45
http://stats.nba.com/cvp.html?GameID=0021200532&GameEventID=200,2,[ 47 - 41 ],Phoenix Suns,Brown 3' Driving Layup (12 PTS),2:30
http://stats.nba.com/cvp.html?GameID=0021200532&GameEventID=201,2,,Brooklyn Nets,Evans S.FOUL (P1.PN),2:30
http://stats.nba.com/cvp.html?GameID=0021200532&GameEventID=202,2,[ 48 - 41 ],Phoenix Suns,Brown Free Throw 1 of 1 (13 PTS),2:30
http://stats.nba.com/cvp.html?GameID=0021200532&GameEventID=204,2,,Brooklyn Nets,MISS Brooks 6' Jump Shot,2:16
http://stats.nba.com/cvp.html?GameID=0021200532&GameEventID=205,2,,Brooklyn Nets,Evans REBOUND (Off:3 Def:3),2:15
http://stats.nba.com/cvp.html?GameID=0021200532&GameEventID=206,2,,Phoenix Suns,Scola S.FOUL (P2.PN),2:14
http://stats.nba.com/cvp.html?GameID=0021200532&GameEventID=207,2,,Brooklyn Nets,MISS Evans Free Throw 1 of 2,2:14
http://stats.nba.com/cvp.html?GameID=0021200532&GameEventID=208,2,,Brooklyn Nets,NETS Rebound,2:14
http://stats.nba.com/cvp.html?GameID=0021200532&GameEventID=209,2,[ 48 - 42 ],Brooklyn Nets,Evans Free Throw 2 of 2 (5 PTS),2:14
http://stats.nba.com/cvp.html?GameID=0021200532&GameEventID=211,2,[ 50 - 42 ],Phoenix Suns,Dragic 7' Floating Jump Shot (7 PTS) (Dudley 2 AST),1:49
http://stats.nba.com/cvp.html?GameID=0021200532&GameEventID=212,2,,Brooklyn Nets,Watson Bad Pass Turnover (P2.T8),1:24
http://stats.nba.com/cvp.html?GameID=0021200532&GameEventID=212,2,,Phoenix Suns,Dragic STEAL (1 STL),1:24
http://stats.nba.com/cvp.html?GameID=0021200532&GameEventID=213,2,[ 52 - 42 ],Phoenix Suns,Dragic 1' Layup (9 PTS),1:21
http://stats.nba.com/cvp.html?GameID=0021200532&GameEventID=214,2,,Brooklyn Nets,D. Williams S.FOUL (P2.PN),1:21
http://stats.nba.com/cvp.html?GameID=0021200532&GameEventID=215,2,[ 53 - 42 ],Phoenix Suns,Dragic Free Throw 1 of 1 (10 PTS),1:21
http://stats.nba.com/cvp.html?GameID=0021200532&GameEventID=217,2,,Brooklyn Nets,NETS Timeout: Short (Full 2 Short 1),1:15
http://stats.nba.com/cvp.html?GameID=0021200532&GameEventID=219,2,,Phoenix Suns,Scola S.FOUL (P3.PN),1:03
http://stats.nba.com/cvp.html?GameID=0021200532&GameEventID=220,2,[ 53 - 43 ],Brooklyn Nets,Blatche Free Throw 1 of 2 (5 PTS),1:03
http://stats.nba.com/cvp.html?GameID=0021200532&GameEventID=222,2,,Phoenix Suns,SUB: Morris FOR Scola,1:03
http://stats.nba.com/cvp.html?GameID=0021200532&GameEventID=223,2,,Brooklyn Nets,SUB: Johnson FOR D. Williams,1:03
http://stats.nba.com/cvp.html?GameID=0021200532&GameEventID=224,2,[ 53 - 44 ],Brooklyn Nets,Blatche Free Throw 2 of 2 (6 PTS),1:03
http://stats.nba.com/cvp.html?GameID=0021200532&GameEventID=226,2,,Brooklyn Nets,Brooks S.FOUL (P1.PN),0:53
http://stats.nba.com/cvp.html?GameID=0021200532&GameEventID=227,2,,Phoenix Suns,MISS Gortat Free Throw 1 of 2,0:53
http://stats.nba.com/cvp.html?GameID=0021200532&GameEventID=228,2,,Phoenix Suns,Suns Rebound,0:53
http://stats.nba.com/cvp.html?GameID=0021200532&GameEventID=229,2,,Phoenix Suns,SUB: Tucker FOR Dragic,0:53
http://stats.nba.com/cvp.html?GameID=0021200532&GameEventID=230,2,,Phoenix Suns,MISS Gortat Free Throw 2 of 2,0:53
http://stats.nba.com/cvp.html?GameID=0021200532&GameEventID=232,2,,Brooklyn Nets,Evans REBOUND (Off:3 Def:4),0:52
http://stats.nba.com/cvp.html?GameID=0021200532&GameEventID=233,2,,Phoenix Suns,Gortat S.FOUL (P2.PN),0:36
http://stats.nba.com/cvp.html?GameID=0021200532&GameEventID=235,2,[ 53 - 45 ],Brooklyn Nets,Watson Free Throw 1 of 2 (3 PTS),0:36
http://stats.nba.com/cvp.html?GameID=0021200532&GameEventID=237,2,[ 53 - 46 ],Brooklyn Nets,Watson Free Throw 2 of 2 (4 PTS),0:36
http://stats.nba.com/cvp.html?GameID=0021200532&GameEventID=240,2,,Phoenix Suns,MISS Dudley 14' Jump Shot,0:21
http://stats.nba.com/cvp.html?GameID=0021200532&GameEventID=239,2,,Phoenix Suns,Tucker REBOUND (Off:1 Def:4),0:20
http://stats.nba.com/cvp.html?GameID=0021200532&GameEventID=241,2,,Phoenix Suns,MISS Brown 26' 3PT Jump Shot,0:01
http://stats.nba.com/cvp.html?GameID=0021200532&GameEventID=242,2,,Phoenix Suns,Suns Rebound,0:00
http://stats.nba.com/cvp.html?GameID=0021200532&GameEventID=247,3,[ 55 - 46 ],Phoenix Suns,Gortat 12' Jump Shot (6 PTS) (Dudley 3 AST),11:48
http://stats.nba.com/cvp.html?GameID=0021200532&GameEventID=248,3,,Brooklyn Nets,MISS Johnson 15' Jump Shot,11:25
http://stats.nba.com/cvp.html?GameID=0021200532&GameEventID=249,3,,Brooklyn Nets,Evans REBOUND (Off:4 Def:4),11:23
http://stats.nba.com/cvp.html?GameID=0021200532&GameEventID=250,3,[ 55 - 48 ],Brooklyn Nets,Evans 3' Layup (7 PTS),11:15
http://stats.nba.com/cvp.html?GameID=0021200532&GameEventID=251,3,,Phoenix Suns,MISS Scola 21' Jump Shot,11:05
http://stats.nba.com/cvp.html?GameID=0021200532&GameEventID=252,3,,Phoenix Suns,Scola REBOUND (Off:3 Def:2),11:04
http://stats.nba.com/cvp.html?GameID=0021200532&GameEventID=253,3,,Phoenix Suns,MISS Scola 5' Hook Shot,10:59
http://stats.nba.com/cvp.html?GameID=0021200532&GameEventID=254,3,,Brooklyn Nets,Evans REBOUND (Off:4 Def:5),10:58
http://stats.nba.com/cvp.html?GameID=0021200532&GameEventID=255,3,,Phoenix Suns,Dragic P.FOUL (P3.T1),10:56
http://stats.nba.com/cvp.html?GameID=0021200532&GameEventID=256,3,,Brooklyn Nets,NETS Timeout: Regular (Full 3 Short 1),10:56
http://stats.nba.com/cvp.html?GameID=0021200532&GameEventID=257,3,[ 55 - 50 ],Brooklyn Nets,Johnson 8' Floating Jump Shot (9 PTS),10:41
http://stats.nba.com/cvp.html?GameID=0021200532&GameEventID=258,3,,Phoenix Suns,MISS Dragic 5' Jump Shot,10:20
http://stats.nba.com/cvp.html?GameID=0021200532&GameEventID=259,3,,Brooklyn Nets,Johnson REBOUND (Off:0 Def:2),10:19
http://stats.nba.com/cvp.html?GameID=0021200532&GameEventID=260,3,[ 55 - 52 ],Brooklyn Nets,Johnson 1' Layup (11 PTS),10:15
http://stats.nba.com/cvp.html?GameID=0021200532&GameEventID=261,3,,Phoenix Suns,MISS Gortat 9' Jump Shot,9:46
http://stats.nba.com/cvp.html?GameID=0021200532&GameEventID=262,3,,Phoenix Suns,Dragic REBOUND (Off:1 Def:1),9:45
http://stats.nba.com/cvp.html?GameID=0021200532&GameEventID=263,3,,Phoenix Suns,MISS Dragic 14' Jump Shot,9:41
http://stats.nba.com/cvp.html?GameID=0021200532&GameEventID=264,3,,Brooklyn Nets,Bogans REBOUND (Off:0 Def:2),9:40
http://stats.nba.com/cvp.html?GameID=0021200532&GameEventID=265,3,[ 55 - 54 ],Brooklyn Nets,Lopez 4' Layup (7 PTS),9:25
http://stats.nba.com/cvp.html?GameID=0021200532&GameEventID=266,3,,Brooklyn Nets,Johnson P.FOUL (P1.T1),8:58
http://stats.nba.com/cvp.html?GameID=0021200532&GameEventID=267,3,,Phoenix Suns,MISS Gortat 7' Fadeaway Jumper,8:46
http://stats.nba.com/cvp.html?GameID=0021200532&GameEventID=268,3,,Brooklyn Nets,Evans REBOUND (Off:4 Def:6),8:45
http://stats.nba.com/cvp.html?GameID=0021200532&GameEventID=269,3,,Phoenix Suns,Tucker P.FOUL (P2.T2),8:35
http://stats.nba.com/cvp.html?GameID=0021200532&GameEventID=270,3,,Brooklyn Nets,MISS Johnson 8' Jump Shot,8:24
http://stats.nba.com/cvp.html?GameID=0021200532&GameEventID=271,3,,Brooklyn Nets,Lopez REBOUND (Off:2 Def:2),8:23
http://stats.nba.com/cvp.html?GameID=0021200532&GameEventID=272,3,[ 55 - 56 ],Brooklyn Nets,Lopez 2' Putback Layup (9 PTS),8:20
http://stats.nba.com/cvp.html?GameID=0021200532&GameEventID=273,3,,Phoenix Suns,MISS Gortat 15' Jump Shot,8:01
http://stats.nba.com/cvp.html?GameID=0021200532&GameEventID=274,3,,Brooklyn Nets,D. Williams REBOUND (Off:0 Def:2),8:00
http://stats.nba.com/cvp.html?GameID=0021200532&GameEventID=275,3,,Brooklyn Nets,MISS Johnson 3' Jump Shot,7:54
http://stats.nba.com/cvp.html?GameID=0021200532&GameEventID=276,3,,Phoenix Suns,Gortat REBOUND (Off:1 Def:2),7:53
http://stats.nba.com/cvp.html?GameID=0021200532&GameEventID=277,3,[ 58 - 56 ],Phoenix Suns,Dudley 25' 3PT Jump Shot (14 PTS) (Dragic 3 AST),7:44
http://stats.nba.com/cvp.html?GameID=0021200532&GameEventID=278,3,,Brooklyn Nets,MISS Lopez 21' Jump Shot,7:21
http://stats.nba.com/cvp.html?GameID=0021200532&GameEventID=279,3,,Phoenix Suns,Gortat REBOUND (Off:1 Def:3),7:20
http://stats.nba.com/cvp.html?GameID=0021200532&GameEventID=280,3,,Phoenix Suns,Dragic OFF.Foul (P4),7:09
http://stats.nba.com/cvp.html?GameID=0021200532&GameEventID=281,3,,Phoenix Suns,Dragic Foul Turnover (P3.T9),7:09
http://stats.nba.com/cvp.html?GameID=0021200532&GameEventID=282,3,,Phoenix Suns,SUB: Telfair FOR Dragic,7:09
http://stats.nba.com/cvp.html?GameID=0021200532&GameEventID=283,3,,Brooklyn Nets,MISS Lopez 3' Driving Layup,6:53
http://stats.nba.com/cvp.html?GameID=0021200532&GameEventID=284,3,,Phoenix Suns,Tucker REBOUND (Off:1 Def:5),6:51
http://stats.nba.com/cvp.html?GameID=0021200532&GameEventID=285,3,,Phoenix Suns,MISS Scola 3' Layup,6:43
http://stats.nba.com/cvp.html?GameID=0021200532&GameEventID=286,3,,Phoenix Suns,Gortat REBOUND (Off:2 Def:3),6:42
http://stats.nba.com/cvp.html?GameID=0021200532&GameEventID=287,3,,Phoenix Suns,MISS Gortat 2' Putback Layup,6:40
http://stats.nba.com/cvp.html?GameID=0021200532&GameEventID=288,3,,Phoenix Suns,Scola REBOUND (Off:4 Def:2),6:39
http://stats.nba.com/cvp.html?GameID=0021200532&GameEventID=289,3,[ 60 - 56 ],Phoenix Suns,Scola 2' Layup (10 PTS),6:38
http://stats.nba.com/cvp.html?GameID=0021200532&GameEventID=290,3,,Brooklyn Nets,MISS Johnson 18' Jump Shot,6:12
http://stats.nba.com/cvp.html?GameID=0021200532&GameEventID=291,3,,Phoenix Suns,Dudley REBOUND (Off:0 Def:1),6:11
http://stats.nba.com/cvp.html?GameID=0021200532&GameEventID=292,3,,Phoenix Suns,MISS Tucker 5' Running Hook Shot,6:06
http://stats.nba.com/cvp.html?GameID=0021200532&GameEventID=293,3,,Brooklyn Nets,D. Williams REBOUND (Off:0 Def:3),6:05
http://stats.nba.com/cvp.html?GameID=0021200532&GameEventID=294,3,,Brooklyn Nets,MISS Lopez 11' Turnaround Fadeaway Shot,5:48
http://stats.nba.com/cvp.html?GameID=0021200532&GameEventID=295,3,,Phoenix Suns,Dudley REBOUND (Off:0 Def:2),5:47
http://stats.nba.com/cvp.html?GameID=0021200532&GameEventID=296,3,,Brooklyn Nets,Evans STEAL (1 STL),5:38
http://stats.nba.com/cvp.html?GameID=0021200532&GameEventID=296,3,,Phoenix Suns,Scola Lost Ball Turnover (P1.T10),5:38
http://stats.nba.com/cvp.html?GameID=0021200532&GameEventID=297,3,,Brooklyn Nets,Evans Traveling Turnover (P2.T9),5:26
http://stats.nba.com/cvp.html?GameID=0021200532&GameEventID=298,3,,Brooklyn Nets,SUB: Blatche FOR Lopez,5:26
http://stats.nba.com/cvp.html?GameID=0021200532&GameEventID=299,3,,Brooklyn Nets,SUB: Watson FOR D. Williams,5:26
http://stats.nba.com/cvp.html?GameID=0021200532&GameEventID=300,3,,Brooklyn Nets,Watson STEAL (2 STL),5:06
http://stats.nba.com/cvp.html?GameID=0021200532&GameEventID=300,3,,Phoenix Suns,Telfair Bad Pass Turnover (P1.T11),5:06
http://stats.nba.com/cvp.html?GameID=0021200532&GameEventID=301,3,[ 60 - 58 ],Brooklyn Nets,Blatche 2' Driving Dunk (8 PTS) (Watson 1 AST),5:00
http://stats.nba.com/cvp.html?GameID=0021200532&GameEventID=302,3,,Phoenix Suns,MISS Scola 19' Jump Shot,4:45
http://stats.nba.com/cvp.html?GameID=0021200532&GameEventID=303,3,,Brooklyn Nets,Blatche REBOUND (Off:3 Def:2),4:44
http://stats.nba.com/cvp.html?GameID=0021200532&GameEventID=304,3,,Phoenix Suns,Telfair P.FOUL (P4.T3),4:34
http://stats.nba.com/cvp.html?GameID=0021200532&GameEventID=305,3,,Phoenix Suns,SUB: Brown FOR Dudley,4:34
http://stats.nba.com/cvp.html?GameID=0021200532&GameEventID=306,3,[ 60 - 60 ],Brooklyn Nets,Watson 19' Jump Shot (6 PTS) (Johnson 3 AST),4:25
http://stats.nba.com/cvp.html?GameID=0021200532&GameEventID=307,3,,Phoenix Suns,Suns Timeout: Regular (Reg.3 Short 0),4:06
http://stats.nba.com/cvp.html?GameID=0021200532&GameEventID=309,3,,Brooklyn Nets,Blatche S.FOUL (P1.T2),4:04
http://stats.nba.com/cvp.html?GameID=0021200532&GameEventID=310,3,,Phoenix Suns,MISS Scola Free Throw 1 of 2,4:04
http://stats.nba.com/cvp.html?GameID=0021200532&GameEventID=311,3,,Phoenix Suns,Suns Rebound,4:04
http://stats.nba.com/cvp.html?GameID=0021200532&GameEventID=312,3,,Phoenix Suns,MISS Scola Free Throw 2 of 2,4:04
http://stats.nba.com/cvp.html?GameID=0021200532&GameEventID=314,3,,Brooklyn Nets,Evans REBOUND (Off:4 Def:7),4:03
http://stats.nba.com/cvp.html?GameID=0021200532&GameEventID=315,3,,Brooklyn Nets,MISS Blatche 11' Fadeaway Jumper,3:47
http://stats.nba.com/cvp.html?GameID=0021200532&GameEventID=316,3,,Brooklyn Nets,NETS Rebound,3:46
http://stats.nba.com/cvp.html?GameID=0021200532&GameEventID=317,3,,Phoenix Suns,Scola L.B.FOUL (P4.T4),3:46
http://stats.nba.com/cvp.html?GameID=0021200532&GameEventID=318,3,,Phoenix Suns,SUB: Morris FOR Scola,3:46
http://stats.nba.com/cvp.html?GameID=0021200532&GameEventID=319,3,,Brooklyn Nets,MISS Watson  3PT Jump Shot,3:37
http://stats.nba.com/cvp.html?GameID=0021200532&GameEventID=320,3,,Phoenix Suns,Tucker REBOUND (Off:1 Def:6),3:36
http://stats.nba.com/cvp.html?GameID=0021200532&GameEventID=321,3,,Phoenix Suns,Gortat OFF.Foul (P3),3:29
http://stats.nba.com/cvp.html?GameID=0021200532&GameEventID=322,3,,Phoenix Suns,Gortat Foul Turnover (P2.T12),3:29
http://stats.nba.com/cvp.html?GameID=0021200532&GameEventID=323,3,,Brooklyn Nets,MISS Johnson 5' Jump Shot,3:13
http://stats.nba.com/cvp.html?GameID=0021200532&GameEventID=324,3,,Phoenix Suns,Gortat REBOUND (Off:2 Def:4),3:12
http://stats.nba.com/cvp.html?GameID=0021200532&GameEventID=325,3,,Phoenix Suns,MISS Morris 20' Jump Shot,3:05
http://stats.nba.com/cvp.html?GameID=0021200532&GameEventID=326,3,,Phoenix Suns,Suns Rebound,3:04
http://stats.nba.com/cvp.html?GameID=0021200532&GameEventID=327,3,,Brooklyn Nets,Evans L.B.FOUL (P2.T3),3:04
http://stats.nba.com/cvp.html?GameID=0021200532&GameEventID=328,3,,Brooklyn Nets,SUB: Brooks FOR Bogans,3:04
http://stats.nba.com/cvp.html?GameID=0021200532&GameEventID=329,3,,Brooklyn Nets,SUB: Lopez FOR Evans,3:04
http://stats.nba.com/cvp.html?GameID=0021200532&GameEventID=330,3,,Brooklyn Nets,NETS Violation: Delay of game Violation,3:04
http://stats.nba.com/cvp.html?GameID=0021200532&GameEventID=331,3,,Phoenix Suns,MISS Telfair 17' Jump Shot,2:51
http://stats.nba.com/cvp.html?GameID=0021200532&GameEventID=332,3,,Brooklyn Nets,Johnson REBOUND (Off:0 Def:3),2:50
http://stats.nba.com/cvp.html?GameID=0021200532&GameEventID=333,3,[ 60 - 62 ],Brooklyn Nets,Blatche 17' Jump Shot (10 PTS),2:35
http://stats.nba.com/cvp.html?GameID=0021200532&GameEventID=334,3,[ 63 - 62 ],Phoenix Suns,Telfair 25' 3PT Jump Shot (6 PTS),2:20
http://stats.nba.com/cvp.html?GameID=0021200532&GameEventID=335,3,[ 63 - 64 ],Brooklyn Nets,Blatche 3' Driving Finger Roll Layup (12 PTS),1:59
http://stats.nba.com/cvp.html?GameID=0021200532&GameEventID=336,3,,Phoenix Suns,Morris S.FOUL (P2.PN),1:59
http://stats.nba.com/cvp.html?GameID=0021200532&GameEventID=337,3,,Brooklyn Nets,SUB: D. Williams FOR Johnson,1:59
http://stats.nba.com/cvp.html?GameID=0021200532&GameEventID=338,3,,Phoenix Suns,SUB: Dudley FOR Tucker,1:59
http://stats.nba.com/cvp.html?GameID=0021200532&GameEventID=339,3,[ 63 - 65 ],Brooklyn Nets,Blatche Free Throw 1 of 1 (13 PTS),1:59
http://stats.nba.com/cvp.html?GameID=0021200532&GameEventID=341,3,,Brooklyn Nets,Brooks P.FOUL (P2.T4),1:50
http://stats.nba.com/cvp.html?GameID=0021200532&GameEventID=342,3,,Brooklyn Nets,Blatche P.FOUL (P2.PN),1:40
http://stats.nba.com/cvp.html?GameID=0021200532&GameEventID=343,3,[ 64 - 65 ],Phoenix Suns,Telfair Free Throw 1 of 2 (7 PTS),1:40
http://stats.nba.com/cvp.html?GameID=0021200532&GameEventID=345,3,,Phoenix Suns,SUB: O'Neal FOR Gortat,1:40
http://stats.nba.com/cvp.html?GameID=0021200532&GameEventID=346,3,,Phoenix Suns,MISS Telfair Free Throw 2 of 2,1:40
http://stats.nba.com/cvp.html?GameID=0021200532&GameEventID=348,3,,Brooklyn Nets,Blatche REBOUND (Off:3 Def:3),1:39
http://stats.nba.com/cvp.html?GameID=0021200532&GameEventID=349,3,[ 64 - 67 ],Brooklyn Nets,Blatche 3' Driving Layup (15 PTS),1:22
http://stats.nba.com/cvp.html?GameID=0021200532&GameEventID=350,3,,Brooklyn Nets,Lopez STEAL (1 STL),1:11
http://stats.nba.com/cvp.html?GameID=0021200532&GameEventID=350,3,,Phoenix Suns,Telfair Lost Ball Turnover (P2.T13),1:11
http://stats.nba.com/cvp.html?GameID=0021200532&GameEventID=351,3,,Phoenix Suns,Morris S.FOUL (P3.PN),1:09
http://stats.nba.com/cvp.html?GameID=0021200532&GameEventID=352,3,[ 64 - 68 ],Brooklyn Nets,Brooks Free Throw 1 of 2 (7 PTS),1:09
http://stats.nba.com/cvp.html?GameID=0021200532&GameEventID=354,3,[ 64 - 69 ],Brooklyn Nets,Brooks Free Throw 2 of 2 (8 PTS),1:09
http://stats.nba.com/cvp.html?GameID=0021200532&GameEventID=356,3,,Phoenix Suns,MISS Brown 20' Jump Shot,0:52
http://stats.nba.com/cvp.html?GameID=0021200532&GameEventID=357,3,,Brooklyn Nets,Brooks REBOUND (Off:0 Def:1),0:51
http://stats.nba.com/cvp.html?GameID=0021200532&GameEventID=358,3,[ 64 - 72 ],Brooklyn Nets,Brooks 25' 3PT Jump Shot (11 PTS) (D. Williams 4 AST),0:44
http://stats.nba.com/cvp.html?GameID=0021200532&GameEventID=359,3,[ 66 - 72 ],Phoenix Suns,Dudley 21' Jump Shot (16 PTS) (Telfair 2 AST),0:24
http://stats.nba.com/cvp.html?GameID=0021200532&GameEventID=360,3,,Phoenix Suns,Dudley P.FOUL (P2.PN),0:11
http://stats.nba.com/cvp.html?GameID=0021200532&GameEventID=361,3,[ 66 - 73 ],Brooklyn Nets,Brooks Free Throw 1 of 2 (12 PTS),0:11
http://stats.nba.com/cvp.html?GameID=0021200532&GameEventID=363,3,[ 66 - 74 ],Brooklyn Nets,Brooks Free Throw 2 of 2 (13 PTS),0:11
http://stats.nba.com/cvp.html?GameID=0021200532&GameEventID=365,3,,Phoenix Suns,MISS Brown 19' Jump Shot,0:00
http://stats.nba.com/cvp.html?GameID=0021200532&GameEventID=366,3,,Phoenix Suns,Suns Rebound,0:00
http://stats.nba.com/cvp.html?GameID=0021200532&GameEventID=370,4,,Brooklyn Nets,MISS Blatche 3' Jump Shot,11:49
http://stats.nba.com/cvp.html?GameID=0021200532&GameEventID=370,4,,Phoenix Suns,Morris BLOCK (1 BLK),11:49
http://stats.nba.com/cvp.html?GameID=0021200532&GameEventID=371,4,,Phoenix Suns,Dudley REBOUND (Off:0 Def:3),11:46
http://stats.nba.com/cvp.html?GameID=0021200532&GameEventID=372,4,,Brooklyn Nets,D. Williams STEAL (2 STL),11:45
http://stats.nba.com/cvp.html?GameID=0021200532&GameEventID=372,4,,Phoenix Suns,Dudley Bad Pass Turnover (P2.T14),11:45
http://stats.nba.com/cvp.html?GameID=0021200532&GameEventID=373,4,,Brooklyn Nets,MISS Blatche 3' Layup,11:41
http://stats.nba.com/cvp.html?GameID=0021200532&GameEventID=373,4,,Phoenix Suns,Dudley BLOCK (1 BLK),11:41
http://stats.nba.com/cvp.html?GameID=0021200532&GameEventID=374,4,,Phoenix Suns,Dudley REBOUND (Off:0 Def:4),11:40
http://stats.nba.com/cvp.html?GameID=0021200532&GameEventID=375,4,,Phoenix Suns,MISS O'Neal 3' Reverse Layup,11:20
http://stats.nba.com/cvp.html?GameID=0021200532&GameEventID=376,4,,Brooklyn Nets,Lopez REBOUND (Off:2 Def:3),11:19
http://stats.nba.com/cvp.html?GameID=0021200532&GameEventID=377,4,,Brooklyn Nets,MISS Lopez 20' Jump Shot,11:11
http://stats.nba.com/cvp.html?GameID=0021200532&GameEventID=378,4,,Phoenix Suns,Dudley REBOUND (Off:0 Def:5),11:10
http://stats.nba.com/cvp.html?GameID=0021200532&GameEventID=379,4,,Brooklyn Nets,Watson BLOCK (1 BLK),10:50
http://stats.nba.com/cvp.html?GameID=0021200532&GameEventID=379,4,,Phoenix Suns,MISS Brown 5' Jump Shot,10:50
http://stats.nba.com/cvp.html?GameID=0021200532&GameEventID=380,4,,Brooklyn Nets,Lopez REBOUND (Off:2 Def:4),10:48
http://stats.nba.com/cvp.html?GameID=0021200532&GameEventID=381,4,,Phoenix Suns,O'Neal P.FOUL (P3.T1),10:30
http://stats.nba.com/cvp.html?GameID=0021200532&GameEventID=382,4,[ 66 - 76 ],Brooklyn Nets,Lopez 6' Jump Shot (11 PTS),10:17
http://stats.nba.com/cvp.html?GameID=0021200532&GameEventID=383,4,,Phoenix Suns,O'Neal Traveling Turnover (P3.T15),10:05
http://stats.nba.com/cvp.html?GameID=0021200532&GameEventID=384,4,,Brooklyn Nets,MISS Blatche 4' Driving Jump Shot,9:47
http://stats.nba.com/cvp.html?GameID=0021200532&GameEventID=384,4,,Phoenix Suns,O'Neal BLOCK (1 BLK),9:47
http://stats.nba.com/cvp.html?GameID=0021200532&GameEventID=385,4,,Brooklyn Nets,Blatche REBOUND (Off:4 Def:3),9:45
http://stats.nba.com/cvp.html?GameID=0021200532&GameEventID=386,4,,Brooklyn Nets,Blatche Traveling Turnover (P2.T10),9:44
http://stats.nba.com/cvp.html?GameID=0021200532&GameEventID=387,4,,Phoenix Suns,MISS Brown 19' Fadeaway Jumper,9:20
http://stats.nba.com/cvp.html?GameID=0021200532&GameEventID=388,4,,Brooklyn Nets,Lopez REBOUND (Off:2 Def:5),9:18
http://stats.nba.com/cvp.html?GameID=0021200532&GameEventID=389,4,[ 66 - 78 ],Brooklyn Nets,D. Williams 2' Driving Layup (14 PTS),9:12
http://stats.nba.com/cvp.html?GameID=0021200532&GameEventID=390,4,,Phoenix Suns,Suns Timeout: Regular (Reg.4 Short 0),9:11
http://stats.nba.com/cvp.html?GameID=0021200532&GameEventID=392,4,,Phoenix Suns,SUB: Scola FOR Morris,9:11
http://stats.nba.com/cvp.html?GameID=0021200532&GameEventID=393,4,,Brooklyn Nets,SUB: Evans FOR Blatche,9:11
http://stats.nba.com/cvp.html?GameID=0021200532&GameEventID=394,4,,Brooklyn Nets,SUB: Johnson FOR Watson,9:11
http://stats.nba.com/cvp.html?GameID=0021200532&GameEventID=395,4,,Phoenix Suns,MISS O'Neal 16' Jump Shot,8:54
http://stats.nba.com/cvp.html?GameID=0021200532&GameEventID=396,4,,Brooklyn Nets,Johnson REBOUND (Off:0 Def:4),8:53
http://stats.nba.com/cvp.html?GameID=0021200532&GameEventID=397,4,,Phoenix Suns,O'Neal S.FOUL (P4.T2),8:40
http://stats.nba.com/cvp.html?GameID=0021200532&GameEventID=398,4,,Brooklyn Nets,MISS Evans Free Throw 1 of 2,8:40
http://stats.nba.com/cvp.html?GameID=0021200532&GameEventID=399,4,,Brooklyn Nets,NETS Rebound,8:40
http://stats.nba.com/cvp.html?GameID=0021200532&GameEventID=400,4,,Brooklyn Nets,MISS Evans Free Throw 2 of 2,8:40
http://stats.nba.com/cvp.html?GameID=0021200532&GameEventID=402,4,,Phoenix Suns,Dragic REBOUND (Off:1 Def:2),8:39
http://stats.nba.com/cvp.html?GameID=0021200532&GameEventID=403,4,,Phoenix Suns,MISS Dragic 3' Driving Layup,8:32
http://stats.nba.com/cvp.html?GameID=0021200532&GameEventID=404,4,,Brooklyn Nets,Evans REBOUND (Off:4 Def:8),8:31
http://stats.nba.com/cvp.html?GameID=0021200532&GameEventID=405,4,[ 66 - 81 ],Brooklyn Nets,Johnson  3PT Jump Shot (14 PTS) (D. Williams 5 AST),8:20
http://stats.nba.com/cvp.html?GameID=0021200532&GameEventID=406,4,,Phoenix Suns,MISS Brown 3' Driving Layup,8:01
http://stats.nba.com/cvp.html?GameID=0021200532&GameEventID=407,4,,Brooklyn Nets,Evans REBOUND (Off:4 Def:9),8:00
http://stats.nba.com/cvp.html?GameID=0021200532&GameEventID=408,4,[ 66 - 84 ],Brooklyn Nets,Johnson  3PT Jump Shot (17 PTS) (Brooks 1 AST),7:41
http://stats.nba.com/cvp.html?GameID=0021200532&GameEventID=409,4,,Phoenix Suns,Suns Timeout: Regular (Reg.5 Short 0),7:38
http://stats.nba.com/cvp.html?GameID=0021200532&GameEventID=411,4,,Phoenix Suns,SUB: Gortat FOR Brown,7:38
http://stats.nba.com/cvp.html?GameID=0021200532&GameEventID=412,4,,Phoenix Suns,SUB: Tucker FOR O'Neal,7:38
http://stats.nba.com/cvp.html?GameID=0021200532&GameEventID=413,4,[ 68 - 84 ],Phoenix Suns,Scola 19' Jump Shot (12 PTS) (Dudley 4 AST),7:28
http://stats.nba.com/cvp.html?GameID=0021200532&GameEventID=414,4,,Brooklyn Nets,NETS Timeout: Regular (Full 4 Short 1),7:08
http://stats.nba.com/cvp.html?GameID=0021200532&GameEventID=416,4,,Brooklyn Nets,MISS Johnson 12' Jump Bank Shot,7:01
http://stats.nba.com/cvp.html?GameID=0021200532&GameEventID=417,4,,Brooklyn Nets,Lopez REBOUND (Off:3 Def:5),7:00
http://stats.nba.com/cvp.html?GameID=0021200532&GameEventID=418,4,[ 68 - 86 ],Brooklyn Nets,Lopez 2' Putback Layup (13 PTS),6:59
http://stats.nba.com/cvp.html?GameID=0021200532&GameEventID=419,4,,Brooklyn Nets,Brooks S.FOUL (P3.T1),6:46
http://stats.nba.com/cvp.html?GameID=0021200532&GameEventID=420,4,[ 69 - 86 ],Phoenix Suns,Dudley Free Throw 1 of 2 (17 PTS),6:46
http://stats.nba.com/cvp.html?GameID=0021200532&GameEventID=422,4,[ 70 - 86 ],Phoenix Suns,Dudley Free Throw 2 of 2 (18 PTS),6:46
http://stats.nba.com/cvp.html?GameID=0021200532&GameEventID=424,4,,Brooklyn Nets,MISS Brooks 25' 3PT Jump Shot,6:28
http://stats.nba.com/cvp.html?GameID=0021200532&GameEventID=425,4,,Phoenix Suns,Tucker REBOUND (Off:1 Def:7),6:27
http://stats.nba.com/cvp.html?GameID=0021200532&GameEventID=426,4,,Phoenix Suns,Tucker Bad Pass Turnover (P1.T16),6:15
http://stats.nba.com/cvp.html?GameID=0021200532&GameEventID=427,4,,Brooklyn Nets,MISS Johnson 26' 3PT Jump Shot,5:52
http://stats.nba.com/cvp.html?GameID=0021200532&GameEventID=428,4,,Phoenix Suns,Gortat REBOUND (Off:2 Def:5),5:51
http://stats.nba.com/cvp.html?GameID=0021200532&GameEventID=429,4,,Brooklyn Nets,Brooks S.FOUL (P4.T2),5:34
http://stats.nba.com/cvp.html?GameID=0021200532&GameEventID=430,4,,Phoenix Suns,MISS Gortat Free Throw 1 of 2,5:34
http://stats.nba.com/cvp.html?GameID=0021200532&GameEventID=431,4,,Phoenix Suns,Suns Rebound,5:34
http://stats.nba.com/cvp.html?GameID=0021200532&GameEventID=432,4,[ 71 - 86 ],Phoenix Suns,Gortat Free Throw 2 of 2 (7 PTS),5:34
http://stats.nba.com/cvp.html?GameID=0021200532&GameEventID=434,4,[ 71 - 88 ],Brooklyn Nets,Johnson 10' Floating Jump Shot (19 PTS) (D. Williams 6 AST),5:14
http://stats.nba.com/cvp.html?GameID=0021200532&GameEventID=435,4,,Phoenix Suns,MISS Dragic 25' 3PT Jump Shot,5:03
http://stats.nba.com/cvp.html?GameID=0021200532&GameEventID=436,4,,Phoenix Suns,Suns Rebound,5:02
http://stats.nba.com/cvp.html?GameID=0021200532&GameEventID=437,4,,Phoenix Suns,SUB: Brown FOR Tucker,5:02
http://stats.nba.com/cvp.html?GameID=0021200532&GameEventID=438,4,,Brooklyn Nets,Brooks STEAL (1 STL),5:01
http://stats.nba.com/cvp.html?GameID=0021200532&GameEventID=438,4,,Phoenix Suns,Dudley Bad Pass Turnover (P3.T17),5:01
http://stats.nba.com/cvp.html?GameID=0021200532&GameEventID=439,4,,Phoenix Suns,Scola P.FOUL (P5.T3),4:54
http://stats.nba.com/cvp.html?GameID=0021200532&GameEventID=440,4,,Brooklyn Nets,MISS Johnson 8' Jump Bank Shot,4:42
http://stats.nba.com/cvp.html?GameID=0021200532&GameEventID=441,4,,Phoenix Suns,Gortat REBOUND (Off:2 Def:6),4:41
http://stats.nba.com/cvp.html?GameID=0021200532&GameEventID=442,4,[ 73 - 88 ],Phoenix Suns,Dragic 3' Reverse Layup (12 PTS),4:33
http://stats.nba.com/cvp.html?GameID=0021200532&GameEventID=443,4,,Brooklyn Nets,MISS D. Williams 25' 3PT Jump Shot,4:24
http://stats.nba.com/cvp.html?GameID=0021200532&GameEventID=444,4,,Brooklyn Nets,Evans REBOUND (Off:5 Def:9),4:23
http://stats.nba.com/cvp.html?GameID=0021200532&GameEventID=445,4,,Phoenix Suns,Scola P.FOUL (P6.T4),4:22
http://stats.nba.com/cvp.html?GameID=0021200532&GameEventID=446,4,,Phoenix Suns,Scola T.FOUL (P6.T4),4:22
http://stats.nba.com/cvp.html?GameID=0021200532&GameEventID=447,4,,Phoenix Suns,SUB: Beasley FOR Scola,4:22
http://stats.nba.com/cvp.html?GameID=0021200532&GameEventID=448,4,[ 73 - 89 ],Brooklyn Nets,D. Williams Free Throw Technical (15 PTS),4:22
http://stats.nba.com/cvp.html?GameID=0021200532&GameEventID=450,4,,Brooklyn Nets,MISS Johnson 19' Jump Shot,4:10
http://stats.nba.com/cvp.html?GameID=0021200532&GameEventID=451,4,,Phoenix Suns,Beasley REBOUND (Off:0 Def:1),4:09
http://stats.nba.com/cvp.html?GameID=0021200532&GameEventID=452,4,,Brooklyn Nets,Lopez BLOCK (1 BLK),4:00
http://stats.nba.com/cvp.html?GameID=0021200532&GameEventID=452,4,,Phoenix Suns,MISS Beasley 2' Reverse Layup,4:00
http://stats.nba.com/cvp.html?GameID=0021200532&GameEventID=453,4,,Brooklyn Nets,Evans REBOUND (Off:5 Def:10),3:59
http://stats.nba.com/cvp.html?GameID=0021200532&GameEventID=454,4,[ 73 - 91 ],Brooklyn Nets,Brooks 3' Driving Layup (15 PTS),3:45
http://stats.nba.com/cvp.html?GameID=0021200532&GameEventID=455,4,,Phoenix Suns,MISS Beasley  3PT Jump Shot,3:29
http://stats.nba.com/cvp.html?GameID=0021200532&GameEventID=456,4,,Brooklyn Nets,Brooks REBOUND (Off:0 Def:2),3:28
http://stats.nba.com/cvp.html?GameID=0021200532&GameEventID=457,4,,Brooklyn Nets,Brooks Lost Ball Turnover (P1.T11),3:12
http://stats.nba.com/cvp.html?GameID=0021200532&GameEventID=457,4,,Phoenix Suns,Brown STEAL (3 STL),3:12
http://stats.nba.com/cvp.html?GameID=0021200532&GameEventID=458,4,,Brooklyn Nets,Lopez S.FOUL (P3.T3),3:08
http://stats.nba.com/cvp.html?GameID=0021200532&GameEventID=459,4,[ 74 - 91 ],Phoenix Suns,Brown Free Throw 1 of 2 (14 PTS),3:08
http://stats.nba.com/cvp.html?GameID=0021200532&GameEventID=461,4,,Brooklyn Nets,SUB: Watson FOR D. Williams,3:08
http://stats.nba.com/cvp.html?GameID=0021200532&GameEventID=462,4,,Phoenix Suns,SUB: Marshall FOR Dragic,3:08
http://stats.nba.com/cvp.html?GameID=0021200532&GameEventID=463,4,[ 75 - 91 ],Phoenix Suns,Brown Free Throw 2 of 2 (15 PTS),3:08
http://stats.nba.com/cvp.html?GameID=0021200532&GameEventID=465,4,[ 75 - 93 ],Brooklyn Nets,Brooks 15' Jump Shot (17 PTS),2:51
http://stats.nba.com/cvp.html?GameID=0021200532&GameEventID=466,4,,Phoenix Suns,MISS Dudley 13' Jump Shot,2:31
http://stats.nba.com/cvp.html?GameID=0021200532&GameEventID=467,4,,Phoenix Suns,Suns Rebound,2:30
http://stats.nba.com/cvp.html?GameID=0021200532&GameEventID=468,4,,Phoenix Suns,MISS Brown 16' Jump Shot,2:27
http://stats.nba.com/cvp.html?GameID=0021200532&GameEventID=469,4,,Brooklyn Nets,Watson REBOUND (Off:0 Def:1),2:26
http://stats.nba.com/cvp.html?GameID=0021200532&GameEventID=470,4,,Brooklyn Nets,MISS Watson  3PT Jump Shot,2:08
http://stats.nba.com/cvp.html?GameID=0021200532&GameEventID=471,4,,Brooklyn Nets,NETS Rebound,2:07
http://stats.nba.com/cvp.html?GameID=0021200532&GameEventID=472,4,,Brooklyn Nets,SUB: Shengelia FOR Johnson,2:07
http://stats.nba.com/cvp.html?GameID=0021200532&GameEventID=473,4,,Brooklyn Nets,SUB: Blatche FOR Lopez,2:07
http://stats.nba.com/cvp.html?GameID=0021200532&GameEventID=474,4,,Brooklyn Nets,MISS Brooks 16' Jump Shot,2:03
http://stats.nba.com/cvp.html?GameID=0021200532&GameEventID=475,4,,Brooklyn Nets,Shengelia REBOUND (Off:1 Def:0),2:02
http://stats.nba.com/cvp.html?GameID=0021200532&GameEventID=476,4,,Brooklyn Nets,MISS Watson 2' Layup,1:45
http://stats.nba.com/cvp.html?GameID=0021200532&GameEventID=477,4,,Phoenix Suns,Marshall REBOUND (Off:0 Def:1),1:44
http://stats.nba.com/cvp.html?GameID=0021200532&GameEventID=478,4,[ 77 - 93 ],Phoenix Suns,Gortat 2' Layup (9 PTS) (Marshall 1 AST),1:39
http://stats.nba.com/cvp.html?GameID=0021200532&GameEventID=479,4,,Brooklyn Nets,NETS Timeout: Short (Full 4 Short 2),1:33
http://stats.nba.com/cvp.html?GameID=0021200532&GameEventID=480,4,,Brooklyn Nets,SUB: Taylor FOR Evans,1:33
http://stats.nba.com/cvp.html?GameID=0021200532&GameEventID=481,4,,Phoenix Suns,SUB: Zeller FOR Gortat,1:33
http://stats.nba.com/cvp.html?GameID=0021200532&GameEventID=482,4,[ 77 - 95 ],Brooklyn Nets,Shengelia 4' Driving Layup (2 PTS),1:28
http://stats.nba.com/cvp.html?GameID=0021200532&GameEventID=483,4,,Brooklyn Nets,Shengelia STEAL (1 STL),1:18
http://stats.nba.com/cvp.html?GameID=0021200532&GameEventID=483,4,,Phoenix Suns,Marshall Bad Pass Turnover (P1.T18),1:18
http://stats.nba.com/cvp.html?GameID=0021200532&GameEventID=484,4,[ 77 - 97 ],Brooklyn Nets,Shengelia 2' Layup (4 PTS),1:14
http://stats.nba.com/cvp.html?GameID=0021200532&GameEventID=486,4,,Phoenix Suns,MISS Beasley 5' Jump Shot,1:01
http://stats.nba.com/cvp.html?GameID=0021200532&GameEventID=487,4,,Phoenix Suns,Beasley REBOUND (Off:1 Def:1),1:00
http://stats.nba.com/cvp.html?GameID=0021200532&GameEventID=488,4,,Phoenix Suns,MISS Beasley 2' Layup,0:59
http://stats.nba.com/cvp.html?GameID=0021200532&GameEventID=489,4,,Brooklyn Nets,Blatche REBOUND (Off:4 Def:4),0:58
http://stats.nba.com/cvp.html?GameID=0021200532&GameEventID=490,4,,Phoenix Suns,Zeller S.FOUL (P1.PN),0:42
http://stats.nba.com/cvp.html?GameID=0021200532&GameEventID=491,4,[ 77 - 98 ],Brooklyn Nets,Taylor Free Throw 1 of 2 (2 PTS),0:42
http://stats.nba.com/cvp.html?GameID=0021200532&GameEventID=493,4,[ 77 - 99 ],Brooklyn Nets,Taylor Free Throw 2 of 2 (3 PTS),0:42
http://stats.nba.com/cvp.html?GameID=0021200532&GameEventID=495,4,[ 79 - 99 ],Phoenix Suns,Zeller 21' Jump Shot (2 PTS) (Brown 4 AST),0:31
http://stats.nba.com/cvp.html?GameID=0021200532&GameEventID=496,4,,Brooklyn Nets,NETS Turnover: Shot Clock (T#12),0:07
http://stats.nba.com/cvp.html?GameID=0021200532&GameEventID=497,4,,Phoenix Suns,MISS Zeller 19' Jump Shot,0:01
http://stats.nba.com/cvp.html?GameID=0021200532&GameEventID=498,4,,Phoenix Suns,Marshall REBOUND (Off:1 Def:1),0:00
