http://stats.nba.com/cvp.html?GameID=0021201200&GameEventID=1,1,,Houston Rockets,Jump Ball Asik vs. Thompson: Tip to Lin,12:00
http://stats.nba.com/cvp.html?GameID=0021201200&GameEventID=2,1,[ 0 - 2 ],Houston Rockets,Smith 2' Layup (2 PTS),11:44
http://stats.nba.com/cvp.html?GameID=0021201200&GameEventID=3,1,,Houston Rockets,Parsons STEAL (1 STL),11:31
http://stats.nba.com/cvp.html?GameID=0021201200&GameEventID=3,1,,Sacramento Kings,Thompson Bad Pass Turnover (P1.T1),11:31
http://stats.nba.com/cvp.html?GameID=0021201200&GameEventID=4,1,,Houston Rockets,Lin Out of Bounds Lost Ball Turnover (P1.T1),11:22
http://stats.nba.com/cvp.html?GameID=0021201200&GameEventID=5,1,,Sacramento Kings,MISS Cousins 17' Jump Shot,11:06
http://stats.nba.com/cvp.html?GameID=0021201200&GameEventID=6,1,,Houston Rockets,Harden REBOUND (Off:0 Def:1),11:05
http://stats.nba.com/cvp.html?GameID=0021201200&GameEventID=7,1,,Houston Rockets,MISS Lin 25' 3PT Jump Shot,10:57
http://stats.nba.com/cvp.html?GameID=0021201200&GameEventID=8,1,,Sacramento Kings,Cousins REBOUND (Off:0 Def:1),10:55
http://stats.nba.com/cvp.html?GameID=0021201200&GameEventID=9,1,[ 3 - 2 ],Sacramento Kings,Salmons 24' 3PT Jump Shot (3 PTS) (Thomas 1 AST),10:41
http://stats.nba.com/cvp.html?GameID=0021201200&GameEventID=10,1,[ 3 - 5 ],Houston Rockets,Harden 28' 3PT Jump Shot (3 PTS) (Smith 1 AST),10:19
http://stats.nba.com/cvp.html?GameID=0021201200&GameEventID=11,1,,Sacramento Kings,MISS Thomas 13' Floating Jump Shot,9:54
http://stats.nba.com/cvp.html?GameID=0021201200&GameEventID=12,1,,Houston Rockets,Asik REBOUND (Off:0 Def:1),9:52
http://stats.nba.com/cvp.html?GameID=0021201200&GameEventID=13,1,,Sacramento Kings,Salmons S.FOUL (P1.T1),9:48
http://stats.nba.com/cvp.html?GameID=0021201200&GameEventID=14,1,,Houston Rockets,MISS Harden Free Throw 1 of 2,9:48
http://stats.nba.com/cvp.html?GameID=0021201200&GameEventID=15,1,,Houston Rockets,ROCKETS Rebound,9:48
http://stats.nba.com/cvp.html?GameID=0021201200&GameEventID=16,1,,Houston Rockets,MISS Harden Free Throw 2 of 2,9:48
http://stats.nba.com/cvp.html?GameID=0021201200&GameEventID=18,1,,Sacramento Kings,Thompson REBOUND (Off:0 Def:1),9:48
http://stats.nba.com/cvp.html?GameID=0021201200&GameEventID=20,1,,Sacramento Kings,MISS Evans 7' Jump Shot,9:32
http://stats.nba.com/cvp.html?GameID=0021201200&GameEventID=21,1,,Houston Rockets,Smith REBOUND (Off:0 Def:1),9:29
http://stats.nba.com/cvp.html?GameID=0021201200&GameEventID=23,1,,Houston Rockets,MISS Parsons 18' Jump Shot,9:18
http://stats.nba.com/cvp.html?GameID=0021201200&GameEventID=24,1,,Sacramento Kings,Evans REBOUND (Off:0 Def:1),9:17
http://stats.nba.com/cvp.html?GameID=0021201200&GameEventID=25,1,[ 5 - 5 ],Sacramento Kings,Evans 2' Driving Layup (2 PTS),9:11
http://stats.nba.com/cvp.html?GameID=0021201200&GameEventID=26,1,[ 5 - 7 ],Houston Rockets,Harden 2' Driving Layup (5 PTS),9:05
http://stats.nba.com/cvp.html?GameID=0021201200&GameEventID=27,1,[ 7 - 7 ],Sacramento Kings,Evans 3' Layup (4 PTS) (Thomas 2 AST),8:53
http://stats.nba.com/cvp.html?GameID=0021201200&GameEventID=28,1,[ 7 - 9 ],Houston Rockets,Lin 18' Pullup Jump Shot (2 PTS) (Harden 1 AST),8:33
http://stats.nba.com/cvp.html?GameID=0021201200&GameEventID=29,1,[ 9 - 9 ],Sacramento Kings,Thompson 14' Jump Shot (2 PTS) (Thomas 3 AST),8:18
http://stats.nba.com/cvp.html?GameID=0021201200&GameEventID=30,1,[ 9 - 11 ],Houston Rockets,Asik 2' Reverse Layup (2 PTS),7:58
http://stats.nba.com/cvp.html?GameID=0021201200&GameEventID=31,1,[ 12 - 11 ],Sacramento Kings,Evans 25' 3PT Jump Shot (7 PTS),7:47
http://stats.nba.com/cvp.html?GameID=0021201200&GameEventID=32,1,,Houston Rockets,MISS Asik 5' Jump Shot,7:19
http://stats.nba.com/cvp.html?GameID=0021201200&GameEventID=33,1,,Sacramento Kings,Cousins REBOUND (Off:0 Def:2),7:18
http://stats.nba.com/cvp.html?GameID=0021201200&GameEventID=34,1,,Sacramento Kings,MISS Thompson 7' Jump Shot,7:12
http://stats.nba.com/cvp.html?GameID=0021201200&GameEventID=35,1,,Houston Rockets,Smith REBOUND (Off:0 Def:2),7:11
http://stats.nba.com/cvp.html?GameID=0021201200&GameEventID=36,1,,Houston Rockets,MISS Lin 8' Running Jump Shot,7:05
http://stats.nba.com/cvp.html?GameID=0021201200&GameEventID=36,1,,Sacramento Kings,Evans BLOCK (1 BLK),7:05
http://stats.nba.com/cvp.html?GameID=0021201200&GameEventID=37,1,,Sacramento Kings,Cousins REBOUND (Off:0 Def:3),7:03
http://stats.nba.com/cvp.html?GameID=0021201200&GameEventID=38,1,,Sacramento Kings,MISS Evans 25' 3PT Jump Shot,6:50
http://stats.nba.com/cvp.html?GameID=0021201200&GameEventID=39,1,,Houston Rockets,Parsons REBOUND (Off:0 Def:1),6:49
http://stats.nba.com/cvp.html?GameID=0021201200&GameEventID=42,1,[ 12 - 13 ],Houston Rockets,Smith 3' Layup (4 PTS) (Harden 2 AST),6:33
http://stats.nba.com/cvp.html?GameID=0021201200&GameEventID=43,1,,Houston Rockets,Smith STEAL (1 STL),6:10
http://stats.nba.com/cvp.html?GameID=0021201200&GameEventID=43,1,,Sacramento Kings,Evans Bad Pass Turnover (P1.T2),6:10
http://stats.nba.com/cvp.html?GameID=0021201200&GameEventID=44,1,[ 12 - 15 ],Houston Rockets,Parsons 2' Reverse Layup (2 PTS) (Harden 3 AST),6:05
http://stats.nba.com/cvp.html?GameID=0021201200&GameEventID=45,1,,Sacramento Kings,Kings Timeout: Regular (Reg.1 Short 0),5:57
http://stats.nba.com/cvp.html?GameID=0021201200&GameEventID=48,1,,Sacramento Kings,MISS Thomas 24' 3PT Jump Shot,5:43
http://stats.nba.com/cvp.html?GameID=0021201200&GameEventID=49,1,,Sacramento Kings,Kings Rebound,5:43
http://stats.nba.com/cvp.html?GameID=0021201200&GameEventID=50,1,,Houston Rockets,Smith L.B.FOUL (P1.T1),5:43
http://stats.nba.com/cvp.html?GameID=0021201200&GameEventID=51,1,,Houston Rockets,Smith BLOCK (1 BLK),5:36
http://stats.nba.com/cvp.html?GameID=0021201200&GameEventID=51,1,,Sacramento Kings,MISS Cousins 3' Layup,5:36
http://stats.nba.com/cvp.html?GameID=0021201200&GameEventID=52,1,,Houston Rockets,Smith REBOUND (Off:0 Def:3),5:35
http://stats.nba.com/cvp.html?GameID=0021201200&GameEventID=53,1,[ 12 - 17 ],Houston Rockets,Harden 1' Layup (7 PTS) (Smith 2 AST),5:31
http://stats.nba.com/cvp.html?GameID=0021201200&GameEventID=54,1,[ 14 - 17 ],Sacramento Kings,Thompson  Dunk (4 PTS) (Thomas 4 AST),5:08
http://stats.nba.com/cvp.html?GameID=0021201200&GameEventID=55,1,,Houston Rockets,MISS Smith 4' Driving Layup,4:49
http://stats.nba.com/cvp.html?GameID=0021201200&GameEventID=56,1,,Houston Rockets,Asik REBOUND (Off:1 Def:1),4:48
http://stats.nba.com/cvp.html?GameID=0021201200&GameEventID=57,1,[ 14 - 19 ],Houston Rockets,Asik 1' Dunk (4 PTS),4:45
http://stats.nba.com/cvp.html?GameID=0021201200&GameEventID=58,1,,Sacramento Kings,MISS Cousins 20' Jump Shot,4:27
http://stats.nba.com/cvp.html?GameID=0021201200&GameEventID=59,1,,Houston Rockets,Parsons REBOUND (Off:0 Def:2),4:25
http://stats.nba.com/cvp.html?GameID=0021201200&GameEventID=60,1,[ 14 - 22 ],Houston Rockets,Harden 25' 3PT Jump Shot (10 PTS) (Parsons 1 AST),4:20
http://stats.nba.com/cvp.html?GameID=0021201200&GameEventID=61,1,,Sacramento Kings,MISS Thomas 12' Floating Jump Shot,4:03
http://stats.nba.com/cvp.html?GameID=0021201200&GameEventID=62,1,,Sacramento Kings,Evans REBOUND (Off:1 Def:1),4:01
http://stats.nba.com/cvp.html?GameID=0021201200&GameEventID=66,1,[ 16 - 22 ],Sacramento Kings,Evans 2' Layup (9 PTS),4:01
http://stats.nba.com/cvp.html?GameID=0021201200&GameEventID=63,1,,Houston Rockets,Asik S.FOUL (P1.T2),4:01
http://stats.nba.com/cvp.html?GameID=0021201200&GameEventID=64,1,[ 17 - 22 ],Sacramento Kings,Evans Free Throw 1 of 1 (10 PTS),4:01
http://stats.nba.com/cvp.html?GameID=0021201200&GameEventID=67,1,,Sacramento Kings,Thomas S.FOUL (P1.T2),3:51
http://stats.nba.com/cvp.html?GameID=0021201200&GameEventID=70,1,[ 17 - 23 ],Houston Rockets,Lin Free Throw 1 of 2 (3 PTS),3:51
http://stats.nba.com/cvp.html?GameID=0021201200&GameEventID=72,1,,Sacramento Kings,SUB: Thornton FOR Salmons,3:51
http://stats.nba.com/cvp.html?GameID=0021201200&GameEventID=73,1,[ 17 - 24 ],Houston Rockets,Lin Free Throw 2 of 2 (4 PTS),3:51
http://stats.nba.com/cvp.html?GameID=0021201200&GameEventID=75,1,,Sacramento Kings,MISS Thompson 7' Jump Shot,3:36
http://stats.nba.com/cvp.html?GameID=0021201200&GameEventID=76,1,,Houston Rockets,Smith REBOUND (Off:0 Def:4),3:34
http://stats.nba.com/cvp.html?GameID=0021201200&GameEventID=77,1,,Houston Rockets,MISS Harden 26' 3PT Jump Shot,3:29
http://stats.nba.com/cvp.html?GameID=0021201200&GameEventID=78,1,,Sacramento Kings,Thomas REBOUND (Off:0 Def:1),3:26
http://stats.nba.com/cvp.html?GameID=0021201200&GameEventID=79,1,,Sacramento Kings,MISS Thornton 2' Layup,3:22
http://stats.nba.com/cvp.html?GameID=0021201200&GameEventID=80,1,,Houston Rockets,Parsons REBOUND (Off:0 Def:3),3:19
http://stats.nba.com/cvp.html?GameID=0021201200&GameEventID=81,1,,Houston Rockets,Smith Bad Pass Turnover (P1.T2),3:11
http://stats.nba.com/cvp.html?GameID=0021201200&GameEventID=81,1,,Sacramento Kings,Cousins STEAL (1 STL),3:11
http://stats.nba.com/cvp.html?GameID=0021201200&GameEventID=82,1,[ 19 - 24 ],Sacramento Kings,Cousins 3' Jump Shot (2 PTS),3:06
http://stats.nba.com/cvp.html?GameID=0021201200&GameEventID=84,1,[ 19 - 26 ],Houston Rockets,Smith 2' Layup (6 PTS) (Parsons 2 AST),2:48
http://stats.nba.com/cvp.html?GameID=0021201200&GameEventID=88,1,,Sacramento Kings,Cousins T.FOUL (P0.T2),2:47
http://stats.nba.com/cvp.html?GameID=0021201200&GameEventID=89,1,[ 19 - 27 ],Houston Rockets,Harden Free Throw Technical (11 PTS),2:47
http://stats.nba.com/cvp.html?GameID=0021201200&GameEventID=92,1,,Houston Rockets,ROCKETS Timeout: Regular (Full 1 Short 0),2:47
http://stats.nba.com/cvp.html?GameID=0021201200&GameEventID=94,1,,Sacramento Kings,SUB: Patterson FOR Thompson,2:47
http://stats.nba.com/cvp.html?GameID=0021201200&GameEventID=95,1,,Houston Rockets,SUB: Delfino FOR Parsons,2:47
http://stats.nba.com/cvp.html?GameID=0021201200&GameEventID=96,1,,Houston Rockets,SUB: Jones FOR Asik,2:47
http://stats.nba.com/cvp.html?GameID=0021201200&GameEventID=97,1,,Sacramento Kings,MISS Thornton 25' 3PT Jump Shot,2:31
http://stats.nba.com/cvp.html?GameID=0021201200&GameEventID=98,1,,Sacramento Kings,Cousins REBOUND (Off:1 Def:3),2:29
http://stats.nba.com/cvp.html?GameID=0021201200&GameEventID=99,1,,Houston Rockets,Smith S.FOUL (P2.T3),2:28
http://stats.nba.com/cvp.html?GameID=0021201200&GameEventID=100,1,,Sacramento Kings,MISS Cousins Free Throw 1 of 2,2:28
http://stats.nba.com/cvp.html?GameID=0021201200&GameEventID=101,1,,Sacramento Kings,Kings Rebound,2:28
http://stats.nba.com/cvp.html?GameID=0021201200&GameEventID=102,1,,Sacramento Kings,MISS Cousins Free Throw 2 of 2,2:28
http://stats.nba.com/cvp.html?GameID=0021201200&GameEventID=104,1,,Sacramento Kings,Kings Rebound,2:27
http://stats.nba.com/cvp.html?GameID=0021201200&GameEventID=105,1,,Sacramento Kings,MISS Patterson 8' Turnaround Bank Hook Shot,2:13
http://stats.nba.com/cvp.html?GameID=0021201200&GameEventID=106,1,,Houston Rockets,Smith REBOUND (Off:0 Def:5),2:11
http://stats.nba.com/cvp.html?GameID=0021201200&GameEventID=107,1,,Houston Rockets,MISS Lin 4' Driving Layup,2:01
http://stats.nba.com/cvp.html?GameID=0021201200&GameEventID=107,1,,Sacramento Kings,Patterson BLOCK (1 BLK),2:01
http://stats.nba.com/cvp.html?GameID=0021201200&GameEventID=108,1,,Houston Rockets,ROCKETS Rebound,2:00
http://stats.nba.com/cvp.html?GameID=0021201200&GameEventID=109,1,,Houston Rockets,SUB: Garcia FOR Smith,2:00
http://stats.nba.com/cvp.html?GameID=0021201200&GameEventID=110,1,,Houston Rockets,MISS Delfino 25' 3PT Jump Shot,1:57
http://stats.nba.com/cvp.html?GameID=0021201200&GameEventID=111,1,,Sacramento Kings,Evans REBOUND (Off:1 Def:2),1:56
http://stats.nba.com/cvp.html?GameID=0021201200&GameEventID=112,1,,Houston Rockets,Jones BLOCK (1 BLK),1:49
http://stats.nba.com/cvp.html?GameID=0021201200&GameEventID=112,1,,Sacramento Kings,MISS Evans 2' Layup,1:49
http://stats.nba.com/cvp.html?GameID=0021201200&GameEventID=113,1,,Sacramento Kings,Kings Rebound,1:49
http://stats.nba.com/cvp.html?GameID=0021201200&GameEventID=115,1,,Houston Rockets,Jones S.FOUL (P1.T4),1:44
http://stats.nba.com/cvp.html?GameID=0021201200&GameEventID=116,1,[ 20 - 27 ],Sacramento Kings,Cousins Free Throw 1 of 2 (3 PTS),1:44
http://stats.nba.com/cvp.html?GameID=0021201200&GameEventID=118,1,,Houston Rockets,SUB: Beverley FOR Lin,1:44
http://stats.nba.com/cvp.html?GameID=0021201200&GameEventID=119,1,[ 21 - 27 ],Sacramento Kings,Cousins Free Throw 2 of 2 (4 PTS),1:44
http://stats.nba.com/cvp.html?GameID=0021201200&GameEventID=121,1,,Houston Rockets,Harden Bad Pass Turnover (P1.T3),1:31
http://stats.nba.com/cvp.html?GameID=0021201200&GameEventID=121,1,,Sacramento Kings,Cousins STEAL (2 STL),1:31
http://stats.nba.com/cvp.html?GameID=0021201200&GameEventID=122,1,[ 23 - 27 ],Sacramento Kings,Thomas 4' Driving Jump Shot (2 PTS),1:25
http://stats.nba.com/cvp.html?GameID=0021201200&GameEventID=123,1,,Houston Rockets,Beverley S.FOUL (P1.PN),1:25
http://stats.nba.com/cvp.html?GameID=0021201200&GameEventID=124,1,[ 24 - 27 ],Sacramento Kings,Thomas Free Throw 1 of 1 (3 PTS),1:25
http://stats.nba.com/cvp.html?GameID=0021201200&GameEventID=126,1,,Sacramento Kings,Evans P.FOUL (P1.T3),1:15
http://stats.nba.com/cvp.html?GameID=0021201200&GameEventID=128,1,[ 24 - 29 ],Houston Rockets,Harden 1' Driving Layup (13 PTS),1:02
http://stats.nba.com/cvp.html?GameID=0021201200&GameEventID=129,1,,Sacramento Kings,MISS Thornton 25' 3PT Jump Shot,0:44
http://stats.nba.com/cvp.html?GameID=0021201200&GameEventID=130,1,,Houston Rockets,Garcia REBOUND (Off:0 Def:1),0:43
http://stats.nba.com/cvp.html?GameID=0021201200&GameEventID=131,1,[ 24 - 31 ],Houston Rockets,Garcia 20' Jump Shot (2 PTS) (Jones 1 AST),0:26
http://stats.nba.com/cvp.html?GameID=0021201200&GameEventID=132,1,,Houston Rockets,Jones STEAL (1 STL),0:06
http://stats.nba.com/cvp.html?GameID=0021201200&GameEventID=132,1,,Sacramento Kings,Thornton Lost Ball Turnover (P1.T3),0:06
http://stats.nba.com/cvp.html?GameID=0021201200&GameEventID=133,1,,Houston Rockets,MISS Jones 2' Layup,0:01
http://stats.nba.com/cvp.html?GameID=0021201200&GameEventID=135,1,,Houston Rockets,Harden REBOUND (Off:1 Def:1),0:01
http://stats.nba.com/cvp.html?GameID=0021201200&GameEventID=134,1,[ 24 - 33 ],Houston Rockets,Harden 3' Putback Layup (15 PTS),0:01
http://stats.nba.com/cvp.html?GameID=0021201200&GameEventID=139,2,,Sacramento Kings,MISS Cousins 7' Jump Shot,11:36
http://stats.nba.com/cvp.html?GameID=0021201200&GameEventID=140,2,,Houston Rockets,Delfino REBOUND (Off:0 Def:1),11:35
http://stats.nba.com/cvp.html?GameID=0021201200&GameEventID=142,2,[ 24 - 36 ],Houston Rockets,Parsons 24' 3PT Jump Shot (5 PTS) (Delfino 1 AST),11:26
http://stats.nba.com/cvp.html?GameID=0021201200&GameEventID=143,2,,Sacramento Kings,MISS Fredette 25' 3PT Jump Shot,11:07
http://stats.nba.com/cvp.html?GameID=0021201200&GameEventID=144,2,,Houston Rockets,Jones REBOUND (Off:0 Def:1),11:06
http://stats.nba.com/cvp.html?GameID=0021201200&GameEventID=145,2,[ 24 - 38 ],Houston Rockets,Jones 2' Driving Layup (2 PTS),11:00
http://stats.nba.com/cvp.html?GameID=0021201200&GameEventID=146,2,,Houston Rockets,Beverley P.FOUL (P2.T1),10:47
http://stats.nba.com/cvp.html?GameID=0021201200&GameEventID=147,2,,Sacramento Kings,SUB: Aldrich FOR Cousins,10:47
http://stats.nba.com/cvp.html?GameID=0021201200&GameEventID=148,2,,Sacramento Kings,MISS Thornton 3' Jump Shot,10:35
http://stats.nba.com/cvp.html?GameID=0021201200&GameEventID=149,2,,Houston Rockets,Parsons REBOUND (Off:0 Def:4),10:34
http://stats.nba.com/cvp.html?GameID=0021201200&GameEventID=150,2,,Houston Rockets,MISS Delfino 25' 3PT Jump Shot,10:25
http://stats.nba.com/cvp.html?GameID=0021201200&GameEventID=151,2,,Sacramento Kings,Fredette REBOUND (Off:0 Def:1),10:24
http://stats.nba.com/cvp.html?GameID=0021201200&GameEventID=152,2,,Sacramento Kings,MISS Fredette 14' Pullup Jump Shot,10:18
http://stats.nba.com/cvp.html?GameID=0021201200&GameEventID=153,2,,Houston Rockets,Delfino REBOUND (Off:0 Def:2),10:16
http://stats.nba.com/cvp.html?GameID=0021201200&GameEventID=154,2,[ 24 - 40 ],Houston Rockets,Delfino 2' Driving Layup (2 PTS),10:11
http://stats.nba.com/cvp.html?GameID=0021201200&GameEventID=155,2,,Sacramento Kings,Kings Timeout: Regular (Reg.2 Short 0),10:11
http://stats.nba.com/cvp.html?GameID=0021201200&GameEventID=158,2,[ 26 - 40 ],Sacramento Kings,Patterson 8' Turnaround Bank Hook Shot (2 PTS) (Fredette 1 AST),9:58
http://stats.nba.com/cvp.html?GameID=0021201200&GameEventID=159,2,[ 26 - 42 ],Houston Rockets,Beverley 1' Layup (2 PTS) (Parsons 3 AST),9:39
http://stats.nba.com/cvp.html?GameID=0021201200&GameEventID=160,2,[ 28 - 42 ],Sacramento Kings,Aldrich 4' Layup (2 PTS) (Fredette 2 AST),9:25
http://stats.nba.com/cvp.html?GameID=0021201200&GameEventID=161,2,,Sacramento Kings,Douglas S.FOUL (P1.T1),9:10
http://stats.nba.com/cvp.html?GameID=0021201200&GameEventID=162,2,[ 28 - 43 ],Houston Rockets,Jones Free Throw 1 of 2 (3 PTS),9:10
http://stats.nba.com/cvp.html?GameID=0021201200&GameEventID=164,2,,Houston Rockets,MISS Jones Free Throw 2 of 2,9:10
http://stats.nba.com/cvp.html?GameID=0021201200&GameEventID=166,2,,Sacramento Kings,Aldrich REBOUND (Off:0 Def:1),9:10
http://stats.nba.com/cvp.html?GameID=0021201200&GameEventID=167,2,,Houston Rockets,Jones BLOCK (2 BLK),8:53
http://stats.nba.com/cvp.html?GameID=0021201200&GameEventID=167,2,,Sacramento Kings,MISS Thornton 3' Jump Shot,8:53
http://stats.nba.com/cvp.html?GameID=0021201200&GameEventID=168,2,,Sacramento Kings,Douglas REBOUND (Off:1 Def:0),8:51
http://stats.nba.com/cvp.html?GameID=0021201200&GameEventID=169,2,,Houston Rockets,Beverley STEAL (1 STL),8:49
http://stats.nba.com/cvp.html?GameID=0021201200&GameEventID=169,2,,Sacramento Kings,Douglas Bad Pass Turnover (P1.T4),8:49
http://stats.nba.com/cvp.html?GameID=0021201200&GameEventID=170,2,,Sacramento Kings,Fredette P.FOUL (P1.T2),8:48
http://stats.nba.com/cvp.html?GameID=0021201200&GameEventID=171,2,,Houston Rockets,MISS Jones 26' 3PT Jump Shot,8:37
http://stats.nba.com/cvp.html?GameID=0021201200&GameEventID=172,2,,Sacramento Kings,Thornton REBOUND (Off:0 Def:1),8:36
http://stats.nba.com/cvp.html?GameID=0021201200&GameEventID=173,2,[ 31 - 43 ],Sacramento Kings,Douglas 26' 3PT Pullup Jump Shot (3 PTS),8:29
http://stats.nba.com/cvp.html?GameID=0021201200&GameEventID=174,2,,Houston Rockets,MISS Jones 4' Running Jump Shot,8:11
http://stats.nba.com/cvp.html?GameID=0021201200&GameEventID=175,2,,Sacramento Kings,Fredette REBOUND (Off:0 Def:2),8:09
http://stats.nba.com/cvp.html?GameID=0021201200&GameEventID=176,2,,Sacramento Kings,MISS Thornton 18' Jump Shot,8:05
http://stats.nba.com/cvp.html?GameID=0021201200&GameEventID=178,2,,Sacramento Kings,Patterson REBOUND (Off:1 Def:0),8:03
http://stats.nba.com/cvp.html?GameID=0021201200&GameEventID=177,2,,Sacramento Kings,MISS Patterson 2' Layup,8:02
http://stats.nba.com/cvp.html?GameID=0021201200&GameEventID=180,2,,Sacramento Kings,Aldrich REBOUND (Off:1 Def:1),8:01
http://stats.nba.com/cvp.html?GameID=0021201200&GameEventID=179,2,[ 33 - 43 ],Sacramento Kings,Aldrich 2' Putback Layup (4 PTS),8:01
http://stats.nba.com/cvp.html?GameID=0021201200&GameEventID=181,2,,Houston Rockets,Beverley Bad Pass Turnover (P1.T4),7:48
http://stats.nba.com/cvp.html?GameID=0021201200&GameEventID=181,2,,Sacramento Kings,Fredette STEAL (1 STL),7:48
http://stats.nba.com/cvp.html?GameID=0021201200&GameEventID=182,2,,Houston Rockets,Delfino P.FOUL (P1.T2),7:38
http://stats.nba.com/cvp.html?GameID=0021201200&GameEventID=183,2,,Sacramento Kings,SUB: Salmons FOR Thornton,7:38
http://stats.nba.com/cvp.html?GameID=0021201200&GameEventID=184,2,,Houston Rockets,SUB: Asik FOR Jones,7:38
http://stats.nba.com/cvp.html?GameID=0021201200&GameEventID=185,2,,Houston Rockets,SUB: Smith FOR Garcia,7:38
http://stats.nba.com/cvp.html?GameID=0021201200&GameEventID=186,2,,Houston Rockets,SUB: Harden FOR Delfino,7:38
http://stats.nba.com/cvp.html?GameID=0021201200&GameEventID=187,2,[ 35 - 43 ],Sacramento Kings,Fredette 12' Jump Shot (2 PTS),7:26
http://stats.nba.com/cvp.html?GameID=0021201200&GameEventID=188,2,,Houston Rockets,Asik Lost Ball Turnover (P1.T5),7:07
http://stats.nba.com/cvp.html?GameID=0021201200&GameEventID=188,2,,Sacramento Kings,Patterson STEAL (1 STL),7:07
http://stats.nba.com/cvp.html?GameID=0021201200&GameEventID=189,2,,Sacramento Kings,MISS Fredette 2' Layup,7:01
http://stats.nba.com/cvp.html?GameID=0021201200&GameEventID=190,2,,Houston Rockets,Asik REBOUND (Off:1 Def:2),6:59
http://stats.nba.com/cvp.html?GameID=0021201200&GameEventID=191,2,,Houston Rockets,MISS Parsons  3PT Jump Shot,6:50
http://stats.nba.com/cvp.html?GameID=0021201200&GameEventID=192,2,,Sacramento Kings,Fredette REBOUND (Off:0 Def:3),6:49
http://stats.nba.com/cvp.html?GameID=0021201200&GameEventID=193,2,,Sacramento Kings,MISS Salmons 24' 3PT Jump Shot,6:40
http://stats.nba.com/cvp.html?GameID=0021201200&GameEventID=194,2,,Houston Rockets,Beverley REBOUND (Off:0 Def:1),6:39
http://stats.nba.com/cvp.html?GameID=0021201200&GameEventID=195,2,,Sacramento Kings,Fredette P.FOUL (P2.T3),6:31
http://stats.nba.com/cvp.html?GameID=0021201200&GameEventID=196,2,,Houston Rockets,SUB: Lin FOR Beverley,6:31
http://stats.nba.com/cvp.html?GameID=0021201200&GameEventID=197,2,,Sacramento Kings,SUB: Thompson FOR Patterson,6:31
http://stats.nba.com/cvp.html?GameID=0021201200&GameEventID=199,2,,Houston Rockets,Harden Bad Pass Turnover (P2.T6),6:23
http://stats.nba.com/cvp.html?GameID=0021201200&GameEventID=199,2,,Sacramento Kings,Fredette STEAL (2 STL),6:23
http://stats.nba.com/cvp.html?GameID=0021201200&GameEventID=201,2,,Houston Rockets,Parsons Violation:Defensive Goaltending,6:19
http://stats.nba.com/cvp.html?GameID=0021201200&GameEventID=200,2,[ 37 - 43 ],Sacramento Kings,Fredette 1' Layup (4 PTS),6:19
http://stats.nba.com/cvp.html?GameID=0021201200&GameEventID=202,2,,Houston Rockets,MISS Harden 2' Driving Layup,6:09
http://stats.nba.com/cvp.html?GameID=0021201200&GameEventID=203,2,,Sacramento Kings,Aldrich REBOUND (Off:1 Def:2),6:07
http://stats.nba.com/cvp.html?GameID=0021201200&GameEventID=204,2,[ 39 - 43 ],Sacramento Kings,Fredette 15' Running Jump Shot (6 PTS),5:59
http://stats.nba.com/cvp.html?GameID=0021201200&GameEventID=205,2,,Houston Rockets,ROCKETS Timeout: Regular (Full 2 Short 0),5:55
http://stats.nba.com/cvp.html?GameID=0021201200&GameEventID=208,2,,Houston Rockets,MISS Smith 2' Layup,5:35
http://stats.nba.com/cvp.html?GameID=0021201200&GameEventID=208,2,,Sacramento Kings,Aldrich BLOCK (1 BLK),5:35
http://stats.nba.com/cvp.html?GameID=0021201200&GameEventID=209,2,,Sacramento Kings,Douglas REBOUND (Off:1 Def:1),5:33
http://stats.nba.com/cvp.html?GameID=0021201200&GameEventID=210,2,,Sacramento Kings,MISS Salmons 24' 3PT Jump Shot,5:16
http://stats.nba.com/cvp.html?GameID=0021201200&GameEventID=211,2,,Houston Rockets,Asik REBOUND (Off:1 Def:3),5:15
http://stats.nba.com/cvp.html?GameID=0021201200&GameEventID=212,2,[ 39 - 45 ],Houston Rockets,Harden 1' Layup (17 PTS) (Parsons 4 AST),5:10
http://stats.nba.com/cvp.html?GameID=0021201200&GameEventID=213,2,,Sacramento Kings,MISS Fredette 18' Pullup Jump Shot,4:50
http://stats.nba.com/cvp.html?GameID=0021201200&GameEventID=214,2,,Sacramento Kings,Kings Rebound,4:49
http://stats.nba.com/cvp.html?GameID=0021201200&GameEventID=215,2,,Sacramento Kings,MISS Thompson 19' Jump Shot,4:37
http://stats.nba.com/cvp.html?GameID=0021201200&GameEventID=216,2,,Houston Rockets,Lin REBOUND (Off:0 Def:1),4:36
http://stats.nba.com/cvp.html?GameID=0021201200&GameEventID=217,2,,Houston Rockets,MISS Asik 2' Layup,4:28
http://stats.nba.com/cvp.html?GameID=0021201200&GameEventID=217,2,,Sacramento Kings,Aldrich BLOCK (2 BLK),4:28
http://stats.nba.com/cvp.html?GameID=0021201200&GameEventID=218,2,,Sacramento Kings,Fredette REBOUND (Off:0 Def:4),4:27
http://stats.nba.com/cvp.html?GameID=0021201200&GameEventID=219,2,[ 41 - 45 ],Sacramento Kings,Salmons 2' Reverse Layup (5 PTS) (Fredette 3 AST),4:23
http://stats.nba.com/cvp.html?GameID=0021201200&GameEventID=220,2,,Houston Rockets,Smith S.FOUL (P3.T3),4:23
http://stats.nba.com/cvp.html?GameID=0021201200&GameEventID=221,2,,Houston Rockets,SUB: Jones FOR Smith,4:23
http://stats.nba.com/cvp.html?GameID=0021201200&GameEventID=222,2,[ 42 - 45 ],Sacramento Kings,Salmons Free Throw 1 of 1 (6 PTS),4:23
http://stats.nba.com/cvp.html?GameID=0021201200&GameEventID=224,2,,Houston Rockets,Asik Bad Pass Turnover (P2.T7),4:07
http://stats.nba.com/cvp.html?GameID=0021201200&GameEventID=225,2,,Houston Rockets,Jones STEAL (2 STL),3:56
http://stats.nba.com/cvp.html?GameID=0021201200&GameEventID=225,2,,Sacramento Kings,Douglas Bad Pass Turnover (P2.T5),3:56
http://stats.nba.com/cvp.html?GameID=0021201200&GameEventID=226,2,[ 42 - 47 ],Houston Rockets,Parsons 1' Driving Slam Dunk (7 PTS),3:54
http://stats.nba.com/cvp.html?GameID=0021201200&GameEventID=227,2,,Sacramento Kings,Douglas S.FOUL (P2.T4),3:54
http://stats.nba.com/cvp.html?GameID=0021201200&GameEventID=228,2,[ 42 - 48 ],Houston Rockets,Parsons Free Throw 1 of 1 (8 PTS),3:54
http://stats.nba.com/cvp.html?GameID=0021201200&GameEventID=231,2,,Sacramento Kings,MISS Fredette 23' Jump Shot,3:27
http://stats.nba.com/cvp.html?GameID=0021201200&GameEventID=232,2,,Sacramento Kings,Douglas REBOUND (Off:2 Def:1),3:26
http://stats.nba.com/cvp.html?GameID=0021201200&GameEventID=233,2,[ 44 - 48 ],Sacramento Kings,Aldrich 3' Reverse Layup (6 PTS) (Thompson 1 AST),3:18
http://stats.nba.com/cvp.html?GameID=0021201200&GameEventID=234,2,[ 44 - 51 ],Houston Rockets,Parsons 26' 3PT Jump Shot (11 PTS) (Harden 4 AST),3:01
http://stats.nba.com/cvp.html?GameID=0021201200&GameEventID=235,2,,Sacramento Kings,Salmons Offensive Charge Foul (P2.PN),2:39
http://stats.nba.com/cvp.html?GameID=0021201200&GameEventID=236,2,,Sacramento Kings,Salmons Foul Turnover (P1.T6),2:39
http://stats.nba.com/cvp.html?GameID=0021201200&GameEventID=241,2,[ 44 - 54 ],Houston Rockets,Harden 26' 3PT Jump Shot (20 PTS) (Asik 1 AST),2:22
http://stats.nba.com/cvp.html?GameID=0021201200&GameEventID=242,2,,Houston Rockets,Harden STEAL (1 STL),2:02
http://stats.nba.com/cvp.html?GameID=0021201200&GameEventID=242,2,,Sacramento Kings,Douglas Bad Pass Turnover (P3.T7),2:02
http://stats.nba.com/cvp.html?GameID=0021201200&GameEventID=243,2,[ 44 - 56 ],Houston Rockets,Harden 2' Driving Layup (22 PTS),1:57
http://stats.nba.com/cvp.html?GameID=0021201200&GameEventID=244,2,,Sacramento Kings,MISS Douglas 25' 3PT Jump Shot,1:40
http://stats.nba.com/cvp.html?GameID=0021201200&GameEventID=245,2,,Houston Rockets,Asik REBOUND (Off:1 Def:4),1:39
http://stats.nba.com/cvp.html?GameID=0021201200&GameEventID=246,2,,Houston Rockets,MISS Asik 3' Layup,1:24
http://stats.nba.com/cvp.html?GameID=0021201200&GameEventID=247,2,,Houston Rockets,Asik REBOUND (Off:2 Def:4),1:23
http://stats.nba.com/cvp.html?GameID=0021201200&GameEventID=248,2,,Sacramento Kings,Aldrich S.FOUL (P1.PN),1:22
http://stats.nba.com/cvp.html?GameID=0021201200&GameEventID=249,2,[ 44 - 57 ],Houston Rockets,Asik Free Throw 1 of 2 (5 PTS),1:22
http://stats.nba.com/cvp.html?GameID=0021201200&GameEventID=251,2,[ 44 - 58 ],Houston Rockets,Asik Free Throw 2 of 2 (6 PTS),1:22
http://stats.nba.com/cvp.html?GameID=0021201200&GameEventID=253,2,,Houston Rockets,Harden BLOCK (1 BLK),1:11
http://stats.nba.com/cvp.html?GameID=0021201200&GameEventID=253,2,,Sacramento Kings,MISS Fredette 21' Jump Shot,1:11
http://stats.nba.com/cvp.html?GameID=0021201200&GameEventID=254,2,,Houston Rockets,Harden REBOUND (Off:1 Def:2),1:10
http://stats.nba.com/cvp.html?GameID=0021201200&GameEventID=255,2,,Sacramento Kings,Thompson S.FOUL (P1.PN),1:07
http://stats.nba.com/cvp.html?GameID=0021201200&GameEventID=256,2,[ 44 - 59 ],Houston Rockets,Harden Free Throw 1 of 2 (23 PTS),1:07
http://stats.nba.com/cvp.html?GameID=0021201200&GameEventID=258,2,,Houston Rockets,SUB: Delfino FOR Parsons,1:07
http://stats.nba.com/cvp.html?GameID=0021201200&GameEventID=259,2,,Sacramento Kings,SUB: Thomas FOR Douglas,1:07
http://stats.nba.com/cvp.html?GameID=0021201200&GameEventID=260,2,,Houston Rockets,MISS Harden Free Throw 2 of 2,1:07
http://stats.nba.com/cvp.html?GameID=0021201200&GameEventID=262,2,,Sacramento Kings,Thompson REBOUND (Off:0 Def:2),1:07
http://stats.nba.com/cvp.html?GameID=0021201200&GameEventID=263,2,,Houston Rockets,Jones BLOCK (3 BLK),0:51
http://stats.nba.com/cvp.html?GameID=0021201200&GameEventID=263,2,,Sacramento Kings,MISS Thompson 5' Jump Shot,0:51
http://stats.nba.com/cvp.html?GameID=0021201200&GameEventID=264,2,,Sacramento Kings,Thompson REBOUND (Off:1 Def:2),0:49
http://stats.nba.com/cvp.html?GameID=0021201200&GameEventID=265,2,,Houston Rockets,Jones BLOCK (4 BLK),0:48
http://stats.nba.com/cvp.html?GameID=0021201200&GameEventID=265,2,,Sacramento Kings,MISS Thompson 2' Layup,0:48
http://stats.nba.com/cvp.html?GameID=0021201200&GameEventID=266,2,,Houston Rockets,Asik REBOUND (Off:2 Def:5),0:47
http://stats.nba.com/cvp.html?GameID=0021201200&GameEventID=267,2,[ 44 - 62 ],Houston Rockets,Delfino 25' 3PT Jump Shot (5 PTS) (Harden 5 AST),0:42
http://stats.nba.com/cvp.html?GameID=0021201200&GameEventID=268,2,,Sacramento Kings,MISS Thompson 14' Jump Shot,0:37
http://stats.nba.com/cvp.html?GameID=0021201200&GameEventID=269,2,,Houston Rockets,Asik REBOUND (Off:2 Def:6),0:36
http://stats.nba.com/cvp.html?GameID=0021201200&GameEventID=270,2,,Houston Rockets,MISS Delfino 27' 3PT Jump Shot,0:22
http://stats.nba.com/cvp.html?GameID=0021201200&GameEventID=271,2,,Houston Rockets,Asik REBOUND (Off:3 Def:6),0:21
http://stats.nba.com/cvp.html?GameID=0021201200&GameEventID=273,2,,Houston Rockets,MISS Lin 22' Jump Shot,0:00
http://stats.nba.com/cvp.html?GameID=0021201200&GameEventID=273,2,,Sacramento Kings,Salmons BLOCK (1 BLK),0:00
http://stats.nba.com/cvp.html?GameID=0021201200&GameEventID=274,2,,Houston Rockets,ROCKETS Rebound,0:00
http://stats.nba.com/cvp.html?GameID=0021201200&GameEventID=278,3,,Sacramento Kings,MISS Cousins 18' Jump Shot,11:34
http://stats.nba.com/cvp.html?GameID=0021201200&GameEventID=279,3,,Houston Rockets,Harden REBOUND (Off:1 Def:3),11:33
http://stats.nba.com/cvp.html?GameID=0021201200&GameEventID=280,3,[ 44 - 65 ],Houston Rockets,Lin 25' 3PT Jump Shot (7 PTS) (Parsons 5 AST),11:21
http://stats.nba.com/cvp.html?GameID=0021201200&GameEventID=281,3,,Houston Rockets,Smith STEAL (2 STL),11:01
http://stats.nba.com/cvp.html?GameID=0021201200&GameEventID=281,3,,Sacramento Kings,Cousins Bad Pass Turnover (P1.T8),11:01
http://stats.nba.com/cvp.html?GameID=0021201200&GameEventID=282,3,,Houston Rockets,Lin Bad Pass Turnover (P2.T8),10:54
http://stats.nba.com/cvp.html?GameID=0021201200&GameEventID=282,3,,Sacramento Kings,Cousins STEAL (3 STL),10:54
http://stats.nba.com/cvp.html?GameID=0021201200&GameEventID=283,3,,Sacramento Kings,Cousins Offensive Charge Foul (P1.T1),10:49
http://stats.nba.com/cvp.html?GameID=0021201200&GameEventID=284,3,,Sacramento Kings,Cousins Foul Turnover (P2.T9),10:49
http://stats.nba.com/cvp.html?GameID=0021201200&GameEventID=285,3,[ 44 - 67 ],Houston Rockets,Smith 3' Alley Oop Dunk (8 PTS) (Harden 6 AST),10:31
http://stats.nba.com/cvp.html?GameID=0021201200&GameEventID=286,3,[ 46 - 67 ],Sacramento Kings,Cousins 3' Driving Layup (6 PTS) (Thompson 2 AST),10:23
http://stats.nba.com/cvp.html?GameID=0021201200&GameEventID=287,3,[ 46 - 69 ],Houston Rockets,Lin 20' Jump Shot (9 PTS),10:11
http://stats.nba.com/cvp.html?GameID=0021201200&GameEventID=288,3,[ 48 - 69 ],Sacramento Kings,Thompson 15' Jump Shot (6 PTS) (Thomas 5 AST),9:57
http://stats.nba.com/cvp.html?GameID=0021201200&GameEventID=289,3,[ 48 - 71 ],Houston Rockets,Asik 5' Hook Shot (8 PTS) (Harden 7 AST),9:42
http://stats.nba.com/cvp.html?GameID=0021201200&GameEventID=290,3,[ 50 - 71 ],Sacramento Kings,Salmons 21' Jump Shot (8 PTS) (Thomas 6 AST),9:28
http://stats.nba.com/cvp.html?GameID=0021201200&GameEventID=291,3,,Houston Rockets,MISS Asik 5' Jump Shot,9:14
http://stats.nba.com/cvp.html?GameID=0021201200&GameEventID=291,3,,Sacramento Kings,Thompson BLOCK (1 BLK),9:14
http://stats.nba.com/cvp.html?GameID=0021201200&GameEventID=292,3,,Sacramento Kings,Cousins REBOUND (Off:1 Def:4),9:12
http://stats.nba.com/cvp.html?GameID=0021201200&GameEventID=293,3,,Sacramento Kings,MISS Thompson 8' Jump Shot,9:08
http://stats.nba.com/cvp.html?GameID=0021201200&GameEventID=294,3,,Houston Rockets,Lin REBOUND (Off:0 Def:2),9:06
http://stats.nba.com/cvp.html?GameID=0021201200&GameEventID=295,3,[ 50 - 74 ],Houston Rockets,Harden 24' 3PT Jump Shot (26 PTS) (Lin 1 AST),8:57
http://stats.nba.com/cvp.html?GameID=0021201200&GameEventID=296,3,,Sacramento Kings,Kings Timeout: Regular (Reg.3 Short 0),8:57
http://stats.nba.com/cvp.html?GameID=0021201200&GameEventID=298,3,[ 53 - 74 ],Sacramento Kings,Salmons 25' 3PT Jump Shot (11 PTS) (Evans 1 AST),8:40
http://stats.nba.com/cvp.html?GameID=0021201200&GameEventID=299,3,,Houston Rockets,Lin Bad Pass Turnover (P3.T9),8:33
http://stats.nba.com/cvp.html?GameID=0021201200&GameEventID=300,3,,Sacramento Kings,MISS Evans 22' Jump Shot,8:18
http://stats.nba.com/cvp.html?GameID=0021201200&GameEventID=301,3,,Houston Rockets,Asik REBOUND (Off:3 Def:7),8:17
http://stats.nba.com/cvp.html?GameID=0021201200&GameEventID=302,3,,Sacramento Kings,Thompson S.FOUL (P2.T2),8:02
http://stats.nba.com/cvp.html?GameID=0021201200&GameEventID=303,3,[ 53 - 75 ],Houston Rockets,Lin Free Throw 1 of 2 (10 PTS),8:02
http://stats.nba.com/cvp.html?GameID=0021201200&GameEventID=305,3,[ 53 - 76 ],Houston Rockets,Lin Free Throw 2 of 2 (11 PTS),8:02
http://stats.nba.com/cvp.html?GameID=0021201200&GameEventID=307,3,,Houston Rockets,Harden STEAL (2 STL),7:54
http://stats.nba.com/cvp.html?GameID=0021201200&GameEventID=307,3,,Sacramento Kings,Evans Bad Pass Turnover (P2.T10),7:54
http://stats.nba.com/cvp.html?GameID=0021201200&GameEventID=308,3,[ 53 - 78 ],Houston Rockets,Parsons 1' Alley Oop Dunk (13 PTS) (Harden 8 AST),7:49
http://stats.nba.com/cvp.html?GameID=0021201200&GameEventID=309,3,,Sacramento Kings,MISS Evans  3PT Jump Shot,7:32
http://stats.nba.com/cvp.html?GameID=0021201200&GameEventID=310,3,,Sacramento Kings,Cousins REBOUND (Off:2 Def:4),7:30
http://stats.nba.com/cvp.html?GameID=0021201200&GameEventID=311,3,,Sacramento Kings,MISS Evans 2' Layup,7:26
http://stats.nba.com/cvp.html?GameID=0021201200&GameEventID=312,3,,Sacramento Kings,Kings Rebound,7:26
http://stats.nba.com/cvp.html?GameID=0021201200&GameEventID=313,3,,Sacramento Kings,MISS Thompson 15' Jump Shot,7:20
http://stats.nba.com/cvp.html?GameID=0021201200&GameEventID=314,3,,Houston Rockets,Parsons REBOUND (Off:0 Def:5),7:19
http://stats.nba.com/cvp.html?GameID=0021201200&GameEventID=315,3,,Sacramento Kings,Thomas P.FOUL (P2.T3),7:15
http://stats.nba.com/cvp.html?GameID=0021201200&GameEventID=317,3,[ 53 - 80 ],Houston Rockets,Harden 7' Jump Shot (28 PTS) (Lin 2 AST),7:08
http://stats.nba.com/cvp.html?GameID=0021201200&GameEventID=318,3,,Houston Rockets,Asik S.FOUL (P2.T1),6:54
http://stats.nba.com/cvp.html?GameID=0021201200&GameEventID=319,3,,Sacramento Kings,MISS Thompson Free Throw 1 of 2,6:54
http://stats.nba.com/cvp.html?GameID=0021201200&GameEventID=320,3,,Sacramento Kings,Kings Rebound,6:54
http://stats.nba.com/cvp.html?GameID=0021201200&GameEventID=321,3,[ 54 - 80 ],Sacramento Kings,Thompson Free Throw 2 of 2 (7 PTS),6:54
http://stats.nba.com/cvp.html?GameID=0021201200&GameEventID=323,3,,Houston Rockets,MISS Harden 27' 3PT Jump Shot,6:31
http://stats.nba.com/cvp.html?GameID=0021201200&GameEventID=324,3,,Sacramento Kings,Thompson REBOUND (Off:1 Def:3),6:30
http://stats.nba.com/cvp.html?GameID=0021201200&GameEventID=325,3,,Houston Rockets,Parsons BLOCK (1 BLK),6:19
http://stats.nba.com/cvp.html?GameID=0021201200&GameEventID=325,3,,Sacramento Kings,MISS Cousins 4' Jump Shot,6:19
http://stats.nba.com/cvp.html?GameID=0021201200&GameEventID=326,3,,Houston Rockets,Lin REBOUND (Off:0 Def:3),6:18
http://stats.nba.com/cvp.html?GameID=0021201200&GameEventID=327,3,,Sacramento Kings,Thompson P.FOUL (P3.T4),6:18
http://stats.nba.com/cvp.html?GameID=0021201200&GameEventID=328,3,,Sacramento Kings,SUB: Patterson FOR Thompson,6:18
http://stats.nba.com/cvp.html?GameID=0021201200&GameEventID=329,3,,Sacramento Kings,Cousins S.FOUL (P2.PN),6:06
http://stats.nba.com/cvp.html?GameID=0021201200&GameEventID=330,3,,Houston Rockets,MISS Smith Free Throw 1 of 2,6:06
http://stats.nba.com/cvp.html?GameID=0021201200&GameEventID=331,3,,Houston Rockets,ROCKETS Rebound,6:06
http://stats.nba.com/cvp.html?GameID=0021201200&GameEventID=333,3,,Sacramento Kings,SUB: Outlaw FOR Evans,6:06
http://stats.nba.com/cvp.html?GameID=0021201200&GameEventID=334,3,[ 54 - 81 ],Houston Rockets,Smith Free Throw 2 of 2 (9 PTS),6:06
http://stats.nba.com/cvp.html?GameID=0021201200&GameEventID=336,3,[ 56 - 81 ],Sacramento Kings,Patterson 20' Jump Shot (4 PTS) (Thomas 7 AST),5:52
http://stats.nba.com/cvp.html?GameID=0021201200&GameEventID=337,3,,Houston Rockets,MISS Smith 5' Running Hook Shot,5:26
http://stats.nba.com/cvp.html?GameID=0021201200&GameEventID=338,3,,Sacramento Kings,Kings Rebound,5:26
http://stats.nba.com/cvp.html?GameID=0021201200&GameEventID=339,3,,Houston Rockets,Smith L.B.FOUL (P4.T2),5:26
http://stats.nba.com/cvp.html?GameID=0021201200&GameEventID=340,3,,Sacramento Kings,MISS Salmons  3PT Jump Shot,5:13
http://stats.nba.com/cvp.html?GameID=0021201200&GameEventID=341,3,,Houston Rockets,Asik REBOUND (Off:3 Def:8),5:12
http://stats.nba.com/cvp.html?GameID=0021201200&GameEventID=342,3,,Sacramento Kings,Thomas P.FOUL (P3.PN),5:06
http://stats.nba.com/cvp.html?GameID=0021201200&GameEventID=343,3,[ 56 - 82 ],Houston Rockets,Lin Free Throw 1 of 2 (12 PTS),5:06
http://stats.nba.com/cvp.html?GameID=0021201200&GameEventID=345,3,,Houston Rockets,SUB: Delfino FOR Parsons,5:06
http://stats.nba.com/cvp.html?GameID=0021201200&GameEventID=346,3,[ 56 - 83 ],Houston Rockets,Lin Free Throw 2 of 2 (13 PTS),5:06
http://stats.nba.com/cvp.html?GameID=0021201200&GameEventID=348,3,,Sacramento Kings,MISS Thomas 3' Driving Layup,5:01
http://stats.nba.com/cvp.html?GameID=0021201200&GameEventID=349,3,,Houston Rockets,Lin REBOUND (Off:0 Def:4),4:59
http://stats.nba.com/cvp.html?GameID=0021201200&GameEventID=350,3,,Houston Rockets,MISS Harden 5' Running Jump Shot,4:52
http://stats.nba.com/cvp.html?GameID=0021201200&GameEventID=350,3,,Sacramento Kings,Outlaw BLOCK (1 BLK),4:52
http://stats.nba.com/cvp.html?GameID=0021201200&GameEventID=351,3,,Houston Rockets,ROCKETS Rebound,4:52
http://stats.nba.com/cvp.html?GameID=0021201200&GameEventID=352,3,,Houston Rockets,MISS Asik 8' Turnaround Hook Shot,4:41
http://stats.nba.com/cvp.html?GameID=0021201200&GameEventID=353,3,,Sacramento Kings,Patterson REBOUND (Off:1 Def:1),4:40
http://stats.nba.com/cvp.html?GameID=0021201200&GameEventID=354,3,,Sacramento Kings,MISS Patterson  3PT Jump Shot,4:27
http://stats.nba.com/cvp.html?GameID=0021201200&GameEventID=355,3,,Sacramento Kings,Cousins REBOUND (Off:3 Def:4),4:25
http://stats.nba.com/cvp.html?GameID=0021201200&GameEventID=356,3,[ 58 - 83 ],Sacramento Kings,Cousins 1' Putback Dunk (8 PTS),4:24
http://stats.nba.com/cvp.html?GameID=0021201200&GameEventID=357,3,,Houston Rockets,MISS Harden 5' Jump Shot,4:11
http://stats.nba.com/cvp.html?GameID=0021201200&GameEventID=358,3,,Sacramento Kings,Cousins REBOUND (Off:3 Def:5),4:09
http://stats.nba.com/cvp.html?GameID=0021201200&GameEventID=359,3,[ 61 - 83 ],Sacramento Kings,Salmons  3PT Jump Shot (14 PTS) (Outlaw 1 AST),4:01
http://stats.nba.com/cvp.html?GameID=0021201200&GameEventID=361,3,[ 61 - 85 ],Houston Rockets,Lin 3' Driving Layup (15 PTS),3:47
http://stats.nba.com/cvp.html?GameID=0021201200&GameEventID=362,3,,Sacramento Kings,MISS Thomas 24' 3PT Jump Shot,3:38
http://stats.nba.com/cvp.html?GameID=0021201200&GameEventID=363,3,,Houston Rockets,Asik REBOUND (Off:3 Def:9),3:37
http://stats.nba.com/cvp.html?GameID=0021201200&GameEventID=364,3,[ 61 - 87 ],Houston Rockets,Smith 2' Driving Layup (11 PTS),3:18
http://stats.nba.com/cvp.html?GameID=0021201200&GameEventID=365,3,,Houston Rockets,Lin S.FOUL (P1.T3),3:12
http://stats.nba.com/cvp.html?GameID=0021201200&GameEventID=366,3,[ 62 - 87 ],Sacramento Kings,Thomas Free Throw 1 of 2 (4 PTS),3:12
http://stats.nba.com/cvp.html?GameID=0021201200&GameEventID=368,3,,Sacramento Kings,SUB: Aldrich FOR Cousins,3:12
http://stats.nba.com/cvp.html?GameID=0021201200&GameEventID=369,3,,Houston Rockets,SUB: Beverley FOR Lin,3:12
http://stats.nba.com/cvp.html?GameID=0021201200&GameEventID=370,3,,Houston Rockets,SUB: Jones FOR Smith,3:12
http://stats.nba.com/cvp.html?GameID=0021201200&GameEventID=371,3,[ 63 - 87 ],Sacramento Kings,Thomas Free Throw 2 of 2 (5 PTS),3:12
http://stats.nba.com/cvp.html?GameID=0021201200&GameEventID=373,3,[ 63 - 89 ],Houston Rockets,Asik 1' Dunk (10 PTS) (Harden 9 AST),3:01
http://stats.nba.com/cvp.html?GameID=0021201200&GameEventID=374,3,[ 65 - 89 ],Sacramento Kings,Patterson 19' Jump Shot (6 PTS) (Thomas 8 AST),2:45
http://stats.nba.com/cvp.html?GameID=0021201200&GameEventID=375,3,,Houston Rockets,MISS Jones 9' Jump Shot,2:34
http://stats.nba.com/cvp.html?GameID=0021201200&GameEventID=375,3,,Sacramento Kings,Patterson BLOCK (2 BLK),2:34
http://stats.nba.com/cvp.html?GameID=0021201200&GameEventID=376,3,,Sacramento Kings,Aldrich REBOUND (Off:1 Def:3),2:32
http://stats.nba.com/cvp.html?GameID=0021201200&GameEventID=377,3,[ 67 - 89 ],Sacramento Kings,Outlaw 2' Layup (2 PTS) (Thomas 9 AST),2:29
http://stats.nba.com/cvp.html?GameID=0021201200&GameEventID=378,3,,Houston Rockets,ROCKETS Timeout: Regular (Full 3 Short 0),2:22
http://stats.nba.com/cvp.html?GameID=0021201200&GameEventID=380,3,,Houston Rockets,SUB: Motiejunas FOR Asik,2:22
http://stats.nba.com/cvp.html?GameID=0021201200&GameEventID=382,3,,Sacramento Kings,Salmons S.FOUL (P3.PN),2:05
http://stats.nba.com/cvp.html?GameID=0021201200&GameEventID=383,3,[ 67 - 90 ],Houston Rockets,Harden Free Throw 1 of 2 (29 PTS),2:05
http://stats.nba.com/cvp.html?GameID=0021201200&GameEventID=385,3,,Houston Rockets,MISS Harden Free Throw 2 of 2,2:05
http://stats.nba.com/cvp.html?GameID=0021201200&GameEventID=387,3,,Sacramento Kings,Aldrich REBOUND (Off:1 Def:4),2:05
http://stats.nba.com/cvp.html?GameID=0021201200&GameEventID=388,3,[ 69 - 90 ],Sacramento Kings,Aldrich 2' Reverse Layup (8 PTS) (Patterson 1 AST),1:45
http://stats.nba.com/cvp.html?GameID=0021201200&GameEventID=389,3,[ 69 - 92 ],Houston Rockets,Motiejunas 8' Turnaround Hook Shot (2 PTS),1:29
http://stats.nba.com/cvp.html?GameID=0021201200&GameEventID=390,3,,Houston Rockets,Motiejunas S.FOUL (P1.T4),1:23
http://stats.nba.com/cvp.html?GameID=0021201200&GameEventID=391,3,[ 70 - 92 ],Sacramento Kings,Thomas Free Throw 1 of 2 (6 PTS),1:23
http://stats.nba.com/cvp.html?GameID=0021201200&GameEventID=394,3,,Sacramento Kings,SUB: Douglas FOR Salmons,1:23
http://stats.nba.com/cvp.html?GameID=0021201200&GameEventID=395,3,[ 71 - 92 ],Sacramento Kings,Thomas Free Throw 2 of 2 (7 PTS),1:23
http://stats.nba.com/cvp.html?GameID=0021201200&GameEventID=397,3,,Houston Rockets,MISS Delfino 24' 3PT Jump Shot,1:04
http://stats.nba.com/cvp.html?GameID=0021201200&GameEventID=398,3,,Sacramento Kings,Patterson REBOUND (Off:1 Def:2),1:03
http://stats.nba.com/cvp.html?GameID=0021201200&GameEventID=399,3,[ 74 - 92 ],Sacramento Kings,Thomas 25' 3PT Pullup Jump Shot (10 PTS),0:56
http://stats.nba.com/cvp.html?GameID=0021201200&GameEventID=400,3,,Houston Rockets,MISS Delfino 10' Turnaround Fadeaway Shot,0:43
http://stats.nba.com/cvp.html?GameID=0021201200&GameEventID=402,3,,Houston Rockets,Motiejunas REBOUND (Off:1 Def:0),0:42
http://stats.nba.com/cvp.html?GameID=0021201200&GameEventID=401,3,,Houston Rockets,MISS Motiejunas 1' Tip Shot,0:42
http://stats.nba.com/cvp.html?GameID=0021201200&GameEventID=403,3,,Sacramento Kings,Kings Rebound,0:41
http://stats.nba.com/cvp.html?GameID=0021201200&GameEventID=404,3,,Sacramento Kings,MISS Outlaw 28' 3PT Jump Shot,0:27
http://stats.nba.com/cvp.html?GameID=0021201200&GameEventID=405,3,,Houston Rockets,ROCKETS Rebound,0:27
http://stats.nba.com/cvp.html?GameID=0021201200&GameEventID=406,3,,Sacramento Kings,Aldrich L.B.FOUL (P2.PN),0:27
http://stats.nba.com/cvp.html?GameID=0021201200&GameEventID=407,3,[ 74 - 93 ],Houston Rockets,Jones Free Throw 1 of 2 (4 PTS),0:27
http://stats.nba.com/cvp.html?GameID=0021201200&GameEventID=409,3,[ 74 - 94 ],Houston Rockets,Jones Free Throw 2 of 2 (5 PTS),0:27
http://stats.nba.com/cvp.html?GameID=0021201200&GameEventID=411,3,,Houston Rockets,Beverley BLOCK (1 BLK),0:15
http://stats.nba.com/cvp.html?GameID=0021201200&GameEventID=411,3,,Sacramento Kings,MISS Thomas 23' Jump Shot,0:15
http://stats.nba.com/cvp.html?GameID=0021201200&GameEventID=413,3,,Sacramento Kings,Patterson REBOUND (Off:2 Def:2),0:14
http://stats.nba.com/cvp.html?GameID=0021201200&GameEventID=412,3,[ 76 - 94 ],Sacramento Kings,Patterson 2' Putback Layup (8 PTS),0:14
http://stats.nba.com/cvp.html?GameID=0021201200&GameEventID=417,4,[ 76 - 96 ],Houston Rockets,Jones 2' Layup (7 PTS),11:46
http://stats.nba.com/cvp.html?GameID=0021201200&GameEventID=418,4,,Houston Rockets,Motiejunas P.FOUL (P2.T1),11:36
http://stats.nba.com/cvp.html?GameID=0021201200&GameEventID=419,4,[ 78 - 96 ],Sacramento Kings,Outlaw 20' Jump Shot (4 PTS) (Thomas 10 AST),11:28
http://stats.nba.com/cvp.html?GameID=0021201200&GameEventID=420,4,,Houston Rockets,MISS Beverley 24' 3PT Jump Shot,11:16
http://stats.nba.com/cvp.html?GameID=0021201200&GameEventID=421,4,,Sacramento Kings,Aldrich REBOUND (Off:1 Def:5),11:15
http://stats.nba.com/cvp.html?GameID=0021201200&GameEventID=422,4,,Sacramento Kings,MISS Outlaw 26' 3PT Pullup Jump Shot,11:09
http://stats.nba.com/cvp.html?GameID=0021201200&GameEventID=423,4,,Sacramento Kings,Douglas REBOUND (Off:3 Def:1),11:07
http://stats.nba.com/cvp.html?GameID=0021201200&GameEventID=424,4,,Houston Rockets,Jones BLOCK (5 BLK),11:00
http://stats.nba.com/cvp.html?GameID=0021201200&GameEventID=424,4,,Sacramento Kings,MISS Thomas 4' Driving Layup,11:00
http://stats.nba.com/cvp.html?GameID=0021201200&GameEventID=425,4,,Sacramento Kings,Kings Rebound,11:00
http://stats.nba.com/cvp.html?GameID=0021201200&GameEventID=426,4,,Sacramento Kings,MISS Outlaw 3' Driving Layup,10:52
http://stats.nba.com/cvp.html?GameID=0021201200&GameEventID=427,4,,Houston Rockets,Motiejunas REBOUND (Off:1 Def:1),10:50
http://stats.nba.com/cvp.html?GameID=0021201200&GameEventID=428,4,,Houston Rockets,MISS Motiejunas 7' Hook Shot,10:43
http://stats.nba.com/cvp.html?GameID=0021201200&GameEventID=429,4,,Sacramento Kings,Aldrich REBOUND (Off:1 Def:6),10:41
http://stats.nba.com/cvp.html?GameID=0021201200&GameEventID=430,4,,Houston Rockets,Jones STEAL (3 STL),10:34
http://stats.nba.com/cvp.html?GameID=0021201200&GameEventID=430,4,,Sacramento Kings,Thomas Lost Ball Turnover (P1.T11),10:34
http://stats.nba.com/cvp.html?GameID=0021201200&GameEventID=431,4,[ 78 - 98 ],Houston Rockets,Jones 1' Driving Slam Dunk (9 PTS),10:30
http://stats.nba.com/cvp.html?GameID=0021201200&GameEventID=432,4,,Houston Rockets,Motiejunas S.FOUL (P3.T2),10:08
http://stats.nba.com/cvp.html?GameID=0021201200&GameEventID=433,4,[ 79 - 98 ],Sacramento Kings,Outlaw Free Throw 1 of 2 (5 PTS),10:08
http://stats.nba.com/cvp.html?GameID=0021201200&GameEventID=435,4,[ 80 - 98 ],Sacramento Kings,Outlaw Free Throw 2 of 2 (6 PTS),10:08
http://stats.nba.com/cvp.html?GameID=0021201200&GameEventID=438,4,,Sacramento Kings,Douglas P.FOUL (P3.T1),9:59
http://stats.nba.com/cvp.html?GameID=0021201200&GameEventID=439,4,,Houston Rockets,MISS Jones 24' 3PT Jump Shot,9:49
http://stats.nba.com/cvp.html?GameID=0021201200&GameEventID=440,4,,Sacramento Kings,Outlaw REBOUND (Off:0 Def:1),9:47
http://stats.nba.com/cvp.html?GameID=0021201200&GameEventID=441,4,,Sacramento Kings,Outlaw Bad Pass Turnover (P1.T12),9:44
http://stats.nba.com/cvp.html?GameID=0021201200&GameEventID=442,4,[ 80 - 101 ],Houston Rockets,Beverley 25' 3PT Jump Shot (5 PTS) (Delfino 2 AST),9:33
http://stats.nba.com/cvp.html?GameID=0021201200&GameEventID=443,4,,Sacramento Kings,MISS Douglas 25' 3PT Step Back Jump Shot,9:12
http://stats.nba.com/cvp.html?GameID=0021201200&GameEventID=444,4,,Houston Rockets,Jones REBOUND (Off:0 Def:2),9:10
http://stats.nba.com/cvp.html?GameID=0021201200&GameEventID=445,4,,Sacramento Kings,Thomas FLAGRANT.FOUL.TYPE1 (P4.T2),8:57
http://stats.nba.com/cvp.html?GameID=0021201200&GameEventID=450,4,,Sacramento Kings,SUB: Fredette FOR Thomas,8:57
http://stats.nba.com/cvp.html?GameID=0021201200&GameEventID=451,4,[ 80 - 102 ],Houston Rockets,Beverley Free Throw Flagrant 1 of 2 (6 PTS),8:57
http://stats.nba.com/cvp.html?GameID=0021201200&GameEventID=453,4,[ 80 - 103 ],Houston Rockets,Beverley Free Throw Flagrant 2 of 2 (7 PTS),8:57
http://stats.nba.com/cvp.html?GameID=0021201200&GameEventID=455,4,,Houston Rockets,Motiejunas Bad Pass Turnover (P1.T10),8:44
http://stats.nba.com/cvp.html?GameID=0021201200&GameEventID=455,4,,Sacramento Kings,Aldrich STEAL (1 STL),8:44
http://stats.nba.com/cvp.html?GameID=0021201200&GameEventID=456,4,,Sacramento Kings,MISS Douglas 21' Step Back Jump Shot,8:21
http://stats.nba.com/cvp.html?GameID=0021201200&GameEventID=457,4,,Houston Rockets,Jones REBOUND (Off:0 Def:3),8:19
http://stats.nba.com/cvp.html?GameID=0021201200&GameEventID=458,4,,Houston Rockets,MISS Beverley 25' 3PT Jump Shot,8:13
http://stats.nba.com/cvp.html?GameID=0021201200&GameEventID=459,4,,Sacramento Kings,Outlaw REBOUND (Off:0 Def:2),8:11
http://stats.nba.com/cvp.html?GameID=0021201200&GameEventID=460,4,,Houston Rockets,Beverley STEAL (2 STL),8:10
http://stats.nba.com/cvp.html?GameID=0021201200&GameEventID=460,4,,Sacramento Kings,Outlaw Lost Ball Turnover (P2.T13),8:10
http://stats.nba.com/cvp.html?GameID=0021201200&GameEventID=461,4,,Houston Rockets,Jones Bad Pass Turnover (P1.T11),8:06
http://stats.nba.com/cvp.html?GameID=0021201200&GameEventID=462,4,[ 82 - 103 ],Sacramento Kings,Fredette 20' Jump Shot (8 PTS) (Outlaw 2 AST),7:42
http://stats.nba.com/cvp.html?GameID=0021201200&GameEventID=463,4,[ 82 - 106 ],Houston Rockets,Delfino 25' 3PT Jump Shot (8 PTS) (Motiejunas 1 AST),7:32
http://stats.nba.com/cvp.html?GameID=0021201200&GameEventID=464,4,,Houston Rockets,Delfino P.FOUL (P2.T3),7:22
http://stats.nba.com/cvp.html?GameID=0021201200&GameEventID=466,4,,Sacramento Kings,Fredette Bad Pass Turnover (P1.T14),7:18
http://stats.nba.com/cvp.html?GameID=0021201200&GameEventID=467,4,,Houston Rockets,MISS Beverley 5' Driving Layup,6:55
http://stats.nba.com/cvp.html?GameID=0021201200&GameEventID=467,4,,Sacramento Kings,Aldrich BLOCK (3 BLK),6:55
http://stats.nba.com/cvp.html?GameID=0021201200&GameEventID=468,4,,Sacramento Kings,Douglas REBOUND (Off:3 Def:2),6:52
http://stats.nba.com/cvp.html?GameID=0021201200&GameEventID=469,4,,Sacramento Kings,MISS Patterson 18' Jump Shot,6:39
http://stats.nba.com/cvp.html?GameID=0021201200&GameEventID=470,4,,Houston Rockets,Motiejunas REBOUND (Off:1 Def:2),6:37
http://stats.nba.com/cvp.html?GameID=0021201200&GameEventID=471,4,,Houston Rockets,MISS Delfino 26' 3PT Pullup Jump Shot,6:29
http://stats.nba.com/cvp.html?GameID=0021201200&GameEventID=472,4,,Houston Rockets,ROCKETS Rebound,6:28
http://stats.nba.com/cvp.html?GameID=0021201200&GameEventID=473,4,,Sacramento Kings,Patterson L.B.FOUL (P1.T3),6:28
http://stats.nba.com/cvp.html?GameID=0021201200&GameEventID=474,4,,Houston Rockets,SUB: Robinson FOR Jones,6:28
http://stats.nba.com/cvp.html?GameID=0021201200&GameEventID=475,4,,Houston Rockets,SUB: Anderson FOR Garcia,6:28
http://stats.nba.com/cvp.html?GameID=0021201200&GameEventID=476,4,,Houston Rockets,Beverley Lost Ball Turnover (P2.T12),6:21
http://stats.nba.com/cvp.html?GameID=0021201200&GameEventID=476,4,,Sacramento Kings,Douglas STEAL (1 STL),6:21
http://stats.nba.com/cvp.html?GameID=0021201200&GameEventID=477,4,,Houston Rockets,Beverley P.FOUL (P3.T4),6:21
http://stats.nba.com/cvp.html?GameID=0021201200&GameEventID=478,4,,Sacramento Kings,MISS Patterson 19' Jump Shot,6:08
http://stats.nba.com/cvp.html?GameID=0021201200&GameEventID=479,4,,Sacramento Kings,Aldrich REBOUND (Off:2 Def:6),6:07
http://stats.nba.com/cvp.html?GameID=0021201200&GameEventID=480,4,,Sacramento Kings,MISS Aldrich 2' Putback Layup,6:05
http://stats.nba.com/cvp.html?GameID=0021201200&GameEventID=481,4,,Houston Rockets,Beverley REBOUND (Off:0 Def:2),6:03
http://stats.nba.com/cvp.html?GameID=0021201200&GameEventID=482,4,,Houston Rockets,Beverley Lost Ball Turnover (P3.T13),5:53
http://stats.nba.com/cvp.html?GameID=0021201200&GameEventID=482,4,,Sacramento Kings,Patterson STEAL (2 STL),5:53
http://stats.nba.com/cvp.html?GameID=0021201200&GameEventID=483,4,,Houston Rockets,Anderson BLOCK (1 BLK),5:48
http://stats.nba.com/cvp.html?GameID=0021201200&GameEventID=483,4,,Sacramento Kings,MISS Douglas 3' Layup,5:48
http://stats.nba.com/cvp.html?GameID=0021201200&GameEventID=484,4,,Houston Rockets,Delfino REBOUND (Off:0 Def:3),5:46
http://stats.nba.com/cvp.html?GameID=0021201200&GameEventID=485,4,[ 82 - 108 ],Houston Rockets,Motiejunas 9' Jump Shot (4 PTS) (Delfino 3 AST),5:38
http://stats.nba.com/cvp.html?GameID=0021201200&GameEventID=486,4,,Sacramento Kings,Kings Timeout: Regular (Reg.4 Short 0),5:33
http://stats.nba.com/cvp.html?GameID=0021201200&GameEventID=490,4,,Houston Rockets,Motiejunas S.FOUL (P4.PN),5:27
http://stats.nba.com/cvp.html?GameID=0021201200&GameEventID=491,4,[ 83 - 108 ],Sacramento Kings,Outlaw Free Throw 1 of 2 (7 PTS),5:27
http://stats.nba.com/cvp.html?GameID=0021201200&GameEventID=493,4,[ 84 - 108 ],Sacramento Kings,Outlaw Free Throw 2 of 2 (8 PTS),5:27
http://stats.nba.com/cvp.html?GameID=0021201200&GameEventID=496,4,,Houston Rockets,Robinson 3 Second Violation Turnover (P1.T14),5:07
http://stats.nba.com/cvp.html?GameID=0021201200&GameEventID=497,4,,Houston Rockets,SUB: Brooks FOR Beverley,5:07
http://stats.nba.com/cvp.html?GameID=0021201200&GameEventID=498,4,,Sacramento Kings,MISS Fredette 18' Pullup Jump Shot,4:56
http://stats.nba.com/cvp.html?GameID=0021201200&GameEventID=499,4,,Houston Rockets,Robinson REBOUND (Off:0 Def:1),4:54
http://stats.nba.com/cvp.html?GameID=0021201200&GameEventID=500,4,,Houston Rockets,Robinson Kicked Ball Violation Turnover (P2.T15),4:53
http://stats.nba.com/cvp.html?GameID=0021201200&GameEventID=501,4,,Sacramento Kings,MISS Patterson 21' Jump Shot,4:46
http://stats.nba.com/cvp.html?GameID=0021201200&GameEventID=503,4,,Sacramento Kings,Aldrich REBOUND (Off:3 Def:6),4:45
http://stats.nba.com/cvp.html?GameID=0021201200&GameEventID=502,4,[ 86 - 108 ],Sacramento Kings,Aldrich 2' Putback Layup (10 PTS),4:44
http://stats.nba.com/cvp.html?GameID=0021201200&GameEventID=504,4,,Houston Rockets,MISS Anderson 3' Layup,4:22
http://stats.nba.com/cvp.html?GameID=0021201200&GameEventID=505,4,,Houston Rockets,Motiejunas REBOUND (Off:2 Def:2),4:21
http://stats.nba.com/cvp.html?GameID=0021201200&GameEventID=506,4,,Houston Rockets,Motiejunas Lost Ball Turnover (P2.T16),4:19
http://stats.nba.com/cvp.html?GameID=0021201200&GameEventID=506,4,,Sacramento Kings,Fredette STEAL (3 STL),4:19
http://stats.nba.com/cvp.html?GameID=0021201200&GameEventID=507,4,[ 89 - 108 ],Sacramento Kings,Outlaw  3PT Jump Shot (11 PTS) (Fredette 4 AST),4:13
http://stats.nba.com/cvp.html?GameID=0021201200&GameEventID=508,4,[ 89 - 111 ],Houston Rockets,Delfino 27' 3PT Jump Shot (11 PTS) (Anderson 1 AST),3:48
http://stats.nba.com/cvp.html?GameID=0021201200&GameEventID=509,4,[ 91 - 111 ],Sacramento Kings,Fredette 9' Fadeaway Jumper (10 PTS) (Douglas 1 AST),3:26
http://stats.nba.com/cvp.html?GameID=0021201200&GameEventID=510,4,[ 91 - 114 ],Houston Rockets,Anderson  3PT Jump Shot (3 PTS) (Delfino 4 AST),3:10
http://stats.nba.com/cvp.html?GameID=0021201200&GameEventID=511,4,,Houston Rockets,Robinson STEAL (1 STL),2:58
http://stats.nba.com/cvp.html?GameID=0021201200&GameEventID=511,4,,Sacramento Kings,Aldrich Lost Ball Turnover (P1.T15),2:58
http://stats.nba.com/cvp.html?GameID=0021201200&GameEventID=512,4,[ 91 - 116 ],Houston Rockets,Robinson 2' Dunk (2 PTS),2:54
http://stats.nba.com/cvp.html?GameID=0021201200&GameEventID=513,4,,Houston Rockets,Motiejunas BLOCK (1 BLK),2:35
http://stats.nba.com/cvp.html?GameID=0021201200&GameEventID=513,4,,Sacramento Kings,MISS Patterson 9' Jump Shot,2:35
http://stats.nba.com/cvp.html?GameID=0021201200&GameEventID=514,4,,Sacramento Kings,Aldrich REBOUND (Off:4 Def:6),2:33
http://stats.nba.com/cvp.html?GameID=0021201200&GameEventID=515,4,[ 94 - 116 ],Sacramento Kings,Douglas 25' 3PT Jump Shot (6 PTS) (Outlaw 3 AST),2:25
http://stats.nba.com/cvp.html?GameID=0021201200&GameEventID=516,4,,Houston Rockets,MISS Brooks 3' Layup,2:11
http://stats.nba.com/cvp.html?GameID=0021201200&GameEventID=516,4,,Sacramento Kings,Aldrich BLOCK (4 BLK),2:11
http://stats.nba.com/cvp.html?GameID=0021201200&GameEventID=517,4,,Sacramento Kings,Fredette REBOUND (Off:0 Def:5),2:09
http://stats.nba.com/cvp.html?GameID=0021201200&GameEventID=518,4,[ 96 - 116 ],Sacramento Kings,Outlaw  Alley Oop Dunk (13 PTS) (Fredette 5 AST),2:06
http://stats.nba.com/cvp.html?GameID=0021201200&GameEventID=519,4,[ 96 - 118 ],Houston Rockets,Motiejunas 4' Hook Shot (6 PTS) (Robinson 1 AST),1:43
http://stats.nba.com/cvp.html?GameID=0021201200&GameEventID=520,4,,Sacramento Kings,MISS Fredette 25' 3PT Jump Shot,1:30
http://stats.nba.com/cvp.html?GameID=0021201200&GameEventID=522,4,,Sacramento Kings,Aldrich REBOUND (Off:5 Def:6),1:29
http://stats.nba.com/cvp.html?GameID=0021201200&GameEventID=521,4,[ 98 - 118 ],Sacramento Kings,Aldrich 1' Putback Dunk (12 PTS),1:29
http://stats.nba.com/cvp.html?GameID=0021201200&GameEventID=523,4,,Houston Rockets,MISS Anderson 26' 3PT Jump Shot,1:14
http://stats.nba.com/cvp.html?GameID=0021201200&GameEventID=524,4,,Sacramento Kings,Aldrich REBOUND (Off:5 Def:7),1:13
http://stats.nba.com/cvp.html?GameID=0021201200&GameEventID=525,4,,Houston Rockets,Robinson BLOCK (1 BLK),0:59
http://stats.nba.com/cvp.html?GameID=0021201200&GameEventID=525,4,,Sacramento Kings,MISS Fredette 3' Layup,0:59
http://stats.nba.com/cvp.html?GameID=0021201200&GameEventID=526,4,,Houston Rockets,Robinson REBOUND (Off:0 Def:2),0:58
http://stats.nba.com/cvp.html?GameID=0021201200&GameEventID=527,4,,Houston Rockets,Anderson Out of Bounds Lost Ball Turnover (P1.T17),0:54
http://stats.nba.com/cvp.html?GameID=0021201200&GameEventID=528,4,,Houston Rockets,ROCKETS Timeout: Regular (Full 4 Short 0),0:54
http://stats.nba.com/cvp.html?GameID=0021201200&GameEventID=532,4,[ 100 - 118 ],Sacramento Kings,Outlaw 1' Alley Oop Dunk (15 PTS) (Patterson 2 AST),0:41
http://stats.nba.com/cvp.html?GameID=0021201200&GameEventID=533,4,[ 100 - 121 ],Houston Rockets,Delfino 25' 3PT Jump Shot (14 PTS) (Robinson 2 AST),0:29
http://stats.nba.com/cvp.html?GameID=0021201200&GameEventID=534,4,,Sacramento Kings,MISS Douglas 27' 3PT Jump Shot,0:21
http://stats.nba.com/cvp.html?GameID=0021201200&GameEventID=535,4,,Houston Rockets,Anderson REBOUND (Off:0 Def:1),0:20
