http://stats.nba.com/cvp.html?GameID=0021200473&GameEventID=1,1,,Utah Jazz,Jump Ball Jefferson vs. Pekovic: Tip to Kirilenko,12:00
http://stats.nba.com/cvp.html?GameID=0021200473&GameEventID=2,1,,Minnesota Timberwolves,MISS Ridnour 19' Jump Shot,11:38
http://stats.nba.com/cvp.html?GameID=0021200473&GameEventID=3,1,,Utah Jazz,Williams REBOUND (Off:0 Def:1),11:36
http://stats.nba.com/cvp.html?GameID=0021200473&GameEventID=4,1,[ 0 - 2 ],Utah Jazz,Williams 21' Jump Shot (2 PTS) (Foye 1 AST),11:14
http://stats.nba.com/cvp.html?GameID=0021200473&GameEventID=5,1,[ 2 - 2 ],Minnesota Timberwolves,Pekovic 2' Layup (2 PTS) (Kirilenko 1 AST),11:02
http://stats.nba.com/cvp.html?GameID=0021200473&GameEventID=6,1,,Utah Jazz,MISS Tinsley 26' 3PT Jump Shot,10:35
http://stats.nba.com/cvp.html?GameID=0021200473&GameEventID=7,1,,Utah Jazz,JAZZ Rebound,10:33
http://stats.nba.com/cvp.html?GameID=0021200473&GameEventID=8,1,,Utah Jazz,MISS Jefferson 19' Jump Shot,10:15
http://stats.nba.com/cvp.html?GameID=0021200473&GameEventID=9,1,,Minnesota Timberwolves,Kirilenko REBOUND (Off:0 Def:1),10:14
http://stats.nba.com/cvp.html?GameID=0021200473&GameEventID=10,1,[ 4 - 2 ],Minnesota Timberwolves,Pekovic 8' Hook Shot (4 PTS) (Love 1 AST),10:00
http://stats.nba.com/cvp.html?GameID=0021200473&GameEventID=11,1,,Utah Jazz,MISS Foye 24' Jump Shot,9:43
http://stats.nba.com/cvp.html?GameID=0021200473&GameEventID=12,1,,Minnesota Timberwolves,Love REBOUND (Off:0 Def:1),9:42
http://stats.nba.com/cvp.html?GameID=0021200473&GameEventID=13,1,,Utah Jazz,Millsap STEAL (1 STL),9:33
http://stats.nba.com/cvp.html?GameID=0021200473&GameEventID=13,1,,Minnesota Timberwolves,Shved Lost Ball Turnover (P1.T1),9:33
http://stats.nba.com/cvp.html?GameID=0021200473&GameEventID=14,1,[ 4 - 4 ],Utah Jazz,Millsap 2' Dunk (2 PTS) (Tinsley 1 AST),9:28
http://stats.nba.com/cvp.html?GameID=0021200473&GameEventID=15,1,[ 6 - 4 ],Minnesota Timberwolves,Love 22' Jump Shot (2 PTS),9:13
http://stats.nba.com/cvp.html?GameID=0021200473&GameEventID=16,1,,Utah Jazz,MISS Jefferson 2' Reverse Layup,8:57
http://stats.nba.com/cvp.html?GameID=0021200473&GameEventID=16,1,,Minnesota Timberwolves,Pekovic BLOCK (1 BLK),8:57
http://stats.nba.com/cvp.html?GameID=0021200473&GameEventID=17,1,,Minnesota Timberwolves,Love REBOUND (Off:0 Def:2),8:56
http://stats.nba.com/cvp.html?GameID=0021200473&GameEventID=18,1,,Utah Jazz,Millsap BLOCK (1 BLK),8:51
http://stats.nba.com/cvp.html?GameID=0021200473&GameEventID=18,1,,Minnesota Timberwolves,MISS Ridnour 2' Layup,8:51
http://stats.nba.com/cvp.html?GameID=0021200473&GameEventID=20,1,,Minnesota Timberwolves,Kirilenko REBOUND (Off:1 Def:1),8:48
http://stats.nba.com/cvp.html?GameID=0021200473&GameEventID=19,1,[ 8 - 4 ],Minnesota Timberwolves,Kirilenko 1' Tip Shot (2 PTS),8:48
http://stats.nba.com/cvp.html?GameID=0021200473&GameEventID=21,1,[ 8 - 6 ],Utah Jazz,Millsap 1' Slam Dunk (4 PTS) (Williams 1 AST),8:35
http://stats.nba.com/cvp.html?GameID=0021200473&GameEventID=22,1,,Minnesota Timberwolves,MISS Pekovic 7' Hook Shot,8:14
http://stats.nba.com/cvp.html?GameID=0021200473&GameEventID=23,1,,Minnesota Timberwolves,Timberwolves Rebound,8:14
http://stats.nba.com/cvp.html?GameID=0021200473&GameEventID=24,1,,Minnesota Timberwolves,MISS Love 6' Jump Shot,8:11
http://stats.nba.com/cvp.html?GameID=0021200473&GameEventID=25,1,,Utah Jazz,Jefferson REBOUND (Off:0 Def:1),8:08
http://stats.nba.com/cvp.html?GameID=0021200473&GameEventID=26,1,[ 8 - 9 ],Utah Jazz,Williams 25' 3PT Jump Shot (5 PTS) (Jefferson 1 AST),7:56
http://stats.nba.com/cvp.html?GameID=0021200473&GameEventID=27,1,,Minnesota Timberwolves,MISS Pekovic 4' Jump Shot,7:33
http://stats.nba.com/cvp.html?GameID=0021200473&GameEventID=28,1,,Utah Jazz,Tinsley REBOUND (Off:0 Def:1),7:32
http://stats.nba.com/cvp.html?GameID=0021200473&GameEventID=29,1,[ 8 - 11 ],Utah Jazz,Tinsley 10' Jump Shot (2 PTS),7:27
http://stats.nba.com/cvp.html?GameID=0021200473&GameEventID=30,1,[ 10 - 11 ],Minnesota Timberwolves,Ridnour 18' Jump Shot (2 PTS),7:12
http://stats.nba.com/cvp.html?GameID=0021200473&GameEventID=31,1,,Minnesota Timberwolves,Pekovic P.FOUL (P1.T1),6:56
http://stats.nba.com/cvp.html?GameID=0021200473&GameEventID=32,1,[ 10 - 13 ],Utah Jazz,Tinsley 2' Layup (4 PTS),6:51
http://stats.nba.com/cvp.html?GameID=0021200473&GameEventID=33,1,,Minnesota Timberwolves,MISS Shved 15' Jump Shot,6:33
http://stats.nba.com/cvp.html?GameID=0021200473&GameEventID=34,1,,Utah Jazz,JAZZ Rebound,6:31
http://stats.nba.com/cvp.html?GameID=0021200473&GameEventID=35,1,[ 10 - 15 ],Utah Jazz,Millsap 12' Jump Shot (6 PTS),6:10
http://stats.nba.com/cvp.html?GameID=0021200473&GameEventID=36,1,,Utah Jazz,Tinsley P.FOUL (P1.T1),5:55
http://stats.nba.com/cvp.html?GameID=0021200473&GameEventID=37,1,,Utah Jazz,JAZZ Timeout: Regular (Full 1 Short 0),5:55
http://stats.nba.com/cvp.html?GameID=0021200473&GameEventID=40,1,,Utah Jazz,SUB: Favors FOR Millsap,5:55
http://stats.nba.com/cvp.html?GameID=0021200473&GameEventID=41,1,,Utah Jazz,Foye S.FOUL (P1.T2),5:50
http://stats.nba.com/cvp.html?GameID=0021200473&GameEventID=42,1,,Minnesota Timberwolves,MISS Shved Free Throw 1 of 2,5:50
http://stats.nba.com/cvp.html?GameID=0021200473&GameEventID=43,1,,Minnesota Timberwolves,Timberwolves Rebound,5:50
http://stats.nba.com/cvp.html?GameID=0021200473&GameEventID=44,1,[ 11 - 15 ],Minnesota Timberwolves,Shved Free Throw 2 of 2 (1 PTS),5:50
http://stats.nba.com/cvp.html?GameID=0021200473&GameEventID=46,1,,Utah Jazz,MISS Foye 9' Jump Shot,5:27
http://stats.nba.com/cvp.html?GameID=0021200473&GameEventID=46,1,,Minnesota Timberwolves,Shved BLOCK (1 BLK),5:27
http://stats.nba.com/cvp.html?GameID=0021200473&GameEventID=47,1,,Utah Jazz,Favors REBOUND (Off:1 Def:0),5:26
http://stats.nba.com/cvp.html?GameID=0021200473&GameEventID=48,1,,Utah Jazz,MISS Favors 3' Layup,5:24
http://stats.nba.com/cvp.html?GameID=0021200473&GameEventID=49,1,,Utah Jazz,JAZZ Rebound,5:24
http://stats.nba.com/cvp.html?GameID=0021200473&GameEventID=50,1,[ 11 - 17 ],Utah Jazz,Jefferson 17' Jump Shot (2 PTS) (Foye 2 AST),5:18
http://stats.nba.com/cvp.html?GameID=0021200473&GameEventID=51,1,,Minnesota Timberwolves,MISS Love 25' 3PT Jump Shot,4:59
http://stats.nba.com/cvp.html?GameID=0021200473&GameEventID=52,1,,Utah Jazz,Tinsley REBOUND (Off:0 Def:2),4:58
http://stats.nba.com/cvp.html?GameID=0021200473&GameEventID=53,1,,Utah Jazz,MISS Jefferson 12' Jump Shot,4:48
http://stats.nba.com/cvp.html?GameID=0021200473&GameEventID=53,1,,Minnesota Timberwolves,Pekovic BLOCK (2 BLK),4:48
http://stats.nba.com/cvp.html?GameID=0021200473&GameEventID=54,1,,Minnesota Timberwolves,Pekovic REBOUND (Off:0 Def:1),4:45
http://stats.nba.com/cvp.html?GameID=0021200473&GameEventID=55,1,,Utah Jazz,Favors S.FOUL (P1.T3),4:34
http://stats.nba.com/cvp.html?GameID=0021200473&GameEventID=56,1,[ 12 - 17 ],Minnesota Timberwolves,Kirilenko Free Throw 1 of 2 (3 PTS),4:34
http://stats.nba.com/cvp.html?GameID=0021200473&GameEventID=58,1,,Utah Jazz,SUB: Hayward FOR Foye,4:34
http://stats.nba.com/cvp.html?GameID=0021200473&GameEventID=59,1,[ 13 - 17 ],Minnesota Timberwolves,Kirilenko Free Throw 2 of 2 (4 PTS),4:34
http://stats.nba.com/cvp.html?GameID=0021200473&GameEventID=61,1,,Minnesota Timberwolves,Shved P.FOUL (P1.T2),4:23
http://stats.nba.com/cvp.html?GameID=0021200473&GameEventID=62,1,,Utah Jazz,MISS Hayward 8' Jump Shot,4:14
http://stats.nba.com/cvp.html?GameID=0021200473&GameEventID=63,1,,Minnesota Timberwolves,Kirilenko REBOUND (Off:1 Def:2),4:13
http://stats.nba.com/cvp.html?GameID=0021200473&GameEventID=64,1,,Utah Jazz,Jefferson BLOCK (1 BLK),4:05
http://stats.nba.com/cvp.html?GameID=0021200473&GameEventID=64,1,,Minnesota Timberwolves,MISS Pekovic 7' Jump Shot,4:05
http://stats.nba.com/cvp.html?GameID=0021200473&GameEventID=65,1,,Minnesota Timberwolves,Kirilenko REBOUND (Off:2 Def:2),4:04
http://stats.nba.com/cvp.html?GameID=0021200473&GameEventID=66,1,[ 15 - 17 ],Minnesota Timberwolves,Kirilenko 1' Dunk (6 PTS) (Love 2 AST),4:00
http://stats.nba.com/cvp.html?GameID=0021200473&GameEventID=67,1,[ 15 - 19 ],Utah Jazz,Tinsley 8' Jump Shot (6 PTS),3:49
http://stats.nba.com/cvp.html?GameID=0021200473&GameEventID=68,1,[ 18 - 19 ],Minnesota Timberwolves,Shved 25' 3PT Jump Shot (4 PTS) (Love 3 AST),3:35
http://stats.nba.com/cvp.html?GameID=0021200473&GameEventID=69,1,,Utah Jazz,MISS Williams 21' Jump Shot,3:20
http://stats.nba.com/cvp.html?GameID=0021200473&GameEventID=70,1,,Minnesota Timberwolves,Ridnour REBOUND (Off:0 Def:1),3:19
http://stats.nba.com/cvp.html?GameID=0021200473&GameEventID=71,1,,Minnesota Timberwolves,MISS Ridnour 20' Jump Shot,3:12
http://stats.nba.com/cvp.html?GameID=0021200473&GameEventID=72,1,,Utah Jazz,Tinsley REBOUND (Off:0 Def:3),3:10
http://stats.nba.com/cvp.html?GameID=0021200473&GameEventID=73,1,,Minnesota Timberwolves,SUB: Barea FOR Ridnour,3:06
http://stats.nba.com/cvp.html?GameID=0021200473&GameEventID=74,1,[ 18 - 21 ],Utah Jazz,Jefferson 21' Jump Shot (4 PTS) (Favors 1 AST),2:57
http://stats.nba.com/cvp.html?GameID=0021200473&GameEventID=75,1,,Utah Jazz,Tinsley P.FOUL (P2.T4),2:43
http://stats.nba.com/cvp.html?GameID=0021200473&GameEventID=76,1,,Minnesota Timberwolves,Timberwolves Timeout: Regular (Reg.1 Short 0),2:43
http://stats.nba.com/cvp.html?GameID=0021200473&GameEventID=78,1,,Utah Jazz,SUB: Watson FOR Tinsley,2:43
http://stats.nba.com/cvp.html?GameID=0021200473&GameEventID=79,1,,Utah Jazz,SUB: Carroll FOR Williams,2:43
http://stats.nba.com/cvp.html?GameID=0021200473&GameEventID=80,1,,Minnesota Timberwolves,Timberwolves Turnover: Shot Clock (T#2),2:28
http://stats.nba.com/cvp.html?GameID=0021200473&GameEventID=81,1,,Utah Jazz,MISS Favors 2' Reverse Layup,2:10
http://stats.nba.com/cvp.html?GameID=0021200473&GameEventID=82,1,,Minnesota Timberwolves,Love REBOUND (Off:0 Def:3),2:09
http://stats.nba.com/cvp.html?GameID=0021200473&GameEventID=83,1,[ 20 - 21 ],Minnesota Timberwolves,Pekovic 2' Hook Shot (6 PTS) (Barea 1 AST),2:01
http://stats.nba.com/cvp.html?GameID=0021200473&GameEventID=84,1,,Utah Jazz,MISS Hayward 3' Layup,1:41
http://stats.nba.com/cvp.html?GameID=0021200473&GameEventID=84,1,,Minnesota Timberwolves,Kirilenko BLOCK (1 BLK),1:41
http://stats.nba.com/cvp.html?GameID=0021200473&GameEventID=85,1,,Minnesota Timberwolves,Kirilenko REBOUND (Off:2 Def:3),1:39
http://stats.nba.com/cvp.html?GameID=0021200473&GameEventID=86,1,[ 22 - 21 ],Minnesota Timberwolves,Love 3' Layup (4 PTS) (Shved 1 AST),1:33
http://stats.nba.com/cvp.html?GameID=0021200473&GameEventID=87,1,,Utah Jazz,MISS Carroll 10' Jump Shot,1:07
http://stats.nba.com/cvp.html?GameID=0021200473&GameEventID=87,1,,Minnesota Timberwolves,Kirilenko BLOCK (2 BLK),1:07
http://stats.nba.com/cvp.html?GameID=0021200473&GameEventID=88,1,,Utah Jazz,Carroll REBOUND (Off:1 Def:0),1:07
http://stats.nba.com/cvp.html?GameID=0021200473&GameEventID=89,1,,Utah Jazz,MISS Carroll 4' Jump Shot,1:07
http://stats.nba.com/cvp.html?GameID=0021200473&GameEventID=89,1,,Minnesota Timberwolves,Love BLOCK (1 BLK),1:07
http://stats.nba.com/cvp.html?GameID=0021200473&GameEventID=90,1,,Minnesota Timberwolves,Timberwolves Rebound,1:07
http://stats.nba.com/cvp.html?GameID=0021200473&GameEventID=91,1,,Minnesota Timberwolves,SUB: Stiemsma FOR Pekovic,1:07
http://stats.nba.com/cvp.html?GameID=0021200473&GameEventID=92,1,,Minnesota Timberwolves,SUB: Cunningham FOR Kirilenko,1:07
http://stats.nba.com/cvp.html?GameID=0021200473&GameEventID=93,1,,Utah Jazz,SUB: Kanter FOR Jefferson,1:07
http://stats.nba.com/cvp.html?GameID=0021200473&GameEventID=94,1,,Minnesota Timberwolves,MISS Love 24' 3PT Jump Shot,0:56
http://stats.nba.com/cvp.html?GameID=0021200473&GameEventID=95,1,,Utah Jazz,Carroll REBOUND (Off:1 Def:1),0:53
http://stats.nba.com/cvp.html?GameID=0021200473&GameEventID=96,1,[ 22 - 23 ],Utah Jazz,Favors 1' Slam Dunk (2 PTS) (Watson 1 AST),0:45
http://stats.nba.com/cvp.html?GameID=0021200473&GameEventID=97,1,[ 24 - 23 ],Minnesota Timberwolves,Stiemsma 18' Jump Shot (2 PTS) (Barea 2 AST),0:32
http://stats.nba.com/cvp.html?GameID=0021200473&GameEventID=98,1,,Utah Jazz,MISS Hayward 19' Jump Shot,0:27
http://stats.nba.com/cvp.html?GameID=0021200473&GameEventID=99,1,,Utah Jazz,Carroll REBOUND (Off:2 Def:1),0:25
http://stats.nba.com/cvp.html?GameID=0021200473&GameEventID=100,1,,Utah Jazz,Hayward Traveling Turnover (P1.T1),0:04
http://stats.nba.com/cvp.html?GameID=0021200473&GameEventID=101,1,,Minnesota Timberwolves,MISS Shved 34' 3PT Jump Shot,0:00
http://stats.nba.com/cvp.html?GameID=0021200473&GameEventID=102,1,,Minnesota Timberwolves,Timberwolves Rebound,0:00
http://stats.nba.com/cvp.html?GameID=0021200473&GameEventID=107,2,[ 24 - 26 ],Utah Jazz,Hayward 24' 3PT Jump Shot (3 PTS) (Watson 2 AST),11:45
http://stats.nba.com/cvp.html?GameID=0021200473&GameEventID=108,2,,Utah Jazz,Favors BLOCK (1 BLK),11:23
http://stats.nba.com/cvp.html?GameID=0021200473&GameEventID=108,2,,Minnesota Timberwolves,MISS Barea 3' Jump Shot,11:23
http://stats.nba.com/cvp.html?GameID=0021200473&GameEventID=109,2,,Minnesota Timberwolves,Williams REBOUND (Off:1 Def:0),11:21
http://stats.nba.com/cvp.html?GameID=0021200473&GameEventID=110,2,,Utah Jazz,Kanter S.FOUL (P1.T1),11:20
http://stats.nba.com/cvp.html?GameID=0021200473&GameEventID=111,2,[ 25 - 26 ],Minnesota Timberwolves,Williams Free Throw 1 of 2 (1 PTS),11:20
http://stats.nba.com/cvp.html?GameID=0021200473&GameEventID=113,2,[ 26 - 26 ],Minnesota Timberwolves,Williams Free Throw 2 of 2 (2 PTS),11:20
http://stats.nba.com/cvp.html?GameID=0021200473&GameEventID=115,2,,Utah Jazz,MISS Carroll 19' Jump Shot,11:06
http://stats.nba.com/cvp.html?GameID=0021200473&GameEventID=116,2,,Utah Jazz,Favors REBOUND (Off:2 Def:0),11:05
http://stats.nba.com/cvp.html?GameID=0021200473&GameEventID=117,2,,Minnesota Timberwolves,Williams P.FOUL (P1.T1),11:05
http://stats.nba.com/cvp.html?GameID=0021200473&GameEventID=118,2,[ 26 - 28 ],Utah Jazz,Kanter 16' Jump Shot (2 PTS) (Watson 3 AST),10:56
http://stats.nba.com/cvp.html?GameID=0021200473&GameEventID=119,2,,Minnesota Timberwolves,MISS Barea 23' Jump Shot,10:47
http://stats.nba.com/cvp.html?GameID=0021200473&GameEventID=120,2,,Utah Jazz,Carroll REBOUND (Off:2 Def:2),10:45
http://stats.nba.com/cvp.html?GameID=0021200473&GameEventID=121,2,[ 26 - 30 ],Utah Jazz,Favors 2' Layup (4 PTS),10:25
http://stats.nba.com/cvp.html?GameID=0021200473&GameEventID=122,2,,Minnesota Timberwolves,MISS Cunningham 16' Jump Shot,10:00
http://stats.nba.com/cvp.html?GameID=0021200473&GameEventID=123,2,,Utah Jazz,Favors REBOUND (Off:2 Def:1),9:59
http://stats.nba.com/cvp.html?GameID=0021200473&GameEventID=124,2,,Utah Jazz,MISS Carroll 22' Jump Shot,9:51
http://stats.nba.com/cvp.html?GameID=0021200473&GameEventID=125,2,,Minnesota Timberwolves,Barea REBOUND (Off:0 Def:1),9:49
http://stats.nba.com/cvp.html?GameID=0021200473&GameEventID=126,2,,Minnesota Timberwolves,MISS Cunningham 17' Jump Shot,9:41
http://stats.nba.com/cvp.html?GameID=0021200473&GameEventID=127,2,,Utah Jazz,Hayward REBOUND (Off:0 Def:1),9:40
http://stats.nba.com/cvp.html?GameID=0021200473&GameEventID=128,2,,Utah Jazz,MISS Watson 3' Jump Shot,9:32
http://stats.nba.com/cvp.html?GameID=0021200473&GameEventID=129,2,,Minnesota Timberwolves,Cunningham REBOUND (Off:0 Def:1),9:32
http://stats.nba.com/cvp.html?GameID=0021200473&GameEventID=130,2,,Minnesota Timberwolves,MISS Barea 15' Jump Shot,9:22
http://stats.nba.com/cvp.html?GameID=0021200473&GameEventID=131,2,,Utah Jazz,Favors REBOUND (Off:2 Def:2),9:21
http://stats.nba.com/cvp.html?GameID=0021200473&GameEventID=132,2,[ 26 - 32 ],Utah Jazz,Kanter 1' Slam Dunk (4 PTS) (Watson 4 AST),9:17
http://stats.nba.com/cvp.html?GameID=0021200473&GameEventID=133,2,,Minnesota Timberwolves,Timberwolves Timeout: Regular (Reg.2 Short 0),9:07
http://stats.nba.com/cvp.html?GameID=0021200473&GameEventID=135,2,[ 28 - 32 ],Minnesota Timberwolves,Shved 18' Jump Shot (6 PTS),8:55
http://stats.nba.com/cvp.html?GameID=0021200473&GameEventID=136,2,[ 28 - 34 ],Utah Jazz,Hayward 2' Alley Oop Dunk (5 PTS) (Watson 5 AST),8:35
http://stats.nba.com/cvp.html?GameID=0021200473&GameEventID=137,2,,Utah Jazz,Watson P.FOUL (P1.T2),8:17
http://stats.nba.com/cvp.html?GameID=0021200473&GameEventID=138,2,,Utah Jazz,SUB: Millsap FOR Favors,8:17
http://stats.nba.com/cvp.html?GameID=0021200473&GameEventID=139,2,,Utah Jazz,Kanter STEAL (1 STL),8:16
http://stats.nba.com/cvp.html?GameID=0021200473&GameEventID=139,2,,Minnesota Timberwolves,Williams Bad Pass Turnover (P1.T3),8:16
http://stats.nba.com/cvp.html?GameID=0021200473&GameEventID=140,2,[ 28 - 36 ],Utah Jazz,Kanter 1' Dunk (6 PTS),8:12
http://stats.nba.com/cvp.html?GameID=0021200473&GameEventID=141,2,,Utah Jazz,Carroll BLOCK (1 BLK),7:50
http://stats.nba.com/cvp.html?GameID=0021200473&GameEventID=141,2,,Minnesota Timberwolves,MISS Barea 2' Layup,7:50
http://stats.nba.com/cvp.html?GameID=0021200473&GameEventID=142,2,,Utah Jazz,Kanter REBOUND (Off:0 Def:1),7:48
http://stats.nba.com/cvp.html?GameID=0021200473&GameEventID=143,2,,Minnesota Timberwolves,Stiemsma S.FOUL (P1.T2),7:44
http://stats.nba.com/cvp.html?GameID=0021200473&GameEventID=144,2,[ 28 - 37 ],Utah Jazz,Kanter Free Throw 1 of 2 (7 PTS),7:44
http://stats.nba.com/cvp.html?GameID=0021200473&GameEventID=145,2,,Minnesota Timberwolves,SUB: Kirilenko FOR Shved,7:44
http://stats.nba.com/cvp.html?GameID=0021200473&GameEventID=146,2,,Minnesota Timberwolves,SUB: Pekovic FOR Stiemsma,7:44
http://stats.nba.com/cvp.html?GameID=0021200473&GameEventID=147,2,[ 28 - 38 ],Utah Jazz,Kanter Free Throw 2 of 2 (8 PTS),7:44
http://stats.nba.com/cvp.html?GameID=0021200473&GameEventID=149,2,,Utah Jazz,Kanter P.FOUL (P2.T3),7:36
http://stats.nba.com/cvp.html?GameID=0021200473&GameEventID=150,2,[ 30 - 38 ],Minnesota Timberwolves,Cunningham 20' Jump Shot (2 PTS) (Barea 3 AST),7:25
http://stats.nba.com/cvp.html?GameID=0021200473&GameEventID=151,2,,Utah Jazz,MISS Hayward 25' 3PT Jump Shot,7:15
http://stats.nba.com/cvp.html?GameID=0021200473&GameEventID=152,2,,Minnesota Timberwolves,Williams REBOUND (Off:1 Def:1),7:14
http://stats.nba.com/cvp.html?GameID=0021200473&GameEventID=153,2,,Minnesota Timberwolves,MISS Williams 23' Jump Shot,7:05
http://stats.nba.com/cvp.html?GameID=0021200473&GameEventID=154,2,,Utah Jazz,Kanter REBOUND (Off:0 Def:2),7:03
http://stats.nba.com/cvp.html?GameID=0021200473&GameEventID=155,2,,Utah Jazz,Millsap Lost Ball Turnover (P1.T2),6:56
http://stats.nba.com/cvp.html?GameID=0021200473&GameEventID=155,2,,Minnesota Timberwolves,Williams STEAL (1 STL),6:56
http://stats.nba.com/cvp.html?GameID=0021200473&GameEventID=156,2,,Minnesota Timberwolves,MISS Williams 2' Layup,6:50
http://stats.nba.com/cvp.html?GameID=0021200473&GameEventID=157,2,,Utah Jazz,Watson REBOUND (Off:0 Def:1),6:49
http://stats.nba.com/cvp.html?GameID=0021200473&GameEventID=158,2,[ 30 - 40 ],Utah Jazz,Hayward 1' Dunk (7 PTS) (Kanter 1 AST),6:44
http://stats.nba.com/cvp.html?GameID=0021200473&GameEventID=159,2,[ 32 - 40 ],Minnesota Timberwolves,Cunningham 19' Jump Shot (4 PTS) (Barea 4 AST),6:28
http://stats.nba.com/cvp.html?GameID=0021200473&GameEventID=160,2,,Utah Jazz,Kanter OFF.Foul (P3),6:11
http://stats.nba.com/cvp.html?GameID=0021200473&GameEventID=161,2,,Utah Jazz,Kanter Foul Turnover (P1.T3),6:11
http://stats.nba.com/cvp.html?GameID=0021200473&GameEventID=162,2,,Minnesota Timberwolves,SUB: Love FOR Williams,6:11
http://stats.nba.com/cvp.html?GameID=0021200473&GameEventID=163,2,,Utah Jazz,SUB: Jefferson FOR Kanter,6:11
http://stats.nba.com/cvp.html?GameID=0021200473&GameEventID=164,2,,Utah Jazz,SUB: Williams FOR Carroll,6:11
http://stats.nba.com/cvp.html?GameID=0021200473&GameEventID=165,2,[ 34 - 40 ],Minnesota Timberwolves,Barea 1' Layup (2 PTS),6:01
http://stats.nba.com/cvp.html?GameID=0021200473&GameEventID=166,2,,Utah Jazz,MISS Jefferson 12' Jump Shot,5:39
http://stats.nba.com/cvp.html?GameID=0021200473&GameEventID=167,2,,Minnesota Timberwolves,Cunningham REBOUND (Off:0 Def:2),5:37
http://stats.nba.com/cvp.html?GameID=0021200473&GameEventID=168,2,,Utah Jazz,Millsap P.FOUL (P1.T4),5:28
http://stats.nba.com/cvp.html?GameID=0021200473&GameEventID=171,2,,Utah Jazz,SUB: Foye FOR Hayward,5:28
http://stats.nba.com/cvp.html?GameID=0021200473&GameEventID=172,2,,Utah Jazz,SUB: Tinsley FOR Watson,5:28
http://stats.nba.com/cvp.html?GameID=0021200473&GameEventID=173,2,,Minnesota Timberwolves,MISS Cunningham 24' 3PT Jump Shot,5:12
http://stats.nba.com/cvp.html?GameID=0021200473&GameEventID=174,2,,Utah Jazz,Tinsley REBOUND (Off:0 Def:4),5:11
http://stats.nba.com/cvp.html?GameID=0021200473&GameEventID=175,2,,Utah Jazz,MISS Foye 25' 3PT Jump Shot,4:50
http://stats.nba.com/cvp.html?GameID=0021200473&GameEventID=176,2,,Minnesota Timberwolves,Cunningham REBOUND (Off:0 Def:3),4:49
http://stats.nba.com/cvp.html?GameID=0021200473&GameEventID=177,2,,Utah Jazz,Jefferson BLOCK (2 BLK),4:36
http://stats.nba.com/cvp.html?GameID=0021200473&GameEventID=177,2,,Minnesota Timberwolves,MISS Love 4' Jump Shot,4:36
http://stats.nba.com/cvp.html?GameID=0021200473&GameEventID=178,2,,Minnesota Timberwolves,Love REBOUND (Off:1 Def:3),4:34
http://stats.nba.com/cvp.html?GameID=0021200473&GameEventID=179,2,,Utah Jazz,Jefferson BLOCK (3 BLK),4:33
http://stats.nba.com/cvp.html?GameID=0021200473&GameEventID=179,2,,Minnesota Timberwolves,MISS Love 4' Jump Shot,4:33
http://stats.nba.com/cvp.html?GameID=0021200473&GameEventID=180,2,,Minnesota Timberwolves,Pekovic REBOUND (Off:1 Def:1),4:33
http://stats.nba.com/cvp.html?GameID=0021200473&GameEventID=181,2,,Utah Jazz,Jefferson S.FOUL (P1.PN),4:33
http://stats.nba.com/cvp.html?GameID=0021200473&GameEventID=182,2,,Minnesota Timberwolves,MISS Pekovic Free Throw 1 of 2,4:33
http://stats.nba.com/cvp.html?GameID=0021200473&GameEventID=183,2,,Minnesota Timberwolves,Timberwolves Rebound,4:33
http://stats.nba.com/cvp.html?GameID=0021200473&GameEventID=184,2,,Minnesota Timberwolves,SUB: Ridnour FOR Cunningham,4:33
http://stats.nba.com/cvp.html?GameID=0021200473&GameEventID=185,2,[ 35 - 40 ],Minnesota Timberwolves,Pekovic Free Throw 2 of 2 (7 PTS),4:33
http://stats.nba.com/cvp.html?GameID=0021200473&GameEventID=187,2,[ 35 - 42 ],Utah Jazz,Williams 3' Jump Shot (7 PTS) (Millsap 1 AST),4:21
http://stats.nba.com/cvp.html?GameID=0021200473&GameEventID=188,2,,Utah Jazz,Foye S.FOUL (P2.PN),4:05
http://stats.nba.com/cvp.html?GameID=0021200473&GameEventID=189,2,[ 36 - 42 ],Minnesota Timberwolves,Barea Free Throw 1 of 2 (3 PTS),4:05
http://stats.nba.com/cvp.html?GameID=0021200473&GameEventID=191,2,[ 37 - 42 ],Minnesota Timberwolves,Barea Free Throw 2 of 2 (4 PTS),4:05
http://stats.nba.com/cvp.html?GameID=0021200473&GameEventID=193,2,[ 37 - 44 ],Utah Jazz,Tinsley 3' Layup (8 PTS),3:46
http://stats.nba.com/cvp.html?GameID=0021200473&GameEventID=194,2,,Minnesota Timberwolves,MISS Love 25' 3PT Jump Shot,3:32
http://stats.nba.com/cvp.html?GameID=0021200473&GameEventID=195,2,,Minnesota Timberwolves,Pekovic REBOUND (Off:2 Def:1),3:30
http://stats.nba.com/cvp.html?GameID=0021200473&GameEventID=196,2,,Utah Jazz,Williams S.FOUL (P1.PN),3:30
http://stats.nba.com/cvp.html?GameID=0021200473&GameEventID=197,2,[ 38 - 44 ],Minnesota Timberwolves,Pekovic Free Throw 1 of 2 (8 PTS),3:30
http://stats.nba.com/cvp.html?GameID=0021200473&GameEventID=199,2,[ 39 - 44 ],Minnesota Timberwolves,Pekovic Free Throw 2 of 2 (9 PTS),3:30
http://stats.nba.com/cvp.html?GameID=0021200473&GameEventID=201,2,[ 39 - 46 ],Utah Jazz,Jefferson 18' Jump Shot (6 PTS),3:09
http://stats.nba.com/cvp.html?GameID=0021200473&GameEventID=202,2,[ 41 - 46 ],Minnesota Timberwolves,Kirilenko 20' Jump Shot (8 PTS) (Ridnour 1 AST),2:51
http://stats.nba.com/cvp.html?GameID=0021200473&GameEventID=203,2,[ 41 - 48 ],Utah Jazz,Williams 21' Jump Shot (9 PTS) (Millsap 2 AST),2:33
http://stats.nba.com/cvp.html?GameID=0021200473&GameEventID=204,2,,Utah Jazz,Williams STEAL (1 STL),2:21
http://stats.nba.com/cvp.html?GameID=0021200473&GameEventID=204,2,,Minnesota Timberwolves,Barea Bad Pass Turnover (P1.T4),2:21
http://stats.nba.com/cvp.html?GameID=0021200473&GameEventID=205,2,[ 41 - 50 ],Utah Jazz,Tinsley 3' Jump Shot (10 PTS) (Williams 2 AST),2:15
http://stats.nba.com/cvp.html?GameID=0021200473&GameEventID=206,2,,Minnesota Timberwolves,MISS Love 22' Jump Shot,1:59
http://stats.nba.com/cvp.html?GameID=0021200473&GameEventID=207,2,,Minnesota Timberwolves,Kirilenko REBOUND (Off:3 Def:3),1:58
http://stats.nba.com/cvp.html?GameID=0021200473&GameEventID=208,2,,Utah Jazz,Williams BLOCK (1 BLK),1:56
http://stats.nba.com/cvp.html?GameID=0021200473&GameEventID=208,2,,Minnesota Timberwolves,MISS Kirilenko 2' Layup,1:56
http://stats.nba.com/cvp.html?GameID=0021200473&GameEventID=209,2,,Utah Jazz,Tinsley REBOUND (Off:0 Def:5),1:55
http://stats.nba.com/cvp.html?GameID=0021200473&GameEventID=210,2,,Utah Jazz,Jefferson Poss Lost Ball Turnover (P1.T4),1:52
http://stats.nba.com/cvp.html?GameID=0021200473&GameEventID=211,2,,Utah Jazz,JAZZ Timeout: Regular (Full 2 Short 0),1:52
http://stats.nba.com/cvp.html?GameID=0021200473&GameEventID=213,2,,Minnesota Timberwolves,SUB: Shved FOR Barea,1:52
http://stats.nba.com/cvp.html?GameID=0021200473&GameEventID=214,2,,Minnesota Timberwolves,MISS Shved 32' 3PT Jump Shot,1:26
http://stats.nba.com/cvp.html?GameID=0021200473&GameEventID=215,2,,Utah Jazz,JAZZ Rebound,1:25
http://stats.nba.com/cvp.html?GameID=0021200473&GameEventID=216,2,,Utah Jazz,Millsap Lost Ball Turnover (P2.T5),1:09
http://stats.nba.com/cvp.html?GameID=0021200473&GameEventID=216,2,,Minnesota Timberwolves,Love STEAL (1 STL),1:09
http://stats.nba.com/cvp.html?GameID=0021200473&GameEventID=217,2,[ 43 - 50 ],Minnesota Timberwolves,Pekovic 2' Dunk (11 PTS) (Ridnour 2 AST),1:04
http://stats.nba.com/cvp.html?GameID=0021200473&GameEventID=218,2,,Utah Jazz,MISS Williams  3PT Jump Shot,0:45
http://stats.nba.com/cvp.html?GameID=0021200473&GameEventID=219,2,,Minnesota Timberwolves,Ridnour REBOUND (Off:0 Def:2),0:44
http://stats.nba.com/cvp.html?GameID=0021200473&GameEventID=220,2,,Utah Jazz,Millsap STEAL (2 STL),0:36
http://stats.nba.com/cvp.html?GameID=0021200473&GameEventID=220,2,,Minnesota Timberwolves,Ridnour Bad Pass Turnover (P1.T5),0:36
http://stats.nba.com/cvp.html?GameID=0021200473&GameEventID=221,2,,Minnesota Timberwolves,Ridnour S.FOUL (P1.T3),0:33
http://stats.nba.com/cvp.html?GameID=0021200473&GameEventID=222,2,,Utah Jazz,MISS Foye Free Throw 1 of 2,0:33
http://stats.nba.com/cvp.html?GameID=0021200473&GameEventID=223,2,,Utah Jazz,JAZZ Rebound,0:33
http://stats.nba.com/cvp.html?GameID=0021200473&GameEventID=224,2,[ 43 - 51 ],Utah Jazz,Foye Free Throw 2 of 2 (1 PTS),0:33
http://stats.nba.com/cvp.html?GameID=0021200473&GameEventID=226,2,[ 45 - 51 ],Minnesota Timberwolves,Ridnour 3' Driving Layup (4 PTS),0:15
http://stats.nba.com/cvp.html?GameID=0021200473&GameEventID=227,2,[ 45 - 53 ],Utah Jazz,Jefferson 9' Jump Shot (8 PTS),0:00
http://stats.nba.com/cvp.html?GameID=0021200473&GameEventID=228,2,,Minnesota Timberwolves,MISS Kirilenko 31' 3PT Jump Shot,0:00
http://stats.nba.com/cvp.html?GameID=0021200473&GameEventID=229,2,,Minnesota Timberwolves,Timberwolves Rebound,0:00
http://stats.nba.com/cvp.html?GameID=0021200473&GameEventID=234,3,[ 45 - 55 ],Utah Jazz,Foye 1' Reverse Layup (3 PTS) (Tinsley 2 AST),11:38
http://stats.nba.com/cvp.html?GameID=0021200473&GameEventID=235,3,,Minnesota Timberwolves,MISS Kirilenko 21' Jump Shot,11:18
http://stats.nba.com/cvp.html?GameID=0021200473&GameEventID=236,3,,Utah Jazz,Foye REBOUND (Off:0 Def:1),11:17
http://stats.nba.com/cvp.html?GameID=0021200473&GameEventID=237,3,[ 45 - 57 ],Utah Jazz,Millsap 18' Jump Shot (8 PTS),11:02
http://stats.nba.com/cvp.html?GameID=0021200473&GameEventID=238,3,,Utah Jazz,Jefferson P.FOUL (P2.T1),10:46
http://stats.nba.com/cvp.html?GameID=0021200473&GameEventID=239,3,,Minnesota Timberwolves,Love Poss Lost Ball Turnover (P1.T6),10:36
http://stats.nba.com/cvp.html?GameID=0021200473&GameEventID=240,3,,Utah Jazz,MISS Tinsley 24' 3PT Jump Shot,10:10
http://stats.nba.com/cvp.html?GameID=0021200473&GameEventID=241,3,,Minnesota Timberwolves,Love REBOUND (Off:1 Def:4),10:08
http://stats.nba.com/cvp.html?GameID=0021200473&GameEventID=242,3,,Minnesota Timberwolves,MISS Shved 14' Jump Shot,9:48
http://stats.nba.com/cvp.html?GameID=0021200473&GameEventID=243,3,,Utah Jazz,Jefferson REBOUND (Off:0 Def:2),9:47
http://stats.nba.com/cvp.html?GameID=0021200473&GameEventID=244,3,,Utah Jazz,MISS Jefferson 17' Jump Shot,9:35
http://stats.nba.com/cvp.html?GameID=0021200473&GameEventID=245,3,,Minnesota Timberwolves,Shved REBOUND (Off:0 Def:1),9:34
http://stats.nba.com/cvp.html?GameID=0021200473&GameEventID=246,3,,Minnesota Timberwolves,MISS Love 24' 3PT Jump Shot,9:19
http://stats.nba.com/cvp.html?GameID=0021200473&GameEventID=247,3,,Utah Jazz,Jefferson REBOUND (Off:0 Def:3),9:18
http://stats.nba.com/cvp.html?GameID=0021200473&GameEventID=248,3,[ 45 - 59 ],Utah Jazz,Tinsley 24' Jump Shot (12 PTS),9:02
http://stats.nba.com/cvp.html?GameID=0021200473&GameEventID=249,3,,Minnesota Timberwolves,MISS Ridnour 6' Jump Shot,8:44
http://stats.nba.com/cvp.html?GameID=0021200473&GameEventID=250,3,,Minnesota Timberwolves,Love REBOUND (Off:2 Def:4),8:43
http://stats.nba.com/cvp.html?GameID=0021200473&GameEventID=251,3,,Utah Jazz,Jefferson BLOCK (4 BLK),8:41
http://stats.nba.com/cvp.html?GameID=0021200473&GameEventID=251,3,,Minnesota Timberwolves,MISS Love 5' Jump Shot,8:41
http://stats.nba.com/cvp.html?GameID=0021200473&GameEventID=252,3,,Utah Jazz,Tinsley REBOUND (Off:0 Def:6),8:38
http://stats.nba.com/cvp.html?GameID=0021200473&GameEventID=253,3,,Minnesota Timberwolves,Kirilenko S.FOUL (P1.T1),8:36
http://stats.nba.com/cvp.html?GameID=0021200473&GameEventID=254,3,,Minnesota Timberwolves,Timberwolves Timeout: Regular (Reg.3 Short 0),8:36
http://stats.nba.com/cvp.html?GameID=0021200473&GameEventID=256,3,[ 45 - 60 ],Utah Jazz,Williams Free Throw 1 of 2 (10 PTS),8:36
http://stats.nba.com/cvp.html?GameID=0021200473&GameEventID=258,3,[ 45 - 61 ],Utah Jazz,Williams Free Throw 2 of 2 (11 PTS),8:36
http://stats.nba.com/cvp.html?GameID=0021200473&GameEventID=260,3,,Minnesota Timberwolves,MISS Ridnour 18' Jump Shot,8:16
http://stats.nba.com/cvp.html?GameID=0021200473&GameEventID=261,3,,Minnesota Timberwolves,Pekovic REBOUND (Off:3 Def:1),8:16
http://stats.nba.com/cvp.html?GameID=0021200473&GameEventID=262,3,,Utah Jazz,Williams BLOCK (2 BLK),8:13
http://stats.nba.com/cvp.html?GameID=0021200473&GameEventID=262,3,,Minnesota Timberwolves,MISS Pekovic 3' Jump Shot,8:13
http://stats.nba.com/cvp.html?GameID=0021200473&GameEventID=263,3,,Utah Jazz,Williams REBOUND (Off:0 Def:2),8:10
http://stats.nba.com/cvp.html?GameID=0021200473&GameEventID=264,3,,Minnesota Timberwolves,Love P.FOUL (P1.T2),8:02
http://stats.nba.com/cvp.html?GameID=0021200473&GameEventID=265,3,,Minnesota Timberwolves,Love T.FOUL (P1.T2),8:02
http://stats.nba.com/cvp.html?GameID=0021200473&GameEventID=266,3,[ 45 - 62 ],Utah Jazz,Foye Free Throw Technical (4 PTS),8:02
http://stats.nba.com/cvp.html?GameID=0021200473&GameEventID=268,3,,Utah Jazz,MISS Williams 3' Running Jump Shot,7:54
http://stats.nba.com/cvp.html?GameID=0021200473&GameEventID=269,3,,Utah Jazz,Williams REBOUND (Off:1 Def:2),7:53
http://stats.nba.com/cvp.html?GameID=0021200473&GameEventID=270,3,,Utah Jazz,MISS Williams 3' Layup,7:52
http://stats.nba.com/cvp.html?GameID=0021200473&GameEventID=270,3,,Minnesota Timberwolves,Pekovic BLOCK (3 BLK),7:52
http://stats.nba.com/cvp.html?GameID=0021200473&GameEventID=271,3,,Minnesota Timberwolves,Shved REBOUND (Off:0 Def:2),7:51
http://stats.nba.com/cvp.html?GameID=0021200473&GameEventID=272,3,,Minnesota Timberwolves,MISS Shved 24' 3PT Jump Shot,7:44
http://stats.nba.com/cvp.html?GameID=0021200473&GameEventID=273,3,,Utah Jazz,Williams REBOUND (Off:1 Def:3),7:43
http://stats.nba.com/cvp.html?GameID=0021200473&GameEventID=274,3,[ 45 - 64 ],Utah Jazz,Millsap 10' Fadeaway Jumper (10 PTS),7:27
http://stats.nba.com/cvp.html?GameID=0021200473&GameEventID=275,3,,Minnesota Timberwolves,MISS Ridnour 13' Jump Shot,7:14
http://stats.nba.com/cvp.html?GameID=0021200473&GameEventID=276,3,,Minnesota Timberwolves,Love REBOUND (Off:3 Def:4),7:13
http://stats.nba.com/cvp.html?GameID=0021200473&GameEventID=277,3,[ 47 - 64 ],Minnesota Timberwolves,Love 12' Jump Shot (6 PTS),7:11
http://stats.nba.com/cvp.html?GameID=0021200473&GameEventID=278,3,,Utah Jazz,Millsap S.FOUL (P2.T2),7:11
http://stats.nba.com/cvp.html?GameID=0021200473&GameEventID=279,3,[ 48 - 64 ],Minnesota Timberwolves,Love Free Throw 1 of 1 (7 PTS),7:11
http://stats.nba.com/cvp.html?GameID=0021200473&GameEventID=281,3,[ 48 - 66 ],Utah Jazz,Jefferson 19' Jump Shot (10 PTS) (Tinsley 3 AST),6:57
http://stats.nba.com/cvp.html?GameID=0021200473&GameEventID=282,3,[ 50 - 66 ],Minnesota Timberwolves,Ridnour 2' Alley Oop Layup (6 PTS) (Kirilenko 2 AST),6:48
http://stats.nba.com/cvp.html?GameID=0021200473&GameEventID=283,3,[ 50 - 68 ],Utah Jazz,Millsap 16' Step Back Jump Shot (12 PTS),6:23
http://stats.nba.com/cvp.html?GameID=0021200473&GameEventID=284,3,,Utah Jazz,Jefferson STEAL (1 STL),6:11
http://stats.nba.com/cvp.html?GameID=0021200473&GameEventID=284,3,,Minnesota Timberwolves,Pekovic Lost Ball Turnover (P1.T7),6:11
http://stats.nba.com/cvp.html?GameID=0021200473&GameEventID=285,3,[ 50 - 70 ],Utah Jazz,Millsap 2' Dunk (14 PTS) (Jefferson 2 AST),6:06
http://stats.nba.com/cvp.html?GameID=0021200473&GameEventID=286,3,,Utah Jazz,Williams S.FOUL (P2.T3),5:43
http://stats.nba.com/cvp.html?GameID=0021200473&GameEventID=287,3,[ 51 - 70 ],Minnesota Timberwolves,Shved Free Throw 1 of 2 (7 PTS),5:43
http://stats.nba.com/cvp.html?GameID=0021200473&GameEventID=289,3,[ 52 - 70 ],Minnesota Timberwolves,Shved Free Throw 2 of 2 (8 PTS),5:43
http://stats.nba.com/cvp.html?GameID=0021200473&GameEventID=291,3,,Utah Jazz,Tinsley Bad Pass Turnover (P1.T6),5:18
http://stats.nba.com/cvp.html?GameID=0021200473&GameEventID=291,3,,Minnesota Timberwolves,Pekovic STEAL (1 STL),5:18
http://stats.nba.com/cvp.html?GameID=0021200473&GameEventID=292,3,,Minnesota Timberwolves,MISS Shved 24' 3PT Jump Shot,5:11
http://stats.nba.com/cvp.html?GameID=0021200473&GameEventID=293,3,,Utah Jazz,Williams REBOUND (Off:1 Def:4),5:10
http://stats.nba.com/cvp.html?GameID=0021200473&GameEventID=294,3,,Utah Jazz,MISS Jefferson 2' Layup,4:52
http://stats.nba.com/cvp.html?GameID=0021200473&GameEventID=294,3,,Minnesota Timberwolves,Pekovic BLOCK (4 BLK),4:52
http://stats.nba.com/cvp.html?GameID=0021200473&GameEventID=295,3,,Minnesota Timberwolves,Kirilenko REBOUND (Off:3 Def:4),4:51
http://stats.nba.com/cvp.html?GameID=0021200473&GameEventID=296,3,,Utah Jazz,Tinsley S.FOUL (P3.T4),4:49
http://stats.nba.com/cvp.html?GameID=0021200473&GameEventID=297,3,[ 53 - 70 ],Minnesota Timberwolves,Shved Free Throw 1 of 2 (9 PTS),4:49
http://stats.nba.com/cvp.html?GameID=0021200473&GameEventID=299,3,[ 54 - 70 ],Minnesota Timberwolves,Shved Free Throw 2 of 2 (10 PTS),4:49
http://stats.nba.com/cvp.html?GameID=0021200473&GameEventID=301,3,,Utah Jazz,MISS Williams 24' 3PT Jump Shot,4:39
http://stats.nba.com/cvp.html?GameID=0021200473&GameEventID=302,3,,Minnesota Timberwolves,Love REBOUND (Off:3 Def:5),4:38
http://stats.nba.com/cvp.html?GameID=0021200473&GameEventID=303,3,,Minnesota Timberwolves,MISS Pekovic 9' Hook Shot,4:21
http://stats.nba.com/cvp.html?GameID=0021200473&GameEventID=304,3,,Minnesota Timberwolves,Timberwolves Rebound,4:21
http://stats.nba.com/cvp.html?GameID=0021200473&GameEventID=305,3,,Utah Jazz,SUB: Favors FOR Millsap,4:21
http://stats.nba.com/cvp.html?GameID=0021200473&GameEventID=306,3,,Utah Jazz,SUB: Hayward FOR Foye,4:21
http://stats.nba.com/cvp.html?GameID=0021200473&GameEventID=307,3,,Minnesota Timberwolves,MISS Love 22' Jump Shot,4:18
http://stats.nba.com/cvp.html?GameID=0021200473&GameEventID=308,3,,Utah Jazz,Jefferson REBOUND (Off:0 Def:4),4:17
http://stats.nba.com/cvp.html?GameID=0021200473&GameEventID=309,3,,Utah Jazz,MISS Jefferson 17' Jump Shot,4:01
http://stats.nba.com/cvp.html?GameID=0021200473&GameEventID=310,3,,Minnesota Timberwolves,Ridnour REBOUND (Off:0 Def:3),4:01
http://stats.nba.com/cvp.html?GameID=0021200473&GameEventID=311,3,[ 56 - 70 ],Minnesota Timberwolves,Ridnour 15' Running Jump Shot (8 PTS),3:37
http://stats.nba.com/cvp.html?GameID=0021200473&GameEventID=312,3,[ 56 - 72 ],Utah Jazz,Jefferson 8' Jump Shot (12 PTS),3:16
http://stats.nba.com/cvp.html?GameID=0021200473&GameEventID=313,3,,Utah Jazz,Williams S.FOUL (P3.PN),2:59
http://stats.nba.com/cvp.html?GameID=0021200473&GameEventID=314,3,,Utah Jazz,JAZZ Timeout: Regular (Full 3 Short 0),2:59
http://stats.nba.com/cvp.html?GameID=0021200473&GameEventID=317,3,,Utah Jazz,SUB: Watson FOR Tinsley,2:59
http://stats.nba.com/cvp.html?GameID=0021200473&GameEventID=318,3,[ 57 - 72 ],Minnesota Timberwolves,Kirilenko Free Throw 1 of 2 (9 PTS),2:59
http://stats.nba.com/cvp.html?GameID=0021200473&GameEventID=320,3,[ 58 - 72 ],Minnesota Timberwolves,Kirilenko Free Throw 2 of 2 (10 PTS),2:59
http://stats.nba.com/cvp.html?GameID=0021200473&GameEventID=322,3,[ 58 - 74 ],Utah Jazz,Favors 2' Layup (6 PTS) (Williams 3 AST),2:37
http://stats.nba.com/cvp.html?GameID=0021200473&GameEventID=323,3,[ 60 - 74 ],Minnesota Timberwolves,Kirilenko 1' Driving Layup (12 PTS),2:20
http://stats.nba.com/cvp.html?GameID=0021200473&GameEventID=324,3,,Utah Jazz,MISS Hayward 23' Jump Shot,1:57
http://stats.nba.com/cvp.html?GameID=0021200473&GameEventID=325,3,,Utah Jazz,Jefferson REBOUND (Off:1 Def:4),1:55
http://stats.nba.com/cvp.html?GameID=0021200473&GameEventID=326,3,,Utah Jazz,MISS Williams 24' 3PT Jump Shot,1:44
http://stats.nba.com/cvp.html?GameID=0021200473&GameEventID=327,3,,Minnesota Timberwolves,Love REBOUND (Off:3 Def:6),1:43
http://stats.nba.com/cvp.html?GameID=0021200473&GameEventID=328,3,,Minnesota Timberwolves,MISS Shved 24' 3PT Jump Shot,1:19
http://stats.nba.com/cvp.html?GameID=0021200473&GameEventID=330,3,,Minnesota Timberwolves,Love REBOUND (Off:4 Def:6),1:17
http://stats.nba.com/cvp.html?GameID=0021200473&GameEventID=329,3,[ 62 - 74 ],Minnesota Timberwolves,Love 1' Tip Shot (9 PTS),1:17
http://stats.nba.com/cvp.html?GameID=0021200473&GameEventID=331,3,,Utah Jazz,MISS Hayward 3' Reverse Layup,0:57
http://stats.nba.com/cvp.html?GameID=0021200473&GameEventID=331,3,,Minnesota Timberwolves,Love BLOCK (2 BLK),0:57
http://stats.nba.com/cvp.html?GameID=0021200473&GameEventID=332,3,,Utah Jazz,Hayward REBOUND (Off:1 Def:1),0:56
http://stats.nba.com/cvp.html?GameID=0021200473&GameEventID=333,3,,Minnesota Timberwolves,Ridnour P.FOUL (P2.T3),0:55
http://stats.nba.com/cvp.html?GameID=0021200473&GameEventID=334,3,,Minnesota Timberwolves,SUB: Amundson FOR Pekovic,0:55
http://stats.nba.com/cvp.html?GameID=0021200473&GameEventID=335,3,,Minnesota Timberwolves,SUB: Barea FOR Ridnour,0:55
http://stats.nba.com/cvp.html?GameID=0021200473&GameEventID=336,3,,Utah Jazz,SUB: Burks FOR Williams,0:55
http://stats.nba.com/cvp.html?GameID=0021200473&GameEventID=337,3,,Utah Jazz,SUB: Kanter FOR Jefferson,0:55
http://stats.nba.com/cvp.html?GameID=0021200473&GameEventID=338,3,[ 62 - 77 ],Utah Jazz,Hayward 25' 3PT Jump Shot (10 PTS) (Watson 6 AST),0:52
http://stats.nba.com/cvp.html?GameID=0021200473&GameEventID=339,3,,Utah Jazz,Favors S.FOUL (P2.PN),0:40
http://stats.nba.com/cvp.html?GameID=0021200473&GameEventID=340,3,[ 63 - 77 ],Minnesota Timberwolves,Love Free Throw 1 of 2 (10 PTS),0:40
http://stats.nba.com/cvp.html?GameID=0021200473&GameEventID=342,3,[ 64 - 77 ],Minnesota Timberwolves,Love Free Throw 2 of 2 (11 PTS),0:40
http://stats.nba.com/cvp.html?GameID=0021200473&GameEventID=344,3,[ 64 - 79 ],Utah Jazz,Favors 2' Dunk (8 PTS) (Watson 7 AST),0:30
http://stats.nba.com/cvp.html?GameID=0021200473&GameEventID=345,3,,Utah Jazz,Favors P.FOUL (P3.PN),0:09
http://stats.nba.com/cvp.html?GameID=0021200473&GameEventID=346,3,[ 65 - 79 ],Minnesota Timberwolves,Love Free Throw 1 of 2 (12 PTS),0:09
http://stats.nba.com/cvp.html?GameID=0021200473&GameEventID=348,3,,Minnesota Timberwolves,SUB: Cunningham FOR Kirilenko,0:09
http://stats.nba.com/cvp.html?GameID=0021200473&GameEventID=349,3,[ 66 - 79 ],Minnesota Timberwolves,Love Free Throw 2 of 2 (13 PTS),0:09
http://stats.nba.com/cvp.html?GameID=0021200473&GameEventID=351,3,,Utah Jazz,MISS Watson 25' 3PT Jump Shot,0:01
http://stats.nba.com/cvp.html?GameID=0021200473&GameEventID=352,3,,Utah Jazz,Favors REBOUND (Off:3 Def:2),0:00
http://stats.nba.com/cvp.html?GameID=0021200473&GameEventID=356,4,,Utah Jazz,Favors BLOCK (2 BLK),11:44
http://stats.nba.com/cvp.html?GameID=0021200473&GameEventID=356,4,,Minnesota Timberwolves,MISS Cunningham 3' Layup,11:44
http://stats.nba.com/cvp.html?GameID=0021200473&GameEventID=357,4,,Minnesota Timberwolves,Amundson REBOUND (Off:1 Def:0),11:42
http://stats.nba.com/cvp.html?GameID=0021200473&GameEventID=358,4,,Minnesota Timberwolves,MISS Amundson 4' Jump Shot,11:41
http://stats.nba.com/cvp.html?GameID=0021200473&GameEventID=360,4,,Minnesota Timberwolves,Amundson REBOUND (Off:2 Def:0),11:39
http://stats.nba.com/cvp.html?GameID=0021200473&GameEventID=359,4,,Utah Jazz,Favors BLOCK (3 BLK),11:39
http://stats.nba.com/cvp.html?GameID=0021200473&GameEventID=359,4,,Minnesota Timberwolves,MISS Amundson 1' Layup,11:39
http://stats.nba.com/cvp.html?GameID=0021200473&GameEventID=361,4,,Utah Jazz,Burks REBOUND (Off:0 Def:1),11:37
http://stats.nba.com/cvp.html?GameID=0021200473&GameEventID=362,4,,Utah Jazz,MISS Burks 24' Jump Shot,11:18
http://stats.nba.com/cvp.html?GameID=0021200473&GameEventID=363,4,,Utah Jazz,Favors REBOUND (Off:4 Def:2),11:16
http://stats.nba.com/cvp.html?GameID=0021200473&GameEventID=364,4,,Minnesota Timberwolves,Cunningham P.FOUL (P1.T1),11:05
http://stats.nba.com/cvp.html?GameID=0021200473&GameEventID=365,4,[ 66 - 82 ],Utah Jazz,Hayward 25' 3PT Jump Shot (13 PTS) (Watson 8 AST),11:03
http://stats.nba.com/cvp.html?GameID=0021200473&GameEventID=366,4,,Utah Jazz,Watson S.FOUL (P2.T1),10:49
http://stats.nba.com/cvp.html?GameID=0021200473&GameEventID=367,4,,Minnesota Timberwolves,MISS Williams Free Throw 1 of 2,10:49
http://stats.nba.com/cvp.html?GameID=0021200473&GameEventID=368,4,,Minnesota Timberwolves,Timberwolves Rebound,10:49
http://stats.nba.com/cvp.html?GameID=0021200473&GameEventID=369,4,[ 67 - 82 ],Minnesota Timberwolves,Williams Free Throw 2 of 2 (3 PTS),10:49
http://stats.nba.com/cvp.html?GameID=0021200473&GameEventID=371,4,,Utah Jazz,Burks Offensive Charge Foul (P1.T2),10:34
http://stats.nba.com/cvp.html?GameID=0021200473&GameEventID=372,4,,Utah Jazz,Burks Foul Turnover (P1.T7),10:34
http://stats.nba.com/cvp.html?GameID=0021200473&GameEventID=373,4,,Utah Jazz,Favors Violation:Kicked Ball,10:26
http://stats.nba.com/cvp.html?GameID=0021200473&GameEventID=374,4,,Minnesota Timberwolves,MISS Ridnour  3PT Jump Shot,10:16
http://stats.nba.com/cvp.html?GameID=0021200473&GameEventID=375,4,,Utah Jazz,Kanter REBOUND (Off:0 Def:3),10:15
http://stats.nba.com/cvp.html?GameID=0021200473&GameEventID=376,4,,Utah Jazz,Favors Bad Pass Turnover (P1.T8),9:54
http://stats.nba.com/cvp.html?GameID=0021200473&GameEventID=376,4,,Minnesota Timberwolves,Cunningham STEAL (1 STL),9:54
http://stats.nba.com/cvp.html?GameID=0021200473&GameEventID=377,4,,Minnesota Timberwolves,MISS Barea 2' Layup,9:48
http://stats.nba.com/cvp.html?GameID=0021200473&GameEventID=379,4,,Minnesota Timberwolves,Amundson REBOUND (Off:3 Def:0),9:46
http://stats.nba.com/cvp.html?GameID=0021200473&GameEventID=378,4,[ 69 - 82 ],Minnesota Timberwolves,Amundson 1' Putback Dunk (2 PTS),9:46
http://stats.nba.com/cvp.html?GameID=0021200473&GameEventID=380,4,,Utah Jazz,MISS Kanter 1' Layup,9:33
http://stats.nba.com/cvp.html?GameID=0021200473&GameEventID=380,4,,Minnesota Timberwolves,Amundson BLOCK (1 BLK),9:33
http://stats.nba.com/cvp.html?GameID=0021200473&GameEventID=381,4,,Utah Jazz,JAZZ Rebound,9:33
http://stats.nba.com/cvp.html?GameID=0021200473&GameEventID=382,4,,Utah Jazz,SUB: Millsap FOR Favors,9:33
http://stats.nba.com/cvp.html?GameID=0021200473&GameEventID=383,4,,Utah Jazz,JAZZ Turnover: Shot Clock (T#9),9:22
http://stats.nba.com/cvp.html?GameID=0021200473&GameEventID=384,4,,Minnesota Timberwolves,MISS Williams  3PT Jump Shot,9:07
http://stats.nba.com/cvp.html?GameID=0021200473&GameEventID=385,4,,Utah Jazz,Kanter REBOUND (Off:0 Def:4),9:06
http://stats.nba.com/cvp.html?GameID=0021200473&GameEventID=386,4,,Minnesota Timberwolves,Ridnour S.FOUL (P3.T2),8:59
http://stats.nba.com/cvp.html?GameID=0021200473&GameEventID=389,4,[ 69 - 83 ],Utah Jazz,Burks Free Throw 1 of 2 (1 PTS),8:59
http://stats.nba.com/cvp.html?GameID=0021200473&GameEventID=391,4,[ 69 - 84 ],Utah Jazz,Burks Free Throw 2 of 2 (2 PTS),8:59
http://stats.nba.com/cvp.html?GameID=0021200473&GameEventID=393,4,[ 71 - 84 ],Minnesota Timberwolves,Amundson 2' Layup (4 PTS) (Cunningham 1 AST),8:35
http://stats.nba.com/cvp.html?GameID=0021200473&GameEventID=394,4,,Minnesota Timberwolves,Williams P.FOUL (P2.T3),8:21
http://stats.nba.com/cvp.html?GameID=0021200473&GameEventID=395,4,[ 71 - 86 ],Utah Jazz,Hayward 19' Jump Shot (15 PTS),8:15
http://stats.nba.com/cvp.html?GameID=0021200473&GameEventID=396,4,,Minnesota Timberwolves,MISS Barea 25' 3PT Jump Shot,7:59
http://stats.nba.com/cvp.html?GameID=0021200473&GameEventID=397,4,,Utah Jazz,JAZZ Rebound,7:58
http://stats.nba.com/cvp.html?GameID=0021200473&GameEventID=398,4,,Minnesota Timberwolves,Amundson S.FOUL (P1.T4),7:35
http://stats.nba.com/cvp.html?GameID=0021200473&GameEventID=399,4,[ 71 - 87 ],Utah Jazz,Hayward Free Throw 1 of 2 (16 PTS),7:35
http://stats.nba.com/cvp.html?GameID=0021200473&GameEventID=401,4,[ 71 - 88 ],Utah Jazz,Hayward Free Throw 2 of 2 (17 PTS),7:35
http://stats.nba.com/cvp.html?GameID=0021200473&GameEventID=403,4,,Minnesota Timberwolves,MISS Cunningham 17' Jump Shot,7:24
http://stats.nba.com/cvp.html?GameID=0021200473&GameEventID=404,4,,Utah Jazz,Kanter REBOUND (Off:0 Def:5),7:23
http://stats.nba.com/cvp.html?GameID=0021200473&GameEventID=406,4,,Utah Jazz,Kanter Lost Ball Turnover (P2.T10),7:21
http://stats.nba.com/cvp.html?GameID=0021200473&GameEventID=406,4,,Minnesota Timberwolves,Amundson STEAL (1 STL),7:21
http://stats.nba.com/cvp.html?GameID=0021200473&GameEventID=405,4,,Utah Jazz,Jump Ball Kanter vs. Amundson: Tip to Cunningham,7:21
http://stats.nba.com/cvp.html?GameID=0021200473&GameEventID=407,4,,Utah Jazz,Millsap STEAL (3 STL),7:07
http://stats.nba.com/cvp.html?GameID=0021200473&GameEventID=407,4,,Minnesota Timberwolves,Ridnour Bad Pass Turnover (P2.T8),7:07
http://stats.nba.com/cvp.html?GameID=0021200473&GameEventID=408,4,[ 71 - 90 ],Utah Jazz,Burks 1' Dunk (4 PTS) (Millsap 3 AST),7:01
http://stats.nba.com/cvp.html?GameID=0021200473&GameEventID=409,4,,Minnesota Timberwolves,MISS Barea 1' Layup,6:48
http://stats.nba.com/cvp.html?GameID=0021200473&GameEventID=411,4,,Minnesota Timberwolves,Amundson REBOUND (Off:4 Def:0),6:47
http://stats.nba.com/cvp.html?GameID=0021200473&GameEventID=410,4,,Minnesota Timberwolves,MISS Amundson 2' Tip Shot,6:47
http://stats.nba.com/cvp.html?GameID=0021200473&GameEventID=412,4,,Utah Jazz,Watson REBOUND (Off:0 Def:2),6:45
http://stats.nba.com/cvp.html?GameID=0021200473&GameEventID=413,4,,Utah Jazz,MISS Millsap 16' Jump Shot,6:38
http://stats.nba.com/cvp.html?GameID=0021200473&GameEventID=414,4,,Minnesota Timberwolves,Amundson REBOUND (Off:4 Def:1),6:37
http://stats.nba.com/cvp.html?GameID=0021200473&GameEventID=415,4,,Minnesota Timberwolves,MISS Cunningham 20' Jump Shot,6:27
http://stats.nba.com/cvp.html?GameID=0021200473&GameEventID=416,4,,Utah Jazz,Hayward REBOUND (Off:1 Def:2),6:26
http://stats.nba.com/cvp.html?GameID=0021200473&GameEventID=417,4,,Utah Jazz,Burks Bad Pass Turnover (P2.T11),6:21
http://stats.nba.com/cvp.html?GameID=0021200473&GameEventID=417,4,,Minnesota Timberwolves,Williams STEAL (2 STL),6:21
http://stats.nba.com/cvp.html?GameID=0021200473&GameEventID=418,4,,Minnesota Timberwolves,Cunningham Poss Lost Ball Turnover (P1.T9),6:16
http://stats.nba.com/cvp.html?GameID=0021200473&GameEventID=419,4,,Utah Jazz,MISS Kanter 11' Jump Shot,6:02
http://stats.nba.com/cvp.html?GameID=0021200473&GameEventID=421,4,,Utah Jazz,Burks REBOUND (Off:1 Def:1),6:00
http://stats.nba.com/cvp.html?GameID=0021200473&GameEventID=420,4,,Utah Jazz,MISS Burks 2' Tip Shot,6:00
http://stats.nba.com/cvp.html?GameID=0021200473&GameEventID=423,4,,Utah Jazz,Burks REBOUND (Off:2 Def:1),5:59
http://stats.nba.com/cvp.html?GameID=0021200473&GameEventID=422,4,,Utah Jazz,MISS Burks 2' Tip Shot,5:59
http://stats.nba.com/cvp.html?GameID=0021200473&GameEventID=427,4,,Utah Jazz,Kanter REBOUND (Off:1 Def:5),5:59
http://stats.nba.com/cvp.html?GameID=0021200473&GameEventID=428,4,,Utah Jazz,MISS Kanter 2' Layup,5:59
http://stats.nba.com/cvp.html?GameID=0021200473&GameEventID=428,4,,Minnesota Timberwolves,Williams BLOCK (1 BLK),5:59
http://stats.nba.com/cvp.html?GameID=0021200473&GameEventID=424,4,,Utah Jazz,JAZZ Rebound,5:59
http://stats.nba.com/cvp.html?GameID=0021200473&GameEventID=425,4,,Utah Jazz,JAZZ Timeout: Regular (Full 4 Short 0),5:59
http://stats.nba.com/cvp.html?GameID=0021200473&GameEventID=429,4,,Minnesota Timberwolves,SUB: Shved FOR Barea,5:59
http://stats.nba.com/cvp.html?GameID=0021200473&GameEventID=430,4,,Minnesota Timberwolves,SUB: Hayward FOR Ridnour,5:59
http://stats.nba.com/cvp.html?GameID=0021200473&GameEventID=431,4,,Minnesota Timberwolves,SUB: Stiemsma FOR Cunningham,5:59
http://stats.nba.com/cvp.html?GameID=0021200473&GameEventID=432,4,,Minnesota Timberwolves,Stiemsma S.FOUL (P2.PN),5:44
http://stats.nba.com/cvp.html?GameID=0021200473&GameEventID=433,4,[ 71 - 91 ],Utah Jazz,Kanter Free Throw 1 of 2 (9 PTS),5:44
http://stats.nba.com/cvp.html?GameID=0021200473&GameEventID=435,4,,Utah Jazz,MISS Kanter Free Throw 2 of 2,5:44
http://stats.nba.com/cvp.html?GameID=0021200473&GameEventID=437,4,,Minnesota Timberwolves,Stiemsma REBOUND (Off:0 Def:1),5:43
http://stats.nba.com/cvp.html?GameID=0021200473&GameEventID=438,4,[ 73 - 91 ],Minnesota Timberwolves,Amundson 1' Dunk (6 PTS) (Hayward 1 AST),5:28
http://stats.nba.com/cvp.html?GameID=0021200473&GameEventID=439,4,,Utah Jazz,MISS Watson 4' Jump Shot,5:10
http://stats.nba.com/cvp.html?GameID=0021200473&GameEventID=441,4,,Utah Jazz,Watson REBOUND (Off:1 Def:2),5:08
http://stats.nba.com/cvp.html?GameID=0021200473&GameEventID=440,4,[ 73 - 93 ],Utah Jazz,Watson 2' Tip Shot (2 PTS),5:08
http://stats.nba.com/cvp.html?GameID=0021200473&GameEventID=442,4,[ 75 - 93 ],Minnesota Timberwolves,Williams 2' Layup (5 PTS),4:51
http://stats.nba.com/cvp.html?GameID=0021200473&GameEventID=443,4,,Minnesota Timberwolves,Stiemsma P.FOUL (P3.PN),4:40
http://stats.nba.com/cvp.html?GameID=0021200473&GameEventID=444,4,[ 75 - 94 ],Utah Jazz,Kanter Free Throw 1 of 2 (10 PTS),4:40
http://stats.nba.com/cvp.html?GameID=0021200473&GameEventID=446,4,[ 75 - 95 ],Utah Jazz,Kanter Free Throw 2 of 2 (11 PTS),4:40
http://stats.nba.com/cvp.html?GameID=0021200473&GameEventID=448,4,,Utah Jazz,Burks STEAL (1 STL),4:26
http://stats.nba.com/cvp.html?GameID=0021200473&GameEventID=448,4,,Minnesota Timberwolves,Amundson Bad Pass Turnover (P1.T10),4:26
http://stats.nba.com/cvp.html?GameID=0021200473&GameEventID=449,4,[ 75 - 97 ],Utah Jazz,Burks 2' Reverse Slam Dunk (6 PTS),4:22
http://stats.nba.com/cvp.html?GameID=0021200473&GameEventID=450,4,,Minnesota Timberwolves,Stiemsma OFF.Foul (P4),4:14
http://stats.nba.com/cvp.html?GameID=0021200473&GameEventID=451,4,,Minnesota Timberwolves,Stiemsma Foul Turnover (P1.T11),4:14
http://stats.nba.com/cvp.html?GameID=0021200473&GameEventID=452,4,,Minnesota Timberwolves,Timberwolves Timeout: Regular (Reg.4 Short 0),4:14
http://stats.nba.com/cvp.html?GameID=0021200473&GameEventID=454,4,,Utah Jazz,SUB: Carroll FOR Hayward,4:14
http://stats.nba.com/cvp.html?GameID=0021200473&GameEventID=455,4,,Utah Jazz,SUB: Evans FOR Millsap,4:14
http://stats.nba.com/cvp.html?GameID=0021200473&GameEventID=456,4,,Utah Jazz,Carroll Traveling Turnover (P1.T12),3:53
http://stats.nba.com/cvp.html?GameID=0021200473&GameEventID=457,4,,Minnesota Timberwolves,MISS Stiemsma 21' Jump Shot,3:42
http://stats.nba.com/cvp.html?GameID=0021200473&GameEventID=458,4,,Utah Jazz,Carroll REBOUND (Off:2 Def:3),3:41
http://stats.nba.com/cvp.html?GameID=0021200473&GameEventID=459,4,,Utah Jazz,Kanter OFF.Foul (P4),3:33
http://stats.nba.com/cvp.html?GameID=0021200473&GameEventID=460,4,,Utah Jazz,Kanter Foul Turnover (P3.T13),3:33
http://stats.nba.com/cvp.html?GameID=0021200473&GameEventID=461,4,,Minnesota Timberwolves,Shved Poss Lost Ball Turnover (P2.T12),3:20
http://stats.nba.com/cvp.html?GameID=0021200473&GameEventID=464,4,,Minnesota Timberwolves,Stiemsma S.FOUL (P6.PN),3:07
http://stats.nba.com/cvp.html?GameID=0021200473&GameEventID=468,4,,Minnesota Timberwolves,SUB: Cunningham FOR Stiemsma,3:07
http://stats.nba.com/cvp.html?GameID=0021200473&GameEventID=469,4,,Utah Jazz,MISS Evans Free Throw 1 of 2,3:07
http://stats.nba.com/cvp.html?GameID=0021200473&GameEventID=470,4,,Utah Jazz,JAZZ Rebound,3:07
http://stats.nba.com/cvp.html?GameID=0021200473&GameEventID=471,4,[ 75 - 98 ],Utah Jazz,Evans Free Throw 2 of 2 (1 PTS),3:07
http://stats.nba.com/cvp.html?GameID=0021200473&GameEventID=473,4,,Utah Jazz,Burks S.FOUL (P3.T3),2:54
http://stats.nba.com/cvp.html?GameID=0021200473&GameEventID=474,4,[ 76 - 98 ],Minnesota Timberwolves,Hayward Free Throw 1 of 2 (1 PTS),2:54
http://stats.nba.com/cvp.html?GameID=0021200473&GameEventID=476,4,[ 77 - 98 ],Minnesota Timberwolves,Hayward Free Throw 2 of 2 (2 PTS),2:54
http://stats.nba.com/cvp.html?GameID=0021200473&GameEventID=479,4,,Utah Jazz,MISS Burks 20' Jump Shot,2:36
http://stats.nba.com/cvp.html?GameID=0021200473&GameEventID=480,4,,Minnesota Timberwolves,Shved REBOUND (Off:0 Def:3),2:35
http://stats.nba.com/cvp.html?GameID=0021200473&GameEventID=481,4,[ 79 - 98 ],Minnesota Timberwolves,Amundson 2' Layup (8 PTS) (Shved 2 AST),2:33
http://stats.nba.com/cvp.html?GameID=0021200473&GameEventID=482,4,,Utah Jazz,Burks S.FOUL (P4.T4),2:33
http://stats.nba.com/cvp.html?GameID=0021200473&GameEventID=483,4,,Minnesota Timberwolves,MISS Amundson Free Throw 1 of 1,2:33
http://stats.nba.com/cvp.html?GameID=0021200473&GameEventID=485,4,,Utah Jazz,Carroll REBOUND (Off:2 Def:4),2:32
http://stats.nba.com/cvp.html?GameID=0021200473&GameEventID=486,4,,Utah Jazz,MISS Kanter 4' Hook Shot,2:16
http://stats.nba.com/cvp.html?GameID=0021200473&GameEventID=488,4,,Utah Jazz,Kanter REBOUND (Off:2 Def:5),2:14
http://stats.nba.com/cvp.html?GameID=0021200473&GameEventID=487,4,[ 79 - 100 ],Utah Jazz,Kanter 2' Layup (13 PTS),2:14
http://stats.nba.com/cvp.html?GameID=0021200473&GameEventID=489,4,[ 82 - 100 ],Minnesota Timberwolves,Shved 26' 3PT Jump Shot (13 PTS) (Williams 1 AST),1:55
http://stats.nba.com/cvp.html?GameID=0021200473&GameEventID=490,4,,Utah Jazz,MISS Carroll 20' Jump Shot,1:38
http://stats.nba.com/cvp.html?GameID=0021200473&GameEventID=491,4,,Minnesota Timberwolves,Hayward REBOUND (Off:0 Def:1),1:37
http://stats.nba.com/cvp.html?GameID=0021200473&GameEventID=492,4,[ 84 - 100 ],Minnesota Timberwolves,Williams 19' Jump Shot (7 PTS) (Hayward 2 AST),1:27
http://stats.nba.com/cvp.html?GameID=0021200473&GameEventID=493,4,,Utah Jazz,MISS Kanter 3' Layup,1:11
http://stats.nba.com/cvp.html?GameID=0021200473&GameEventID=493,4,,Minnesota Timberwolves,Williams BLOCK (2 BLK),1:11
http://stats.nba.com/cvp.html?GameID=0021200473&GameEventID=495,4,,Utah Jazz,Carroll REBOUND (Off:3 Def:4),1:10
http://stats.nba.com/cvp.html?GameID=0021200473&GameEventID=494,4,[ 84 - 102 ],Utah Jazz,Carroll 1' Layup (2 PTS) (Watson 9 AST),1:10
http://stats.nba.com/cvp.html?GameID=0021200473&GameEventID=496,4,,Minnesota Timberwolves,MISS Hayward 25' 3PT Jump Shot,0:51
http://stats.nba.com/cvp.html?GameID=0021200473&GameEventID=497,4,,Minnesota Timberwolves,Amundson REBOUND (Off:5 Def:1),0:49
http://stats.nba.com/cvp.html?GameID=0021200473&GameEventID=498,4,,Minnesota Timberwolves,MISS Cunningham 19' Jump Shot,0:46
http://stats.nba.com/cvp.html?GameID=0021200473&GameEventID=499,4,,Utah Jazz,Watson REBOUND (Off:1 Def:3),0:45
http://stats.nba.com/cvp.html?GameID=0021200473&GameEventID=500,4,[ 84 - 104 ],Utah Jazz,Kanter 2' Reverse Layup (15 PTS) (Evans 1 AST),0:38
http://stats.nba.com/cvp.html?GameID=0021200473&GameEventID=501,4,,Utah Jazz,Evans BLOCK (1 BLK),0:18
http://stats.nba.com/cvp.html?GameID=0021200473&GameEventID=501,4,,Minnesota Timberwolves,MISS Amundson 6' Hook Shot,0:18
http://stats.nba.com/cvp.html?GameID=0021200473&GameEventID=502,4,,Utah Jazz,Burks REBOUND (Off:2 Def:2),0:17
http://stats.nba.com/cvp.html?GameID=0021200473&GameEventID=503,4,,Minnesota Timberwolves,Hayward S.FOUL (P1.PN),0:15
http://stats.nba.com/cvp.html?GameID=0021200473&GameEventID=504,4,[ 84 - 105 ],Utah Jazz,Burks Free Throw 1 of 2 (7 PTS),0:15
http://stats.nba.com/cvp.html?GameID=0021200473&GameEventID=506,4,[ 84 - 106 ],Utah Jazz,Burks Free Throw 2 of 2 (8 PTS),0:15
http://stats.nba.com/cvp.html?GameID=0021200473&GameEventID=508,4,,Utah Jazz,Kanter S.FOUL (P5.PN),0:04
http://stats.nba.com/cvp.html?GameID=0021200473&GameEventID=509,4,,Minnesota Timberwolves,MISS Amundson Free Throw 1 of 2,0:04
http://stats.nba.com/cvp.html?GameID=0021200473&GameEventID=510,4,,Minnesota Timberwolves,Timberwolves Rebound,0:04
http://stats.nba.com/cvp.html?GameID=0021200473&GameEventID=511,4,,Minnesota Timberwolves,MISS Amundson Free Throw 2 of 2,0:04
http://stats.nba.com/cvp.html?GameID=0021200473&GameEventID=513,4,,Utah Jazz,Kanter REBOUND (Off:2 Def:6),0:03
