http://stats.nba.com/cvp.html?GameID=0021200466&GameEventID=1,1,,Cleveland Cavaliers,Jump Ball Zeller vs. Thompson: Tip to Thomas,12:00
http://stats.nba.com/cvp.html?GameID=0021200466&GameEventID=2,1,,Sacramento Kings,MISS Garcia 16' Jump Shot,11:44
http://stats.nba.com/cvp.html?GameID=0021200466&GameEventID=3,1,,Cleveland Cavaliers,Thompson REBOUND (Off:0 Def:1),11:43
http://stats.nba.com/cvp.html?GameID=0021200466&GameEventID=4,1,[ 0 - 2 ],Cleveland Cavaliers,Irving 17' Jump Shot (2 PTS),11:23
http://stats.nba.com/cvp.html?GameID=0021200466&GameEventID=5,1,,Sacramento Kings,Thomas S.FOUL (P1.T1),11:23
http://stats.nba.com/cvp.html?GameID=0021200466&GameEventID=6,1,,Cleveland Cavaliers,MISS Irving Free Throw 1 of 1,11:23
http://stats.nba.com/cvp.html?GameID=0021200466&GameEventID=8,1,,Sacramento Kings,Cousins REBOUND (Off:0 Def:1),11:22
http://stats.nba.com/cvp.html?GameID=0021200466&GameEventID=9,1,[ 2 - 2 ],Sacramento Kings,Garcia 1' Layup (2 PTS) (Cousins 1 AST),11:10
http://stats.nba.com/cvp.html?GameID=0021200466&GameEventID=11,1,,Cleveland Cavaliers,MISS Miles 2' Layup,10:58
http://stats.nba.com/cvp.html?GameID=0021200466&GameEventID=11,1,,Sacramento Kings,Garcia BLOCK (1 BLK),10:58
http://stats.nba.com/cvp.html?GameID=0021200466&GameEventID=12,1,,Cleveland Cavaliers,CAVALIERS Rebound,10:58
http://stats.nba.com/cvp.html?GameID=0021200466&GameEventID=14,1,,Cleveland Cavaliers,MISS Zeller 1' Layup,10:46
http://stats.nba.com/cvp.html?GameID=0021200466&GameEventID=16,1,,Cleveland Cavaliers,Thompson REBOUND (Off:1 Def:1),10:44
http://stats.nba.com/cvp.html?GameID=0021200466&GameEventID=15,1,,Cleveland Cavaliers,MISS Thompson  Tip Shot,10:44
http://stats.nba.com/cvp.html?GameID=0021200466&GameEventID=17,1,,Cleveland Cavaliers,Thompson REBOUND (Off:2 Def:1),10:42
http://stats.nba.com/cvp.html?GameID=0021200466&GameEventID=18,1,[ 2 - 4 ],Cleveland Cavaliers,Thompson 1' Layup (2 PTS),10:41
http://stats.nba.com/cvp.html?GameID=0021200466&GameEventID=19,1,,Sacramento Kings,MISS Salmons 24' 3PT Jump Shot,10:23
http://stats.nba.com/cvp.html?GameID=0021200466&GameEventID=20,1,,Sacramento Kings,Cousins REBOUND (Off:1 Def:1),10:21
http://stats.nba.com/cvp.html?GameID=0021200466&GameEventID=21,1,,Sacramento Kings,MISS Cousins 2' Layup,10:19
http://stats.nba.com/cvp.html?GameID=0021200466&GameEventID=22,1,,Cleveland Cavaliers,Gee REBOUND (Off:0 Def:1),10:18
http://stats.nba.com/cvp.html?GameID=0021200466&GameEventID=23,1,[ 2 - 6 ],Cleveland Cavaliers,Miles 22' Jump Shot (2 PTS) (Irving 1 AST),10:06
http://stats.nba.com/cvp.html?GameID=0021200466&GameEventID=24,1,,Cleveland Cavaliers,Irving P.FOUL (P1.T1),9:58
http://stats.nba.com/cvp.html?GameID=0021200466&GameEventID=25,1,[ 4 - 6 ],Sacramento Kings,Thompson 17' Jump Shot (2 PTS) (Thomas 1 AST),9:49
http://stats.nba.com/cvp.html?GameID=0021200466&GameEventID=26,1,,Cleveland Cavaliers,Thompson Lost Ball Turnover (P1.T1),9:38
http://stats.nba.com/cvp.html?GameID=0021200466&GameEventID=26,1,,Sacramento Kings,Cousins STEAL (1 STL),9:38
http://stats.nba.com/cvp.html?GameID=0021200466&GameEventID=28,1,,Sacramento Kings,MISS Garcia 21' Jump Shot,9:14
http://stats.nba.com/cvp.html?GameID=0021200466&GameEventID=29,1,,Cleveland Cavaliers,Zeller REBOUND (Off:0 Def:1),9:13
http://stats.nba.com/cvp.html?GameID=0021200466&GameEventID=30,1,,Cleveland Cavaliers,MISS Thompson 2' Reverse Layup,8:58
http://stats.nba.com/cvp.html?GameID=0021200466&GameEventID=31,1,,Sacramento Kings,Cousins REBOUND (Off:1 Def:2),8:57
http://stats.nba.com/cvp.html?GameID=0021200466&GameEventID=32,1,,Sacramento Kings,MISS Thompson 15' Turnaround Jump Shot,8:47
http://stats.nba.com/cvp.html?GameID=0021200466&GameEventID=33,1,,Cleveland Cavaliers,Gee REBOUND (Off:0 Def:2),8:46
http://stats.nba.com/cvp.html?GameID=0021200466&GameEventID=34,1,[ 4 - 8 ],Cleveland Cavaliers,Miles 1' Driving Layup (4 PTS) (Gee 1 AST),8:34
http://stats.nba.com/cvp.html?GameID=0021200466&GameEventID=35,1,[ 6 - 8 ],Sacramento Kings,Cousins 7' Running Jump Shot (2 PTS) (Garcia 1 AST),8:20
http://stats.nba.com/cvp.html?GameID=0021200466&GameEventID=36,1,,Cleveland Cavaliers,MISS Miles 25' 3PT Jump Shot,8:11
http://stats.nba.com/cvp.html?GameID=0021200466&GameEventID=37,1,,Sacramento Kings,Cousins REBOUND (Off:1 Def:3),8:10
http://stats.nba.com/cvp.html?GameID=0021200466&GameEventID=38,1,[ 8 - 8 ],Sacramento Kings,Garcia  Layup (4 PTS) (Cousins 2 AST),7:47
http://stats.nba.com/cvp.html?GameID=0021200466&GameEventID=39,1,,Sacramento Kings,Cousins S.FOUL (P1.T2),7:33
http://stats.nba.com/cvp.html?GameID=0021200466&GameEventID=40,1,[ 8 - 9 ],Cleveland Cavaliers,Zeller Free Throw 1 of 2 (1 PTS),7:33
http://stats.nba.com/cvp.html?GameID=0021200466&GameEventID=42,1,[ 8 - 10 ],Cleveland Cavaliers,Zeller Free Throw 2 of 2 (2 PTS),7:33
http://stats.nba.com/cvp.html?GameID=0021200466&GameEventID=44,1,,Sacramento Kings,MISS Cousins 19' Jump Shot,7:22
http://stats.nba.com/cvp.html?GameID=0021200466&GameEventID=45,1,,Sacramento Kings,Cousins REBOUND (Off:2 Def:3),7:21
http://stats.nba.com/cvp.html?GameID=0021200466&GameEventID=47,1,,Sacramento Kings,Cousins Jump Ball Violation Turnover (P1.T1),7:20
http://stats.nba.com/cvp.html?GameID=0021200466&GameEventID=49,1,,Sacramento Kings,Garcia S.FOUL (P1.T3),6:58
http://stats.nba.com/cvp.html?GameID=0021200466&GameEventID=51,1,[ 8 - 11 ],Cleveland Cavaliers,Miles Free Throw 1 of 2 (5 PTS),6:58
http://stats.nba.com/cvp.html?GameID=0021200466&GameEventID=54,1,[ 8 - 12 ],Cleveland Cavaliers,Miles Free Throw 2 of 2 (6 PTS),6:58
http://stats.nba.com/cvp.html?GameID=0021200466&GameEventID=56,1,,Cleveland Cavaliers,Gee P.FOUL (P1.T2),6:53
http://stats.nba.com/cvp.html?GameID=0021200466&GameEventID=58,1,[ 10 - 12 ],Sacramento Kings,Garcia  Layup (6 PTS) (Salmons 1 AST),6:40
http://stats.nba.com/cvp.html?GameID=0021200466&GameEventID=60,1,[ 10 - 14 ],Cleveland Cavaliers,Irving 12' Step Back Jump Shot (4 PTS),6:22
http://stats.nba.com/cvp.html?GameID=0021200466&GameEventID=61,1,[ 12 - 14 ],Sacramento Kings,Cousins 5' Jump Shot (4 PTS) (Thomas 2 AST),6:13
http://stats.nba.com/cvp.html?GameID=0021200466&GameEventID=62,1,,Cleveland Cavaliers,Thompson S.FOUL (P1.T3),6:13
http://stats.nba.com/cvp.html?GameID=0021200466&GameEventID=63,1,[ 13 - 14 ],Sacramento Kings,Cousins Free Throw 1 of 1 (5 PTS),6:13
http://stats.nba.com/cvp.html?GameID=0021200466&GameEventID=72,1,,Sacramento Kings,Salmons S.FOUL (P1.T4),5:57
http://stats.nba.com/cvp.html?GameID=0021200466&GameEventID=73,1,,Cleveland Cavaliers,CAVALIERS Timeout: Regular (Full 1 Short 0),5:57
http://stats.nba.com/cvp.html?GameID=0021200466&GameEventID=77,1,,Cleveland Cavaliers,MISS Gee Free Throw 1 of 2,5:57
http://stats.nba.com/cvp.html?GameID=0021200466&GameEventID=78,1,,Cleveland Cavaliers,CAVALIERS Rebound,5:57
http://stats.nba.com/cvp.html?GameID=0021200466&GameEventID=79,1,[ 13 - 15 ],Cleveland Cavaliers,Gee Free Throw 2 of 2 (1 PTS),5:57
http://stats.nba.com/cvp.html?GameID=0021200466&GameEventID=81,1,[ 15 - 15 ],Sacramento Kings,Salmons 13' Step Back Jump Shot (2 PTS),5:41
http://stats.nba.com/cvp.html?GameID=0021200466&GameEventID=82,1,,Cleveland Cavaliers,Zeller Bad Pass Turnover (P1.T2),5:25
http://stats.nba.com/cvp.html?GameID=0021200466&GameEventID=82,1,,Sacramento Kings,Thomas STEAL (1 STL),5:25
http://stats.nba.com/cvp.html?GameID=0021200466&GameEventID=83,1,,Sacramento Kings,MISS Thomas 15' Jump Shot,5:19
http://stats.nba.com/cvp.html?GameID=0021200466&GameEventID=84,1,,Cleveland Cavaliers,Thompson REBOUND (Off:2 Def:2),5:18
http://stats.nba.com/cvp.html?GameID=0021200466&GameEventID=85,1,,Cleveland Cavaliers,MISS Zeller 13' Jump Shot,5:05
http://stats.nba.com/cvp.html?GameID=0021200466&GameEventID=85,1,,Sacramento Kings,Garcia BLOCK (2 BLK),5:05
http://stats.nba.com/cvp.html?GameID=0021200466&GameEventID=86,1,,Sacramento Kings,Garcia REBOUND (Off:0 Def:1),5:01
http://stats.nba.com/cvp.html?GameID=0021200466&GameEventID=87,1,,Cleveland Cavaliers,Zeller BLOCK (1 BLK),4:46
http://stats.nba.com/cvp.html?GameID=0021200466&GameEventID=87,1,,Sacramento Kings,MISS Thompson 10' Jump Shot,4:46
http://stats.nba.com/cvp.html?GameID=0021200466&GameEventID=88,1,,Sacramento Kings,Garcia REBOUND (Off:1 Def:1),4:46
http://stats.nba.com/cvp.html?GameID=0021200466&GameEventID=89,1,,Cleveland Cavaliers,Miles P.FOUL (P1.T4),4:46
http://stats.nba.com/cvp.html?GameID=0021200466&GameEventID=90,1,,Cleveland Cavaliers,SUB: Walton FOR Thompson,4:46
http://stats.nba.com/cvp.html?GameID=0021200466&GameEventID=91,1,,Cleveland Cavaliers,SUB: Waiters FOR Gee,4:46
http://stats.nba.com/cvp.html?GameID=0021200466&GameEventID=92,1,,Sacramento Kings,MISS Thomas 8' Jump Bank Shot,4:38
http://stats.nba.com/cvp.html?GameID=0021200466&GameEventID=93,1,,Cleveland Cavaliers,Walton REBOUND (Off:0 Def:1),4:37
http://stats.nba.com/cvp.html?GameID=0021200466&GameEventID=94,1,,Sacramento Kings,Salmons S.FOUL (P2.PN),4:34
http://stats.nba.com/cvp.html?GameID=0021200466&GameEventID=95,1,[ 15 - 16 ],Cleveland Cavaliers,Irving Free Throw 1 of 2 (5 PTS),4:34
http://stats.nba.com/cvp.html?GameID=0021200466&GameEventID=97,1,,Sacramento Kings,SUB: Brooks FOR Thomas,4:34
http://stats.nba.com/cvp.html?GameID=0021200466&GameEventID=98,1,[ 15 - 17 ],Cleveland Cavaliers,Irving Free Throw 2 of 2 (6 PTS),4:34
http://stats.nba.com/cvp.html?GameID=0021200466&GameEventID=100,1,,Cleveland Cavaliers,Walton P.FOUL (P1.PN),4:20
http://stats.nba.com/cvp.html?GameID=0021200466&GameEventID=101,1,[ 16 - 17 ],Sacramento Kings,Cousins Free Throw 1 of 2 (6 PTS),4:20
http://stats.nba.com/cvp.html?GameID=0021200466&GameEventID=103,1,[ 17 - 17 ],Sacramento Kings,Cousins Free Throw 2 of 2 (7 PTS),4:20
http://stats.nba.com/cvp.html?GameID=0021200466&GameEventID=105,1,,Cleveland Cavaliers,MISS Walton 19' Jump Shot,4:09
http://stats.nba.com/cvp.html?GameID=0021200466&GameEventID=106,1,,Sacramento Kings,Garcia REBOUND (Off:1 Def:2),4:08
http://stats.nba.com/cvp.html?GameID=0021200466&GameEventID=107,1,[ 19 - 17 ],Sacramento Kings,Cousins 1' Layup (9 PTS) (Garcia 2 AST),3:55
http://stats.nba.com/cvp.html?GameID=0021200466&GameEventID=108,1,,Cleveland Cavaliers,MISS Miles 25' 3PT Jump Shot,3:44
http://stats.nba.com/cvp.html?GameID=0021200466&GameEventID=109,1,,Sacramento Kings,Cousins REBOUND (Off:2 Def:4),3:42
http://stats.nba.com/cvp.html?GameID=0021200466&GameEventID=110,1,[ 21 - 17 ],Sacramento Kings,Thompson  Layup (4 PTS) (Salmons 2 AST),3:36
http://stats.nba.com/cvp.html?GameID=0021200466&GameEventID=111,1,,Cleveland Cavaliers,MISS Walton 25' 3PT Jump Shot,3:17
http://stats.nba.com/cvp.html?GameID=0021200466&GameEventID=112,1,,Sacramento Kings,Garcia REBOUND (Off:1 Def:3),3:16
http://stats.nba.com/cvp.html?GameID=0021200466&GameEventID=114,1,,Sacramento Kings,SUB: Fredette FOR Salmons,3:04
http://stats.nba.com/cvp.html?GameID=0021200466&GameEventID=115,1,,Sacramento Kings,SUB: Johnson FOR Garcia,3:04
http://stats.nba.com/cvp.html?GameID=0021200466&GameEventID=116,1,,Sacramento Kings,Kings Timeout: Regular (Reg.1 Short 0),3:04
http://stats.nba.com/cvp.html?GameID=0021200466&GameEventID=120,1,,Sacramento Kings,Fredette Step Out of Bounds Turnover (P1.T2),2:57
http://stats.nba.com/cvp.html?GameID=0021200466&GameEventID=121,1,[ 21 - 20 ],Cleveland Cavaliers,Miles 27' 3PT Jump Shot (9 PTS) (Walton 1 AST),2:35
http://stats.nba.com/cvp.html?GameID=0021200466&GameEventID=123,1,,Sacramento Kings,MISS Brooks 10' Jump Shot,2:08
http://stats.nba.com/cvp.html?GameID=0021200466&GameEventID=124,1,,Cleveland Cavaliers,Miles REBOUND (Off:0 Def:1),2:07
http://stats.nba.com/cvp.html?GameID=0021200466&GameEventID=125,1,[ 21 - 22 ],Cleveland Cavaliers,Miles 12' Turnaround Jump Shot (11 PTS) (Irving 2 AST),1:54
http://stats.nba.com/cvp.html?GameID=0021200466&GameEventID=126,1,,Sacramento Kings,Brooks S.FOUL (P1.PN),1:54
http://stats.nba.com/cvp.html?GameID=0021200466&GameEventID=127,1,[ 21 - 23 ],Cleveland Cavaliers,Miles Free Throw 1 of 1 (12 PTS),1:54
http://stats.nba.com/cvp.html?GameID=0021200466&GameEventID=129,1,[ 23 - 23 ],Sacramento Kings,Thompson 10' Turnaround Jump Shot (6 PTS) (Brooks 1 AST),1:39
http://stats.nba.com/cvp.html?GameID=0021200466&GameEventID=130,1,,Cleveland Cavaliers,MISS Miles  3PT Jump Shot,1:28
http://stats.nba.com/cvp.html?GameID=0021200466&GameEventID=131,1,,Sacramento Kings,Thompson REBOUND (Off:0 Def:1),1:27
http://stats.nba.com/cvp.html?GameID=0021200466&GameEventID=132,1,[ 25 - 23 ],Sacramento Kings,Brooks 17' Step Back Jump Shot (2 PTS),1:18
http://stats.nba.com/cvp.html?GameID=0021200466&GameEventID=133,1,,Cleveland Cavaliers,MISS Waiters 18' Jump Shot,1:07
http://stats.nba.com/cvp.html?GameID=0021200466&GameEventID=134,1,,Cleveland Cavaliers,Zeller REBOUND (Off:1 Def:1),1:06
http://stats.nba.com/cvp.html?GameID=0021200466&GameEventID=135,1,[ 25 - 25 ],Cleveland Cavaliers,Zeller 1' Layup (4 PTS),1:04
http://stats.nba.com/cvp.html?GameID=0021200466&GameEventID=137,1,,Cleveland Cavaliers,Waiters S.FOUL (P1.PN),0:56
http://stats.nba.com/cvp.html?GameID=0021200466&GameEventID=138,1,[ 26 - 25 ],Sacramento Kings,Fredette Free Throw 1 of 3 (1 PTS),0:56
http://stats.nba.com/cvp.html?GameID=0021200466&GameEventID=140,1,,Sacramento Kings,MISS Fredette Free Throw 2 of 3,0:56
http://stats.nba.com/cvp.html?GameID=0021200466&GameEventID=143,1,,Sacramento Kings,Kings Rebound,0:56
http://stats.nba.com/cvp.html?GameID=0021200466&GameEventID=142,1,[ 27 - 25 ],Sacramento Kings,Fredette Free Throw 3 of 3 (2 PTS),0:56
http://stats.nba.com/cvp.html?GameID=0021200466&GameEventID=162,1,,Cleveland Cavaliers,MISS Walton 25' 3PT Jump Shot,0:47
http://stats.nba.com/cvp.html?GameID=0021200466&GameEventID=163,1,,Sacramento Kings,Johnson REBOUND (Off:0 Def:1),0:44
http://stats.nba.com/cvp.html?GameID=0021200466&GameEventID=147,1,,Sacramento Kings,MISS Johnson 1' Layup,0:32
http://stats.nba.com/cvp.html?GameID=0021200466&GameEventID=149,1,,Sacramento Kings,Johnson REBOUND (Off:1 Def:1),0:32
http://stats.nba.com/cvp.html?GameID=0021200466&GameEventID=150,1,,Cleveland Cavaliers,Zeller S.FOUL (P1.PN),0:30
http://stats.nba.com/cvp.html?GameID=0021200466&GameEventID=152,1,,Sacramento Kings,MISS Johnson Free Throw 1 of 2,0:30
http://stats.nba.com/cvp.html?GameID=0021200466&GameEventID=153,1,,Sacramento Kings,Kings Rebound,0:30
http://stats.nba.com/cvp.html?GameID=0021200466&GameEventID=154,1,[ 28 - 25 ],Sacramento Kings,Johnson Free Throw 2 of 2 (1 PTS),0:30
http://stats.nba.com/cvp.html?GameID=0021200466&GameEventID=157,1,,Cleveland Cavaliers,MISS Irving 8' Jump Shot,0:11
http://stats.nba.com/cvp.html?GameID=0021200466&GameEventID=158,1,,Cleveland Cavaliers,Irving REBOUND (Off:1 Def:0),0:09
http://stats.nba.com/cvp.html?GameID=0021200466&GameEventID=159,1,,Cleveland Cavaliers,MISS Irving 2' Layup,0:00
http://stats.nba.com/cvp.html?GameID=0021200466&GameEventID=159,1,,Sacramento Kings,Thompson BLOCK (1 BLK),0:00
http://stats.nba.com/cvp.html?GameID=0021200466&GameEventID=160,1,,Cleveland Cavaliers,CAVALIERS Rebound,0:00
http://stats.nba.com/cvp.html?GameID=0021200466&GameEventID=166,2,,Sacramento Kings,Fredette S.FOUL (P1.T1),11:42
http://stats.nba.com/cvp.html?GameID=0021200466&GameEventID=167,2,[ 28 - 26 ],Cleveland Cavaliers,Livingston Free Throw 1 of 2 (1 PTS),11:42
http://stats.nba.com/cvp.html?GameID=0021200466&GameEventID=169,2,[ 28 - 27 ],Cleveland Cavaliers,Livingston Free Throw 2 of 2 (2 PTS),11:42
http://stats.nba.com/cvp.html?GameID=0021200466&GameEventID=171,2,,Cleveland Cavaliers,Walton S.FOUL (P2.T1),11:28
http://stats.nba.com/cvp.html?GameID=0021200466&GameEventID=172,2,[ 29 - 27 ],Sacramento Kings,Thompson Free Throw 1 of 2 (7 PTS),11:28
http://stats.nba.com/cvp.html?GameID=0021200466&GameEventID=174,2,,Cleveland Cavaliers,SUB: Jones FOR Walton,11:28
http://stats.nba.com/cvp.html?GameID=0021200466&GameEventID=175,2,[ 30 - 27 ],Sacramento Kings,Thompson Free Throw 2 of 2 (8 PTS),11:28
http://stats.nba.com/cvp.html?GameID=0021200466&GameEventID=177,2,,Cleveland Cavaliers,MISS Waiters 15' Step Back Jump Shot,11:07
http://stats.nba.com/cvp.html?GameID=0021200466&GameEventID=178,2,,Sacramento Kings,Thompson REBOUND (Off:0 Def:2),11:06
http://stats.nba.com/cvp.html?GameID=0021200466&GameEventID=179,2,,Sacramento Kings,MISS Thompson 8' Jump Shot,10:51
http://stats.nba.com/cvp.html?GameID=0021200466&GameEventID=180,2,,Sacramento Kings,Thompson REBOUND (Off:1 Def:2),10:50
http://stats.nba.com/cvp.html?GameID=0021200466&GameEventID=181,2,[ 32 - 27 ],Sacramento Kings,Thompson 9' Jump Shot (10 PTS),10:49
http://stats.nba.com/cvp.html?GameID=0021200466&GameEventID=182,2,[ 32 - 29 ],Cleveland Cavaliers,Gee 15' Jump Shot (3 PTS),10:35
http://stats.nba.com/cvp.html?GameID=0021200466&GameEventID=183,2,,Sacramento Kings,MISS Fredette 26' 3PT Jump Shot,10:13
http://stats.nba.com/cvp.html?GameID=0021200466&GameEventID=184,2,,Cleveland Cavaliers,Jones REBOUND (Off:0 Def:1),10:12
http://stats.nba.com/cvp.html?GameID=0021200466&GameEventID=185,2,,Sacramento Kings,Thompson S.FOUL (P1.T2),10:00
http://stats.nba.com/cvp.html?GameID=0021200466&GameEventID=186,2,[ 32 - 30 ],Cleveland Cavaliers,Gee Free Throw 1 of 2 (4 PTS),10:00
http://stats.nba.com/cvp.html?GameID=0021200466&GameEventID=188,2,[ 32 - 31 ],Cleveland Cavaliers,Gee Free Throw 2 of 2 (5 PTS),10:00
http://stats.nba.com/cvp.html?GameID=0021200466&GameEventID=190,2,[ 34 - 31 ],Sacramento Kings,Johnson 1' Layup (3 PTS) (Hayes 1 AST),9:46
http://stats.nba.com/cvp.html?GameID=0021200466&GameEventID=191,2,,Cleveland Cavaliers,Gee S.FOUL (P2.T2),9:46
http://stats.nba.com/cvp.html?GameID=0021200466&GameEventID=192,2,,Sacramento Kings,SUB: Robinson FOR Thompson,9:46
http://stats.nba.com/cvp.html?GameID=0021200466&GameEventID=193,2,[ 35 - 31 ],Sacramento Kings,Johnson Free Throw 1 of 1 (4 PTS),9:46
http://stats.nba.com/cvp.html?GameID=0021200466&GameEventID=195,2,,Cleveland Cavaliers,Gee Lost Ball Turnover (P1.T3),9:26
http://stats.nba.com/cvp.html?GameID=0021200466&GameEventID=195,2,,Sacramento Kings,Brooks STEAL (1 STL),9:26
http://stats.nba.com/cvp.html?GameID=0021200466&GameEventID=196,2,,Sacramento Kings,MISS Fredette 1' Reverse Layup,9:19
http://stats.nba.com/cvp.html?GameID=0021200466&GameEventID=197,2,,Cleveland Cavaliers,Thompson REBOUND (Off:2 Def:3),9:18
http://stats.nba.com/cvp.html?GameID=0021200466&GameEventID=198,2,[ 35 - 33 ],Cleveland Cavaliers,Waiters 20' Jump Shot (2 PTS) (Gee 2 AST),9:11
http://stats.nba.com/cvp.html?GameID=0021200466&GameEventID=199,2,,Sacramento Kings,MISS Johnson 19' Jump Shot,8:50
http://stats.nba.com/cvp.html?GameID=0021200466&GameEventID=200,2,,Cleveland Cavaliers,Livingston REBOUND (Off:0 Def:1),8:49
http://stats.nba.com/cvp.html?GameID=0021200466&GameEventID=201,2,,Cleveland Cavaliers,MISS Waiters  3PT Jump Shot,8:31
http://stats.nba.com/cvp.html?GameID=0021200466&GameEventID=202,2,,Sacramento Kings,Brooks REBOUND (Off:0 Def:1),8:30
http://stats.nba.com/cvp.html?GameID=0021200466&GameEventID=203,2,[ 37 - 33 ],Sacramento Kings,Brooks 1' Driving Layup (4 PTS),8:23
http://stats.nba.com/cvp.html?GameID=0021200466&GameEventID=204,2,,Sacramento Kings,Johnson S.FOUL (P1.T3),8:08
http://stats.nba.com/cvp.html?GameID=0021200466&GameEventID=209,2,[ 37 - 34 ],Cleveland Cavaliers,Gee Free Throw 1 of 2 (6 PTS),8:08
http://stats.nba.com/cvp.html?GameID=0021200466&GameEventID=211,2,[ 37 - 35 ],Cleveland Cavaliers,Gee Free Throw 2 of 2 (7 PTS),8:08
http://stats.nba.com/cvp.html?GameID=0021200466&GameEventID=213,2,,Cleveland Cavaliers,Thompson S.FOUL (P2.T3),7:49
http://stats.nba.com/cvp.html?GameID=0021200466&GameEventID=214,2,[ 38 - 35 ],Sacramento Kings,Johnson Free Throw 1 of 2 (5 PTS),7:49
http://stats.nba.com/cvp.html?GameID=0021200466&GameEventID=216,2,[ 39 - 35 ],Sacramento Kings,Johnson Free Throw 2 of 2 (6 PTS),7:49
http://stats.nba.com/cvp.html?GameID=0021200466&GameEventID=218,2,[ 39 - 37 ],Cleveland Cavaliers,Gee 10' Step Back Jump Shot (9 PTS) (Livingston 1 AST),7:33
http://stats.nba.com/cvp.html?GameID=0021200466&GameEventID=219,2,[ 41 - 37 ],Sacramento Kings,Brooks 17' Jump Shot (6 PTS),7:21
http://stats.nba.com/cvp.html?GameID=0021200466&GameEventID=220,2,,Sacramento Kings,Johnson S.FOUL (P2.T4),7:10
http://stats.nba.com/cvp.html?GameID=0021200466&GameEventID=221,2,[ 41 - 38 ],Cleveland Cavaliers,Waiters Free Throw 1 of 3 (3 PTS),7:10
http://stats.nba.com/cvp.html?GameID=0021200466&GameEventID=223,2,[ 41 - 39 ],Cleveland Cavaliers,Waiters Free Throw 2 of 3 (4 PTS),7:10
http://stats.nba.com/cvp.html?GameID=0021200466&GameEventID=225,2,,Sacramento Kings,SUB: Salmons FOR Johnson,7:10
http://stats.nba.com/cvp.html?GameID=0021200466&GameEventID=226,2,[ 41 - 40 ],Cleveland Cavaliers,Waiters Free Throw 3 of 3 (5 PTS),7:10
http://stats.nba.com/cvp.html?GameID=0021200466&GameEventID=228,2,,Sacramento Kings,Robinson 3 Second Violation Turnover (P1.T3),6:52
http://stats.nba.com/cvp.html?GameID=0021200466&GameEventID=229,2,,Cleveland Cavaliers,MISS Livingston 16' Turnaround Jump Shot,6:34
http://stats.nba.com/cvp.html?GameID=0021200466&GameEventID=230,2,,Cleveland Cavaliers,Thompson REBOUND (Off:3 Def:3),6:33
http://stats.nba.com/cvp.html?GameID=0021200466&GameEventID=231,2,,Cleveland Cavaliers,MISS Thompson 7' Jump Shot,6:22
http://stats.nba.com/cvp.html?GameID=0021200466&GameEventID=232,2,,Sacramento Kings,Robinson REBOUND (Off:0 Def:1),6:21
http://stats.nba.com/cvp.html?GameID=0021200466&GameEventID=233,2,,Sacramento Kings,MISS Hayes 1' Layup,6:00
http://stats.nba.com/cvp.html?GameID=0021200466&GameEventID=235,2,,Sacramento Kings,Hayes REBOUND (Off:1 Def:0),5:58
http://stats.nba.com/cvp.html?GameID=0021200466&GameEventID=234,2,[ 43 - 40 ],Sacramento Kings,Hayes 1' Putback Layup (2 PTS),5:58
http://stats.nba.com/cvp.html?GameID=0021200466&GameEventID=236,2,,Cleveland Cavaliers,MISS Waiters  Slam Dunk,5:43
http://stats.nba.com/cvp.html?GameID=0021200466&GameEventID=237,2,,Cleveland Cavaliers,Livingston REBOUND (Off:1 Def:1),5:40
http://stats.nba.com/cvp.html?GameID=0021200466&GameEventID=238,2,[ 43 - 43 ],Cleveland Cavaliers,Waiters 26' 3PT Jump Shot (8 PTS) (Gee 3 AST),5:31
http://stats.nba.com/cvp.html?GameID=0021200466&GameEventID=240,2,,Cleveland Cavaliers,CAVALIERS Timeout: Regular (Full 2 Short 0),5:21
http://stats.nba.com/cvp.html?GameID=0021200466&GameEventID=242,2,,Cleveland Cavaliers,SUB: Zeller FOR Livingston,5:21
http://stats.nba.com/cvp.html?GameID=0021200466&GameEventID=243,2,,Cleveland Cavaliers,SUB: Irving FOR Jones,5:21
http://stats.nba.com/cvp.html?GameID=0021200466&GameEventID=244,2,,Sacramento Kings,SUB: Garcia FOR Fredette,5:21
http://stats.nba.com/cvp.html?GameID=0021200466&GameEventID=245,2,,Sacramento Kings,SUB: Cousins FOR Hayes,5:21
http://stats.nba.com/cvp.html?GameID=0021200466&GameEventID=246,2,[ 45 - 43 ],Sacramento Kings,Cousins 15' Jump Shot (11 PTS),5:09
http://stats.nba.com/cvp.html?GameID=0021200466&GameEventID=247,2,,Cleveland Cavaliers,MISS Waiters 19' Jump Shot,4:52
http://stats.nba.com/cvp.html?GameID=0021200466&GameEventID=248,2,,Cleveland Cavaliers,Zeller REBOUND (Off:2 Def:1),4:51
http://stats.nba.com/cvp.html?GameID=0021200466&GameEventID=249,2,,Cleveland Cavaliers,MISS Waiters 26' 3PT Jump Shot,4:35
http://stats.nba.com/cvp.html?GameID=0021200466&GameEventID=250,2,,Sacramento Kings,Cousins REBOUND (Off:2 Def:5),4:34
http://stats.nba.com/cvp.html?GameID=0021200466&GameEventID=251,2,[ 47 - 43 ],Sacramento Kings,Robinson 1' Layup (2 PTS) (Cousins 3 AST),4:30
http://stats.nba.com/cvp.html?GameID=0021200466&GameEventID=252,2,,Cleveland Cavaliers,MISS Gee 25' 3PT Jump Shot,4:12
http://stats.nba.com/cvp.html?GameID=0021200466&GameEventID=253,2,,Sacramento Kings,Salmons REBOUND (Off:0 Def:1),4:11
http://stats.nba.com/cvp.html?GameID=0021200466&GameEventID=254,2,,Cleveland Cavaliers,Zeller BLOCK (2 BLK),4:05
http://stats.nba.com/cvp.html?GameID=0021200466&GameEventID=254,2,,Sacramento Kings,MISS Brooks 1' Layup,4:05
http://stats.nba.com/cvp.html?GameID=0021200466&GameEventID=256,2,,Sacramento Kings,Cousins REBOUND (Off:3 Def:5),4:01
http://stats.nba.com/cvp.html?GameID=0021200466&GameEventID=255,2,,Sacramento Kings,MISS Cousins 2' Tip Shot,4:01
http://stats.nba.com/cvp.html?GameID=0021200466&GameEventID=257,2,,Cleveland Cavaliers,Irving REBOUND (Off:1 Def:1),3:58
http://stats.nba.com/cvp.html?GameID=0021200466&GameEventID=258,2,[ 47 - 45 ],Cleveland Cavaliers,Waiters 1' Layup (10 PTS) (Gee 4 AST),3:54
http://stats.nba.com/cvp.html?GameID=0021200466&GameEventID=259,2,[ 50 - 45 ],Sacramento Kings,Garcia 26' 3PT Jump Shot (9 PTS) (Brooks 2 AST),3:41
http://stats.nba.com/cvp.html?GameID=0021200466&GameEventID=260,2,,Cleveland Cavaliers,MISS Waiters 19' Jump Shot,3:17
http://stats.nba.com/cvp.html?GameID=0021200466&GameEventID=261,2,,Sacramento Kings,Robinson REBOUND (Off:0 Def:2),3:16
http://stats.nba.com/cvp.html?GameID=0021200466&GameEventID=262,2,,Sacramento Kings,MISS Salmons 24' 3PT Jump Shot,3:02
http://stats.nba.com/cvp.html?GameID=0021200466&GameEventID=263,2,,Cleveland Cavaliers,Gee REBOUND (Off:0 Def:3),3:00
http://stats.nba.com/cvp.html?GameID=0021200466&GameEventID=264,2,[ 50 - 47 ],Cleveland Cavaliers,Waiters  Finger Roll Layup (12 PTS) (Gee 5 AST),2:43
http://stats.nba.com/cvp.html?GameID=0021200466&GameEventID=265,2,,Sacramento Kings,MISS Robinson 1' Dunk,2:30
http://stats.nba.com/cvp.html?GameID=0021200466&GameEventID=266,2,,Sacramento Kings,Cousins REBOUND (Off:4 Def:5),2:27
http://stats.nba.com/cvp.html?GameID=0021200466&GameEventID=267,2,,Sacramento Kings,MISS Brooks 25' 3PT Jump Shot,2:22
http://stats.nba.com/cvp.html?GameID=0021200466&GameEventID=268,2,,Cleveland Cavaliers,Thompson REBOUND (Off:3 Def:4),2:21
http://stats.nba.com/cvp.html?GameID=0021200466&GameEventID=269,2,[ 50 - 49 ],Cleveland Cavaliers,Waiters  Driving Dunk (14 PTS),2:05
http://stats.nba.com/cvp.html?GameID=0021200466&GameEventID=270,2,,Sacramento Kings,Kings Timeout: Regular (Reg.2 Short 0),1:57
http://stats.nba.com/cvp.html?GameID=0021200466&GameEventID=272,2,,Cleveland Cavaliers,SUB: Miles FOR Waiters,1:57
http://stats.nba.com/cvp.html?GameID=0021200466&GameEventID=273,2,,Sacramento Kings,SUB: Thompson FOR Robinson,1:57
http://stats.nba.com/cvp.html?GameID=0021200466&GameEventID=277,2,,Sacramento Kings,MISS Garcia 26' 3PT Jump Shot,1:40
http://stats.nba.com/cvp.html?GameID=0021200466&GameEventID=275,2,,Cleveland Cavaliers,Irving REBOUND (Off:1 Def:2),1:39
http://stats.nba.com/cvp.html?GameID=0021200466&GameEventID=276,2,[ 50 - 51 ],Cleveland Cavaliers,Thompson 12' Jump Shot (4 PTS) (Irving 3 AST),1:18
http://stats.nba.com/cvp.html?GameID=0021200466&GameEventID=278,2,,Sacramento Kings,MISS Cousins 1' Reverse Layup,0:59
http://stats.nba.com/cvp.html?GameID=0021200466&GameEventID=279,2,,Cleveland Cavaliers,Zeller REBOUND (Off:2 Def:2),0:57
http://stats.nba.com/cvp.html?GameID=0021200466&GameEventID=280,2,,Cleveland Cavaliers,MISS Irving 12' Jump Shot,0:48
http://stats.nba.com/cvp.html?GameID=0021200466&GameEventID=282,2,,Cleveland Cavaliers,Zeller REBOUND (Off:3 Def:2),0:43
http://stats.nba.com/cvp.html?GameID=0021200466&GameEventID=281,2,[ 50 - 53 ],Cleveland Cavaliers,Zeller  Tip Shot (6 PTS),0:43
http://stats.nba.com/cvp.html?GameID=0021200466&GameEventID=283,2,[ 52 - 53 ],Sacramento Kings,Brooks 8' Running Jump Shot (8 PTS),0:38
http://stats.nba.com/cvp.html?GameID=0021200466&GameEventID=284,2,,Cleveland Cavaliers,Zeller OFF.Foul (P2),0:31
http://stats.nba.com/cvp.html?GameID=0021200466&GameEventID=285,2,,Cleveland Cavaliers,Zeller Foul Turnover (P2.T4),0:31
http://stats.nba.com/cvp.html?GameID=0021200466&GameEventID=287,2,,Sacramento Kings,MISS Brooks 26' 3PT Jump Shot,0:12
http://stats.nba.com/cvp.html?GameID=0021200466&GameEventID=288,2,,Cleveland Cavaliers,Irving REBOUND (Off:1 Def:3),0:11
http://stats.nba.com/cvp.html?GameID=0021200466&GameEventID=290,2,,Cleveland Cavaliers,MISS Irving 15' Jump Shot,0:00
http://stats.nba.com/cvp.html?GameID=0021200466&GameEventID=291,2,,Cleveland Cavaliers,CAVALIERS Rebound,0:00
http://stats.nba.com/cvp.html?GameID=0021200466&GameEventID=295,3,,Cleveland Cavaliers,MISS Miles 8' Running Jump Shot,11:41
http://stats.nba.com/cvp.html?GameID=0021200466&GameEventID=296,3,,Sacramento Kings,Cousins REBOUND (Off:4 Def:6),11:39
http://stats.nba.com/cvp.html?GameID=0021200466&GameEventID=297,3,[ 54 - 53 ],Sacramento Kings,Cousins 19' Jump Shot (13 PTS) (Thompson 1 AST),11:28
http://stats.nba.com/cvp.html?GameID=0021200466&GameEventID=298,3,,Cleveland Cavaliers,MISS Thompson 8' Jump Bank Shot,11:17
http://stats.nba.com/cvp.html?GameID=0021200466&GameEventID=299,3,,Sacramento Kings,Garcia REBOUND (Off:1 Def:4),11:15
http://stats.nba.com/cvp.html?GameID=0021200466&GameEventID=300,3,[ 56 - 53 ],Sacramento Kings,Thompson  Layup (12 PTS) (Thomas 3 AST),11:12
http://stats.nba.com/cvp.html?GameID=0021200466&GameEventID=301,3,,Cleveland Cavaliers,MISS Irving 19' Jump Shot,10:55
http://stats.nba.com/cvp.html?GameID=0021200466&GameEventID=302,3,,Sacramento Kings,Cousins REBOUND (Off:4 Def:7),10:54
http://stats.nba.com/cvp.html?GameID=0021200466&GameEventID=303,3,[ 58 - 53 ],Sacramento Kings,Thomas 6' Running Bank Shot (2 PTS),10:45
http://stats.nba.com/cvp.html?GameID=0021200466&GameEventID=304,3,,Cleveland Cavaliers,Thompson S.FOUL (P3.T1),10:45
http://stats.nba.com/cvp.html?GameID=0021200466&GameEventID=305,3,[ 59 - 53 ],Sacramento Kings,Thomas Free Throw 1 of 1 (3 PTS),10:45
http://stats.nba.com/cvp.html?GameID=0021200466&GameEventID=307,3,,Cleveland Cavaliers,MISS Miles 30' 3PT Jump Shot,10:20
http://stats.nba.com/cvp.html?GameID=0021200466&GameEventID=308,3,,Sacramento Kings,Cousins REBOUND (Off:4 Def:8),10:19
http://stats.nba.com/cvp.html?GameID=0021200466&GameEventID=309,3,,Cleveland Cavaliers,Irving P.FOUL (P2.T2),10:15
http://stats.nba.com/cvp.html?GameID=0021200466&GameEventID=311,3,,Sacramento Kings,MISS Thomas 28' 3PT Jump Shot,9:57
http://stats.nba.com/cvp.html?GameID=0021200466&GameEventID=312,3,,Cleveland Cavaliers,Zeller REBOUND (Off:3 Def:3),9:56
http://stats.nba.com/cvp.html?GameID=0021200466&GameEventID=313,3,[ 59 - 56 ],Cleveland Cavaliers,Gee 25' 3PT Jump Shot (12 PTS) (Irving 4 AST),9:35
http://stats.nba.com/cvp.html?GameID=0021200466&GameEventID=314,3,,Sacramento Kings,Salmons Out of Bounds Lost Ball Turnover (P1.T4),9:22
http://stats.nba.com/cvp.html?GameID=0021200466&GameEventID=315,3,,Cleveland Cavaliers,MISS Miles 26' 3PT Jump Shot,9:12
http://stats.nba.com/cvp.html?GameID=0021200466&GameEventID=316,3,,Sacramento Kings,Thomas REBOUND (Off:0 Def:1),9:11
http://stats.nba.com/cvp.html?GameID=0021200466&GameEventID=317,3,,Sacramento Kings,Thomas Step Out of Bounds Turnover (P1.T5),9:02
http://stats.nba.com/cvp.html?GameID=0021200466&GameEventID=318,3,,Cleveland Cavaliers,MISS Thompson 9' Jump Bank Shot,8:46
http://stats.nba.com/cvp.html?GameID=0021200466&GameEventID=319,3,,Sacramento Kings,Cousins REBOUND (Off:4 Def:9),8:44
http://stats.nba.com/cvp.html?GameID=0021200466&GameEventID=320,3,,Sacramento Kings,MISS Thompson 15' Jump Shot,8:37
http://stats.nba.com/cvp.html?GameID=0021200466&GameEventID=321,3,,Sacramento Kings,Cousins REBOUND (Off:5 Def:9),8:35
http://stats.nba.com/cvp.html?GameID=0021200466&GameEventID=322,3,,Sacramento Kings,Thompson OFF.Foul (P2),8:24
http://stats.nba.com/cvp.html?GameID=0021200466&GameEventID=323,3,,Sacramento Kings,Thompson Foul Turnover (P1.T6),8:24
http://stats.nba.com/cvp.html?GameID=0021200466&GameEventID=324,3,,Sacramento Kings,Thompson T.FOUL (P2.T0),8:24
http://stats.nba.com/cvp.html?GameID=0021200466&GameEventID=325,3,[ 59 - 57 ],Cleveland Cavaliers,Irving Free Throw Technical (7 PTS),8:24
http://stats.nba.com/cvp.html?GameID=0021200466&GameEventID=327,3,[ 59 - 59 ],Cleveland Cavaliers,Gee 14' Jump Shot (14 PTS) (Irving 5 AST),8:06
http://stats.nba.com/cvp.html?GameID=0021200466&GameEventID=329,3,,Sacramento Kings,MISS Garcia 24' 3PT Jump Shot,7:50
http://stats.nba.com/cvp.html?GameID=0021200466&GameEventID=330,3,,Cleveland Cavaliers,Gee REBOUND (Off:0 Def:4),7:49
http://stats.nba.com/cvp.html?GameID=0021200466&GameEventID=331,3,,Sacramento Kings,Salmons P.FOUL (P3.T1),7:44
http://stats.nba.com/cvp.html?GameID=0021200466&GameEventID=332,3,,Cleveland Cavaliers,MISS Irving 8' Jump Bank Shot,7:36
http://stats.nba.com/cvp.html?GameID=0021200466&GameEventID=333,3,,Sacramento Kings,Kings Rebound,7:36
http://stats.nba.com/cvp.html?GameID=0021200466&GameEventID=334,3,,Cleveland Cavaliers,Thompson L.B.FOUL (P4.T3),7:36
http://stats.nba.com/cvp.html?GameID=0021200466&GameEventID=335,3,,Sacramento Kings,MISS Thompson 9' Jump Shot,7:21
http://stats.nba.com/cvp.html?GameID=0021200466&GameEventID=336,3,,Cleveland Cavaliers,Thompson REBOUND (Off:3 Def:5),7:20
http://stats.nba.com/cvp.html?GameID=0021200466&GameEventID=337,3,,Cleveland Cavaliers,MISS Gee 10' Jump Shot,7:15
http://stats.nba.com/cvp.html?GameID=0021200466&GameEventID=337,3,,Sacramento Kings,Cousins BLOCK (1 BLK),7:15
http://stats.nba.com/cvp.html?GameID=0021200466&GameEventID=338,3,,Cleveland Cavaliers,CAVALIERS Rebound,7:14
http://stats.nba.com/cvp.html?GameID=0021200466&GameEventID=340,3,,Cleveland Cavaliers,SUB: Walton FOR Thompson,7:14
http://stats.nba.com/cvp.html?GameID=0021200466&GameEventID=341,3,,Cleveland Cavaliers,MISS Miles 16' Step Back Jump Shot,7:01
http://stats.nba.com/cvp.html?GameID=0021200466&GameEventID=343,3,,Cleveland Cavaliers,Gee REBOUND (Off:1 Def:4),6:57
http://stats.nba.com/cvp.html?GameID=0021200466&GameEventID=342,3,,Cleveland Cavaliers,MISS Gee 1' Tip Shot,6:57
http://stats.nba.com/cvp.html?GameID=0021200466&GameEventID=344,3,,Sacramento Kings,Salmons REBOUND (Off:0 Def:2),6:54
http://stats.nba.com/cvp.html?GameID=0021200466&GameEventID=345,3,[ 61 - 59 ],Sacramento Kings,Cousins 1' Layup (15 PTS) (Salmons 3 AST),6:53
http://stats.nba.com/cvp.html?GameID=0021200466&GameEventID=346,3,,Cleveland Cavaliers,Walton S.FOUL (P3.T4),6:53
http://stats.nba.com/cvp.html?GameID=0021200466&GameEventID=347,3,[ 62 - 59 ],Sacramento Kings,Cousins Free Throw 1 of 1 (16 PTS),6:53
http://stats.nba.com/cvp.html?GameID=0021200466&GameEventID=350,3,[ 62 - 61 ],Cleveland Cavaliers,Irving 17' Jump Shot (9 PTS),6:40
http://stats.nba.com/cvp.html?GameID=0021200466&GameEventID=351,3,,Sacramento Kings,MISS Cousins 2' Layup,6:25
http://stats.nba.com/cvp.html?GameID=0021200466&GameEventID=353,3,,Sacramento Kings,Thompson REBOUND (Off:2 Def:2),6:23
http://stats.nba.com/cvp.html?GameID=0021200466&GameEventID=352,3,[ 64 - 61 ],Sacramento Kings,Thompson 1' Putback Dunk (14 PTS),6:23
http://stats.nba.com/cvp.html?GameID=0021200466&GameEventID=354,3,,Sacramento Kings,Cousins P.FOUL (P2.T2),6:08
http://stats.nba.com/cvp.html?GameID=0021200466&GameEventID=355,3,,Cleveland Cavaliers,Walton Bad Pass Turnover (P1.T5),6:05
http://stats.nba.com/cvp.html?GameID=0021200466&GameEventID=356,3,[ 66 - 61 ],Sacramento Kings,Cousins  Layup (18 PTS) (Thomas 4 AST),5:53
http://stats.nba.com/cvp.html?GameID=0021200466&GameEventID=357,3,,Cleveland Cavaliers,Miles Lost Ball Turnover (P1.T6),5:48
http://stats.nba.com/cvp.html?GameID=0021200466&GameEventID=357,3,,Sacramento Kings,Salmons STEAL (1 STL),5:48
http://stats.nba.com/cvp.html?GameID=0021200466&GameEventID=358,3,,Cleveland Cavaliers,Walton STEAL (1 STL),5:43
http://stats.nba.com/cvp.html?GameID=0021200466&GameEventID=358,3,,Sacramento Kings,Salmons Lost Ball Turnover (P2.T7),5:43
http://stats.nba.com/cvp.html?GameID=0021200466&GameEventID=359,3,,Cleveland Cavaliers,MISS Miles  3PT Jump Shot,5:36
http://stats.nba.com/cvp.html?GameID=0021200466&GameEventID=360,3,,Cleveland Cavaliers,Irving REBOUND (Off:2 Def:3),5:35
http://stats.nba.com/cvp.html?GameID=0021200466&GameEventID=361,3,,Cleveland Cavaliers,MISS Irving 10' Jump Shot,5:34
http://stats.nba.com/cvp.html?GameID=0021200466&GameEventID=362,3,,Sacramento Kings,Thompson REBOUND (Off:2 Def:3),5:33
http://stats.nba.com/cvp.html?GameID=0021200466&GameEventID=363,3,,Cleveland Cavaliers,Miles P.FOUL (P2.PN),5:32
http://stats.nba.com/cvp.html?GameID=0021200466&GameEventID=364,3,,Cleveland Cavaliers,CAVALIERS Timeout: Regular (Full 3 Short 0),5:32
http://stats.nba.com/cvp.html?GameID=0021200466&GameEventID=368,3,[ 67 - 61 ],Sacramento Kings,Thompson Free Throw 1 of 2 (15 PTS),5:32
http://stats.nba.com/cvp.html?GameID=0021200466&GameEventID=370,3,,Sacramento Kings,MISS Thompson Free Throw 2 of 2,5:32
http://stats.nba.com/cvp.html?GameID=0021200466&GameEventID=372,3,,Cleveland Cavaliers,Walton REBOUND (Off:0 Def:2),5:32
http://stats.nba.com/cvp.html?GameID=0021200466&GameEventID=373,3,,Cleveland Cavaliers,MISS Irving 28' 3PT Jump Shot,5:12
http://stats.nba.com/cvp.html?GameID=0021200466&GameEventID=374,3,,Sacramento Kings,Thompson REBOUND (Off:2 Def:4),5:11
http://stats.nba.com/cvp.html?GameID=0021200466&GameEventID=375,3,,Cleveland Cavaliers,Walton BLOCK (1 BLK),4:51
http://stats.nba.com/cvp.html?GameID=0021200466&GameEventID=375,3,,Sacramento Kings,MISS Thompson 3' Jump Shot,4:51
http://stats.nba.com/cvp.html?GameID=0021200466&GameEventID=376,3,,Cleveland Cavaliers,Walton REBOUND (Off:0 Def:3),4:50
http://stats.nba.com/cvp.html?GameID=0021200466&GameEventID=377,3,,Cleveland Cavaliers,MISS Walton 17' Jump Shot,4:42
http://stats.nba.com/cvp.html?GameID=0021200466&GameEventID=378,3,,Cleveland Cavaliers,CAVALIERS Rebound,4:41
http://stats.nba.com/cvp.html?GameID=0021200466&GameEventID=379,3,,Sacramento Kings,Thompson L.B.FOUL (P3.T3),4:41
http://stats.nba.com/cvp.html?GameID=0021200466&GameEventID=380,3,,Cleveland Cavaliers,SUB: Waiters FOR Gee,4:41
http://stats.nba.com/cvp.html?GameID=0021200466&GameEventID=381,3,,Cleveland Cavaliers,MISS Walton 18' Jump Shot,4:30
http://stats.nba.com/cvp.html?GameID=0021200466&GameEventID=382,3,,Sacramento Kings,Garcia REBOUND (Off:1 Def:5),4:29
http://stats.nba.com/cvp.html?GameID=0021200466&GameEventID=383,3,,Sacramento Kings,MISS Cousins 16' Jump Shot,4:17
http://stats.nba.com/cvp.html?GameID=0021200466&GameEventID=384,3,,Cleveland Cavaliers,Waiters REBOUND (Off:0 Def:1),4:16
http://stats.nba.com/cvp.html?GameID=0021200466&GameEventID=385,3,,Cleveland Cavaliers,MISS Waiters  3PT Jump Shot,4:03
http://stats.nba.com/cvp.html?GameID=0021200466&GameEventID=386,3,,Sacramento Kings,Thompson REBOUND (Off:2 Def:5),4:02
http://stats.nba.com/cvp.html?GameID=0021200466&GameEventID=387,3,[ 69 - 61 ],Sacramento Kings,Thomas 18' Jump Shot (5 PTS),3:54
http://stats.nba.com/cvp.html?GameID=0021200466&GameEventID=388,3,,Cleveland Cavaliers,CAVALIERS Timeout: Regular (Full 4 Short 0),3:51
http://stats.nba.com/cvp.html?GameID=0021200466&GameEventID=391,3,,Sacramento Kings,SUB: Hayes FOR Cousins,3:51
http://stats.nba.com/cvp.html?GameID=0021200466&GameEventID=392,3,,Cleveland Cavaliers,Walton Bad Pass Turnover (P2.T7),3:38
http://stats.nba.com/cvp.html?GameID=0021200466&GameEventID=392,3,,Sacramento Kings,Hayes STEAL (1 STL),3:38
http://stats.nba.com/cvp.html?GameID=0021200466&GameEventID=393,3,[ 71 - 61 ],Sacramento Kings,Thomas 16' Jump Shot (7 PTS),3:25
http://stats.nba.com/cvp.html?GameID=0021200466&GameEventID=394,3,[ 71 - 64 ],Cleveland Cavaliers,Irving 25' 3PT Jump Shot (12 PTS) (Walton 2 AST),3:07
http://stats.nba.com/cvp.html?GameID=0021200466&GameEventID=395,3,,Sacramento Kings,MISS Thompson 19' Jump Shot,2:43
http://stats.nba.com/cvp.html?GameID=0021200466&GameEventID=396,3,,Cleveland Cavaliers,Zeller REBOUND (Off:3 Def:4),2:42
http://stats.nba.com/cvp.html?GameID=0021200466&GameEventID=397,3,,Cleveland Cavaliers,MISS Zeller  Dunk,2:25
http://stats.nba.com/cvp.html?GameID=0021200466&GameEventID=397,3,,Sacramento Kings,Thompson BLOCK (2 BLK),2:25
http://stats.nba.com/cvp.html?GameID=0021200466&GameEventID=398,3,,Sacramento Kings,Thompson REBOUND (Off:2 Def:6),2:24
http://stats.nba.com/cvp.html?GameID=0021200466&GameEventID=399,3,,Sacramento Kings,MISS Hayes 1' Layup,2:16
http://stats.nba.com/cvp.html?GameID=0021200466&GameEventID=400,3,,Sacramento Kings,Salmons REBOUND (Off:1 Def:2),2:14
http://stats.nba.com/cvp.html?GameID=0021200466&GameEventID=401,3,[ 73 - 64 ],Sacramento Kings,Salmons  Driving Layup (4 PTS),2:12
http://stats.nba.com/cvp.html?GameID=0021200466&GameEventID=402,3,[ 73 - 66 ],Cleveland Cavaliers,Irving 10' Jump Shot (14 PTS),1:51
http://stats.nba.com/cvp.html?GameID=0021200466&GameEventID=403,3,,Sacramento Kings,MISS Thomas 25' 3PT Jump Shot,1:36
http://stats.nba.com/cvp.html?GameID=0021200466&GameEventID=404,3,,Cleveland Cavaliers,Walton REBOUND (Off:0 Def:4),1:35
http://stats.nba.com/cvp.html?GameID=0021200466&GameEventID=405,3,,Cleveland Cavaliers,Zeller Out of Bounds Lost Ball Turnover (P3.T8),1:31
http://stats.nba.com/cvp.html?GameID=0021200466&GameEventID=406,3,,Sacramento Kings,SUB: Fredette FOR Garcia,1:31
http://stats.nba.com/cvp.html?GameID=0021200466&GameEventID=408,3,,Sacramento Kings,Salmons OFF.Foul (P4),1:10
http://stats.nba.com/cvp.html?GameID=0021200466&GameEventID=409,3,,Sacramento Kings,Salmons Foul Turnover (P3.T8),1:10
http://stats.nba.com/cvp.html?GameID=0021200466&GameEventID=410,3,[ 73 - 69 ],Cleveland Cavaliers,Walton 26' 3PT Jump Shot (3 PTS) (Irving 6 AST),0:50
http://stats.nba.com/cvp.html?GameID=0021200466&GameEventID=411,3,,Cleveland Cavaliers,Waiters P.FOUL (P2.PN),0:39
http://stats.nba.com/cvp.html?GameID=0021200466&GameEventID=412,3,,Sacramento Kings,MISS Thomas Free Throw 1 of 2,0:39
http://stats.nba.com/cvp.html?GameID=0021200466&GameEventID=413,3,,Sacramento Kings,Kings Rebound,0:39
http://stats.nba.com/cvp.html?GameID=0021200466&GameEventID=414,3,,Sacramento Kings,SUB: Johnson FOR Salmons,0:39
http://stats.nba.com/cvp.html?GameID=0021200466&GameEventID=415,3,[ 74 - 69 ],Sacramento Kings,Thomas Free Throw 2 of 2 (8 PTS),0:39
http://stats.nba.com/cvp.html?GameID=0021200466&GameEventID=418,3,,Cleveland Cavaliers,MISS Irving 25' 3PT Jump Shot,0:32
http://stats.nba.com/cvp.html?GameID=0021200466&GameEventID=419,3,,Cleveland Cavaliers,Walton REBOUND (Off:1 Def:4),0:30
http://stats.nba.com/cvp.html?GameID=0021200466&GameEventID=420,3,[ 74 - 71 ],Cleveland Cavaliers,Waiters 1' Reverse Layup (16 PTS),0:24
http://stats.nba.com/cvp.html?GameID=0021200466&GameEventID=421,3,,Sacramento Kings,MISS Thomas 7' Jump Shot,0:01
http://stats.nba.com/cvp.html?GameID=0021200466&GameEventID=422,3,,Cleveland Cavaliers,Zeller REBOUND (Off:3 Def:5),0:00
http://stats.nba.com/cvp.html?GameID=0021200466&GameEventID=426,4,[ 76 - 71 ],Sacramento Kings,Thompson 17' Jump Shot (17 PTS) (Hayes 2 AST),11:41
http://stats.nba.com/cvp.html?GameID=0021200466&GameEventID=427,4,[ 76 - 73 ],Cleveland Cavaliers,Thompson 6' Jump Shot (6 PTS) (Waiters 1 AST),11:15
http://stats.nba.com/cvp.html?GameID=0021200466&GameEventID=428,4,,Sacramento Kings,MISS Fredette 3' Reverse Layup,11:03
http://stats.nba.com/cvp.html?GameID=0021200466&GameEventID=429,4,,Cleveland Cavaliers,Walton REBOUND (Off:1 Def:5),11:02
http://stats.nba.com/cvp.html?GameID=0021200466&GameEventID=430,4,[ 76 - 75 ],Cleveland Cavaliers,Walton 1' Reverse Layup (5 PTS) (Waiters 2 AST),10:45
http://stats.nba.com/cvp.html?GameID=0021200466&GameEventID=431,4,,Cleveland Cavaliers,Waiters STEAL (1 STL),10:25
http://stats.nba.com/cvp.html?GameID=0021200466&GameEventID=431,4,,Sacramento Kings,Fredette Bad Pass Turnover (P2.T9),10:25
http://stats.nba.com/cvp.html?GameID=0021200466&GameEventID=432,4,[ 76 - 77 ],Cleveland Cavaliers,Waiters 2' Driving Slam Dunk (18 PTS) (Walton 3 AST),10:22
http://stats.nba.com/cvp.html?GameID=0021200466&GameEventID=433,4,,Sacramento Kings,Kings Timeout: Regular (Reg.3 Short 0),10:22
http://stats.nba.com/cvp.html?GameID=0021200466&GameEventID=437,4,,Sacramento Kings,Johnson OFF.Foul (P3),10:06
http://stats.nba.com/cvp.html?GameID=0021200466&GameEventID=438,4,,Sacramento Kings,Johnson Foul Turnover (P1.T10),10:06
http://stats.nba.com/cvp.html?GameID=0021200466&GameEventID=439,4,,Cleveland Cavaliers,MISS Gee  3PT Jump Shot,9:49
http://stats.nba.com/cvp.html?GameID=0021200466&GameEventID=440,4,,Sacramento Kings,Thompson REBOUND (Off:2 Def:7),9:48
http://stats.nba.com/cvp.html?GameID=0021200466&GameEventID=441,4,,Sacramento Kings,MISS Hayes 7' Jump Shot,9:26
http://stats.nba.com/cvp.html?GameID=0021200466&GameEventID=442,4,,Cleveland Cavaliers,Gee REBOUND (Off:1 Def:5),9:24
http://stats.nba.com/cvp.html?GameID=0021200466&GameEventID=443,4,,Cleveland Cavaliers,MISS Waiters 17' Jump Shot,9:19
http://stats.nba.com/cvp.html?GameID=0021200466&GameEventID=444,4,,Sacramento Kings,Johnson REBOUND (Off:1 Def:2),9:18
http://stats.nba.com/cvp.html?GameID=0021200466&GameEventID=445,4,,Sacramento Kings,MISS Fredette  3PT Jump Shot,9:09
http://stats.nba.com/cvp.html?GameID=0021200466&GameEventID=446,4,,Sacramento Kings,Thompson REBOUND (Off:3 Def:7),9:08
http://stats.nba.com/cvp.html?GameID=0021200466&GameEventID=447,4,[ 78 - 77 ],Sacramento Kings,Fredette  Layup (4 PTS) (Thompson 2 AST),9:05
http://stats.nba.com/cvp.html?GameID=0021200466&GameEventID=449,4,,Sacramento Kings,SUB: Garcia FOR Fredette,8:52
http://stats.nba.com/cvp.html?GameID=0021200466&GameEventID=450,4,,Sacramento Kings,SUB: Cousins FOR Thompson,8:52
http://stats.nba.com/cvp.html?GameID=0021200466&GameEventID=451,4,,Cleveland Cavaliers,MISS Waiters 21' Jump Shot,8:43
http://stats.nba.com/cvp.html?GameID=0021200466&GameEventID=452,4,,Sacramento Kings,Johnson REBOUND (Off:1 Def:3),8:42
http://stats.nba.com/cvp.html?GameID=0021200466&GameEventID=453,4,,Cleveland Cavaliers,Livingston BLOCK (1 BLK),8:23
http://stats.nba.com/cvp.html?GameID=0021200466&GameEventID=453,4,,Sacramento Kings,MISS Hayes 4' Jump Shot,8:23
http://stats.nba.com/cvp.html?GameID=0021200466&GameEventID=454,4,,Cleveland Cavaliers,Walton REBOUND (Off:1 Def:6),8:20
http://stats.nba.com/cvp.html?GameID=0021200466&GameEventID=455,4,,Cleveland Cavaliers,MISS Thompson  Layup,8:16
http://stats.nba.com/cvp.html?GameID=0021200466&GameEventID=456,4,,Sacramento Kings,Hayes REBOUND (Off:1 Def:1),8:14
http://stats.nba.com/cvp.html?GameID=0021200466&GameEventID=457,4,[ 80 - 77 ],Sacramento Kings,Johnson  Layup (8 PTS) (Cousins 4 AST),8:07
http://stats.nba.com/cvp.html?GameID=0021200466&GameEventID=458,4,,Cleveland Cavaliers,MISS Gee 7' Jump Shot,7:39
http://stats.nba.com/cvp.html?GameID=0021200466&GameEventID=459,4,,Cleveland Cavaliers,Thompson REBOUND (Off:4 Def:5),7:38
http://stats.nba.com/cvp.html?GameID=0021200466&GameEventID=460,4,[ 80 - 79 ],Cleveland Cavaliers,Thompson 1' Layup (8 PTS),7:31
http://stats.nba.com/cvp.html?GameID=0021200466&GameEventID=461,4,,Sacramento Kings,MISS Johnson 1' Reverse Layup,7:22
http://stats.nba.com/cvp.html?GameID=0021200466&GameEventID=462,4,,Sacramento Kings,Cousins REBOUND (Off:6 Def:9),7:20
http://stats.nba.com/cvp.html?GameID=0021200466&GameEventID=463,4,[ 83 - 79 ],Sacramento Kings,Garcia 25' 3PT Jump Shot (12 PTS) (Cousins 5 AST),7:13
http://stats.nba.com/cvp.html?GameID=0021200466&GameEventID=464,4,,Cleveland Cavaliers,MISS Thompson 6' Floating Jump Shot,6:59
http://stats.nba.com/cvp.html?GameID=0021200466&GameEventID=465,4,,Sacramento Kings,Kings Rebound,6:58
http://stats.nba.com/cvp.html?GameID=0021200466&GameEventID=466,4,,Sacramento Kings,MISS Cousins 15' Jump Shot,6:35
http://stats.nba.com/cvp.html?GameID=0021200466&GameEventID=467,4,,Cleveland Cavaliers,CAVALIERS Rebound,6:34
http://stats.nba.com/cvp.html?GameID=0021200466&GameEventID=468,4,,Cleveland Cavaliers,SUB: Zeller FOR Walton,6:34
http://stats.nba.com/cvp.html?GameID=0021200466&GameEventID=469,4,[ 83 - 81 ],Cleveland Cavaliers,Zeller 19' Jump Shot (8 PTS) (Waiters 3 AST),6:25
http://stats.nba.com/cvp.html?GameID=0021200466&GameEventID=470,4,,Sacramento Kings,MISS Garcia 26' 3PT Jump Shot,6:00
http://stats.nba.com/cvp.html?GameID=0021200466&GameEventID=471,4,,Cleveland Cavaliers,Thompson REBOUND (Off:4 Def:6),5:58
http://stats.nba.com/cvp.html?GameID=0021200466&GameEventID=472,4,,Cleveland Cavaliers,Thompson Out of Bounds Lost Ball Turnover (P2.T9),5:42
http://stats.nba.com/cvp.html?GameID=0021200466&GameEventID=475,4,,Cleveland Cavaliers,SUB: Irving FOR Livingston,5:42
http://stats.nba.com/cvp.html?GameID=0021200466&GameEventID=476,4,,Sacramento Kings,SUB: Thompson FOR Hayes,5:42
http://stats.nba.com/cvp.html?GameID=0021200466&GameEventID=477,4,,Sacramento Kings,MISS Thompson 17' Jump Shot,5:28
http://stats.nba.com/cvp.html?GameID=0021200466&GameEventID=479,4,,Sacramento Kings,Cousins REBOUND (Off:7 Def:9),5:25
http://stats.nba.com/cvp.html?GameID=0021200466&GameEventID=478,4,,Sacramento Kings,MISS Cousins 1' Tip Shot,5:25
http://stats.nba.com/cvp.html?GameID=0021200466&GameEventID=480,4,,Cleveland Cavaliers,CAVALIERS Rebound,5:25
http://stats.nba.com/cvp.html?GameID=0021200466&GameEventID=481,4,,Cleveland Cavaliers,MISS Thompson 3' Jump Shot,5:03
http://stats.nba.com/cvp.html?GameID=0021200466&GameEventID=481,4,,Sacramento Kings,Thompson BLOCK (3 BLK),5:03
http://stats.nba.com/cvp.html?GameID=0021200466&GameEventID=482,4,,Cleveland Cavaliers,Gee REBOUND (Off:2 Def:5),5:01
http://stats.nba.com/cvp.html?GameID=0021200466&GameEventID=483,4,,Cleveland Cavaliers,CAVALIERS Turnover: Shot Clock (T#10),5:01
http://stats.nba.com/cvp.html?GameID=0021200466&GameEventID=484,4,,Cleveland Cavaliers,Gee Violation:Kicked Ball,4:52
http://stats.nba.com/cvp.html?GameID=0021200466&GameEventID=485,4,,Sacramento Kings,MISS Johnson 22' Jump Shot,4:41
http://stats.nba.com/cvp.html?GameID=0021200466&GameEventID=486,4,,Cleveland Cavaliers,Thompson REBOUND (Off:4 Def:7),4:39
http://stats.nba.com/cvp.html?GameID=0021200466&GameEventID=488,4,,Sacramento Kings,Cousins S.FOUL (P3.T1),4:32
http://stats.nba.com/cvp.html?GameID=0021200466&GameEventID=489,4,,Cleveland Cavaliers,MISS Thompson Free Throw 1 of 2,4:32
http://stats.nba.com/cvp.html?GameID=0021200466&GameEventID=490,4,,Cleveland Cavaliers,CAVALIERS Rebound,4:32
http://stats.nba.com/cvp.html?GameID=0021200466&GameEventID=491,4,,Sacramento Kings,SUB: Salmons FOR Johnson,4:32
http://stats.nba.com/cvp.html?GameID=0021200466&GameEventID=492,4,[ 83 - 82 ],Cleveland Cavaliers,Thompson Free Throw 2 of 2 (9 PTS),4:32
http://stats.nba.com/cvp.html?GameID=0021200466&GameEventID=494,4,,Sacramento Kings,MISS Salmons 24' 3PT Jump Shot,4:16
http://stats.nba.com/cvp.html?GameID=0021200466&GameEventID=495,4,,Sacramento Kings,Brooks REBOUND (Off:1 Def:1),4:16
http://stats.nba.com/cvp.html?GameID=0021200466&GameEventID=496,4,[ 85 - 82 ],Sacramento Kings,Thompson 1' Layup (19 PTS) (Brooks 3 AST),4:13
http://stats.nba.com/cvp.html?GameID=0021200466&GameEventID=497,4,,Cleveland Cavaliers,Irving Bad Pass Turnover (P1.T11),3:50
http://stats.nba.com/cvp.html?GameID=0021200466&GameEventID=497,4,,Sacramento Kings,Garcia STEAL (1 STL),3:50
http://stats.nba.com/cvp.html?GameID=0021200466&GameEventID=498,4,,Sacramento Kings,MISS Garcia 1' Layup,3:47
http://stats.nba.com/cvp.html?GameID=0021200466&GameEventID=499,4,,Cleveland Cavaliers,Gee REBOUND (Off:2 Def:6),3:45
http://stats.nba.com/cvp.html?GameID=0021200466&GameEventID=500,4,[ 85 - 84 ],Cleveland Cavaliers,Irving 9' Running Jump Shot (16 PTS) (Gee 6 AST),3:36
http://stats.nba.com/cvp.html?GameID=0021200466&GameEventID=501,4,,Sacramento Kings,MISS Cousins 7' Jump Shot,3:23
http://stats.nba.com/cvp.html?GameID=0021200466&GameEventID=502,4,,Cleveland Cavaliers,Thompson REBOUND (Off:4 Def:8),3:22
http://stats.nba.com/cvp.html?GameID=0021200466&GameEventID=503,4,,Cleveland Cavaliers,Irving Lost Ball Turnover (P2.T12),3:07
http://stats.nba.com/cvp.html?GameID=0021200466&GameEventID=503,4,,Sacramento Kings,Cousins STEAL (2 STL),3:07
http://stats.nba.com/cvp.html?GameID=0021200466&GameEventID=504,4,[ 87 - 84 ],Sacramento Kings,Garcia 1' Layup (14 PTS),3:03
http://stats.nba.com/cvp.html?GameID=0021200466&GameEventID=505,4,,Cleveland Cavaliers,MISS Waiters 14' Step Back Jump Shot,2:48
http://stats.nba.com/cvp.html?GameID=0021200466&GameEventID=506,4,,Cleveland Cavaliers,Thompson REBOUND (Off:5 Def:8),2:47
http://stats.nba.com/cvp.html?GameID=0021200466&GameEventID=507,4,,Sacramento Kings,Garcia P.FOUL (P2.T2),2:47
http://stats.nba.com/cvp.html?GameID=0021200466&GameEventID=508,4,,Cleveland Cavaliers,CAVALIERS Timeout: Regular (Full 5 Short 0),2:47
http://stats.nba.com/cvp.html?GameID=0021200466&GameEventID=510,4,,Cleveland Cavaliers,SUB: Miles FOR Waiters,2:47
http://stats.nba.com/cvp.html?GameID=0021200466&GameEventID=512,4,[ 87 - 86 ],Cleveland Cavaliers,Gee 9' Step Back Jump Shot (16 PTS),2:32
http://stats.nba.com/cvp.html?GameID=0021200466&GameEventID=513,4,[ 89 - 86 ],Sacramento Kings,Brooks 4' Driving Layup (10 PTS),2:17
http://stats.nba.com/cvp.html?GameID=0021200466&GameEventID=514,4,,Cleveland Cavaliers,Miles Bad Pass Turnover (P2.T13),2:07
http://stats.nba.com/cvp.html?GameID=0021200466&GameEventID=514,4,,Sacramento Kings,Garcia STEAL (2 STL),2:07
http://stats.nba.com/cvp.html?GameID=0021200466&GameEventID=515,4,,Sacramento Kings,MISS Cousins 18' Jump Shot,1:52
http://stats.nba.com/cvp.html?GameID=0021200466&GameEventID=516,4,,Cleveland Cavaliers,Miles REBOUND (Off:0 Def:2),1:51
http://stats.nba.com/cvp.html?GameID=0021200466&GameEventID=517,4,[ 89 - 88 ],Cleveland Cavaliers,Irving 1' Driving Layup (18 PTS),1:41
http://stats.nba.com/cvp.html?GameID=0021200466&GameEventID=518,4,,Sacramento Kings,MISS Garcia 25' 3PT Jump Shot,1:18
http://stats.nba.com/cvp.html?GameID=0021200466&GameEventID=519,4,,Cleveland Cavaliers,Gee REBOUND (Off:2 Def:7),1:16
http://stats.nba.com/cvp.html?GameID=0021200466&GameEventID=520,4,,Sacramento Kings,Salmons S.FOUL (P5.T3),1:12
http://stats.nba.com/cvp.html?GameID=0021200466&GameEventID=521,4,[ 89 - 89 ],Cleveland Cavaliers,Irving Free Throw 1 of 2 (19 PTS),1:12
http://stats.nba.com/cvp.html?GameID=0021200466&GameEventID=523,4,[ 89 - 90 ],Cleveland Cavaliers,Irving Free Throw 2 of 2 (20 PTS),1:12
http://stats.nba.com/cvp.html?GameID=0021200466&GameEventID=526,4,[ 92 - 90 ],Sacramento Kings,Salmons 24' 3PT Jump Shot (7 PTS) (Cousins 6 AST),0:52
http://stats.nba.com/cvp.html?GameID=0021200466&GameEventID=527,4,,Cleveland Cavaliers,Irving Bad Pass Turnover (P3.T14),0:38
http://stats.nba.com/cvp.html?GameID=0021200466&GameEventID=528,4,,Sacramento Kings,SUB: Fredette FOR Thompson,0:38
http://stats.nba.com/cvp.html?GameID=0021200466&GameEventID=529,4,,Cleveland Cavaliers,SUB: Waiters FOR Thompson,0:38
http://stats.nba.com/cvp.html?GameID=0021200466&GameEventID=530,4,[ 94 - 90 ],Sacramento Kings,Brooks 1' Driving Layup (12 PTS),0:18
http://stats.nba.com/cvp.html?GameID=0021200466&GameEventID=531,4,,Cleveland Cavaliers,CAVALIERS Timeout: Regular (Full 6 Short 0),0:18
http://stats.nba.com/cvp.html?GameID=0021200466&GameEventID=535,4,[ 94 - 92 ],Cleveland Cavaliers,Irving 9' Jump Shot (22 PTS),0:12
http://stats.nba.com/cvp.html?GameID=0021200466&GameEventID=536,4,,Sacramento Kings,Kings Timeout: Regular (Reg.4 Short 0),0:12
http://stats.nba.com/cvp.html?GameID=0021200466&GameEventID=539,4,,Sacramento Kings,SUB: Thomas FOR Garcia,0:12
http://stats.nba.com/cvp.html?GameID=0021200466&GameEventID=540,4,,Cleveland Cavaliers,Waiters P.FOUL (P3.T1),0:10
http://stats.nba.com/cvp.html?GameID=0021200466&GameEventID=541,4,,Cleveland Cavaliers,Waiters Personal Take Foul (P4.PN),0:08
http://stats.nba.com/cvp.html?GameID=0021200466&GameEventID=542,4,[ 95 - 92 ],Sacramento Kings,Fredette Free Throw 1 of 2 (5 PTS),0:08
http://stats.nba.com/cvp.html?GameID=0021200466&GameEventID=544,4,[ 96 - 92 ],Sacramento Kings,Fredette Free Throw 2 of 2 (6 PTS),0:08
http://stats.nba.com/cvp.html?GameID=0021200466&GameEventID=546,4,,Cleveland Cavaliers,CAVALIERS Timeout: Short (Full 6 Short 1),0:08
http://stats.nba.com/cvp.html?GameID=0021200466&GameEventID=549,4,,Sacramento Kings,SUB: Johnson FOR Thomas,0:08
http://stats.nba.com/cvp.html?GameID=0021200466&GameEventID=550,4,,Sacramento Kings,SUB: Garcia FOR Fredette,0:08
http://stats.nba.com/cvp.html?GameID=0021200466&GameEventID=551,4,,Cleveland Cavaliers,MISS Zeller 17' Jump Shot,0:05
http://stats.nba.com/cvp.html?GameID=0021200466&GameEventID=552,4,,Cleveland Cavaliers,Waiters REBOUND (Off:1 Def:1),0:04
http://stats.nba.com/cvp.html?GameID=0021200466&GameEventID=553,4,[ 96 - 94 ],Cleveland Cavaliers,Waiters 2' Layup (20 PTS),0:03
http://stats.nba.com/cvp.html?GameID=0021200466&GameEventID=554,4,,Sacramento Kings,Kings Timeout: Short (Reg.4 Short 1),0:03
http://stats.nba.com/cvp.html?GameID=0021200466&GameEventID=557,4,,Sacramento Kings,SUB: Fredette FOR Johnson,0:03
http://stats.nba.com/cvp.html?GameID=0021200466&GameEventID=558,4,,Cleveland Cavaliers,Waiters Personal Take Foul (P5.PN),0:02
http://stats.nba.com/cvp.html?GameID=0021200466&GameEventID=559,4,[ 97 - 94 ],Sacramento Kings,Brooks Free Throw 1 of 2 (13 PTS),0:02
http://stats.nba.com/cvp.html?GameID=0021200466&GameEventID=561,4,,Sacramento Kings,MISS Brooks Free Throw 2 of 2,0:02
http://stats.nba.com/cvp.html?GameID=0021200466&GameEventID=563,4,,Cleveland Cavaliers,Gee REBOUND (Off:2 Def:8),0:01
http://stats.nba.com/cvp.html?GameID=0021200466&GameEventID=564,4,,Cleveland Cavaliers,MISS Irving 56' 3PT Jump Shot,0:00
http://stats.nba.com/cvp.html?GameID=0021200466&GameEventID=565,4,,Cleveland Cavaliers,CAVALIERS Rebound,0:00
