http://stats.nba.com/cvp.html?GameID=0041200223&GameEventID=1,1,,Memphis Grizzlies,Jump Ball Gasol vs. Ibaka: Tip to Conley,12:00
http://stats.nba.com/cvp.html?GameID=0041200223&GameEventID=2,1,,Memphis Grizzlies,MISS Allen 24' 3PT Jump Shot,11:35
http://stats.nba.com/cvp.html?GameID=0041200223&GameEventID=3,1,,Oklahoma City Thunder,Thunder Rebound,11:33
http://stats.nba.com/cvp.html?GameID=0041200223&GameEventID=4,1,[ 2 - 0 ],Oklahoma City Thunder,Jackson 14' Jump Shot (2 PTS),11:26
http://stats.nba.com/cvp.html?GameID=0041200223&GameEventID=5,1,[ 2 - 2 ],Memphis Grizzlies,Allen 1' Dunk (2 PTS) (Gasol 1 AST),11:06
http://stats.nba.com/cvp.html?GameID=0041200223&GameEventID=6,1,,Oklahoma City Thunder,MISS Perkins 5' Jump Shot,10:51
http://stats.nba.com/cvp.html?GameID=0041200223&GameEventID=7,1,,Memphis Grizzlies,Randolph REBOUND (Off:0 Def:1),10:49
http://stats.nba.com/cvp.html?GameID=0041200223&GameEventID=8,1,,Memphis Grizzlies,MISS Randolph 22' Jump Shot,10:37
http://stats.nba.com/cvp.html?GameID=0041200223&GameEventID=9,1,,Oklahoma City Thunder,Jackson REBOUND (Off:0 Def:1),10:36
http://stats.nba.com/cvp.html?GameID=0041200223&GameEventID=10,1,,Oklahoma City Thunder,MISS Jackson 6' Jump Shot,10:30
http://stats.nba.com/cvp.html?GameID=0041200223&GameEventID=11,1,,Memphis Grizzlies,Randolph REBOUND (Off:0 Def:2),10:28
http://stats.nba.com/cvp.html?GameID=0041200223&GameEventID=12,1,[ 2 - 4 ],Memphis Grizzlies,Conley 1' Driving Layup (2 PTS),10:21
http://stats.nba.com/cvp.html?GameID=0041200223&GameEventID=13,1,[ 4 - 4 ],Oklahoma City Thunder,Durant 19' Pullup Jump Shot (2 PTS),10:02
http://stats.nba.com/cvp.html?GameID=0041200223&GameEventID=14,1,,Memphis Grizzlies,MISS Allen  Reverse Layup,9:47
http://stats.nba.com/cvp.html?GameID=0041200223&GameEventID=15,1,,Oklahoma City Thunder,Ibaka REBOUND (Off:0 Def:1),9:44
http://stats.nba.com/cvp.html?GameID=0041200223&GameEventID=16,1,,Memphis Grizzlies,Conley P.FOUL (P1.T1),9:26
http://stats.nba.com/cvp.html?GameID=0041200223&GameEventID=17,1,,Oklahoma City Thunder,MISS Jackson 15' Jump Shot,9:10
http://stats.nba.com/cvp.html?GameID=0041200223&GameEventID=18,1,,Memphis Grizzlies,Randolph REBOUND (Off:0 Def:3),9:09
http://stats.nba.com/cvp.html?GameID=0041200223&GameEventID=19,1,,Memphis Grizzlies,MISS Gasol 16' Jump Shot,8:51
http://stats.nba.com/cvp.html?GameID=0041200223&GameEventID=20,1,,Oklahoma City Thunder,Jackson REBOUND (Off:0 Def:2),8:50
http://stats.nba.com/cvp.html?GameID=0041200223&GameEventID=21,1,,Memphis Grizzlies,Gasol S.FOUL (P1.T2),8:46
http://stats.nba.com/cvp.html?GameID=0041200223&GameEventID=22,1,,Oklahoma City Thunder,MISS Ibaka Free Throw 1 of 2,8:46
http://stats.nba.com/cvp.html?GameID=0041200223&GameEventID=23,1,,Oklahoma City Thunder,Thunder Rebound,8:46
http://stats.nba.com/cvp.html?GameID=0041200223&GameEventID=24,1,[ 5 - 4 ],Oklahoma City Thunder,Ibaka Free Throw 2 of 2 (1 PTS),8:46
http://stats.nba.com/cvp.html?GameID=0041200223&GameEventID=26,1,[ 5 - 6 ],Memphis Grizzlies,Prince 18' Jump Shot (2 PTS) (Conley 1 AST),8:27
http://stats.nba.com/cvp.html?GameID=0041200223&GameEventID=27,1,,Oklahoma City Thunder,MISS Ibaka 1' Slam Dunk,8:13
http://stats.nba.com/cvp.html?GameID=0041200223&GameEventID=29,1,,Oklahoma City Thunder,Sefolosha REBOUND (Off:1 Def:0),8:09
http://stats.nba.com/cvp.html?GameID=0041200223&GameEventID=28,1,,Oklahoma City Thunder,MISS Sefolosha 14' Jump Shot,8:09
http://stats.nba.com/cvp.html?GameID=0041200223&GameEventID=30,1,,Memphis Grizzlies,Randolph REBOUND (Off:0 Def:4),8:07
http://stats.nba.com/cvp.html?GameID=0041200223&GameEventID=31,1,,Memphis Grizzlies,Conley Bad Pass Turnover (P1.T1),8:00
http://stats.nba.com/cvp.html?GameID=0041200223&GameEventID=31,1,,Oklahoma City Thunder,Durant STEAL (1 STL),8:00
http://stats.nba.com/cvp.html?GameID=0041200223&GameEventID=32,1,[ 7 - 6 ],Oklahoma City Thunder,Durant 1' Layup (4 PTS) (Jackson 1 AST),7:55
http://stats.nba.com/cvp.html?GameID=0041200223&GameEventID=33,1,,Memphis Grizzlies,Conley Out of Bounds Lost Ball Turnover (P2.T2),7:40
http://stats.nba.com/cvp.html?GameID=0041200223&GameEventID=35,1,,Oklahoma City Thunder,MISS Ibaka 19' Jump Shot,7:24
http://stats.nba.com/cvp.html?GameID=0041200223&GameEventID=36,1,,Memphis Grizzlies,Conley REBOUND (Off:0 Def:1),7:23
http://stats.nba.com/cvp.html?GameID=0041200223&GameEventID=37,1,,Oklahoma City Thunder,Ibaka P.FOUL (P1.T1),7:18
http://stats.nba.com/cvp.html?GameID=0041200223&GameEventID=38,1,,Memphis Grizzlies,Prince Bad Pass Turnover (P1.T3),7:04
http://stats.nba.com/cvp.html?GameID=0041200223&GameEventID=38,1,,Oklahoma City Thunder,Jackson STEAL (1 STL),7:04
http://stats.nba.com/cvp.html?GameID=0041200223&GameEventID=39,1,,Memphis Grizzlies,Allen P.FOUL (P1.T3),7:01
http://stats.nba.com/cvp.html?GameID=0041200223&GameEventID=40,1,,Memphis Grizzlies,GRIZZLIES Timeout: Regular (Full 1 Short 0),7:01
http://stats.nba.com/cvp.html?GameID=0041200223&GameEventID=42,1,,Oklahoma City Thunder,MISS Sefolosha 20' Jump Shot,6:44
http://stats.nba.com/cvp.html?GameID=0041200223&GameEventID=43,1,,Oklahoma City Thunder,Perkins REBOUND (Off:1 Def:0),6:43
http://stats.nba.com/cvp.html?GameID=0041200223&GameEventID=44,1,,Oklahoma City Thunder,MISS Ibaka 21' Jump Shot,6:36
http://stats.nba.com/cvp.html?GameID=0041200223&GameEventID=45,1,,Memphis Grizzlies,Conley REBOUND (Off:0 Def:2),6:35
http://stats.nba.com/cvp.html?GameID=0041200223&GameEventID=46,1,[ 7 - 8 ],Memphis Grizzlies,Gasol 9' Running Hook Shot (2 PTS) (Conley 2 AST),6:19
http://stats.nba.com/cvp.html?GameID=0041200223&GameEventID=47,1,,Oklahoma City Thunder,MISS Sefolosha  3PT Jump Shot,6:01
http://stats.nba.com/cvp.html?GameID=0041200223&GameEventID=48,1,,Memphis Grizzlies,Randolph REBOUND (Off:0 Def:5),6:00
http://stats.nba.com/cvp.html?GameID=0041200223&GameEventID=49,1,,Memphis Grizzlies,MISS Conley 20' Jump Bank Shot,5:52
http://stats.nba.com/cvp.html?GameID=0041200223&GameEventID=50,1,,Oklahoma City Thunder,Ibaka REBOUND (Off:0 Def:2),5:50
http://stats.nba.com/cvp.html?GameID=0041200223&GameEventID=51,1,[ 9 - 8 ],Oklahoma City Thunder,Durant 11' Pullup Jump Shot (6 PTS),5:35
http://stats.nba.com/cvp.html?GameID=0041200223&GameEventID=52,1,[ 9 - 10 ],Memphis Grizzlies,Randolph 1' Driving Layup (2 PTS),5:16
http://stats.nba.com/cvp.html?GameID=0041200223&GameEventID=53,1,,Oklahoma City Thunder,Thunder Turnover: Shot Clock (T#1),4:49
http://stats.nba.com/cvp.html?GameID=0041200223&GameEventID=54,1,,Oklahoma City Thunder,SUB: Collison FOR Ibaka,4:49
http://stats.nba.com/cvp.html?GameID=0041200223&GameEventID=55,1,,Memphis Grizzlies,Gasol Lost Ball Turnover (P1.T4),4:35
http://stats.nba.com/cvp.html?GameID=0041200223&GameEventID=55,1,,Oklahoma City Thunder,Sefolosha STEAL (1 STL),4:35
http://stats.nba.com/cvp.html?GameID=0041200223&GameEventID=56,1,[ 11 - 10 ],Oklahoma City Thunder,Jackson  Finger Roll Layup (4 PTS) (Sefolosha 1 AST),4:30
http://stats.nba.com/cvp.html?GameID=0041200223&GameEventID=57,1,[ 11 - 12 ],Memphis Grizzlies,Gasol 14' Jump Shot (4 PTS) (Prince 1 AST),4:09
http://stats.nba.com/cvp.html?GameID=0041200223&GameEventID=58,1,,Memphis Grizzlies,Conley STEAL (1 STL),3:44
http://stats.nba.com/cvp.html?GameID=0041200223&GameEventID=58,1,,Oklahoma City Thunder,Durant Bad Pass Turnover (P1.T2),3:44
http://stats.nba.com/cvp.html?GameID=0041200223&GameEventID=59,1,,Memphis Grizzlies,MISS Prince 11' Pullup Jump Shot,3:38
http://stats.nba.com/cvp.html?GameID=0041200223&GameEventID=60,1,,Oklahoma City Thunder,Collison REBOUND (Off:0 Def:1),3:35
http://stats.nba.com/cvp.html?GameID=0041200223&GameEventID=61,1,,Oklahoma City Thunder,MISS Perkins 7' Jump Shot,3:20
http://stats.nba.com/cvp.html?GameID=0041200223&GameEventID=62,1,,Memphis Grizzlies,Conley REBOUND (Off:0 Def:3),3:19
http://stats.nba.com/cvp.html?GameID=0041200223&GameEventID=64,1,,Oklahoma City Thunder,SUB: Martin FOR Sefolosha,3:09
http://stats.nba.com/cvp.html?GameID=0041200223&GameEventID=65,1,,Memphis Grizzlies,SUB: Pondexter FOR Prince,3:09
http://stats.nba.com/cvp.html?GameID=0041200223&GameEventID=66,1,,Memphis Grizzlies,SUB: Arthur FOR Randolph,3:09
http://stats.nba.com/cvp.html?GameID=0041200223&GameEventID=68,1,,Oklahoma City Thunder,SUB: Fisher FOR Perkins,3:02
http://stats.nba.com/cvp.html?GameID=0041200223&GameEventID=69,1,,Memphis Grizzlies,Gasol Lost Ball Turnover (P2.T5),2:59
http://stats.nba.com/cvp.html?GameID=0041200223&GameEventID=69,1,,Oklahoma City Thunder,Collison STEAL (1 STL),2:59
http://stats.nba.com/cvp.html?GameID=0041200223&GameEventID=70,1,[ 14 - 12 ],Oklahoma City Thunder,Martin  3PT Jump Shot (3 PTS) (Durant 1 AST),2:50
http://stats.nba.com/cvp.html?GameID=0041200223&GameEventID=71,1,[ 14 - 14 ],Memphis Grizzlies,Allen 1' Reverse Layup (4 PTS) (Gasol 2 AST),2:32
http://stats.nba.com/cvp.html?GameID=0041200223&GameEventID=72,1,,Memphis Grizzlies,Arthur S.FOUL (P1.T4),2:14
http://stats.nba.com/cvp.html?GameID=0041200223&GameEventID=73,1,,Oklahoma City Thunder,Thunder Timeout: Regular (Reg.1 Short 0),2:14
http://stats.nba.com/cvp.html?GameID=0041200223&GameEventID=77,1,,Memphis Grizzlies,SUB: Bayless FOR Arthur,2:14
http://stats.nba.com/cvp.html?GameID=0041200223&GameEventID=78,1,[ 15 - 14 ],Oklahoma City Thunder,Durant Free Throw 1 of 2 (7 PTS),2:14
http://stats.nba.com/cvp.html?GameID=0041200223&GameEventID=79,1,[ 16 - 14 ],Oklahoma City Thunder,Durant Free Throw 2 of 2 (8 PTS),2:14
http://stats.nba.com/cvp.html?GameID=0041200223&GameEventID=81,1,[ 16 - 16 ],Memphis Grizzlies,Pondexter 1' Layup (2 PTS) (Gasol 3 AST),1:57
http://stats.nba.com/cvp.html?GameID=0041200223&GameEventID=82,1,,Oklahoma City Thunder,MISS Jackson 25' 3PT Jump Shot,1:35
http://stats.nba.com/cvp.html?GameID=0041200223&GameEventID=83,1,,Memphis Grizzlies,Gasol REBOUND (Off:0 Def:1),1:34
http://stats.nba.com/cvp.html?GameID=0041200223&GameEventID=84,1,,Memphis Grizzlies,MISS Gasol 11' Jump Shot,1:24
http://stats.nba.com/cvp.html?GameID=0041200223&GameEventID=85,1,,Oklahoma City Thunder,Jackson REBOUND (Off:0 Def:3),1:23
http://stats.nba.com/cvp.html?GameID=0041200223&GameEventID=86,1,,Oklahoma City Thunder,MISS Collison 1' Layup,1:16
http://stats.nba.com/cvp.html?GameID=0041200223&GameEventID=87,1,,Memphis Grizzlies,Pondexter REBOUND (Off:0 Def:1),1:14
http://stats.nba.com/cvp.html?GameID=0041200223&GameEventID=88,1,,Oklahoma City Thunder,Jackson P.FOUL (P1.T2),1:04
http://stats.nba.com/cvp.html?GameID=0041200223&GameEventID=89,1,,Oklahoma City Thunder,SUB: Liggins FOR Jackson,1:04
http://stats.nba.com/cvp.html?GameID=0041200223&GameEventID=90,1,,Memphis Grizzlies,SUB: Dooling FOR Conley,1:04
http://stats.nba.com/cvp.html?GameID=0041200223&GameEventID=91,1,,Oklahoma City Thunder,Liggins P.FOUL (P1.PN),0:56
http://stats.nba.com/cvp.html?GameID=0041200223&GameEventID=92,1,[ 16 - 17 ],Memphis Grizzlies,Dooling Free Throw 1 of 2 (1 PTS),0:56
http://stats.nba.com/cvp.html?GameID=0041200223&GameEventID=94,1,[ 16 - 18 ],Memphis Grizzlies,Dooling Free Throw 2 of 2 (2 PTS),0:56
http://stats.nba.com/cvp.html?GameID=0041200223&GameEventID=96,1,,Oklahoma City Thunder,MISS Durant 16' Jump Shot,0:37
http://stats.nba.com/cvp.html?GameID=0041200223&GameEventID=98,1,,Oklahoma City Thunder,Collison REBOUND (Off:1 Def:1),0:36
http://stats.nba.com/cvp.html?GameID=0041200223&GameEventID=97,1,,Oklahoma City Thunder,MISS Collison 1' Tip Shot,0:36
http://stats.nba.com/cvp.html?GameID=0041200223&GameEventID=99,1,,Memphis Grizzlies,Gasol REBOUND (Off:0 Def:2),0:33
http://stats.nba.com/cvp.html?GameID=0041200223&GameEventID=100,1,,Oklahoma City Thunder,Durant S.FOUL (P1.PN),0:32
http://stats.nba.com/cvp.html?GameID=0041200223&GameEventID=101,1,[ 16 - 19 ],Memphis Grizzlies,Allen Free Throw 1 of 2 (5 PTS),0:32
http://stats.nba.com/cvp.html?GameID=0041200223&GameEventID=103,1,,Memphis Grizzlies,SUB: Arthur FOR Gasol,0:32
http://stats.nba.com/cvp.html?GameID=0041200223&GameEventID=104,1,[ 16 - 20 ],Memphis Grizzlies,Allen Free Throw 2 of 2 (6 PTS),0:32
http://stats.nba.com/cvp.html?GameID=0041200223&GameEventID=106,1,,Oklahoma City Thunder,MISS Martin  Finger Roll Layup,0:14
http://stats.nba.com/cvp.html?GameID=0041200223&GameEventID=107,1,,Oklahoma City Thunder,Collison REBOUND (Off:2 Def:1),0:13
http://stats.nba.com/cvp.html?GameID=0041200223&GameEventID=108,1,[ 18 - 20 ],Oklahoma City Thunder,Collison  Putback Layup (2 PTS),0:13
http://stats.nba.com/cvp.html?GameID=0041200223&GameEventID=109,1,[ 18 - 22 ],Memphis Grizzlies,Bayless 21' Step Back Jump Shot (2 PTS),0:01
http://stats.nba.com/cvp.html?GameID=0041200223&GameEventID=113,2,,Oklahoma City Thunder,MISS Martin 26' 3PT Jump Shot,11:48
http://stats.nba.com/cvp.html?GameID=0041200223&GameEventID=114,2,,Oklahoma City Thunder,Collison REBOUND (Off:3 Def:1),11:47
http://stats.nba.com/cvp.html?GameID=0041200223&GameEventID=115,2,,Memphis Grizzlies,Gasol BLOCK (1 BLK),11:44
http://stats.nba.com/cvp.html?GameID=0041200223&GameEventID=115,2,,Oklahoma City Thunder,MISS Martin 3' Driving Jump Shot,11:44
http://stats.nba.com/cvp.html?GameID=0041200223&GameEventID=116,2,,Oklahoma City Thunder,Thunder Rebound,11:43
http://stats.nba.com/cvp.html?GameID=0041200223&GameEventID=117,2,,Memphis Grizzlies,Bayless L.B.FOUL (P1.T1),11:43
http://stats.nba.com/cvp.html?GameID=0041200223&GameEventID=118,2,,Oklahoma City Thunder,Collison OFF.Foul (P1),11:41
http://stats.nba.com/cvp.html?GameID=0041200223&GameEventID=119,2,,Oklahoma City Thunder,Collison Foul Turnover (P1.T3),11:41
http://stats.nba.com/cvp.html?GameID=0041200223&GameEventID=120,2,,Memphis Grizzlies,MISS Randolph 20' Jump Shot,11:28
http://stats.nba.com/cvp.html?GameID=0041200223&GameEventID=121,2,,Memphis Grizzlies,Gasol REBOUND (Off:1 Def:2),11:27
http://stats.nba.com/cvp.html?GameID=0041200223&GameEventID=122,2,,Oklahoma City Thunder,Collison P.FOUL (P2.T1),11:25
http://stats.nba.com/cvp.html?GameID=0041200223&GameEventID=123,2,[ 18 - 24 ],Memphis Grizzlies,Bayless 20' Pullup Jump Shot (4 PTS),11:19
http://stats.nba.com/cvp.html?GameID=0041200223&GameEventID=124,2,,Memphis Grizzlies,Pondexter BLOCK (1 BLK),10:55
http://stats.nba.com/cvp.html?GameID=0041200223&GameEventID=124,2,,Oklahoma City Thunder,MISS Fisher 17' Step Back Jump Shot,10:55
http://stats.nba.com/cvp.html?GameID=0041200223&GameEventID=125,2,,Oklahoma City Thunder,Thunder Rebound,10:52
http://stats.nba.com/cvp.html?GameID=0041200223&GameEventID=126,2,,Oklahoma City Thunder,Thunder Turnover: Shot Clock (T#4),10:52
http://stats.nba.com/cvp.html?GameID=0041200223&GameEventID=127,2,[ 18 - 26 ],Memphis Grizzlies,Bayless 21' Jump Shot (6 PTS) (Randolph 1 AST),10:33
http://stats.nba.com/cvp.html?GameID=0041200223&GameEventID=128,2,,Oklahoma City Thunder,MISS Martin 9' Running Jump Shot,10:18
http://stats.nba.com/cvp.html?GameID=0041200223&GameEventID=129,2,,Memphis Grizzlies,Bayless REBOUND (Off:0 Def:1),10:15
http://stats.nba.com/cvp.html?GameID=0041200223&GameEventID=130,2,,Memphis Grizzlies,MISS Pondexter 25' 3PT Jump Shot,10:11
http://stats.nba.com/cvp.html?GameID=0041200223&GameEventID=131,2,,Oklahoma City Thunder,Liggins REBOUND (Off:0 Def:1),10:10
http://stats.nba.com/cvp.html?GameID=0041200223&GameEventID=132,2,,Memphis Grizzlies,Bayless STEAL (1 STL),10:03
http://stats.nba.com/cvp.html?GameID=0041200223&GameEventID=132,2,,Oklahoma City Thunder,Fisher Bad Pass Turnover (P1.T5),10:03
http://stats.nba.com/cvp.html?GameID=0041200223&GameEventID=133,2,,Memphis Grizzlies,MISS Dooling 26' 3PT Jump Shot,9:49
http://stats.nba.com/cvp.html?GameID=0041200223&GameEventID=134,2,,Oklahoma City Thunder,Thunder Rebound,9:49
http://stats.nba.com/cvp.html?GameID=0041200223&GameEventID=135,2,,Oklahoma City Thunder,Thunder Timeout: Regular (Reg.2 Short 0),9:44
http://stats.nba.com/cvp.html?GameID=0041200223&GameEventID=138,2,,Oklahoma City Thunder,SUB: Durant FOR Liggins,9:44
http://stats.nba.com/cvp.html?GameID=0041200223&GameEventID=139,2,,Oklahoma City Thunder,MISS Ibaka  Slam Dunk,9:38
http://stats.nba.com/cvp.html?GameID=0041200223&GameEventID=140,2,,Memphis Grizzlies,Bayless REBOUND (Off:0 Def:2),9:34
http://stats.nba.com/cvp.html?GameID=0041200223&GameEventID=142,2,[ 18 - 28 ],Memphis Grizzlies,Bayless 23' Jump Shot (8 PTS),9:21
http://stats.nba.com/cvp.html?GameID=0041200223&GameEventID=143,2,,Memphis Grizzlies,Gasol S.FOUL (P2.T2),9:02
http://stats.nba.com/cvp.html?GameID=0041200223&GameEventID=144,2,,Oklahoma City Thunder,MISS Durant Free Throw 1 of 2,9:02
http://stats.nba.com/cvp.html?GameID=0041200223&GameEventID=145,2,,Oklahoma City Thunder,Thunder Rebound,9:02
http://stats.nba.com/cvp.html?GameID=0041200223&GameEventID=146,2,,Memphis Grizzlies,SUB: Arthur FOR Gasol,9:02
http://stats.nba.com/cvp.html?GameID=0041200223&GameEventID=147,2,[ 19 - 28 ],Oklahoma City Thunder,Durant Free Throw 2 of 2 (9 PTS),9:02
http://stats.nba.com/cvp.html?GameID=0041200223&GameEventID=149,2,,Memphis Grizzlies,MISS Bayless 26' 3PT Jump Shot,8:45
http://stats.nba.com/cvp.html?GameID=0041200223&GameEventID=150,2,,Oklahoma City Thunder,Durant REBOUND (Off:0 Def:1),8:44
http://stats.nba.com/cvp.html?GameID=0041200223&GameEventID=151,2,[ 21 - 28 ],Oklahoma City Thunder,Durant 1' Driving Layup (11 PTS),8:35
http://stats.nba.com/cvp.html?GameID=0041200223&GameEventID=152,2,,Memphis Grizzlies,MISS Arthur 20' Jump Shot,8:19
http://stats.nba.com/cvp.html?GameID=0041200223&GameEventID=153,2,,Oklahoma City Thunder,Durant REBOUND (Off:0 Def:2),8:19
http://stats.nba.com/cvp.html?GameID=0041200223&GameEventID=154,2,[ 24 - 28 ],Oklahoma City Thunder,Durant 26' 3PT Pullup Jump Shot (14 PTS),8:10
http://stats.nba.com/cvp.html?GameID=0041200223&GameEventID=155,2,[ 24 - 30 ],Memphis Grizzlies,Randolph 20' Step Back Jump Shot (4 PTS),7:50
http://stats.nba.com/cvp.html?GameID=0041200223&GameEventID=156,2,,Memphis Grizzlies,Pondexter P.FOUL (P1.T3),7:38
http://stats.nba.com/cvp.html?GameID=0041200223&GameEventID=157,2,,Memphis Grizzlies,SUB: Conley FOR Dooling,7:38
http://stats.nba.com/cvp.html?GameID=0041200223&GameEventID=158,2,,Memphis Grizzlies,SUB: Allen FOR Pondexter,7:38
http://stats.nba.com/cvp.html?GameID=0041200223&GameEventID=159,2,,Oklahoma City Thunder,SUB: Jackson FOR Collison,7:38
http://stats.nba.com/cvp.html?GameID=0041200223&GameEventID=160,2,[ 26 - 30 ],Oklahoma City Thunder,Ibaka 5' Turnaround Hook Shot (3 PTS) (Durant 2 AST),7:28
http://stats.nba.com/cvp.html?GameID=0041200223&GameEventID=161,2,,Memphis Grizzlies,MISS Randolph 5' Running Jump Shot,7:03
http://stats.nba.com/cvp.html?GameID=0041200223&GameEventID=161,2,,Oklahoma City Thunder,Ibaka BLOCK (1 BLK),7:03
http://stats.nba.com/cvp.html?GameID=0041200223&GameEventID=162,2,,Memphis Grizzlies,Randolph REBOUND (Off:1 Def:5),7:01
http://stats.nba.com/cvp.html?GameID=0041200223&GameEventID=163,2,,Memphis Grizzlies,GRIZZLIES Turnover: Shot Clock (T#6),7:01
http://stats.nba.com/cvp.html?GameID=0041200223&GameEventID=164,2,[ 28 - 30 ],Oklahoma City Thunder,Jackson 2' Driving Layup (6 PTS),6:54
http://stats.nba.com/cvp.html?GameID=0041200223&GameEventID=165,2,,Oklahoma City Thunder,Martin S.FOUL (P1.T2),6:48
http://stats.nba.com/cvp.html?GameID=0041200223&GameEventID=166,2,[ 28 - 31 ],Memphis Grizzlies,Allen Free Throw 1 of 2 (7 PTS),6:48
http://stats.nba.com/cvp.html?GameID=0041200223&GameEventID=168,2,,Memphis Grizzlies,SUB: Prince FOR Arthur,6:48
http://stats.nba.com/cvp.html?GameID=0041200223&GameEventID=169,2,[ 28 - 32 ],Memphis Grizzlies,Allen Free Throw 2 of 2 (8 PTS),6:48
http://stats.nba.com/cvp.html?GameID=0041200223&GameEventID=171,2,,Oklahoma City Thunder,MISS Fisher  3PT Jump Shot,6:32
http://stats.nba.com/cvp.html?GameID=0041200223&GameEventID=172,2,,Memphis Grizzlies,Allen REBOUND (Off:0 Def:1),6:31
http://stats.nba.com/cvp.html?GameID=0041200223&GameEventID=173,2,[ 28 - 34 ],Memphis Grizzlies,Allen 11' Running Jump Shot (10 PTS),6:25
http://stats.nba.com/cvp.html?GameID=0041200223&GameEventID=174,2,,Oklahoma City Thunder,Martin S.FOUL (P2.T3),6:25
http://stats.nba.com/cvp.html?GameID=0041200223&GameEventID=175,2,[ 28 - 35 ],Memphis Grizzlies,Allen Free Throw 1 of 1 (11 PTS),6:25
http://stats.nba.com/cvp.html?GameID=0041200223&GameEventID=177,2,[ 30 - 35 ],Oklahoma City Thunder,Fisher 5' Running Jump Shot (2 PTS),6:09
http://stats.nba.com/cvp.html?GameID=0041200223&GameEventID=178,2,,Memphis Grizzlies,MISS Bayless 26' 3PT Jump Shot,5:56
http://stats.nba.com/cvp.html?GameID=0041200223&GameEventID=179,2,,Oklahoma City Thunder,Jackson REBOUND (Off:0 Def:4),5:55
http://stats.nba.com/cvp.html?GameID=0041200223&GameEventID=180,2,,Oklahoma City Thunder,MISS Jackson 1' Layup,5:49
http://stats.nba.com/cvp.html?GameID=0041200223&GameEventID=182,2,,Oklahoma City Thunder,Ibaka REBOUND (Off:1 Def:2),5:47
http://stats.nba.com/cvp.html?GameID=0041200223&GameEventID=181,2,[ 32 - 35 ],Oklahoma City Thunder,Ibaka 2' Tip Shot (5 PTS),5:47
http://stats.nba.com/cvp.html?GameID=0041200223&GameEventID=183,2,[ 32 - 38 ],Memphis Grizzlies,Conley 28' 3PT Jump Shot (5 PTS) (Bayless 1 AST),5:22
http://stats.nba.com/cvp.html?GameID=0041200223&GameEventID=184,2,,Oklahoma City Thunder,MISS Fisher  3PT Jump Shot,5:00
http://stats.nba.com/cvp.html?GameID=0041200223&GameEventID=185,2,,Oklahoma City Thunder,Martin REBOUND (Off:1 Def:0),4:59
http://stats.nba.com/cvp.html?GameID=0041200223&GameEventID=186,2,[ 34 - 38 ],Oklahoma City Thunder,Martin 1' Layup (5 PTS),4:57
http://stats.nba.com/cvp.html?GameID=0041200223&GameEventID=187,2,,Memphis Grizzlies,MISS Conley 18' Pullup Jump Shot,4:43
http://stats.nba.com/cvp.html?GameID=0041200223&GameEventID=188,2,,Oklahoma City Thunder,Thunder Rebound,4:39
http://stats.nba.com/cvp.html?GameID=0041200223&GameEventID=192,2,[ 36 - 38 ],Oklahoma City Thunder,Martin 19' Jump Shot (7 PTS),4:29
http://stats.nba.com/cvp.html?GameID=0041200223&GameEventID=193,2,,Memphis Grizzlies,MISS Randolph 2' Layup,4:06
http://stats.nba.com/cvp.html?GameID=0041200223&GameEventID=194,2,,Oklahoma City Thunder,Durant REBOUND (Off:0 Def:3),4:05
http://stats.nba.com/cvp.html?GameID=0041200223&GameEventID=195,2,[ 38 - 38 ],Oklahoma City Thunder,Durant 1' Slam Dunk (16 PTS),3:59
http://stats.nba.com/cvp.html?GameID=0041200223&GameEventID=196,2,,Oklahoma City Thunder,Durant S.FOUL (P2.T4),3:42
http://stats.nba.com/cvp.html?GameID=0041200223&GameEventID=197,2,[ 38 - 39 ],Memphis Grizzlies,Conley Free Throw 1 of 2 (6 PTS),3:42
http://stats.nba.com/cvp.html?GameID=0041200223&GameEventID=199,2,[ 38 - 40 ],Memphis Grizzlies,Conley Free Throw 2 of 2 (7 PTS),3:42
http://stats.nba.com/cvp.html?GameID=0041200223&GameEventID=201,2,[ 40 - 40 ],Oklahoma City Thunder,Ibaka  Layup (7 PTS) (Martin 1 AST),3:28
http://stats.nba.com/cvp.html?GameID=0041200223&GameEventID=202,2,,Memphis Grizzlies,MISS Prince 23' Jump Shot,3:17
http://stats.nba.com/cvp.html?GameID=0041200223&GameEventID=203,2,,Oklahoma City Thunder,Martin REBOUND (Off:1 Def:1),3:16
http://stats.nba.com/cvp.html?GameID=0041200223&GameEventID=204,2,,Memphis Grizzlies,Conley P.FOUL (P2.T4),3:10
http://stats.nba.com/cvp.html?GameID=0041200223&GameEventID=205,2,,Oklahoma City Thunder,SUB: Sefolosha FOR Fisher,3:10
http://stats.nba.com/cvp.html?GameID=0041200223&GameEventID=206,2,,Oklahoma City Thunder,MISS Ibaka 19' Jump Shot,3:01
http://stats.nba.com/cvp.html?GameID=0041200223&GameEventID=207,2,,Memphis Grizzlies,Bayless REBOUND (Off:0 Def:3),2:59
http://stats.nba.com/cvp.html?GameID=0041200223&GameEventID=208,2,[ 40 - 42 ],Memphis Grizzlies,Randolph  Dunk (6 PTS),2:44
http://stats.nba.com/cvp.html?GameID=0041200223&GameEventID=209,2,,Oklahoma City Thunder,MISS Durant 1' Finger Roll Layup,2:26
http://stats.nba.com/cvp.html?GameID=0041200223&GameEventID=211,2,,Oklahoma City Thunder,Ibaka REBOUND (Off:2 Def:2),2:23
http://stats.nba.com/cvp.html?GameID=0041200223&GameEventID=210,2,,Oklahoma City Thunder,MISS Ibaka 1' Putback Layup,2:23
http://stats.nba.com/cvp.html?GameID=0041200223&GameEventID=212,2,,Memphis Grizzlies,Prince REBOUND (Off:0 Def:1),2:21
http://stats.nba.com/cvp.html?GameID=0041200223&GameEventID=213,2,,Memphis Grizzlies,MISS Prince 25' 3PT Jump Shot,2:16
http://stats.nba.com/cvp.html?GameID=0041200223&GameEventID=214,2,,Oklahoma City Thunder,Sefolosha REBOUND (Off:1 Def:1),2:14
http://stats.nba.com/cvp.html?GameID=0041200223&GameEventID=215,2,,Oklahoma City Thunder,MISS Jackson 8' Jump Shot,2:04
http://stats.nba.com/cvp.html?GameID=0041200223&GameEventID=217,2,,Oklahoma City Thunder,Jackson REBOUND (Off:1 Def:4),2:03
http://stats.nba.com/cvp.html?GameID=0041200223&GameEventID=216,2,,Oklahoma City Thunder,MISS Jackson 1' Tip Shot,2:03
http://stats.nba.com/cvp.html?GameID=0041200223&GameEventID=218,2,,Memphis Grizzlies,Prince REBOUND (Off:0 Def:2),2:00
http://stats.nba.com/cvp.html?GameID=0041200223&GameEventID=221,2,,Memphis Grizzlies,GRIZZLIES Timeout: Regular (Full 2 Short 0),1:46
http://stats.nba.com/cvp.html?GameID=0041200223&GameEventID=223,2,,Memphis Grizzlies,SUB: Pondexter FOR Prince,1:46
http://stats.nba.com/cvp.html?GameID=0041200223&GameEventID=224,2,[ 40 - 44 ],Memphis Grizzlies,Pondexter 2' Layup (4 PTS) (Conley 3 AST),1:43
http://stats.nba.com/cvp.html?GameID=0041200223&GameEventID=225,2,[ 43 - 44 ],Oklahoma City Thunder,Jackson  3PT Jump Shot (9 PTS) (Durant 3 AST),1:20
http://stats.nba.com/cvp.html?GameID=0041200223&GameEventID=226,2,,Memphis Grizzlies,Randolph Lost Ball Turnover (P1.T7),1:04
http://stats.nba.com/cvp.html?GameID=0041200223&GameEventID=226,2,,Oklahoma City Thunder,Durant STEAL (2 STL),1:04
http://stats.nba.com/cvp.html?GameID=0041200223&GameEventID=227,2,[ 45 - 44 ],Oklahoma City Thunder,Martin 1' Layup (9 PTS) (Durant 4 AST),1:00
http://stats.nba.com/cvp.html?GameID=0041200223&GameEventID=228,2,,Memphis Grizzlies,MISS Conley 25' 3PT Jump Shot,0:45
http://stats.nba.com/cvp.html?GameID=0041200223&GameEventID=229,2,,Oklahoma City Thunder,Ibaka REBOUND (Off:2 Def:3),0:44
http://stats.nba.com/cvp.html?GameID=0041200223&GameEventID=230,2,,Oklahoma City Thunder,Ibaka Traveling Turnover (P1.T6),0:42
http://stats.nba.com/cvp.html?GameID=0041200223&GameEventID=231,2,,Memphis Grizzlies,MISS Bayless 20' Pullup Jump Shot,0:35
http://stats.nba.com/cvp.html?GameID=0041200223&GameEventID=232,2,,Oklahoma City Thunder,Ibaka REBOUND (Off:2 Def:4),0:32
http://stats.nba.com/cvp.html?GameID=0041200223&GameEventID=233,2,,Memphis Grizzlies,Bayless BLOCK (1 BLK),0:21
http://stats.nba.com/cvp.html?GameID=0041200223&GameEventID=233,2,,Oklahoma City Thunder,MISS Martin 2' Layup,0:21
http://stats.nba.com/cvp.html?GameID=0041200223&GameEventID=234,2,,Memphis Grizzlies,Randolph REBOUND (Off:1 Def:6),0:19
http://stats.nba.com/cvp.html?GameID=0041200223&GameEventID=235,2,,Memphis Grizzlies,MISS Bayless 24' 3PT Jump Shot,0:02
http://stats.nba.com/cvp.html?GameID=0041200223&GameEventID=236,2,,Oklahoma City Thunder,Sefolosha REBOUND (Off:1 Def:2),0:02
http://stats.nba.com/cvp.html?GameID=0041200223&GameEventID=237,2,,Oklahoma City Thunder,MISS Sefolosha 47' 3PT Jump Shot,0:01
http://stats.nba.com/cvp.html?GameID=0041200223&GameEventID=239,2,,Oklahoma City Thunder,Thunder Rebound,0:00
http://stats.nba.com/cvp.html?GameID=0041200223&GameEventID=242,3,,Oklahoma City Thunder,MISS Durant 25' 3PT Jump Shot,11:48
http://stats.nba.com/cvp.html?GameID=0041200223&GameEventID=243,3,,Memphis Grizzlies,Allen REBOUND (Off:0 Def:2),11:47
http://stats.nba.com/cvp.html?GameID=0041200223&GameEventID=244,3,,Memphis Grizzlies,Randolph Traveling Turnover (P2.T8),11:25
http://stats.nba.com/cvp.html?GameID=0041200223&GameEventID=245,3,,Memphis Grizzlies,Allen STEAL (1 STL),11:13
http://stats.nba.com/cvp.html?GameID=0041200223&GameEventID=245,3,,Oklahoma City Thunder,Durant Bad Pass Turnover (P2.T7),11:13
http://stats.nba.com/cvp.html?GameID=0041200223&GameEventID=246,3,,Oklahoma City Thunder,Jackson C.P.FOUL (P2.T1),11:12
http://stats.nba.com/cvp.html?GameID=0041200223&GameEventID=248,3,,Memphis Grizzlies,MISS Allen Free Throw Clear Path 1 of 2,11:12
http://stats.nba.com/cvp.html?GameID=0041200223&GameEventID=249,3,,Memphis Grizzlies,GRIZZLIES Rebound,11:12
http://stats.nba.com/cvp.html?GameID=0041200223&GameEventID=250,3,,Memphis Grizzlies,MISS Allen Free Throw Clear Path 2 of 2,11:12
http://stats.nba.com/cvp.html?GameID=0041200223&GameEventID=251,3,,Memphis Grizzlies,GRIZZLIES Rebound,11:12
http://stats.nba.com/cvp.html?GameID=0041200223&GameEventID=252,3,,Memphis Grizzlies,MISS Gasol 20' Jump Shot,11:01
http://stats.nba.com/cvp.html?GameID=0041200223&GameEventID=253,3,,Oklahoma City Thunder,Durant REBOUND (Off:0 Def:4),11:00
http://stats.nba.com/cvp.html?GameID=0041200223&GameEventID=254,3,,Memphis Grizzlies,Allen S.FOUL (P2.T1),10:44
http://stats.nba.com/cvp.html?GameID=0041200223&GameEventID=255,3,[ 46 - 44 ],Oklahoma City Thunder,Sefolosha Free Throw 1 of 2 (1 PTS),10:44
http://stats.nba.com/cvp.html?GameID=0041200223&GameEventID=257,3,[ 47 - 44 ],Oklahoma City Thunder,Sefolosha Free Throw 2 of 2 (2 PTS),10:44
http://stats.nba.com/cvp.html?GameID=0041200223&GameEventID=259,3,,Memphis Grizzlies,Conley Step Out of Bounds Turnover (P3.T9),10:29
http://stats.nba.com/cvp.html?GameID=0041200223&GameEventID=260,3,,Oklahoma City Thunder,MISS Perkins 18' Jump Shot,10:19
http://stats.nba.com/cvp.html?GameID=0041200223&GameEventID=261,3,,Memphis Grizzlies,Gasol REBOUND (Off:1 Def:3),10:17
http://stats.nba.com/cvp.html?GameID=0041200223&GameEventID=262,3,,Oklahoma City Thunder,Perkins P.FOUL (P1.T2),10:09
http://stats.nba.com/cvp.html?GameID=0041200223&GameEventID=263,3,,Oklahoma City Thunder,Ibaka S.FOUL (P2.T3),10:00
http://stats.nba.com/cvp.html?GameID=0041200223&GameEventID=264,3,[ 47 - 45 ],Memphis Grizzlies,Gasol Free Throw 1 of 2 (5 PTS),10:00
http://stats.nba.com/cvp.html?GameID=0041200223&GameEventID=266,3,[ 47 - 46 ],Memphis Grizzlies,Gasol Free Throw 2 of 2 (6 PTS),10:00
http://stats.nba.com/cvp.html?GameID=0041200223&GameEventID=268,3,,Oklahoma City Thunder,MISS Ibaka 19' Jump Shot,9:40
http://stats.nba.com/cvp.html?GameID=0041200223&GameEventID=269,3,,Memphis Grizzlies,Randolph REBOUND (Off:1 Def:7),9:39
http://stats.nba.com/cvp.html?GameID=0041200223&GameEventID=270,3,[ 47 - 48 ],Memphis Grizzlies,Gasol 10' Turnaround Fadeaway (8 PTS),9:25
http://stats.nba.com/cvp.html?GameID=0041200223&GameEventID=271,3,,Oklahoma City Thunder,MISS Ibaka 19' Jump Shot,9:08
http://stats.nba.com/cvp.html?GameID=0041200223&GameEventID=272,3,,Memphis Grizzlies,Conley REBOUND (Off:0 Def:4),9:07
http://stats.nba.com/cvp.html?GameID=0041200223&GameEventID=273,3,[ 47 - 50 ],Memphis Grizzlies,Gasol 14' Jump Shot (10 PTS) (Conley 4 AST),8:55
http://stats.nba.com/cvp.html?GameID=0041200223&GameEventID=274,3,,Memphis Grizzlies,GRIZZLIES T.Foul (Def. 3 Sec Randolph ),8:36
http://stats.nba.com/cvp.html?GameID=0041200223&GameEventID=275,3,[ 48 - 50 ],Oklahoma City Thunder,Durant Free Throw Technical (17 PTS),8:36
http://stats.nba.com/cvp.html?GameID=0041200223&GameEventID=277,3,[ 50 - 50 ],Oklahoma City Thunder,Ibaka 6' Turnaround Jump Shot (9 PTS) (Sefolosha 2 AST),8:29
http://stats.nba.com/cvp.html?GameID=0041200223&GameEventID=278,3,,Memphis Grizzlies,MISS Prince 19' Jump Shot,8:05
http://stats.nba.com/cvp.html?GameID=0041200223&GameEventID=279,3,,Oklahoma City Thunder,Thunder Rebound,8:05
http://stats.nba.com/cvp.html?GameID=0041200223&GameEventID=280,3,,Memphis Grizzlies,Randolph L.B.FOUL (P1.T2),8:05
http://stats.nba.com/cvp.html?GameID=0041200223&GameEventID=281,3,,Oklahoma City Thunder,MISS Durant 10' Running Bank Shot,7:51
http://stats.nba.com/cvp.html?GameID=0041200223&GameEventID=282,3,,Oklahoma City Thunder,Perkins REBOUND (Off:2 Def:0),7:50
http://stats.nba.com/cvp.html?GameID=0041200223&GameEventID=283,3,,Oklahoma City Thunder,MISS Durant 24' 3PT Jump Shot,7:47
http://stats.nba.com/cvp.html?GameID=0041200223&GameEventID=284,3,,Oklahoma City Thunder,Jackson REBOUND (Off:2 Def:4),7:46
http://stats.nba.com/cvp.html?GameID=0041200223&GameEventID=285,3,,Oklahoma City Thunder,MISS Ibaka 20' Jump Shot,7:22
http://stats.nba.com/cvp.html?GameID=0041200223&GameEventID=286,3,,Memphis Grizzlies,Conley REBOUND (Off:0 Def:5),7:20
http://stats.nba.com/cvp.html?GameID=0041200223&GameEventID=287,3,[ 50 - 52 ],Memphis Grizzlies,Conley 9' Floating Jump Shot (9 PTS),7:11
http://stats.nba.com/cvp.html?GameID=0041200223&GameEventID=288,3,,Oklahoma City Thunder,Ibaka S.FOUL (P3.T4),7:11
http://stats.nba.com/cvp.html?GameID=0041200223&GameEventID=289,3,[ 50 - 53 ],Memphis Grizzlies,Conley Free Throw 1 of 1 (10 PTS),7:11
http://stats.nba.com/cvp.html?GameID=0041200223&GameEventID=291,3,,Memphis Grizzlies,Gasol P.FOUL (P3.T3),7:03
http://stats.nba.com/cvp.html?GameID=0041200223&GameEventID=292,3,,Memphis Grizzlies,Allen STEAL (2 STL),6:53
http://stats.nba.com/cvp.html?GameID=0041200223&GameEventID=292,3,,Oklahoma City Thunder,Perkins Bad Pass Turnover (P1.T8),6:53
http://stats.nba.com/cvp.html?GameID=0041200223&GameEventID=293,3,,Memphis Grizzlies,MISS Randolph 4' Turnaround Jump Shot,6:45
http://stats.nba.com/cvp.html?GameID=0041200223&GameEventID=293,3,,Oklahoma City Thunder,Ibaka BLOCK (2 BLK),6:45
http://stats.nba.com/cvp.html?GameID=0041200223&GameEventID=294,3,,Memphis Grizzlies,Prince REBOUND (Off:1 Def:2),6:42
http://stats.nba.com/cvp.html?GameID=0041200223&GameEventID=295,3,,Memphis Grizzlies,MISS Randolph 13' Jump Shot,6:37
http://stats.nba.com/cvp.html?GameID=0041200223&GameEventID=295,3,,Oklahoma City Thunder,Ibaka BLOCK (3 BLK),6:37
http://stats.nba.com/cvp.html?GameID=0041200223&GameEventID=296,3,,Oklahoma City Thunder,Sefolosha REBOUND (Off:1 Def:3),6:37
http://stats.nba.com/cvp.html?GameID=0041200223&GameEventID=297,3,,Oklahoma City Thunder,Sefolosha Step Out of Bounds Turnover (P1.T9),6:37
http://stats.nba.com/cvp.html?GameID=0041200223&GameEventID=298,3,,Oklahoma City Thunder,Perkins S.FOUL (P2.PN),6:26
http://stats.nba.com/cvp.html?GameID=0041200223&GameEventID=299,3,[ 50 - 54 ],Memphis Grizzlies,Gasol Free Throw 1 of 2 (11 PTS),6:26
http://stats.nba.com/cvp.html?GameID=0041200223&GameEventID=301,3,[ 50 - 55 ],Memphis Grizzlies,Gasol Free Throw 2 of 2 (12 PTS),6:26
http://stats.nba.com/cvp.html?GameID=0041200223&GameEventID=303,3,,Oklahoma City Thunder,Thunder Timeout: Regular (Reg.3 Short 0),6:23
http://stats.nba.com/cvp.html?GameID=0041200223&GameEventID=305,3,,Oklahoma City Thunder,SUB: Collison FOR Ibaka,6:23
http://stats.nba.com/cvp.html?GameID=0041200223&GameEventID=306,3,,Oklahoma City Thunder,SUB: Martin FOR Sefolosha,6:23
http://stats.nba.com/cvp.html?GameID=0041200223&GameEventID=307,3,,Memphis Grizzlies,SUB: Pondexter FOR Prince,6:23
http://stats.nba.com/cvp.html?GameID=0041200223&GameEventID=308,3,,Oklahoma City Thunder,Collison Out of Bounds Lost Ball Turnover (P2.T10),6:13
http://stats.nba.com/cvp.html?GameID=0041200223&GameEventID=309,3,[ 50 - 57 ],Memphis Grizzlies,Pondexter 1' Slam Dunk (6 PTS) (Conley 5 AST),5:59
http://stats.nba.com/cvp.html?GameID=0041200223&GameEventID=310,3,,Memphis Grizzlies,Conley BLOCK (1 BLK),5:42
http://stats.nba.com/cvp.html?GameID=0041200223&GameEventID=310,3,,Oklahoma City Thunder,MISS Jackson 12' Jump Shot,5:42
http://stats.nba.com/cvp.html?GameID=0041200223&GameEventID=312,3,,Oklahoma City Thunder,Collison REBOUND (Off:4 Def:1),5:40
http://stats.nba.com/cvp.html?GameID=0041200223&GameEventID=311,3,,Oklahoma City Thunder,MISS Collison 2' Layup,5:40
http://stats.nba.com/cvp.html?GameID=0041200223&GameEventID=314,3,,Oklahoma City Thunder,Perkins REBOUND (Off:3 Def:0),5:38
http://stats.nba.com/cvp.html?GameID=0041200223&GameEventID=313,3,,Oklahoma City Thunder,MISS Perkins 1' Tip Shot,5:38
http://stats.nba.com/cvp.html?GameID=0041200223&GameEventID=315,3,,Memphis Grizzlies,Randolph REBOUND (Off:1 Def:8),5:36
http://stats.nba.com/cvp.html?GameID=0041200223&GameEventID=316,3,,Memphis Grizzlies,MISS Gasol 9' Turnaround Jump Shot,5:26
http://stats.nba.com/cvp.html?GameID=0041200223&GameEventID=317,3,,Oklahoma City Thunder,Collison REBOUND (Off:4 Def:2),5:22
http://stats.nba.com/cvp.html?GameID=0041200223&GameEventID=318,3,,Oklahoma City Thunder,Martin Bad Pass Turnover (P1.T11),5:19
http://stats.nba.com/cvp.html?GameID=0041200223&GameEventID=319,3,,Memphis Grizzlies,MISS Gasol 11' Jump Shot,5:02
http://stats.nba.com/cvp.html?GameID=0041200223&GameEventID=320,3,,Memphis Grizzlies,Allen REBOUND (Off:1 Def:2),5:01
http://stats.nba.com/cvp.html?GameID=0041200223&GameEventID=321,3,,Memphis Grizzlies,MISS Allen 1' Layup,4:59
http://stats.nba.com/cvp.html?GameID=0041200223&GameEventID=322,3,,Oklahoma City Thunder,Durant REBOUND (Off:0 Def:5),4:58
http://stats.nba.com/cvp.html?GameID=0041200223&GameEventID=323,3,[ 52 - 57 ],Oklahoma City Thunder,Jackson 1' Layup (11 PTS),4:53
http://stats.nba.com/cvp.html?GameID=0041200223&GameEventID=324,3,,Memphis Grizzlies,MISS Randolph 9' Jump Shot,4:33
http://stats.nba.com/cvp.html?GameID=0041200223&GameEventID=325,3,,Oklahoma City Thunder,Martin REBOUND (Off:1 Def:2),4:32
http://stats.nba.com/cvp.html?GameID=0041200223&GameEventID=326,3,,Memphis Grizzlies,Gasol S.FOUL (P4.T4),4:20
http://stats.nba.com/cvp.html?GameID=0041200223&GameEventID=327,3,[ 53 - 57 ],Oklahoma City Thunder,Perkins Free Throw 1 of 2 (1 PTS),4:20
http://stats.nba.com/cvp.html?GameID=0041200223&GameEventID=329,3,,Memphis Grizzlies,SUB: Arthur FOR Randolph,4:20
http://stats.nba.com/cvp.html?GameID=0041200223&GameEventID=330,3,[ 54 - 57 ],Oklahoma City Thunder,Perkins Free Throw 2 of 2 (2 PTS),4:20
http://stats.nba.com/cvp.html?GameID=0041200223&GameEventID=332,3,,Oklahoma City Thunder,Collison S.FOUL (P3.PN),4:07
http://stats.nba.com/cvp.html?GameID=0041200223&GameEventID=333,3,[ 54 - 58 ],Memphis Grizzlies,Gasol Free Throw 1 of 2 (13 PTS),4:07
http://stats.nba.com/cvp.html?GameID=0041200223&GameEventID=335,3,,Oklahoma City Thunder,SUB: Fisher FOR Perkins,4:07
http://stats.nba.com/cvp.html?GameID=0041200223&GameEventID=336,3,,Memphis Grizzlies,MISS Gasol Free Throw 2 of 2,4:07
http://stats.nba.com/cvp.html?GameID=0041200223&GameEventID=338,3,,Oklahoma City Thunder,Collison REBOUND (Off:4 Def:3),4:05
http://stats.nba.com/cvp.html?GameID=0041200223&GameEventID=339,3,[ 56 - 58 ],Oklahoma City Thunder,Durant 12' Jump Shot (19 PTS),3:48
http://stats.nba.com/cvp.html?GameID=0041200223&GameEventID=340,3,[ 56 - 60 ],Memphis Grizzlies,Allen 1' Reverse Layup (13 PTS),3:34
http://stats.nba.com/cvp.html?GameID=0041200223&GameEventID=341,3,,Memphis Grizzlies,Allen P.FOUL (P3.PN),3:17
http://stats.nba.com/cvp.html?GameID=0041200223&GameEventID=342,3,[ 57 - 60 ],Oklahoma City Thunder,Durant Free Throw 1 of 2 (20 PTS),3:17
http://stats.nba.com/cvp.html?GameID=0041200223&GameEventID=344,3,,Oklahoma City Thunder,MISS Durant Free Throw 2 of 2,3:17
http://stats.nba.com/cvp.html?GameID=0041200223&GameEventID=346,3,,Memphis Grizzlies,Arthur REBOUND (Off:0 Def:1),3:16
http://stats.nba.com/cvp.html?GameID=0041200223&GameEventID=347,3,,Memphis Grizzlies,MISS Allen 21' Jump Shot,2:59
http://stats.nba.com/cvp.html?GameID=0041200223&GameEventID=348,3,,Oklahoma City Thunder,Durant REBOUND (Off:0 Def:6),2:57
http://stats.nba.com/cvp.html?GameID=0041200223&GameEventID=349,3,,Oklahoma City Thunder,MISS Martin 26' 3PT Jump Shot,2:52
http://stats.nba.com/cvp.html?GameID=0041200223&GameEventID=350,3,,Memphis Grizzlies,Gasol REBOUND (Off:1 Def:4),2:50
http://stats.nba.com/cvp.html?GameID=0041200223&GameEventID=351,3,,Memphis Grizzlies,MISS Allen 3' Layup,2:42
http://stats.nba.com/cvp.html?GameID=0041200223&GameEventID=352,3,,Oklahoma City Thunder,Collison REBOUND (Off:4 Def:4),2:40
http://stats.nba.com/cvp.html?GameID=0041200223&GameEventID=353,3,,Memphis Grizzlies,Conley STEAL (2 STL),2:36
http://stats.nba.com/cvp.html?GameID=0041200223&GameEventID=353,3,,Oklahoma City Thunder,Durant Lost Ball Turnover (P3.T12),2:36
http://stats.nba.com/cvp.html?GameID=0041200223&GameEventID=354,3,,Memphis Grizzlies,MISS Allen 6' Jump Shot,2:30
http://stats.nba.com/cvp.html?GameID=0041200223&GameEventID=355,3,,Memphis Grizzlies,Allen REBOUND (Off:2 Def:2),2:29
http://stats.nba.com/cvp.html?GameID=0041200223&GameEventID=356,3,,Oklahoma City Thunder,Collison S.FOUL (P4.PN),2:29
http://stats.nba.com/cvp.html?GameID=0041200223&GameEventID=357,3,,Memphis Grizzlies,GRIZZLIES Timeout: Regular (Full 3 Short 0),2:29
http://stats.nba.com/cvp.html?GameID=0041200223&GameEventID=359,3,[ 57 - 61 ],Memphis Grizzlies,Allen Free Throw 1 of 2 (14 PTS),2:29
http://stats.nba.com/cvp.html?GameID=0041200223&GameEventID=361,3,,Memphis Grizzlies,MISS Allen Free Throw 2 of 2,2:29
http://stats.nba.com/cvp.html?GameID=0041200223&GameEventID=363,3,,Oklahoma City Thunder,Jackson REBOUND (Off:2 Def:5),2:28
http://stats.nba.com/cvp.html?GameID=0041200223&GameEventID=364,3,,Oklahoma City Thunder,MISS Durant 9' Jump Shot,2:16
http://stats.nba.com/cvp.html?GameID=0041200223&GameEventID=365,3,,Memphis Grizzlies,Arthur REBOUND (Off:0 Def:2),2:15
http://stats.nba.com/cvp.html?GameID=0041200223&GameEventID=366,3,[ 57 - 63 ],Memphis Grizzlies,Arthur 12' Jump Shot (2 PTS) (Conley 6 AST),1:52
http://stats.nba.com/cvp.html?GameID=0041200223&GameEventID=367,3,,Memphis Grizzlies,Gasol BLOCK (2 BLK),1:37
http://stats.nba.com/cvp.html?GameID=0041200223&GameEventID=367,3,,Oklahoma City Thunder,MISS Martin 7' Jump Shot,1:37
http://stats.nba.com/cvp.html?GameID=0041200223&GameEventID=368,3,,Oklahoma City Thunder,Thunder Rebound,1:37
http://stats.nba.com/cvp.html?GameID=0041200223&GameEventID=369,3,,Memphis Grizzlies,SUB: Bayless FOR Allen,1:37
http://stats.nba.com/cvp.html?GameID=0041200223&GameEventID=370,3,,Oklahoma City Thunder,SUB: Liggins FOR Jackson,1:37
http://stats.nba.com/cvp.html?GameID=0041200223&GameEventID=371,3,,Memphis Grizzlies,Arthur BLOCK (1 BLK),1:31
http://stats.nba.com/cvp.html?GameID=0041200223&GameEventID=371,3,,Oklahoma City Thunder,MISS Martin 8' Driving Jump Shot,1:31
http://stats.nba.com/cvp.html?GameID=0041200223&GameEventID=372,3,,Memphis Grizzlies,Arthur REBOUND (Off:0 Def:3),1:29
http://stats.nba.com/cvp.html?GameID=0041200223&GameEventID=374,3,,Oklahoma City Thunder,Collison P.FOUL (P5.PN),1:14
http://stats.nba.com/cvp.html?GameID=0041200223&GameEventID=375,3,[ 57 - 64 ],Memphis Grizzlies,Gasol Free Throw 1 of 2 (14 PTS),1:14
http://stats.nba.com/cvp.html?GameID=0041200223&GameEventID=377,3,,Oklahoma City Thunder,SUB: Ibaka FOR Collison,1:14
http://stats.nba.com/cvp.html?GameID=0041200223&GameEventID=379,3,,Memphis Grizzlies,SUB: Dooling FOR Conley,1:14
http://stats.nba.com/cvp.html?GameID=0041200223&GameEventID=380,3,,Memphis Grizzlies,MISS Gasol Free Throw 2 of 2,1:14
http://stats.nba.com/cvp.html?GameID=0041200223&GameEventID=382,3,,Oklahoma City Thunder,Durant REBOUND (Off:0 Def:7),1:13
http://stats.nba.com/cvp.html?GameID=0041200223&GameEventID=383,3,,Oklahoma City Thunder,MISS Ibaka 5' Turnaround Jump Shot,0:54
http://stats.nba.com/cvp.html?GameID=0041200223&GameEventID=384,3,,Memphis Grizzlies,Gasol REBOUND (Off:1 Def:5),0:52
http://stats.nba.com/cvp.html?GameID=0041200223&GameEventID=385,3,[ 57 - 66 ],Memphis Grizzlies,Gasol 14' Jump Shot (16 PTS),0:35
http://stats.nba.com/cvp.html?GameID=0041200223&GameEventID=386,3,[ 60 - 66 ],Oklahoma City Thunder,Durant 27' 3PT Jump Shot (23 PTS),0:28
http://stats.nba.com/cvp.html?GameID=0041200223&GameEventID=388,3,,Memphis Grizzlies,MISS Gasol 19' Jump Shot,0:04
http://stats.nba.com/cvp.html?GameID=0041200223&GameEventID=389,3,,Oklahoma City Thunder,Ibaka REBOUND (Off:2 Def:5),0:03
http://stats.nba.com/cvp.html?GameID=0041200223&GameEventID=390,3,,Oklahoma City Thunder,MISS Durant 49' 3PT Jump Shot,0:00
http://stats.nba.com/cvp.html?GameID=0041200223&GameEventID=392,3,,Oklahoma City Thunder,Thunder Rebound,0:00
http://stats.nba.com/cvp.html?GameID=0041200223&GameEventID=395,4,,Memphis Grizzlies,MISS Gasol 6' Running Hook Shot,11:40
http://stats.nba.com/cvp.html?GameID=0041200223&GameEventID=396,4,,Oklahoma City Thunder,Liggins REBOUND (Off:0 Def:2),11:38
http://stats.nba.com/cvp.html?GameID=0041200223&GameEventID=397,4,,Memphis Grizzlies,Dooling P.FOUL (P1.T1),11:30
http://stats.nba.com/cvp.html?GameID=0041200223&GameEventID=398,4,,Oklahoma City Thunder,MISS Martin 19' Pullup Jump Shot,11:19
http://stats.nba.com/cvp.html?GameID=0041200223&GameEventID=399,4,,Memphis Grizzlies,Bayless REBOUND (Off:0 Def:4),11:17
http://stats.nba.com/cvp.html?GameID=0041200223&GameEventID=400,4,[ 60 - 69 ],Memphis Grizzlies,Dooling  3PT Jump Shot (5 PTS) (Gasol 4 AST),11:07
http://stats.nba.com/cvp.html?GameID=0041200223&GameEventID=401,4,,Oklahoma City Thunder,MISS Durant 9' Turnaround Jump Shot,10:46
http://stats.nba.com/cvp.html?GameID=0041200223&GameEventID=403,4,,Oklahoma City Thunder,Ibaka REBOUND (Off:3 Def:5),10:43
http://stats.nba.com/cvp.html?GameID=0041200223&GameEventID=402,4,[ 62 - 69 ],Oklahoma City Thunder,Ibaka  Tip Shot (11 PTS),10:43
http://stats.nba.com/cvp.html?GameID=0041200223&GameEventID=404,4,[ 62 - 71 ],Memphis Grizzlies,Arthur 19' Jump Shot (4 PTS) (Bayless 2 AST),10:28
http://stats.nba.com/cvp.html?GameID=0041200223&GameEventID=405,4,,Oklahoma City Thunder,MISS Durant 26' 3PT Jump Shot,10:13
http://stats.nba.com/cvp.html?GameID=0041200223&GameEventID=406,4,,Memphis Grizzlies,Gasol REBOUND (Off:1 Def:6),10:12
http://stats.nba.com/cvp.html?GameID=0041200223&GameEventID=407,4,,Memphis Grizzlies,MISS Gasol 19' Jump Shot,10:03
http://stats.nba.com/cvp.html?GameID=0041200223&GameEventID=408,4,,Oklahoma City Thunder,Durant REBOUND (Off:0 Def:8),10:02
http://stats.nba.com/cvp.html?GameID=0041200223&GameEventID=409,4,[ 64 - 71 ],Oklahoma City Thunder,Fisher 21' Jump Shot (4 PTS),9:48
http://stats.nba.com/cvp.html?GameID=0041200223&GameEventID=410,4,,Memphis Grizzlies,MISS Dooling  3PT Jump Shot,9:25
http://stats.nba.com/cvp.html?GameID=0041200223&GameEventID=411,4,,Oklahoma City Thunder,Ibaka REBOUND (Off:3 Def:6),9:24
http://stats.nba.com/cvp.html?GameID=0041200223&GameEventID=412,4,[ 66 - 71 ],Oklahoma City Thunder,Martin 21' Jump Shot (11 PTS),9:10
http://stats.nba.com/cvp.html?GameID=0041200223&GameEventID=413,4,,Memphis Grizzlies,MISS Bayless 1' Driving Layup,8:50
http://stats.nba.com/cvp.html?GameID=0041200223&GameEventID=413,4,,Oklahoma City Thunder,Ibaka BLOCK (4 BLK),8:50
http://stats.nba.com/cvp.html?GameID=0041200223&GameEventID=414,4,,Oklahoma City Thunder,Durant REBOUND (Off:0 Def:9),8:47
http://stats.nba.com/cvp.html?GameID=0041200223&GameEventID=415,4,[ 68 - 71 ],Oklahoma City Thunder,Martin  Dunk (13 PTS) (Durant 5 AST),8:45
http://stats.nba.com/cvp.html?GameID=0041200223&GameEventID=416,4,,Memphis Grizzlies,GRIZZLIES Timeout: Regular (Full 4 Short 0),8:45
http://stats.nba.com/cvp.html?GameID=0041200223&GameEventID=418,4,,Memphis Grizzlies,SUB: Randolph FOR Arthur,8:45
http://stats.nba.com/cvp.html?GameID=0041200223&GameEventID=419,4,,Memphis Grizzlies,SUB: Conley FOR Dooling,8:45
http://stats.nba.com/cvp.html?GameID=0041200223&GameEventID=420,4,,Oklahoma City Thunder,SUB: Jackson FOR Liggins,8:45
http://stats.nba.com/cvp.html?GameID=0041200223&GameEventID=421,4,,Memphis Grizzlies,MISS Bayless  3PT Jump Shot,8:28
http://stats.nba.com/cvp.html?GameID=0041200223&GameEventID=422,4,,Oklahoma City Thunder,Durant REBOUND (Off:0 Def:10),8:26
http://stats.nba.com/cvp.html?GameID=0041200223&GameEventID=423,4,[ 70 - 71 ],Oklahoma City Thunder,Ibaka 1' Driving Layup (13 PTS),8:11
http://stats.nba.com/cvp.html?GameID=0041200223&GameEventID=424,4,[ 70 - 74 ],Memphis Grizzlies,Bayless  3PT Jump Shot (11 PTS) (Pondexter 1 AST),7:51
http://stats.nba.com/cvp.html?GameID=0041200223&GameEventID=425,4,,Memphis Grizzlies,Pondexter P.FOUL (P2.T2),7:41
http://stats.nba.com/cvp.html?GameID=0041200223&GameEventID=427,4,,Memphis Grizzlies,SUB: Prince FOR Gasol,7:28
http://stats.nba.com/cvp.html?GameID=0041200223&GameEventID=428,4,,Oklahoma City Thunder,MISS Martin 10' Turnaround Fadeaway Shot,7:24
http://stats.nba.com/cvp.html?GameID=0041200223&GameEventID=429,4,,Memphis Grizzlies,Prince REBOUND (Off:1 Def:3),7:21
http://stats.nba.com/cvp.html?GameID=0041200223&GameEventID=430,4,,Memphis Grizzlies,Bayless Bad Pass Turnover (P1.T10),7:03
http://stats.nba.com/cvp.html?GameID=0041200223&GameEventID=431,4,,Oklahoma City Thunder,MISS Ibaka 14' Jump Shot,6:51
http://stats.nba.com/cvp.html?GameID=0041200223&GameEventID=432,4,,Memphis Grizzlies,Conley REBOUND (Off:0 Def:6),6:50
http://stats.nba.com/cvp.html?GameID=0041200223&GameEventID=433,4,[ 70 - 77 ],Memphis Grizzlies,Pondexter 24' 3PT Jump Shot (9 PTS) (Randolph 2 AST),6:28
http://stats.nba.com/cvp.html?GameID=0041200223&GameEventID=434,4,,Oklahoma City Thunder,Thunder Timeout: Regular (Reg.4 Short 0),6:27
http://stats.nba.com/cvp.html?GameID=0041200223&GameEventID=438,4,,Oklahoma City Thunder,MISS Fisher  3PT Jump Shot,6:07
http://stats.nba.com/cvp.html?GameID=0041200223&GameEventID=439,4,,Memphis Grizzlies,Conley REBOUND (Off:0 Def:7),6:04
http://stats.nba.com/cvp.html?GameID=0041200223&GameEventID=440,4,,Memphis Grizzlies,MISS Bayless 7' Running Jump Shot,5:44
http://stats.nba.com/cvp.html?GameID=0041200223&GameEventID=441,4,,Oklahoma City Thunder,Jackson REBOUND (Off:2 Def:6),5:41
http://stats.nba.com/cvp.html?GameID=0041200223&GameEventID=442,4,,Memphis Grizzlies,Conley S.FOUL (P3.T3),5:39
http://stats.nba.com/cvp.html?GameID=0041200223&GameEventID=443,4,[ 71 - 77 ],Oklahoma City Thunder,Jackson Free Throw 1 of 2 (12 PTS),5:39
http://stats.nba.com/cvp.html?GameID=0041200223&GameEventID=445,4,,Memphis Grizzlies,SUB: Gasol FOR Prince,5:39
http://stats.nba.com/cvp.html?GameID=0041200223&GameEventID=446,4,,Memphis Grizzlies,SUB: Allen FOR Bayless,5:39
http://stats.nba.com/cvp.html?GameID=0041200223&GameEventID=447,4,,Oklahoma City Thunder,MISS Jackson Free Throw 2 of 2,5:39
http://stats.nba.com/cvp.html?GameID=0041200223&GameEventID=449,4,,Memphis Grizzlies,Allen REBOUND (Off:2 Def:3),5:38
http://stats.nba.com/cvp.html?GameID=0041200223&GameEventID=450,4,,Memphis Grizzlies,MISS Conley 19' Jump Shot,5:24
http://stats.nba.com/cvp.html?GameID=0041200223&GameEventID=451,4,,Oklahoma City Thunder,Jackson REBOUND (Off:2 Def:7),5:23
http://stats.nba.com/cvp.html?GameID=0041200223&GameEventID=452,4,[ 73 - 77 ],Oklahoma City Thunder,Jackson 6' Jump Shot (14 PTS),5:17
http://stats.nba.com/cvp.html?GameID=0041200223&GameEventID=453,4,,Memphis Grizzlies,MISS Conley 1' Driving Layup,4:52
http://stats.nba.com/cvp.html?GameID=0041200223&GameEventID=454,4,,Oklahoma City Thunder,Thunder Rebound,4:51
http://stats.nba.com/cvp.html?GameID=0041200223&GameEventID=455,4,,Memphis Grizzlies,Randolph L.B.FOUL (P2.T4),4:51
http://stats.nba.com/cvp.html?GameID=0041200223&GameEventID=456,4,,Oklahoma City Thunder,Fisher OFF.Foul (P1),4:38
http://stats.nba.com/cvp.html?GameID=0041200223&GameEventID=457,4,,Oklahoma City Thunder,Fisher Foul Turnover (P2.T13),4:38
http://stats.nba.com/cvp.html?GameID=0041200223&GameEventID=458,4,[ 73 - 79 ],Memphis Grizzlies,Randolph 4' Running Jump Shot (8 PTS),4:19
http://stats.nba.com/cvp.html?GameID=0041200223&GameEventID=459,4,,Oklahoma City Thunder,MISS Jackson 17' Jump Shot,4:07
http://stats.nba.com/cvp.html?GameID=0041200223&GameEventID=460,4,,Memphis Grizzlies,Gasol REBOUND (Off:1 Def:7),4:06
http://stats.nba.com/cvp.html?GameID=0041200223&GameEventID=461,4,,Memphis Grizzlies,MISS Randolph 13' Step Back Jump Shot,3:41
http://stats.nba.com/cvp.html?GameID=0041200223&GameEventID=462,4,,Oklahoma City Thunder,Jackson REBOUND (Off:2 Def:8),3:39
http://stats.nba.com/cvp.html?GameID=0041200223&GameEventID=463,4,[ 75 - 79 ],Oklahoma City Thunder,Durant 13' Jump Shot (25 PTS),3:33
http://stats.nba.com/cvp.html?GameID=0041200223&GameEventID=464,4,,Memphis Grizzlies,Conley Lost Ball Turnover (P4.T11),3:08
http://stats.nba.com/cvp.html?GameID=0041200223&GameEventID=464,4,,Oklahoma City Thunder,Jackson STEAL (2 STL),3:08
http://stats.nba.com/cvp.html?GameID=0041200223&GameEventID=465,4,[ 77 - 79 ],Oklahoma City Thunder,Jackson  Slam Dunk (16 PTS),3:04
http://stats.nba.com/cvp.html?GameID=0041200223&GameEventID=466,4,,Memphis Grizzlies,GRIZZLIES Timeout: Short (Full 4 Short 1),3:03
http://stats.nba.com/cvp.html?GameID=0041200223&GameEventID=469,4,,Memphis Grizzlies,SUB: Bayless FOR Pondexter,3:03
http://stats.nba.com/cvp.html?GameID=0041200223&GameEventID=470,4,[ 77 - 81 ],Memphis Grizzlies,Gasol 6' Running Bank Shot (18 PTS),2:47
http://stats.nba.com/cvp.html?GameID=0041200223&GameEventID=471,4,,Memphis Grizzlies,Allen P.FOUL (P4.PN),2:33
http://stats.nba.com/cvp.html?GameID=0041200223&GameEventID=475,4,,Memphis Grizzlies,SUB: Pondexter FOR Allen,2:33
http://stats.nba.com/cvp.html?GameID=0041200223&GameEventID=476,4,,Oklahoma City Thunder,MISS Fisher Free Throw 1 of 2,2:33
http://stats.nba.com/cvp.html?GameID=0041200223&GameEventID=477,4,,Oklahoma City Thunder,Thunder Rebound,2:33
http://stats.nba.com/cvp.html?GameID=0041200223&GameEventID=478,4,[ 78 - 81 ],Oklahoma City Thunder,Fisher Free Throw 2 of 2 (5 PTS),2:33
http://stats.nba.com/cvp.html?GameID=0041200223&GameEventID=480,4,,Memphis Grizzlies,MISS Conley  Layup,2:11
http://stats.nba.com/cvp.html?GameID=0041200223&GameEventID=481,4,,Oklahoma City Thunder,Durant REBOUND (Off:0 Def:11),2:09
http://stats.nba.com/cvp.html?GameID=0041200223&GameEventID=482,4,[ 81 - 81 ],Oklahoma City Thunder,Fisher 27' 3PT Jump Shot (8 PTS) (Jackson 2 AST),1:58
http://stats.nba.com/cvp.html?GameID=0041200223&GameEventID=483,4,,Memphis Grizzlies,MISS Bayless 7' Running Jump Shot,1:35
http://stats.nba.com/cvp.html?GameID=0041200223&GameEventID=484,4,,Oklahoma City Thunder,Ibaka REBOUND (Off:3 Def:7),1:32
http://stats.nba.com/cvp.html?GameID=0041200223&GameEventID=485,4,,Oklahoma City Thunder,Jackson Offensive Charge Foul (P3.T1),1:31
http://stats.nba.com/cvp.html?GameID=0041200223&GameEventID=486,4,,Oklahoma City Thunder,Jackson Foul Turnover (P1.T14),1:31
http://stats.nba.com/cvp.html?GameID=0041200223&GameEventID=487,4,,Oklahoma City Thunder,Fisher P.FOUL (P2.PN),1:15
http://stats.nba.com/cvp.html?GameID=0041200223&GameEventID=488,4,,Oklahoma City Thunder,Ibaka S.FOUL (P4.PN),1:03
http://stats.nba.com/cvp.html?GameID=0041200223&GameEventID=489,4,[ 81 - 82 ],Memphis Grizzlies,Gasol Free Throw 1 of 2 (19 PTS),1:03
http://stats.nba.com/cvp.html?GameID=0041200223&GameEventID=491,4,,Memphis Grizzlies,SUB: Prince FOR Bayless,1:03
http://stats.nba.com/cvp.html?GameID=0041200223&GameEventID=492,4,,Memphis Grizzlies,SUB: Allen FOR Randolph,1:03
http://stats.nba.com/cvp.html?GameID=0041200223&GameEventID=493,4,[ 81 - 83 ],Memphis Grizzlies,Gasol Free Throw 2 of 2 (20 PTS),1:03
http://stats.nba.com/cvp.html?GameID=0041200223&GameEventID=495,4,,Oklahoma City Thunder,Thunder Timeout: Regular (Reg.5 Short 0),1:03
http://stats.nba.com/cvp.html?GameID=0041200223&GameEventID=499,4,,Oklahoma City Thunder,MISS Durant 7' Jump Shot,0:55
http://stats.nba.com/cvp.html?GameID=0041200223&GameEventID=500,4,,Memphis Grizzlies,Gasol REBOUND (Off:1 Def:8),0:55
http://stats.nba.com/cvp.html?GameID=0041200223&GameEventID=501,4,,Oklahoma City Thunder,Jackson Personal Take Foul (P4.PN),0:50
http://stats.nba.com/cvp.html?GameID=0041200223&GameEventID=502,4,[ 81 - 84 ],Memphis Grizzlies,Conley Free Throw 1 of 2 (11 PTS),0:50
http://stats.nba.com/cvp.html?GameID=0041200223&GameEventID=504,4,[ 81 - 85 ],Memphis Grizzlies,Conley Free Throw 2 of 2 (12 PTS),0:50
http://stats.nba.com/cvp.html?GameID=0041200223&GameEventID=506,4,,Memphis Grizzlies,Gasol S.FOUL (P5.PN),0:39
http://stats.nba.com/cvp.html?GameID=0041200223&GameEventID=507,4,,Oklahoma City Thunder,MISS Durant Free Throw 1 of 2,0:39
http://stats.nba.com/cvp.html?GameID=0041200223&GameEventID=508,4,,Oklahoma City Thunder,Thunder Rebound,0:39
http://stats.nba.com/cvp.html?GameID=0041200223&GameEventID=509,4,,Memphis Grizzlies,SUB: Randolph FOR Allen,0:39
http://stats.nba.com/cvp.html?GameID=0041200223&GameEventID=510,4,,Oklahoma City Thunder,SUB: Sefolosha FOR Martin,0:39
http://stats.nba.com/cvp.html?GameID=0041200223&GameEventID=511,4,,Memphis Grizzlies,SUB: Bayless FOR Prince,0:39
http://stats.nba.com/cvp.html?GameID=0041200223&GameEventID=512,4,,Oklahoma City Thunder,MISS Durant Free Throw 2 of 2,0:39
http://stats.nba.com/cvp.html?GameID=0041200223&GameEventID=514,4,,Memphis Grizzlies,Randolph REBOUND (Off:1 Def:9),0:38
http://stats.nba.com/cvp.html?GameID=0041200223&GameEventID=515,4,,Memphis Grizzlies,Bayless Bad Pass Turnover (P2.T12),0:23
http://stats.nba.com/cvp.html?GameID=0041200223&GameEventID=515,4,,Oklahoma City Thunder,Durant STEAL (3 STL),0:23
http://stats.nba.com/cvp.html?GameID=0041200223&GameEventID=516,4,,Oklahoma City Thunder,MISS Fisher 28' 3PT Jump Shot,0:18
http://stats.nba.com/cvp.html?GameID=0041200223&GameEventID=517,4,,Memphis Grizzlies,Pondexter REBOUND (Off:0 Def:2),0:16
http://stats.nba.com/cvp.html?GameID=0041200223&GameEventID=518,4,,Oklahoma City Thunder,Sefolosha Personal Take Foul (P1.PN),0:15
http://stats.nba.com/cvp.html?GameID=0041200223&GameEventID=519,4,[ 81 - 86 ],Memphis Grizzlies,Conley Free Throw 1 of 2 (13 PTS),0:15
http://stats.nba.com/cvp.html?GameID=0041200223&GameEventID=521,4,,Memphis Grizzlies,SUB: Prince FOR Randolph,0:15
http://stats.nba.com/cvp.html?GameID=0041200223&GameEventID=522,4,,Memphis Grizzlies,SUB: Allen FOR Bayless,0:15
http://stats.nba.com/cvp.html?GameID=0041200223&GameEventID=523,4,[ 81 - 87 ],Memphis Grizzlies,Conley Free Throw 2 of 2 (14 PTS),0:15
http://stats.nba.com/cvp.html?GameID=0041200223&GameEventID=525,4,,Oklahoma City Thunder,Thunder Timeout: Short (Reg.5 Short 1),0:15
http://stats.nba.com/cvp.html?GameID=0041200223&GameEventID=527,4,,Oklahoma City Thunder,SUB: Martin FOR Sefolosha,0:15
http://stats.nba.com/cvp.html?GameID=0041200223&GameEventID=529,4,,Oklahoma City Thunder,MISS Martin 13' Pullup Jump Shot,0:11
http://stats.nba.com/cvp.html?GameID=0041200223&GameEventID=530,4,,Memphis Grizzlies,GRIZZLIES Rebound,0:09
http://stats.nba.com/cvp.html?GameID=0041200223&GameEventID=532,4,,Memphis Grizzlies,GRIZZLIES Timeout: Short (Full 4 Short 2),0:09
http://stats.nba.com/cvp.html?GameID=0041200223&GameEventID=534,4,,Memphis Grizzlies,SUB: Bayless FOR Prince,0:09
http://stats.nba.com/cvp.html?GameID=0041200223&GameEventID=535,4,,Memphis Grizzlies,SUB: Randolph FOR Allen,0:09
