http://stats.nba.com/cvp.html?GameID=0021200023&GameEventID=1,1,,Minnesota Timberwolves,Jump Ball Pekovic vs. Thompson: Tip to Roy,12:00
http://stats.nba.com/cvp.html?GameID=0021200023&GameEventID=2,1,,Sacramento Kings,Cousins P.FOUL (P1.T1),11:47
http://stats.nba.com/cvp.html?GameID=0021200023&GameEventID=3,1,[ 0 - 3 ],Minnesota Timberwolves,Ridnour 24' 3PT Jump Shot (3 PTS) (Roy 1 AST),11:33
http://stats.nba.com/cvp.html?GameID=0021200023&GameEventID=4,1,[ 2 - 3 ],Sacramento Kings,Cousins 14' Jump Shot (2 PTS) (Evans 1 AST),11:14
http://stats.nba.com/cvp.html?GameID=0021200023&GameEventID=5,1,[ 2 - 5 ],Minnesota Timberwolves,Williams 2' Layup (2 PTS) (Roy 2 AST),11:03
http://stats.nba.com/cvp.html?GameID=0021200023&GameEventID=6,1,,Sacramento Kings,MISS Cousins 20' Jump Shot,10:44
http://stats.nba.com/cvp.html?GameID=0021200023&GameEventID=7,1,,Minnesota Timberwolves,Roy REBOUND (Off:0 Def:1),10:43
http://stats.nba.com/cvp.html?GameID=0021200023&GameEventID=8,1,,Minnesota Timberwolves,MISS Williams 24' 3PT Jump Shot,10:35
http://stats.nba.com/cvp.html?GameID=0021200023&GameEventID=9,1,,Minnesota Timberwolves,Pekovic REBOUND (Off:1 Def:0),10:34
http://stats.nba.com/cvp.html?GameID=0021200023&GameEventID=10,1,,Minnesota Timberwolves,MISS Pekovic 1' Layup,10:33
http://stats.nba.com/cvp.html?GameID=0021200023&GameEventID=11,1,,Sacramento Kings,Kings Rebound,10:33
http://stats.nba.com/cvp.html?GameID=0021200023&GameEventID=12,1,,Minnesota Timberwolves,Pekovic L.B.FOUL (P1.T1),10:33
http://stats.nba.com/cvp.html?GameID=0021200023&GameEventID=13,1,[ 4 - 5 ],Sacramento Kings,Cousins 11' Running Jump Shot (4 PTS),10:15
http://stats.nba.com/cvp.html?GameID=0021200023&GameEventID=14,1,[ 4 - 7 ],Minnesota Timberwolves,Williams 1' Layup (4 PTS) (Roy 3 AST),10:00
http://stats.nba.com/cvp.html?GameID=0021200023&GameEventID=15,1,,Sacramento Kings,Johnson Traveling Turnover (P1.T1),9:43
http://stats.nba.com/cvp.html?GameID=0021200023&GameEventID=16,1,[ 4 - 9 ],Minnesota Timberwolves,Ridnour 1' Layup (5 PTS) (Roy 4 AST),9:34
http://stats.nba.com/cvp.html?GameID=0021200023&GameEventID=17,1,,Sacramento Kings,Kings Timeout: Regular (Reg.1 Short 0),9:28
http://stats.nba.com/cvp.html?GameID=0021200023&GameEventID=19,1,,Sacramento Kings,MISS Thompson 17' Turnaround Jump Shot,9:13
http://stats.nba.com/cvp.html?GameID=0021200023&GameEventID=20,1,,Minnesota Timberwolves,Williams REBOUND (Off:0 Def:1),9:12
http://stats.nba.com/cvp.html?GameID=0021200023&GameEventID=21,1,,Sacramento Kings,Evans P.FOUL (P1.T2),9:03
http://stats.nba.com/cvp.html?GameID=0021200023&GameEventID=22,1,,Minnesota Timberwolves,MISS Roy 25' 3PT Jump Shot,8:55
http://stats.nba.com/cvp.html?GameID=0021200023&GameEventID=23,1,,Sacramento Kings,Johnson REBOUND (Off:0 Def:1),8:54
http://stats.nba.com/cvp.html?GameID=0021200023&GameEventID=24,1,,Sacramento Kings,MISS Evans 1' Driving Reverse Layup,8:47
http://stats.nba.com/cvp.html?GameID=0021200023&GameEventID=25,1,,Minnesota Timberwolves,Ridnour REBOUND (Off:0 Def:1),8:46
http://stats.nba.com/cvp.html?GameID=0021200023&GameEventID=26,1,[ 4 - 11 ],Minnesota Timberwolves,Kirilenko 17' Jump Shot (2 PTS) (Ridnour 1 AST),8:41
http://stats.nba.com/cvp.html?GameID=0021200023&GameEventID=27,1,,Sacramento Kings,Cousins S.FOUL (P2.T3),8:41
http://stats.nba.com/cvp.html?GameID=0021200023&GameEventID=28,1,,Minnesota Timberwolves,MISS Kirilenko Free Throw 1 of 1,8:41
http://stats.nba.com/cvp.html?GameID=0021200023&GameEventID=30,1,,Sacramento Kings,Thomas REBOUND (Off:0 Def:1),8:41
http://stats.nba.com/cvp.html?GameID=0021200023&GameEventID=31,1,,Sacramento Kings,MISS Johnson 1' Driving Layup,8:28
http://stats.nba.com/cvp.html?GameID=0021200023&GameEventID=32,1,,Sacramento Kings,Johnson REBOUND (Off:1 Def:1),8:27
http://stats.nba.com/cvp.html?GameID=0021200023&GameEventID=33,1,[ 6 - 11 ],Sacramento Kings,Johnson 2' Layup (2 PTS),8:26
http://stats.nba.com/cvp.html?GameID=0021200023&GameEventID=34,1,,Minnesota Timberwolves,MISS Williams 17' Jump Shot,8:06
http://stats.nba.com/cvp.html?GameID=0021200023&GameEventID=35,1,,Minnesota Timberwolves,Pekovic REBOUND (Off:2 Def:0),8:05
http://stats.nba.com/cvp.html?GameID=0021200023&GameEventID=36,1,,Minnesota Timberwolves,MISS Roy 9' Jump Shot,7:53
http://stats.nba.com/cvp.html?GameID=0021200023&GameEventID=37,1,,Sacramento Kings,Evans REBOUND (Off:0 Def:1),7:52
http://stats.nba.com/cvp.html?GameID=0021200023&GameEventID=38,1,,Minnesota Timberwolves,Williams BLOCK (1 BLK),7:46
http://stats.nba.com/cvp.html?GameID=0021200023&GameEventID=38,1,,Sacramento Kings,MISS Evans 3' Layup,7:46
http://stats.nba.com/cvp.html?GameID=0021200023&GameEventID=39,1,,Minnesota Timberwolves,Kirilenko REBOUND (Off:0 Def:1),7:44
http://stats.nba.com/cvp.html?GameID=0021200023&GameEventID=40,1,[ 6 - 13 ],Minnesota Timberwolves,Roy 1' Layup (2 PTS) (Kirilenko 1 AST),7:40
http://stats.nba.com/cvp.html?GameID=0021200023&GameEventID=42,1,,Sacramento Kings,MISS Johnson 23' Jump Shot,7:17
http://stats.nba.com/cvp.html?GameID=0021200023&GameEventID=43,1,,Minnesota Timberwolves,Ridnour REBOUND (Off:0 Def:2),7:16
http://stats.nba.com/cvp.html?GameID=0021200023&GameEventID=44,1,,Minnesota Timberwolves,Kirilenko Bad Pass Turnover (P1.T1),7:07
http://stats.nba.com/cvp.html?GameID=0021200023&GameEventID=44,1,,Sacramento Kings,Evans STEAL (1 STL),7:07
http://stats.nba.com/cvp.html?GameID=0021200023&GameEventID=46,1,,Minnesota Timberwolves,Ridnour Personal Block Foul (P1.T2),7:03
http://stats.nba.com/cvp.html?GameID=0021200023&GameEventID=47,1,,Sacramento Kings,MISS Cousins 7' Running Jump Shot,6:50
http://stats.nba.com/cvp.html?GameID=0021200023&GameEventID=48,1,,Sacramento Kings,Thompson REBOUND (Off:1 Def:0),6:49
http://stats.nba.com/cvp.html?GameID=0021200023&GameEventID=49,1,[ 8 - 13 ],Sacramento Kings,Thompson 1' Layup (2 PTS),6:48
http://stats.nba.com/cvp.html?GameID=0021200023&GameEventID=50,1,,Sacramento Kings,Johnson P.FOUL (P1.T4),6:28
http://stats.nba.com/cvp.html?GameID=0021200023&GameEventID=51,1,,Sacramento Kings,Johnson S.FOUL (P2.PN),6:18
http://stats.nba.com/cvp.html?GameID=0021200023&GameEventID=52,1,[ 8 - 14 ],Minnesota Timberwolves,Kirilenko Free Throw 1 of 2 (3 PTS),6:18
http://stats.nba.com/cvp.html?GameID=0021200023&GameEventID=54,1,,Sacramento Kings,SUB: Outlaw FOR Johnson,6:18
http://stats.nba.com/cvp.html?GameID=0021200023&GameEventID=55,1,[ 8 - 15 ],Minnesota Timberwolves,Kirilenko Free Throw 2 of 2 (4 PTS),6:18
http://stats.nba.com/cvp.html?GameID=0021200023&GameEventID=57,1,,Sacramento Kings,MISS Thomas 18' Jump Shot,6:12
http://stats.nba.com/cvp.html?GameID=0021200023&GameEventID=58,1,,Minnesota Timberwolves,TIMBERWOLVES Rebound,6:09
http://stats.nba.com/cvp.html?GameID=0021200023&GameEventID=59,1,,Sacramento Kings,Thompson S.FOUL (P1.PN),5:54
http://stats.nba.com/cvp.html?GameID=0021200023&GameEventID=60,1,,Minnesota Timberwolves,MISS Pekovic Free Throw 1 of 2,5:54
http://stats.nba.com/cvp.html?GameID=0021200023&GameEventID=61,1,,Minnesota Timberwolves,TIMBERWOLVES Rebound,5:54
http://stats.nba.com/cvp.html?GameID=0021200023&GameEventID=62,1,[ 8 - 16 ],Minnesota Timberwolves,Pekovic Free Throw 2 of 2 (1 PTS),5:54
http://stats.nba.com/cvp.html?GameID=0021200023&GameEventID=64,1,,Sacramento Kings,MISS Outlaw 20' Jump Shot,5:38
http://stats.nba.com/cvp.html?GameID=0021200023&GameEventID=65,1,,Minnesota Timberwolves,Pekovic REBOUND (Off:2 Def:1),5:37
http://stats.nba.com/cvp.html?GameID=0021200023&GameEventID=66,1,,Minnesota Timberwolves,MISS Pekovic 1' Layup,5:27
http://stats.nba.com/cvp.html?GameID=0021200023&GameEventID=67,1,,Sacramento Kings,Thompson REBOUND (Off:1 Def:1),5:26
http://stats.nba.com/cvp.html?GameID=0021200023&GameEventID=68,1,,Sacramento Kings,MISS Thomas 1' Layup,5:23
http://stats.nba.com/cvp.html?GameID=0021200023&GameEventID=69,1,,Minnesota Timberwolves,Roy REBOUND (Off:0 Def:2),5:21
http://stats.nba.com/cvp.html?GameID=0021200023&GameEventID=70,1,[ 8 - 18 ],Minnesota Timberwolves,Kirilenko 1' Dunk (6 PTS),5:07
http://stats.nba.com/cvp.html?GameID=0021200023&GameEventID=71,1,[ 10 - 18 ],Sacramento Kings,Thomas 1' Running Layup (2 PTS),4:52
http://stats.nba.com/cvp.html?GameID=0021200023&GameEventID=72,1,,Minnesota Timberwolves,MISS Pekovic 1' Layup,4:30
http://stats.nba.com/cvp.html?GameID=0021200023&GameEventID=72,1,,Sacramento Kings,Outlaw BLOCK (1 BLK),4:30
http://stats.nba.com/cvp.html?GameID=0021200023&GameEventID=73,1,,Minnesota Timberwolves,Pekovic REBOUND (Off:3 Def:1),4:28
http://stats.nba.com/cvp.html?GameID=0021200023&GameEventID=74,1,,Minnesota Timberwolves,MISS Roy 18' Step Back Jump Shot,4:23
http://stats.nba.com/cvp.html?GameID=0021200023&GameEventID=75,1,,Sacramento Kings,Evans REBOUND (Off:0 Def:2),4:22
http://stats.nba.com/cvp.html?GameID=0021200023&GameEventID=76,1,,Sacramento Kings,MISS Thomas 24' 3PT Jump Shot,4:17
http://stats.nba.com/cvp.html?GameID=0021200023&GameEventID=78,1,,Sacramento Kings,Evans REBOUND (Off:1 Def:2),4:15
http://stats.nba.com/cvp.html?GameID=0021200023&GameEventID=77,1,,Sacramento Kings,MISS Evans 1' Putback Dunk,4:15
http://stats.nba.com/cvp.html?GameID=0021200023&GameEventID=79,1,,Minnesota Timberwolves,Pekovic REBOUND (Off:3 Def:2),4:13
http://stats.nba.com/cvp.html?GameID=0021200023&GameEventID=80,1,,Minnesota Timberwolves,MISS Ridnour 16' Jump Shot,4:10
http://stats.nba.com/cvp.html?GameID=0021200023&GameEventID=81,1,,Sacramento Kings,Kings Rebound,4:09
http://stats.nba.com/cvp.html?GameID=0021200023&GameEventID=82,1,,Minnesota Timberwolves,Williams L.B.FOUL (P1.T3),4:09
http://stats.nba.com/cvp.html?GameID=0021200023&GameEventID=83,1,,Sacramento Kings,SUB: Thornton FOR Evans,4:09
http://stats.nba.com/cvp.html?GameID=0021200023&GameEventID=84,1,,Sacramento Kings,SUB: Brooks FOR Thomas,4:09
http://stats.nba.com/cvp.html?GameID=0021200023&GameEventID=85,1,,Sacramento Kings,MISS Brooks 25' 3PT Jump Shot,3:51
http://stats.nba.com/cvp.html?GameID=0021200023&GameEventID=86,1,,Minnesota Timberwolves,TIMBERWOLVES Rebound,3:47
http://stats.nba.com/cvp.html?GameID=0021200023&GameEventID=87,1,,Sacramento Kings,SUB: Hayes FOR Cousins,3:47
http://stats.nba.com/cvp.html?GameID=0021200023&GameEventID=88,1,,Minnesota Timberwolves,TIMBERWOLVES Timeout: Regular (Full 1 Short 0),3:47
http://stats.nba.com/cvp.html?GameID=0021200023&GameEventID=89,1,,Minnesota Timberwolves,SUB: Shved FOR Roy,3:47
http://stats.nba.com/cvp.html?GameID=0021200023&GameEventID=90,1,,Minnesota Timberwolves,SUB: Budinger FOR Kirilenko,3:47
http://stats.nba.com/cvp.html?GameID=0021200023&GameEventID=91,1,,Minnesota Timberwolves,MISS Budinger 24' Jump Shot,3:30
http://stats.nba.com/cvp.html?GameID=0021200023&GameEventID=92,1,,Sacramento Kings,Hayes REBOUND (Off:0 Def:1),3:29
http://stats.nba.com/cvp.html?GameID=0021200023&GameEventID=94,1,[ 12 - 18 ],Sacramento Kings,Thompson 6' Jump Hook Shot (4 PTS) (Outlaw 1 AST),3:07
http://stats.nba.com/cvp.html?GameID=0021200023&GameEventID=95,1,,Sacramento Kings,Hayes Shooting Block Foul (P1.PN),2:53
http://stats.nba.com/cvp.html?GameID=0021200023&GameEventID=96,1,[ 12 - 19 ],Minnesota Timberwolves,Williams Free Throw 1 of 2 (5 PTS),2:53
http://stats.nba.com/cvp.html?GameID=0021200023&GameEventID=98,1,,Minnesota Timberwolves,SUB: Barea FOR Ridnour,2:53
http://stats.nba.com/cvp.html?GameID=0021200023&GameEventID=99,1,,Minnesota Timberwolves,MISS Williams Free Throw 2 of 2,2:53
http://stats.nba.com/cvp.html?GameID=0021200023&GameEventID=101,1,,Sacramento Kings,Hayes REBOUND (Off:0 Def:2),2:53
http://stats.nba.com/cvp.html?GameID=0021200023&GameEventID=102,1,,Sacramento Kings,MISS Outlaw 16' Jump Shot,2:37
http://stats.nba.com/cvp.html?GameID=0021200023&GameEventID=103,1,,Sacramento Kings,Thompson REBOUND (Off:2 Def:1),2:36
http://stats.nba.com/cvp.html?GameID=0021200023&GameEventID=104,1,,Minnesota Timberwolves,Pekovic BLOCK (1 BLK),2:34
http://stats.nba.com/cvp.html?GameID=0021200023&GameEventID=104,1,,Sacramento Kings,MISS Thompson 2' Layup,2:34
http://stats.nba.com/cvp.html?GameID=0021200023&GameEventID=106,1,,Sacramento Kings,Thompson REBOUND (Off:3 Def:1),2:32
http://stats.nba.com/cvp.html?GameID=0021200023&GameEventID=105,1,,Sacramento Kings,MISS Thompson 3' Tip Shot,2:32
http://stats.nba.com/cvp.html?GameID=0021200023&GameEventID=108,1,,Sacramento Kings,Thompson REBOUND (Off:4 Def:1),2:30
http://stats.nba.com/cvp.html?GameID=0021200023&GameEventID=107,1,[ 14 - 19 ],Sacramento Kings,Thompson 1' Tip Shot (6 PTS),2:30
http://stats.nba.com/cvp.html?GameID=0021200023&GameEventID=109,1,[ 14 - 21 ],Minnesota Timberwolves,Barea  Layup (2 PTS),2:23
http://stats.nba.com/cvp.html?GameID=0021200023&GameEventID=110,1,,Minnesota Timberwolves,Shved BLOCK (1 BLK),2:16
http://stats.nba.com/cvp.html?GameID=0021200023&GameEventID=110,1,,Sacramento Kings,MISS Brooks  Layup,2:16
http://stats.nba.com/cvp.html?GameID=0021200023&GameEventID=111,1,,Minnesota Timberwolves,Williams REBOUND (Off:0 Def:2),2:15
http://stats.nba.com/cvp.html?GameID=0021200023&GameEventID=112,1,[ 14 - 23 ],Minnesota Timberwolves,Budinger 1' Driving Layup (2 PTS) (Barea 1 AST),2:12
http://stats.nba.com/cvp.html?GameID=0021200023&GameEventID=113,1,,Sacramento Kings,Outlaw S.FOUL (P1.PN),2:12
http://stats.nba.com/cvp.html?GameID=0021200023&GameEventID=114,1,,Minnesota Timberwolves,SUB: Cunningham FOR Williams,2:12
http://stats.nba.com/cvp.html?GameID=0021200023&GameEventID=115,1,,Minnesota Timberwolves,SUB: Stiemsma FOR Pekovic,2:12
http://stats.nba.com/cvp.html?GameID=0021200023&GameEventID=116,1,[ 14 - 24 ],Minnesota Timberwolves,Budinger Free Throw 1 of 1 (3 PTS),2:12
http://stats.nba.com/cvp.html?GameID=0021200023&GameEventID=118,1,[ 16 - 24 ],Sacramento Kings,Outlaw 16' Pullup Jump Shot (2 PTS),1:56
http://stats.nba.com/cvp.html?GameID=0021200023&GameEventID=119,1,,Minnesota Timberwolves,MISS Shved 24' 3PT Jump Shot,1:33
http://stats.nba.com/cvp.html?GameID=0021200023&GameEventID=120,1,,Sacramento Kings,Hayes REBOUND (Off:0 Def:3),1:32
http://stats.nba.com/cvp.html?GameID=0021200023&GameEventID=121,1,,Sacramento Kings,MISS Hayes 8' Jump Shot,1:20
http://stats.nba.com/cvp.html?GameID=0021200023&GameEventID=122,1,,Minnesota Timberwolves,Budinger REBOUND (Off:0 Def:1),1:19
http://stats.nba.com/cvp.html?GameID=0021200023&GameEventID=123,1,,Minnesota Timberwolves,MISS Stiemsma 4' Jump Shot,1:09
http://stats.nba.com/cvp.html?GameID=0021200023&GameEventID=124,1,,Minnesota Timberwolves,TIMBERWOLVES Rebound,1:06
http://stats.nba.com/cvp.html?GameID=0021200023&GameEventID=125,1,,Sacramento Kings,SUB: Robinson FOR Thompson,1:06
http://stats.nba.com/cvp.html?GameID=0021200023&GameEventID=126,1,,Minnesota Timberwolves,MISS Barea 24' 3PT Jump Shot,0:57
http://stats.nba.com/cvp.html?GameID=0021200023&GameEventID=127,1,,Sacramento Kings,Robinson REBOUND (Off:0 Def:1),0:56
http://stats.nba.com/cvp.html?GameID=0021200023&GameEventID=129,1,,Minnesota Timberwolves,Cunningham P.FOUL (P1.T4),0:41
http://stats.nba.com/cvp.html?GameID=0021200023&GameEventID=130,1,,Minnesota Timberwolves,Shved P.FOUL (P1.PN),0:39
http://stats.nba.com/cvp.html?GameID=0021200023&GameEventID=131,1,[ 17 - 24 ],Sacramento Kings,Thornton Free Throw 1 of 2 (1 PTS),0:39
http://stats.nba.com/cvp.html?GameID=0021200023&GameEventID=133,1,[ 18 - 24 ],Sacramento Kings,Thornton Free Throw 2 of 2 (2 PTS),0:39
http://stats.nba.com/cvp.html?GameID=0021200023&GameEventID=135,1,[ 18 - 26 ],Minnesota Timberwolves,Cunningham 18' Jump Shot (2 PTS) (Barea 2 AST),0:30
http://stats.nba.com/cvp.html?GameID=0021200023&GameEventID=136,1,,Minnesota Timberwolves,Budinger BLOCK (1 BLK),0:06
http://stats.nba.com/cvp.html?GameID=0021200023&GameEventID=136,1,,Sacramento Kings,MISS Brooks 10' Jump Shot,0:06
http://stats.nba.com/cvp.html?GameID=0021200023&GameEventID=137,1,,Sacramento Kings,Kings Rebound,0:05
http://stats.nba.com/cvp.html?GameID=0021200023&GameEventID=138,1,,Sacramento Kings,Kings Turnover: Shot Clock (T#2),0:05
http://stats.nba.com/cvp.html?GameID=0021200023&GameEventID=140,1,,Sacramento Kings,Outlaw Violation:Defensive Goaltending,0:00
http://stats.nba.com/cvp.html?GameID=0021200023&GameEventID=139,1,[ 18 - 28 ],Minnesota Timberwolves,Stiemsma 6' Jump Shot (2 PTS) (Barea 3 AST),0:00
http://stats.nba.com/cvp.html?GameID=0021200023&GameEventID=145,2,,Sacramento Kings,MISS Outlaw 18' Jump Shot,11:39
http://stats.nba.com/cvp.html?GameID=0021200023&GameEventID=146,2,,Sacramento Kings,Hayes REBOUND (Off:1 Def:3),11:38
http://stats.nba.com/cvp.html?GameID=0021200023&GameEventID=147,2,,Sacramento Kings,MISS Brooks 25' 3PT Jump Shot,11:35
http://stats.nba.com/cvp.html?GameID=0021200023&GameEventID=148,2,,Minnesota Timberwolves,Stiemsma REBOUND (Off:0 Def:1),11:34
http://stats.nba.com/cvp.html?GameID=0021200023&GameEventID=149,2,,Sacramento Kings,Outlaw P.FOUL (P2.T1),11:33
http://stats.nba.com/cvp.html?GameID=0021200023&GameEventID=150,2,,Minnesota Timberwolves,MISS Budinger 24' 3PT Jump Shot,11:22
http://stats.nba.com/cvp.html?GameID=0021200023&GameEventID=151,2,,Sacramento Kings,Hayes REBOUND (Off:1 Def:4),11:21
http://stats.nba.com/cvp.html?GameID=0021200023&GameEventID=154,2,,Minnesota Timberwolves,Stiemsma Violation:Defensive Goaltending,11:17
http://stats.nba.com/cvp.html?GameID=0021200023&GameEventID=152,2,[ 20 - 28 ],Sacramento Kings,Thornton 3' Driving Layup (4 PTS) (Brooks 1 AST),11:17
http://stats.nba.com/cvp.html?GameID=0021200023&GameEventID=153,2,,Minnesota Timberwolves,Budinger Shooting Block Foul (P1.T1),11:17
http://stats.nba.com/cvp.html?GameID=0021200023&GameEventID=155,2,,Sacramento Kings,Kings Timeout: Short (Reg.1 Short 1),11:17
http://stats.nba.com/cvp.html?GameID=0021200023&GameEventID=157,2,[ 21 - 28 ],Sacramento Kings,Thornton Free Throw 1 of 1 (5 PTS),11:17
http://stats.nba.com/cvp.html?GameID=0021200023&GameEventID=159,2,,Minnesota Timberwolves,MISS Stiemsma 1' Layup,11:03
http://stats.nba.com/cvp.html?GameID=0021200023&GameEventID=161,2,,Minnesota Timberwolves,Stiemsma REBOUND (Off:1 Def:1),11:02
http://stats.nba.com/cvp.html?GameID=0021200023&GameEventID=160,2,[ 21 - 30 ],Minnesota Timberwolves,Stiemsma 2' Tip Shot (4 PTS),11:02
http://stats.nba.com/cvp.html?GameID=0021200023&GameEventID=162,2,,Sacramento Kings,MISS Thornton 25' 3PT Jump Shot,10:56
http://stats.nba.com/cvp.html?GameID=0021200023&GameEventID=163,2,,Minnesota Timberwolves,Barea REBOUND (Off:0 Def:1),10:54
http://stats.nba.com/cvp.html?GameID=0021200023&GameEventID=164,2,[ 21 - 32 ],Minnesota Timberwolves,Barea  Driving Reverse Layup (4 PTS),10:40
http://stats.nba.com/cvp.html?GameID=0021200023&GameEventID=165,2,,Minnesota Timberwolves,Stiemsma STEAL (1 STL),10:21
http://stats.nba.com/cvp.html?GameID=0021200023&GameEventID=165,2,,Sacramento Kings,Hayes Lost Ball Turnover (P1.T3),10:21
http://stats.nba.com/cvp.html?GameID=0021200023&GameEventID=166,2,,Sacramento Kings,Brooks S.FOUL (P1.T2),10:16
http://stats.nba.com/cvp.html?GameID=0021200023&GameEventID=167,2,[ 21 - 33 ],Minnesota Timberwolves,Stiemsma Free Throw 1 of 2 (5 PTS),10:16
http://stats.nba.com/cvp.html?GameID=0021200023&GameEventID=169,2,[ 21 - 34 ],Minnesota Timberwolves,Stiemsma Free Throw 2 of 2 (6 PTS),10:16
http://stats.nba.com/cvp.html?GameID=0021200023&GameEventID=171,2,,Minnesota Timberwolves,Cunningham S.FOUL (P2.T2),10:11
http://stats.nba.com/cvp.html?GameID=0021200023&GameEventID=172,2,[ 22 - 34 ],Sacramento Kings,Robinson Free Throw 1 of 2 (1 PTS),10:11
http://stats.nba.com/cvp.html?GameID=0021200023&GameEventID=174,2,,Sacramento Kings,SUB: Garcia FOR Outlaw,10:11
http://stats.nba.com/cvp.html?GameID=0021200023&GameEventID=175,2,[ 23 - 34 ],Sacramento Kings,Robinson Free Throw 2 of 2 (2 PTS),10:11
http://stats.nba.com/cvp.html?GameID=0021200023&GameEventID=177,2,,Minnesota Timberwolves,Shved Traveling Turnover (P1.T2),9:56
http://stats.nba.com/cvp.html?GameID=0021200023&GameEventID=178,2,,Minnesota Timberwolves,Stiemsma BLOCK (1 BLK),9:39
http://stats.nba.com/cvp.html?GameID=0021200023&GameEventID=178,2,,Sacramento Kings,MISS Thornton 5' Jump Shot,9:39
http://stats.nba.com/cvp.html?GameID=0021200023&GameEventID=179,2,,Sacramento Kings,Kings Rebound,9:38
http://stats.nba.com/cvp.html?GameID=0021200023&GameEventID=180,2,,Sacramento Kings,SUB: Cousins FOR Hayes,9:38
http://stats.nba.com/cvp.html?GameID=0021200023&GameEventID=181,2,,Minnesota Timberwolves,Stiemsma BLOCK (2 BLK),9:32
http://stats.nba.com/cvp.html?GameID=0021200023&GameEventID=181,2,,Sacramento Kings,MISS Brooks 4' Running Jump Shot,9:32
http://stats.nba.com/cvp.html?GameID=0021200023&GameEventID=182,2,,Minnesota Timberwolves,Stiemsma REBOUND (Off:1 Def:2),9:30
http://stats.nba.com/cvp.html?GameID=0021200023&GameEventID=183,2,[ 23 - 36 ],Minnesota Timberwolves,Barea 3' Driving Layup (6 PTS),9:26
http://stats.nba.com/cvp.html?GameID=0021200023&GameEventID=184,2,,Sacramento Kings,MISS Robinson 1' Layup,9:09
http://stats.nba.com/cvp.html?GameID=0021200023&GameEventID=185,2,,Sacramento Kings,Garcia REBOUND (Off:1 Def:0),9:08
http://stats.nba.com/cvp.html?GameID=0021200023&GameEventID=186,2,,Sacramento Kings,MISS Garcia 24' 3PT Jump Shot,9:05
http://stats.nba.com/cvp.html?GameID=0021200023&GameEventID=187,2,,Minnesota Timberwolves,Shved REBOUND (Off:0 Def:1),9:04
http://stats.nba.com/cvp.html?GameID=0021200023&GameEventID=189,2,,Sacramento Kings,SUB: Fredette FOR Brooks,9:00
http://stats.nba.com/cvp.html?GameID=0021200023&GameEventID=190,2,,Minnesota Timberwolves,MISS Stiemsma 16' Jump Shot,8:55
http://stats.nba.com/cvp.html?GameID=0021200023&GameEventID=191,2,,Sacramento Kings,Cousins REBOUND (Off:0 Def:1),8:54
http://stats.nba.com/cvp.html?GameID=0021200023&GameEventID=192,2,,Sacramento Kings,Cousins Offensive Charge Foul (P3.T3),8:37
http://stats.nba.com/cvp.html?GameID=0021200023&GameEventID=193,2,,Sacramento Kings,Cousins Foul Turnover (P1.T4),8:37
http://stats.nba.com/cvp.html?GameID=0021200023&GameEventID=196,2,,Sacramento Kings,SUB: Thompson FOR Cousins,8:37
http://stats.nba.com/cvp.html?GameID=0021200023&GameEventID=197,2,,Minnesota Timberwolves,MISS Budinger 25' 3PT Jump Shot,8:16
http://stats.nba.com/cvp.html?GameID=0021200023&GameEventID=198,2,,Sacramento Kings,Robinson REBOUND (Off:0 Def:2),8:15
http://stats.nba.com/cvp.html?GameID=0021200023&GameEventID=199,2,,Sacramento Kings,Robinson Double Dribble Turnover (P1.T5),8:13
http://stats.nba.com/cvp.html?GameID=0021200023&GameEventID=200,2,,Minnesota Timberwolves,MISS Budinger  Layup,8:02
http://stats.nba.com/cvp.html?GameID=0021200023&GameEventID=201,2,,Minnesota Timberwolves,Budinger REBOUND (Off:1 Def:1),8:01
http://stats.nba.com/cvp.html?GameID=0021200023&GameEventID=202,2,,Minnesota Timberwolves,MISS Budinger  Layup,7:59
http://stats.nba.com/cvp.html?GameID=0021200023&GameEventID=202,2,,Sacramento Kings,Thompson BLOCK (1 BLK),7:59
http://stats.nba.com/cvp.html?GameID=0021200023&GameEventID=203,2,,Minnesota Timberwolves,Stiemsma REBOUND (Off:2 Def:2),7:57
http://stats.nba.com/cvp.html?GameID=0021200023&GameEventID=204,2,[ 23 - 38 ],Minnesota Timberwolves,Barea 1' Driving Layup (8 PTS),7:46
http://stats.nba.com/cvp.html?GameID=0021200023&GameEventID=205,2,,Sacramento Kings,MISS Garcia 22' Jump Shot,7:29
http://stats.nba.com/cvp.html?GameID=0021200023&GameEventID=206,2,,Minnesota Timberwolves,Barea REBOUND (Off:0 Def:2),7:28
http://stats.nba.com/cvp.html?GameID=0021200023&GameEventID=207,2,,Minnesota Timberwolves,Budinger Step Out of Bounds Turnover (P1.T3),7:24
http://stats.nba.com/cvp.html?GameID=0021200023&GameEventID=208,2,,Sacramento Kings,MISS Thornton 24' 3PT Jump Shot,7:11
http://stats.nba.com/cvp.html?GameID=0021200023&GameEventID=209,2,,Minnesota Timberwolves,Cunningham REBOUND (Off:0 Def:1),7:10
http://stats.nba.com/cvp.html?GameID=0021200023&GameEventID=210,2,,Minnesota Timberwolves,Cunningham Lost Ball Turnover (P1.T4),6:58
http://stats.nba.com/cvp.html?GameID=0021200023&GameEventID=210,2,,Sacramento Kings,Robinson STEAL (1 STL),6:58
http://stats.nba.com/cvp.html?GameID=0021200023&GameEventID=211,2,[ 25 - 38 ],Sacramento Kings,Fredette 22' Pullup Jump Shot (2 PTS),6:53
http://stats.nba.com/cvp.html?GameID=0021200023&GameEventID=212,2,,Sacramento Kings,Fredette S.FOUL (P1.T4),6:36
http://stats.nba.com/cvp.html?GameID=0021200023&GameEventID=213,2,[ 25 - 39 ],Minnesota Timberwolves,Barea Free Throw 1 of 2 (9 PTS),6:36
http://stats.nba.com/cvp.html?GameID=0021200023&GameEventID=215,2,,Minnesota Timberwolves,SUB: Kirilenko FOR Cunningham,6:36
http://stats.nba.com/cvp.html?GameID=0021200023&GameEventID=216,2,,Minnesota Timberwolves,SUB: Roy FOR Shved,6:36
http://stats.nba.com/cvp.html?GameID=0021200023&GameEventID=217,2,[ 25 - 40 ],Minnesota Timberwolves,Barea Free Throw 2 of 2 (10 PTS),6:36
http://stats.nba.com/cvp.html?GameID=0021200023&GameEventID=220,2,,Sacramento Kings,MISS Fredette 21' Jump Shot,6:21
http://stats.nba.com/cvp.html?GameID=0021200023&GameEventID=221,2,,Minnesota Timberwolves,Stiemsma REBOUND (Off:2 Def:3),6:20
http://stats.nba.com/cvp.html?GameID=0021200023&GameEventID=222,2,,Minnesota Timberwolves,MISS Budinger 25' 3PT Jump Shot,6:03
http://stats.nba.com/cvp.html?GameID=0021200023&GameEventID=223,2,,Minnesota Timberwolves,TIMBERWOLVES Rebound,6:02
http://stats.nba.com/cvp.html?GameID=0021200023&GameEventID=224,2,,Sacramento Kings,Robinson L.B.FOUL (P1.PN),6:02
http://stats.nba.com/cvp.html?GameID=0021200023&GameEventID=225,2,,Sacramento Kings,SUB: Johnson FOR Robinson,6:02
http://stats.nba.com/cvp.html?GameID=0021200023&GameEventID=226,2,,Minnesota Timberwolves,MISS Barea 1' Layup,5:58
http://stats.nba.com/cvp.html?GameID=0021200023&GameEventID=226,2,,Sacramento Kings,Thompson BLOCK (2 BLK),5:58
http://stats.nba.com/cvp.html?GameID=0021200023&GameEventID=227,2,,Minnesota Timberwolves,TIMBERWOLVES Rebound,5:57
http://stats.nba.com/cvp.html?GameID=0021200023&GameEventID=228,2,,Minnesota Timberwolves,TIMBERWOLVES Timeout: Regular (Full 2 Short 0),5:57
http://stats.nba.com/cvp.html?GameID=0021200023&GameEventID=231,2,,Sacramento Kings,SUB: Evans FOR Garcia,5:57
http://stats.nba.com/cvp.html?GameID=0021200023&GameEventID=232,2,[ 25 - 42 ],Minnesota Timberwolves,Roy 2' Layup (4 PTS),5:46
http://stats.nba.com/cvp.html?GameID=0021200023&GameEventID=233,2,,Sacramento Kings,MISS Evans 1' Reverse Layup,5:29
http://stats.nba.com/cvp.html?GameID=0021200023&GameEventID=234,2,,Minnesota Timberwolves,Stiemsma REBOUND (Off:2 Def:4),5:28
http://stats.nba.com/cvp.html?GameID=0021200023&GameEventID=235,2,,Minnesota Timberwolves,Kirilenko Lost Ball Turnover (P2.T5),5:16
http://stats.nba.com/cvp.html?GameID=0021200023&GameEventID=235,2,,Sacramento Kings,Johnson STEAL (1 STL),5:16
http://stats.nba.com/cvp.html?GameID=0021200023&GameEventID=236,2,,Minnesota Timberwolves,Barea P.FOUL (P1.T3),5:14
http://stats.nba.com/cvp.html?GameID=0021200023&GameEventID=237,2,,Minnesota Timberwolves,SUB: Ridnour FOR Barea,5:14
http://stats.nba.com/cvp.html?GameID=0021200023&GameEventID=238,2,,Minnesota Timberwolves,SUB: Williams FOR Budinger,5:14
http://stats.nba.com/cvp.html?GameID=0021200023&GameEventID=239,2,,Minnesota Timberwolves,SUB: Pekovic FOR Stiemsma,5:14
http://stats.nba.com/cvp.html?GameID=0021200023&GameEventID=240,2,[ 27 - 42 ],Sacramento Kings,Thompson 6' Jump Shot (8 PTS) (Evans 2 AST),4:59
http://stats.nba.com/cvp.html?GameID=0021200023&GameEventID=241,2,,Minnesota Timberwolves,MISS Roy 18' Jump Shot,4:37
http://stats.nba.com/cvp.html?GameID=0021200023&GameEventID=243,2,,Minnesota Timberwolves,Williams REBOUND (Off:1 Def:2),4:35
http://stats.nba.com/cvp.html?GameID=0021200023&GameEventID=242,2,,Minnesota Timberwolves,MISS Williams 1' Tip Shot,4:35
http://stats.nba.com/cvp.html?GameID=0021200023&GameEventID=244,2,,Minnesota Timberwolves,Williams REBOUND (Off:2 Def:2),4:32
http://stats.nba.com/cvp.html?GameID=0021200023&GameEventID=245,2,,Sacramento Kings,Johnson P.FOUL (P3.PN),4:22
http://stats.nba.com/cvp.html?GameID=0021200023&GameEventID=246,2,,Minnesota Timberwolves,MISS Pekovic Free Throw 1 of 2,4:22
http://stats.nba.com/cvp.html?GameID=0021200023&GameEventID=247,2,,Minnesota Timberwolves,TIMBERWOLVES Rebound,4:22
http://stats.nba.com/cvp.html?GameID=0021200023&GameEventID=248,2,[ 27 - 43 ],Minnesota Timberwolves,Pekovic Free Throw 2 of 2 (2 PTS),4:22
http://stats.nba.com/cvp.html?GameID=0021200023&GameEventID=250,2,,Sacramento Kings,MISS Johnson 1' Layup,4:07
http://stats.nba.com/cvp.html?GameID=0021200023&GameEventID=251,2,,Minnesota Timberwolves,Ridnour REBOUND (Off:0 Def:3),4:06
http://stats.nba.com/cvp.html?GameID=0021200023&GameEventID=252,2,[ 27 - 45 ],Minnesota Timberwolves,Ridnour 1' Driving Finger Roll Layup (7 PTS),3:57
http://stats.nba.com/cvp.html?GameID=0021200023&GameEventID=254,2,,Sacramento Kings,SUB: Hayes FOR Johnson,3:43
http://stats.nba.com/cvp.html?GameID=0021200023&GameEventID=255,2,[ 29 - 45 ],Sacramento Kings,Thornton 18' Jump Shot (7 PTS) (Evans 3 AST),3:40
http://stats.nba.com/cvp.html?GameID=0021200023&GameEventID=256,2,,Minnesota Timberwolves,MISS Williams 10' Jump Shot,3:28
http://stats.nba.com/cvp.html?GameID=0021200023&GameEventID=257,2,,Sacramento Kings,Hayes REBOUND (Off:1 Def:5),3:27
http://stats.nba.com/cvp.html?GameID=0021200023&GameEventID=258,2,[ 31 - 45 ],Sacramento Kings,Thornton 1' Driving Layup (9 PTS) (Hayes 1 AST),3:22
http://stats.nba.com/cvp.html?GameID=0021200023&GameEventID=259,2,,Minnesota Timberwolves,MISS Roy 25' 3PT Jump Shot,2:58
http://stats.nba.com/cvp.html?GameID=0021200023&GameEventID=260,2,,Sacramento Kings,Thompson REBOUND (Off:4 Def:2),2:57
http://stats.nba.com/cvp.html?GameID=0021200023&GameEventID=261,2,[ 33 - 45 ],Sacramento Kings,Evans 1' Driving Layup (2 PTS) (Thompson 1 AST),2:52
http://stats.nba.com/cvp.html?GameID=0021200023&GameEventID=262,2,[ 33 - 47 ],Minnesota Timberwolves,Kirilenko 20' Jump Shot (8 PTS) (Roy 5 AST),2:35
http://stats.nba.com/cvp.html?GameID=0021200023&GameEventID=263,2,[ 35 - 47 ],Sacramento Kings,Thornton 2' Driving Layup (11 PTS),2:19
http://stats.nba.com/cvp.html?GameID=0021200023&GameEventID=264,2,,Minnesota Timberwolves,MISS Pekovic 2' Layup,1:58
http://stats.nba.com/cvp.html?GameID=0021200023&GameEventID=265,2,,Sacramento Kings,Evans REBOUND (Off:1 Def:3),1:57
http://stats.nba.com/cvp.html?GameID=0021200023&GameEventID=266,2,,Minnesota Timberwolves,Ridnour STEAL (1 STL),1:55
http://stats.nba.com/cvp.html?GameID=0021200023&GameEventID=266,2,,Sacramento Kings,Evans Lost Ball Turnover (P1.T6),1:55
http://stats.nba.com/cvp.html?GameID=0021200023&GameEventID=267,2,[ 35 - 49 ],Minnesota Timberwolves,Ridnour 14' Jump Bank Shot (9 PTS) (Kirilenko 2 AST),1:50
http://stats.nba.com/cvp.html?GameID=0021200023&GameEventID=268,2,[ 37 - 49 ],Sacramento Kings,Fredette 9' Running Jump Shot (4 PTS),1:30
http://stats.nba.com/cvp.html?GameID=0021200023&GameEventID=269,2,,Sacramento Kings,Thompson S.FOUL (P2.PN),1:24
http://stats.nba.com/cvp.html?GameID=0021200023&GameEventID=270,2,,Sacramento Kings,Kings Timeout: Regular (Reg.2 Short 1),1:24
http://stats.nba.com/cvp.html?GameID=0021200023&GameEventID=272,2,,Minnesota Timberwolves,MISS Williams Free Throw 1 of 2,1:24
http://stats.nba.com/cvp.html?GameID=0021200023&GameEventID=273,2,,Minnesota Timberwolves,TIMBERWOLVES Rebound,1:24
http://stats.nba.com/cvp.html?GameID=0021200023&GameEventID=274,2,[ 37 - 50 ],Minnesota Timberwolves,Williams Free Throw 2 of 2 (6 PTS),1:24
http://stats.nba.com/cvp.html?GameID=0021200023&GameEventID=276,2,,Sacramento Kings,MISS Evans 17' Jump Shot,1:06
http://stats.nba.com/cvp.html?GameID=0021200023&GameEventID=277,2,,Minnesota Timberwolves,Kirilenko REBOUND (Off:0 Def:2),1:04
http://stats.nba.com/cvp.html?GameID=0021200023&GameEventID=278,2,,Minnesota Timberwolves,MISS Roy 20' Jump Shot,0:43
http://stats.nba.com/cvp.html?GameID=0021200023&GameEventID=279,2,,Sacramento Kings,Fredette REBOUND (Off:0 Def:1),0:42
http://stats.nba.com/cvp.html?GameID=0021200023&GameEventID=280,2,[ 39 - 50 ],Sacramento Kings,Fredette 6' Running Bank Shot (6 PTS),0:35
http://stats.nba.com/cvp.html?GameID=0021200023&GameEventID=281,2,,Minnesota Timberwolves,MISS Kirilenko 2' Layup,0:21
http://stats.nba.com/cvp.html?GameID=0021200023&GameEventID=281,2,,Sacramento Kings,Hayes BLOCK (1 BLK),0:21
http://stats.nba.com/cvp.html?GameID=0021200023&GameEventID=282,2,,Sacramento Kings,Kings Rebound,0:20
http://stats.nba.com/cvp.html?GameID=0021200023&GameEventID=283,2,[ 41 - 50 ],Sacramento Kings,Hayes 2' Layup (2 PTS) (Thompson 2 AST),0:03
http://stats.nba.com/cvp.html?GameID=0021200023&GameEventID=284,2,,Minnesota Timberwolves,MISS Ridnour 9' Running Jump Shot,0:01
http://stats.nba.com/cvp.html?GameID=0021200023&GameEventID=285,2,,Minnesota Timberwolves,TIMBERWOLVES Rebound,0:00
http://stats.nba.com/cvp.html?GameID=0021200023&GameEventID=289,3,,Sacramento Kings,MISS Thompson 20' Jump Shot,11:44
http://stats.nba.com/cvp.html?GameID=0021200023&GameEventID=290,3,,Minnesota Timberwolves,TIMBERWOLVES Rebound,11:44
http://stats.nba.com/cvp.html?GameID=0021200023&GameEventID=291,3,,Sacramento Kings,Cousins L.B.FOUL (P4.T1),11:44
http://stats.nba.com/cvp.html?GameID=0021200023&GameEventID=292,3,,Minnesota Timberwolves,MISS Williams 17' Jump Shot,11:21
http://stats.nba.com/cvp.html?GameID=0021200023&GameEventID=293,3,,Minnesota Timberwolves,Roy REBOUND (Off:1 Def:2),11:18
http://stats.nba.com/cvp.html?GameID=0021200023&GameEventID=294,3,,Minnesota Timberwolves,MISS Williams 1' Layup,10:59
http://stats.nba.com/cvp.html?GameID=0021200023&GameEventID=295,3,,Sacramento Kings,Johnson REBOUND (Off:1 Def:2),10:58
http://stats.nba.com/cvp.html?GameID=0021200023&GameEventID=296,3,,Sacramento Kings,MISS Evans 26' 3PT Jump Shot,10:52
http://stats.nba.com/cvp.html?GameID=0021200023&GameEventID=297,3,,Minnesota Timberwolves,Williams REBOUND (Off:2 Def:3),10:51
http://stats.nba.com/cvp.html?GameID=0021200023&GameEventID=299,3,,Minnesota Timberwolves,MISS Roy 1' Driving Layup,10:36
http://stats.nba.com/cvp.html?GameID=0021200023&GameEventID=301,3,,Minnesota Timberwolves,Roy REBOUND (Off:2 Def:2),10:34
http://stats.nba.com/cvp.html?GameID=0021200023&GameEventID=300,3,[ 41 - 52 ],Minnesota Timberwolves,Roy 1' Tip Shot (6 PTS),10:34
http://stats.nba.com/cvp.html?GameID=0021200023&GameEventID=302,3,[ 43 - 52 ],Sacramento Kings,Johnson 20' Pullup Jump Shot (4 PTS),10:18
http://stats.nba.com/cvp.html?GameID=0021200023&GameEventID=303,3,,Minnesota Timberwolves,MISS Roy 24' 3PT Jump Shot,10:08
http://stats.nba.com/cvp.html?GameID=0021200023&GameEventID=304,3,,Sacramento Kings,Johnson REBOUND (Off:1 Def:3),10:07
http://stats.nba.com/cvp.html?GameID=0021200023&GameEventID=305,3,,Minnesota Timberwolves,Ridnour BLOCK (1 BLK),10:03
http://stats.nba.com/cvp.html?GameID=0021200023&GameEventID=305,3,,Sacramento Kings,MISS Evans 4' Jump Shot,10:03
http://stats.nba.com/cvp.html?GameID=0021200023&GameEventID=306,3,,Sacramento Kings,Kings Rebound,10:02
http://stats.nba.com/cvp.html?GameID=0021200023&GameEventID=307,3,[ 45 - 52 ],Sacramento Kings,Thomas 18' Jump Shot (4 PTS) (Johnson 1 AST),9:59
http://stats.nba.com/cvp.html?GameID=0021200023&GameEventID=308,3,,Minnesota Timberwolves,MISS Pekovic 6' Turnaround Jump Shot,9:38
http://stats.nba.com/cvp.html?GameID=0021200023&GameEventID=309,3,,Sacramento Kings,Johnson REBOUND (Off:1 Def:4),9:36
http://stats.nba.com/cvp.html?GameID=0021200023&GameEventID=310,3,[ 47 - 52 ],Sacramento Kings,Evans 2' Driving Layup (4 PTS) (Thomas 1 AST),9:26
http://stats.nba.com/cvp.html?GameID=0021200023&GameEventID=311,3,,Sacramento Kings,Cousins Violation:Kicked Ball,9:11
http://stats.nba.com/cvp.html?GameID=0021200023&GameEventID=312,3,,Sacramento Kings,Thomas P.FOUL (P1.T2),9:08
http://stats.nba.com/cvp.html?GameID=0021200023&GameEventID=313,3,,Minnesota Timberwolves,MISS Williams 4' Jump Shot,8:56
http://stats.nba.com/cvp.html?GameID=0021200023&GameEventID=315,3,,Minnesota Timberwolves,Williams REBOUND (Off:3 Def:3),8:54
http://stats.nba.com/cvp.html?GameID=0021200023&GameEventID=314,3,,Minnesota Timberwolves,MISS Williams 2' Tip Shot,8:54
http://stats.nba.com/cvp.html?GameID=0021200023&GameEventID=316,3,,Sacramento Kings,Thompson REBOUND (Off:4 Def:3),8:52
http://stats.nba.com/cvp.html?GameID=0021200023&GameEventID=317,3,[ 49 - 52 ],Sacramento Kings,Evans 2' Driving Layup (6 PTS) (Johnson 2 AST),8:47
http://stats.nba.com/cvp.html?GameID=0021200023&GameEventID=318,3,,Minnesota Timberwolves,MISS Kirilenko 21' Jump Shot,8:28
http://stats.nba.com/cvp.html?GameID=0021200023&GameEventID=320,3,,Minnesota Timberwolves,TIMBERWOLVES Rebound,8:27
http://stats.nba.com/cvp.html?GameID=0021200023&GameEventID=319,3,,Minnesota Timberwolves,Jump Ball Pekovic vs. Thompson: Tip to Kirilenko,8:27
http://stats.nba.com/cvp.html?GameID=0021200023&GameEventID=321,3,,Minnesota Timberwolves,MISS Williams 2' Layup,8:15
http://stats.nba.com/cvp.html?GameID=0021200023&GameEventID=323,3,,Minnesota Timberwolves,Williams REBOUND (Off:4 Def:3),8:13
http://stats.nba.com/cvp.html?GameID=0021200023&GameEventID=322,3,[ 49 - 54 ],Minnesota Timberwolves,Williams 2' Tip Shot (8 PTS),8:13
http://stats.nba.com/cvp.html?GameID=0021200023&GameEventID=324,3,,Sacramento Kings,MISS Cousins 10' Turnaround Jump Shot,7:49
http://stats.nba.com/cvp.html?GameID=0021200023&GameEventID=325,3,,Minnesota Timberwolves,TIMBERWOLVES Rebound,7:48
http://stats.nba.com/cvp.html?GameID=0021200023&GameEventID=326,3,,Sacramento Kings,Thompson L.B.FOUL (P3.T3),7:48
http://stats.nba.com/cvp.html?GameID=0021200023&GameEventID=327,3,,Minnesota Timberwolves,Ridnour Bad Pass Turnover (P1.T6),7:35
http://stats.nba.com/cvp.html?GameID=0021200023&GameEventID=327,3,,Sacramento Kings,Thompson STEAL (1 STL),7:35
http://stats.nba.com/cvp.html?GameID=0021200023&GameEventID=328,3,,Minnesota Timberwolves,Ridnour S.FOUL (P2.T1),7:31
http://stats.nba.com/cvp.html?GameID=0021200023&GameEventID=329,3,,Sacramento Kings,MISS Johnson Free Throw 1 of 2,7:31
http://stats.nba.com/cvp.html?GameID=0021200023&GameEventID=330,3,,Sacramento Kings,Kings Rebound,7:31
http://stats.nba.com/cvp.html?GameID=0021200023&GameEventID=331,3,[ 50 - 54 ],Sacramento Kings,Johnson Free Throw 2 of 2 (5 PTS),7:31
http://stats.nba.com/cvp.html?GameID=0021200023&GameEventID=333,3,,Minnesota Timberwolves,MISS Kirilenko 1' Driving Layup,7:15
http://stats.nba.com/cvp.html?GameID=0021200023&GameEventID=334,3,,Sacramento Kings,Cousins REBOUND (Off:0 Def:2),7:13
http://stats.nba.com/cvp.html?GameID=0021200023&GameEventID=335,3,[ 53 - 54 ],Sacramento Kings,Thomas 26' 3PT Pullup Jump Shot (7 PTS),7:05
http://stats.nba.com/cvp.html?GameID=0021200023&GameEventID=336,3,,Minnesota Timberwolves,Ridnour Out of Bounds Lost Ball Turnover (P2.T7),6:57
http://stats.nba.com/cvp.html?GameID=0021200023&GameEventID=337,3,[ 55 - 54 ],Sacramento Kings,Cousins 21' Jump Shot (6 PTS) (Thomas 2 AST),6:40
http://stats.nba.com/cvp.html?GameID=0021200023&GameEventID=338,3,,Minnesota Timberwolves,TIMBERWOLVES Timeout: Regular (Full 3 Short 0),6:40
http://stats.nba.com/cvp.html?GameID=0021200023&GameEventID=340,3,,Minnesota Timberwolves,MISS Ridnour  3PT Jump Shot,6:21
http://stats.nba.com/cvp.html?GameID=0021200023&GameEventID=341,3,,Sacramento Kings,Johnson REBOUND (Off:1 Def:5),6:20
http://stats.nba.com/cvp.html?GameID=0021200023&GameEventID=342,3,,Sacramento Kings,MISS Evans  Layup,6:14
http://stats.nba.com/cvp.html?GameID=0021200023&GameEventID=343,3,,Sacramento Kings,Evans REBOUND (Off:2 Def:3),6:11
http://stats.nba.com/cvp.html?GameID=0021200023&GameEventID=344,3,[ 58 - 54 ],Sacramento Kings,Thomas 25' 3PT Jump Shot (10 PTS) (Evans 4 AST),6:08
http://stats.nba.com/cvp.html?GameID=0021200023&GameEventID=345,3,,Sacramento Kings,Thompson P.FOUL (P4.T4),5:52
http://stats.nba.com/cvp.html?GameID=0021200023&GameEventID=346,3,,Minnesota Timberwolves,SUB: Barea FOR Ridnour,5:52
http://stats.nba.com/cvp.html?GameID=0021200023&GameEventID=347,3,,Minnesota Timberwolves,SUB: Cunningham FOR Williams,5:52
http://stats.nba.com/cvp.html?GameID=0021200023&GameEventID=348,3,,Sacramento Kings,Cousins Shooting Block Foul (P5.PN),5:47
http://stats.nba.com/cvp.html?GameID=0021200023&GameEventID=349,3,[ 58 - 55 ],Minnesota Timberwolves,Barea Free Throw 1 of 2 (11 PTS),5:47
http://stats.nba.com/cvp.html?GameID=0021200023&GameEventID=351,3,,Sacramento Kings,SUB: Hayes FOR Cousins,5:47
http://stats.nba.com/cvp.html?GameID=0021200023&GameEventID=352,3,[ 58 - 56 ],Minnesota Timberwolves,Barea Free Throw 2 of 2 (12 PTS),5:47
http://stats.nba.com/cvp.html?GameID=0021200023&GameEventID=355,3,[ 61 - 56 ],Sacramento Kings,Thomas 27' 3PT Jump Shot (13 PTS),5:26
http://stats.nba.com/cvp.html?GameID=0021200023&GameEventID=356,3,,Minnesota Timberwolves,MISS Roy 25' 3PT Jump Shot,5:08
http://stats.nba.com/cvp.html?GameID=0021200023&GameEventID=357,3,,Minnesota Timberwolves,Kirilenko REBOUND (Off:1 Def:2),5:07
http://stats.nba.com/cvp.html?GameID=0021200023&GameEventID=358,3,,Minnesota Timberwolves,Pekovic Bad Pass Turnover (P1.T8),4:56
http://stats.nba.com/cvp.html?GameID=0021200023&GameEventID=358,3,,Sacramento Kings,Johnson STEAL (2 STL),4:56
http://stats.nba.com/cvp.html?GameID=0021200023&GameEventID=359,3,,Sacramento Kings,MISS Thomas  3PT Jump Shot,4:48
http://stats.nba.com/cvp.html?GameID=0021200023&GameEventID=360,3,,Minnesota Timberwolves,Cunningham REBOUND (Off:0 Def:2),4:47
http://stats.nba.com/cvp.html?GameID=0021200023&GameEventID=362,3,,Sacramento Kings,Johnson Violation:Defensive Goaltending,4:31
http://stats.nba.com/cvp.html?GameID=0021200023&GameEventID=361,3,[ 61 - 58 ],Minnesota Timberwolves,Kirilenko  Dunk (10 PTS) (Barea 4 AST),4:31
http://stats.nba.com/cvp.html?GameID=0021200023&GameEventID=363,3,,Minnesota Timberwolves,Roy STEAL (1 STL),4:20
http://stats.nba.com/cvp.html?GameID=0021200023&GameEventID=363,3,,Sacramento Kings,Thomas Bad Pass Turnover (P1.T7),4:20
http://stats.nba.com/cvp.html?GameID=0021200023&GameEventID=364,3,,Sacramento Kings,Hayes S.FOUL (P2.PN),4:11
http://stats.nba.com/cvp.html?GameID=0021200023&GameEventID=365,3,[ 61 - 59 ],Minnesota Timberwolves,Pekovic Free Throw 1 of 2 (3 PTS),4:11
http://stats.nba.com/cvp.html?GameID=0021200023&GameEventID=367,3,,Minnesota Timberwolves,SUB: Budinger FOR Roy,4:11
http://stats.nba.com/cvp.html?GameID=0021200023&GameEventID=368,3,[ 61 - 60 ],Minnesota Timberwolves,Pekovic Free Throw 2 of 2 (4 PTS),4:11
http://stats.nba.com/cvp.html?GameID=0021200023&GameEventID=370,3,,Sacramento Kings,MISS Thompson 16' Turnaround Jump Shot,3:52
http://stats.nba.com/cvp.html?GameID=0021200023&GameEventID=371,3,,Minnesota Timberwolves,Kirilenko REBOUND (Off:1 Def:3),3:51
http://stats.nba.com/cvp.html?GameID=0021200023&GameEventID=372,3,[ 61 - 62 ],Minnesota Timberwolves,Cunningham 2' Alley Oop Layup (4 PTS) (Kirilenko 3 AST),3:45
http://stats.nba.com/cvp.html?GameID=0021200023&GameEventID=373,3,,Sacramento Kings,Kings Timeout: Regular (Reg.3 Short 1),3:33
http://stats.nba.com/cvp.html?GameID=0021200023&GameEventID=375,3,,Sacramento Kings,Johnson Traveling Turnover (P2.T8),3:24
http://stats.nba.com/cvp.html?GameID=0021200023&GameEventID=376,3,,Minnesota Timberwolves,MISS Cunningham 20' Jump Shot,3:09
http://stats.nba.com/cvp.html?GameID=0021200023&GameEventID=377,3,,Minnesota Timberwolves,TIMBERWOLVES Rebound,3:08
http://stats.nba.com/cvp.html?GameID=0021200023&GameEventID=378,3,,Minnesota Timberwolves,MISS Barea 16' Turnaround Fadeaway Shot,2:49
http://stats.nba.com/cvp.html?GameID=0021200023&GameEventID=379,3,,Minnesota Timberwolves,Cunningham REBOUND (Off:1 Def:2),2:47
http://stats.nba.com/cvp.html?GameID=0021200023&GameEventID=380,3,[ 61 - 64 ],Minnesota Timberwolves,Cunningham 2' Layup (6 PTS),2:45
http://stats.nba.com/cvp.html?GameID=0021200023&GameEventID=381,3,,Sacramento Kings,MISS Evans 18' Jump Shot,2:30
http://stats.nba.com/cvp.html?GameID=0021200023&GameEventID=382,3,,Minnesota Timberwolves,Cunningham REBOUND (Off:1 Def:3),2:29
http://stats.nba.com/cvp.html?GameID=0021200023&GameEventID=383,3,,Sacramento Kings,Thomas P.FOUL (P2.PN),2:23
http://stats.nba.com/cvp.html?GameID=0021200023&GameEventID=384,3,[ 61 - 65 ],Minnesota Timberwolves,Barea Free Throw 1 of 2 (13 PTS),2:23
http://stats.nba.com/cvp.html?GameID=0021200023&GameEventID=386,3,,Sacramento Kings,SUB: Garcia FOR Johnson,2:23
http://stats.nba.com/cvp.html?GameID=0021200023&GameEventID=387,3,,Sacramento Kings,SUB: Robinson FOR Thompson,2:23
http://stats.nba.com/cvp.html?GameID=0021200023&GameEventID=388,3,,Minnesota Timberwolves,SUB: Stiemsma FOR Pekovic,2:23
http://stats.nba.com/cvp.html?GameID=0021200023&GameEventID=389,3,[ 61 - 66 ],Minnesota Timberwolves,Barea Free Throw 2 of 2 (14 PTS),2:23
http://stats.nba.com/cvp.html?GameID=0021200023&GameEventID=391,3,,Sacramento Kings,MISS Hayes  Layup,2:02
http://stats.nba.com/cvp.html?GameID=0021200023&GameEventID=392,3,,Minnesota Timberwolves,Stiemsma REBOUND (Off:2 Def:5),2:01
http://stats.nba.com/cvp.html?GameID=0021200023&GameEventID=393,3,[ 61 - 68 ],Minnesota Timberwolves,Stiemsma  Slam Dunk (8 PTS) (Barea 5 AST),1:47
http://stats.nba.com/cvp.html?GameID=0021200023&GameEventID=394,3,,Minnesota Timberwolves,Cunningham S.FOUL (P3.T2),1:28
http://stats.nba.com/cvp.html?GameID=0021200023&GameEventID=395,3,,Sacramento Kings,MISS Thomas Free Throw 1 of 2,1:28
http://stats.nba.com/cvp.html?GameID=0021200023&GameEventID=396,3,,Sacramento Kings,Kings Rebound,1:28
http://stats.nba.com/cvp.html?GameID=0021200023&GameEventID=397,3,,Sacramento Kings,SUB: Thornton FOR Evans,1:28
http://stats.nba.com/cvp.html?GameID=0021200023&GameEventID=398,3,,Minnesota Timberwolves,SUB: Shved FOR Kirilenko,1:28
http://stats.nba.com/cvp.html?GameID=0021200023&GameEventID=399,3,[ 62 - 68 ],Sacramento Kings,Thomas Free Throw 2 of 2 (14 PTS),1:28
http://stats.nba.com/cvp.html?GameID=0021200023&GameEventID=401,3,[ 62 - 70 ],Minnesota Timberwolves,Barea 1' Driving Layup (16 PTS),1:12
http://stats.nba.com/cvp.html?GameID=0021200023&GameEventID=402,3,,Minnesota Timberwolves,Stiemsma S.FOUL (P1.PN),0:55
http://stats.nba.com/cvp.html?GameID=0021200023&GameEventID=403,3,,Sacramento Kings,MISS Hayes Free Throw 1 of 2,0:55
http://stats.nba.com/cvp.html?GameID=0021200023&GameEventID=404,3,,Sacramento Kings,Kings Rebound,0:55
http://stats.nba.com/cvp.html?GameID=0021200023&GameEventID=407,3,,Minnesota Timberwolves,Cunningham Violation:Lane,0:55
http://stats.nba.com/cvp.html?GameID=0021200023&GameEventID=409,3,[ 63 - 70 ],Sacramento Kings,Hayes Free Throw 2 of 2 (3 PTS),0:55
http://stats.nba.com/cvp.html?GameID=0021200023&GameEventID=412,3,,Minnesota Timberwolves,MISS Barea 15' Fadeaway Jumper,0:33
http://stats.nba.com/cvp.html?GameID=0021200023&GameEventID=413,3,,Minnesota Timberwolves,Barea REBOUND (Off:1 Def:2),0:32
http://stats.nba.com/cvp.html?GameID=0021200023&GameEventID=414,3,,Minnesota Timberwolves,Barea Bad Pass Turnover (P1.T9),0:30
http://stats.nba.com/cvp.html?GameID=0021200023&GameEventID=414,3,,Sacramento Kings,Robinson STEAL (2 STL),0:30
http://stats.nba.com/cvp.html?GameID=0021200023&GameEventID=415,3,[ 65 - 70 ],Sacramento Kings,Thomas 2' Driving Layup (16 PTS) (Thornton 1 AST),0:26
http://stats.nba.com/cvp.html?GameID=0021200023&GameEventID=416,3,,Minnesota Timberwolves,MISS Shved 2' Driving Layup,0:05
http://stats.nba.com/cvp.html?GameID=0021200023&GameEventID=417,3,,Sacramento Kings,Robinson REBOUND (Off:0 Def:3),0:04
http://stats.nba.com/cvp.html?GameID=0021200023&GameEventID=418,3,,Sacramento Kings,MISS Thomas 37' 3PT Jump Shot,0:01
http://stats.nba.com/cvp.html?GameID=0021200023&GameEventID=419,3,,Sacramento Kings,Kings Rebound,0:00
http://stats.nba.com/cvp.html?GameID=0021200023&GameEventID=423,4,,Sacramento Kings,Garcia P.FOUL (P1.T1),11:42
http://stats.nba.com/cvp.html?GameID=0021200023&GameEventID=424,4,,Minnesota Timberwolves,MISS Shved 25' 3PT Jump Shot,11:38
http://stats.nba.com/cvp.html?GameID=0021200023&GameEventID=425,4,,Sacramento Kings,Robinson REBOUND (Off:0 Def:4),11:37
http://stats.nba.com/cvp.html?GameID=0021200023&GameEventID=426,4,[ 67 - 70 ],Sacramento Kings,Thornton 1' Layup (13 PTS) (Hayes 2 AST),11:22
http://stats.nba.com/cvp.html?GameID=0021200023&GameEventID=427,4,,Sacramento Kings,Thornton P.FOUL (P1.T2),11:03
http://stats.nba.com/cvp.html?GameID=0021200023&GameEventID=428,4,,Sacramento Kings,Hayes S.FOUL (P3.T3),10:59
http://stats.nba.com/cvp.html?GameID=0021200023&GameEventID=429,4,[ 67 - 71 ],Minnesota Timberwolves,Stiemsma Free Throw 1 of 2 (9 PTS),10:59
http://stats.nba.com/cvp.html?GameID=0021200023&GameEventID=431,4,,Minnesota Timberwolves,MISS Stiemsma Free Throw 2 of 2,10:59
http://stats.nba.com/cvp.html?GameID=0021200023&GameEventID=433,4,,Sacramento Kings,Hayes REBOUND (Off:1 Def:6),10:58
http://stats.nba.com/cvp.html?GameID=0021200023&GameEventID=434,4,,Sacramento Kings,MISS Thornton 24' 3PT Jump Shot,10:35
http://stats.nba.com/cvp.html?GameID=0021200023&GameEventID=435,4,,Sacramento Kings,Hayes REBOUND (Off:2 Def:6),10:33
http://stats.nba.com/cvp.html?GameID=0021200023&GameEventID=436,4,,Sacramento Kings,MISS Thomas 24' 3PT Jump Shot,10:30
http://stats.nba.com/cvp.html?GameID=0021200023&GameEventID=437,4,,Minnesota Timberwolves,TIMBERWOLVES Rebound,10:29
http://stats.nba.com/cvp.html?GameID=0021200023&GameEventID=438,4,,Minnesota Timberwolves,MISS Budinger 24' 3PT Jump Shot,10:17
http://stats.nba.com/cvp.html?GameID=0021200023&GameEventID=439,4,,Sacramento Kings,Kings Rebound,10:16
http://stats.nba.com/cvp.html?GameID=0021200023&GameEventID=440,4,,Minnesota Timberwolves,Shved L.B.FOUL (P2.T1),10:16
http://stats.nba.com/cvp.html?GameID=0021200023&GameEventID=441,4,,Sacramento Kings,SUB: Fredette FOR Thomas,10:16
http://stats.nba.com/cvp.html?GameID=0021200023&GameEventID=442,4,,Sacramento Kings,Fredette OFF.Foul (P2),10:04
http://stats.nba.com/cvp.html?GameID=0021200023&GameEventID=443,4,,Sacramento Kings,Fredette Foul Turnover (P1.T9),10:04
http://stats.nba.com/cvp.html?GameID=0021200023&GameEventID=444,4,,Sacramento Kings,Robinson S.FOUL (P2.T4),9:52
http://stats.nba.com/cvp.html?GameID=0021200023&GameEventID=445,4,[ 67 - 72 ],Minnesota Timberwolves,Budinger Free Throw 1 of 2 (4 PTS),9:52
http://stats.nba.com/cvp.html?GameID=0021200023&GameEventID=448,4,,Sacramento Kings,SUB: Cousins FOR Robinson,9:52
http://stats.nba.com/cvp.html?GameID=0021200023&GameEventID=449,4,[ 67 - 73 ],Minnesota Timberwolves,Budinger Free Throw 2 of 2 (5 PTS),9:52
http://stats.nba.com/cvp.html?GameID=0021200023&GameEventID=451,4,,Sacramento Kings,MISS Thornton 3' Jump Shot,9:32
http://stats.nba.com/cvp.html?GameID=0021200023&GameEventID=452,4,,Sacramento Kings,Hayes REBOUND (Off:3 Def:6),9:31
http://stats.nba.com/cvp.html?GameID=0021200023&GameEventID=453,4,,Minnesota Timberwolves,Stiemsma BLOCK (3 BLK),9:27
http://stats.nba.com/cvp.html?GameID=0021200023&GameEventID=453,4,,Sacramento Kings,MISS Thornton 1' Layup,9:27
http://stats.nba.com/cvp.html?GameID=0021200023&GameEventID=454,4,,Minnesota Timberwolves,Barea REBOUND (Off:1 Def:3),9:25
http://stats.nba.com/cvp.html?GameID=0021200023&GameEventID=455,4,,Minnesota Timberwolves,MISS Budinger 11' Jump Shot,9:21
http://stats.nba.com/cvp.html?GameID=0021200023&GameEventID=456,4,,Sacramento Kings,Cousins REBOUND (Off:0 Def:3),9:19
http://stats.nba.com/cvp.html?GameID=0021200023&GameEventID=457,4,,Sacramento Kings,MISS Fredette 25' 3PT Jump Shot,9:10
http://stats.nba.com/cvp.html?GameID=0021200023&GameEventID=458,4,,Minnesota Timberwolves,Cunningham REBOUND (Off:1 Def:4),9:09
http://stats.nba.com/cvp.html?GameID=0021200023&GameEventID=459,4,,Minnesota Timberwolves,MISS Barea 1' Reverse Layup,8:53
http://stats.nba.com/cvp.html?GameID=0021200023&GameEventID=460,4,,Sacramento Kings,Hayes REBOUND (Off:3 Def:7),8:52
http://stats.nba.com/cvp.html?GameID=0021200023&GameEventID=461,4,,Minnesota Timberwolves,Cunningham P.FOUL (P4.T2),8:39
http://stats.nba.com/cvp.html?GameID=0021200023&GameEventID=464,4,,Minnesota Timberwolves,Stiemsma BLOCK (4 BLK),8:29
http://stats.nba.com/cvp.html?GameID=0021200023&GameEventID=464,4,,Sacramento Kings,MISS Cousins 2' Layup,8:29
http://stats.nba.com/cvp.html?GameID=0021200023&GameEventID=465,4,,Minnesota Timberwolves,Cunningham REBOUND (Off:1 Def:5),8:28
http://stats.nba.com/cvp.html?GameID=0021200023&GameEventID=466,4,,Minnesota Timberwolves,MISS Budinger 24' 3PT Jump Shot,8:12
http://stats.nba.com/cvp.html?GameID=0021200023&GameEventID=467,4,,Sacramento Kings,Hayes REBOUND (Off:3 Def:8),8:11
http://stats.nba.com/cvp.html?GameID=0021200023&GameEventID=468,4,,Minnesota Timberwolves,Barea STEAL (1 STL),8:05
http://stats.nba.com/cvp.html?GameID=0021200023&GameEventID=468,4,,Sacramento Kings,Fredette Lost Ball Turnover (P2.T10),8:05
http://stats.nba.com/cvp.html?GameID=0021200023&GameEventID=469,4,[ 67 - 75 ],Minnesota Timberwolves,Budinger 1' Driving Layup (7 PTS),8:00
http://stats.nba.com/cvp.html?GameID=0021200023&GameEventID=470,4,,Sacramento Kings,MISS Garcia 22' Jump Shot,7:37
http://stats.nba.com/cvp.html?GameID=0021200023&GameEventID=471,4,,Sacramento Kings,Kings Rebound,7:36
http://stats.nba.com/cvp.html?GameID=0021200023&GameEventID=472,4,,Minnesota Timberwolves,SUB: Roy FOR Shved,7:36
http://stats.nba.com/cvp.html?GameID=0021200023&GameEventID=473,4,[ 69 - 75 ],Sacramento Kings,Cousins 2' Layup (8 PTS) (Thornton 2 AST),7:30
http://stats.nba.com/cvp.html?GameID=0021200023&GameEventID=474,4,,Minnesota Timberwolves,Stiemsma S.FOUL (P2.T3),7:30
http://stats.nba.com/cvp.html?GameID=0021200023&GameEventID=475,4,,Sacramento Kings,SUB: Thompson FOR Hayes,7:30
http://stats.nba.com/cvp.html?GameID=0021200023&GameEventID=476,4,[ 70 - 75 ],Sacramento Kings,Cousins Free Throw 1 of 1 (9 PTS),7:30
http://stats.nba.com/cvp.html?GameID=0021200023&GameEventID=478,4,,Minnesota Timberwolves,MISS Stiemsma 13' Jump Shot,7:11
http://stats.nba.com/cvp.html?GameID=0021200023&GameEventID=479,4,,Sacramento Kings,Kings Rebound,7:10
http://stats.nba.com/cvp.html?GameID=0021200023&GameEventID=480,4,,Minnesota Timberwolves,Stiemsma L.B.FOUL (P3.T4),7:10
http://stats.nba.com/cvp.html?GameID=0021200023&GameEventID=481,4,,Minnesota Timberwolves,SUB: Pekovic FOR Stiemsma,7:10
http://stats.nba.com/cvp.html?GameID=0021200023&GameEventID=482,4,,Sacramento Kings,MISS Cousins 19' Jump Shot,6:55
http://stats.nba.com/cvp.html?GameID=0021200023&GameEventID=483,4,,Minnesota Timberwolves,Budinger REBOUND (Off:1 Def:2),6:54
http://stats.nba.com/cvp.html?GameID=0021200023&GameEventID=484,4,,Minnesota Timberwolves,Roy Out of Bounds Lost Ball Turnover (P1.T10),6:40
http://stats.nba.com/cvp.html?GameID=0021200023&GameEventID=485,4,[ 72 - 75 ],Sacramento Kings,Thornton 3' Floating Jump Shot (15 PTS),6:32
http://stats.nba.com/cvp.html?GameID=0021200023&GameEventID=486,4,,Minnesota Timberwolves,MISS Pekovic 5' Turnaround Jump Shot,6:09
http://stats.nba.com/cvp.html?GameID=0021200023&GameEventID=488,4,,Minnesota Timberwolves,Budinger REBOUND (Off:2 Def:2),6:08
http://stats.nba.com/cvp.html?GameID=0021200023&GameEventID=487,4,[ 72 - 77 ],Minnesota Timberwolves,Budinger 1' Tip Shot (9 PTS),6:08
http://stats.nba.com/cvp.html?GameID=0021200023&GameEventID=489,4,,Minnesota Timberwolves,Cunningham S.FOUL (P5.PN),5:53
http://stats.nba.com/cvp.html?GameID=0021200023&GameEventID=490,4,,Minnesota Timberwolves,TIMBERWOLVES Timeout: Regular (Full 4 Short 0),5:53
http://stats.nba.com/cvp.html?GameID=0021200023&GameEventID=492,4,[ 73 - 77 ],Sacramento Kings,Thompson Free Throw 1 of 2 (9 PTS),5:53
http://stats.nba.com/cvp.html?GameID=0021200023&GameEventID=494,4,[ 74 - 77 ],Sacramento Kings,Thompson Free Throw 2 of 2 (10 PTS),5:53
http://stats.nba.com/cvp.html?GameID=0021200023&GameEventID=496,4,,Minnesota Timberwolves,Budinger Bad Pass Turnover (P2.T11),5:31
http://stats.nba.com/cvp.html?GameID=0021200023&GameEventID=496,4,,Sacramento Kings,Garcia STEAL (1 STL),5:31
http://stats.nba.com/cvp.html?GameID=0021200023&GameEventID=497,4,,Sacramento Kings,MISS Cousins 10' Jump Shot,5:23
http://stats.nba.com/cvp.html?GameID=0021200023&GameEventID=498,4,,Minnesota Timberwolves,Budinger REBOUND (Off:2 Def:3),5:21
http://stats.nba.com/cvp.html?GameID=0021200023&GameEventID=499,4,,Sacramento Kings,Garcia S.FOUL (P2.PN),5:15
http://stats.nba.com/cvp.html?GameID=0021200023&GameEventID=500,4,[ 74 - 78 ],Minnesota Timberwolves,Cunningham Free Throw 1 of 2 (7 PTS),5:15
http://stats.nba.com/cvp.html?GameID=0021200023&GameEventID=502,4,,Minnesota Timberwolves,SUB: Kirilenko FOR Budinger,5:15
http://stats.nba.com/cvp.html?GameID=0021200023&GameEventID=503,4,,Sacramento Kings,SUB: Evans FOR Garcia,5:15
http://stats.nba.com/cvp.html?GameID=0021200023&GameEventID=504,4,,Minnesota Timberwolves,MISS Cunningham Free Throw 2 of 2,5:15
http://stats.nba.com/cvp.html?GameID=0021200023&GameEventID=506,4,,Sacramento Kings,Evans REBOUND (Off:2 Def:4),5:14
http://stats.nba.com/cvp.html?GameID=0021200023&GameEventID=507,4,,Sacramento Kings,MISS Thompson 7' Jump Shot,4:53
http://stats.nba.com/cvp.html?GameID=0021200023&GameEventID=508,4,,Minnesota Timberwolves,Cunningham REBOUND (Off:1 Def:6),4:52
http://stats.nba.com/cvp.html?GameID=0021200023&GameEventID=509,4,[ 74 - 80 ],Minnesota Timberwolves,Roy 7' Running Jump Shot (8 PTS),4:32
http://stats.nba.com/cvp.html?GameID=0021200023&GameEventID=510,4,,Minnesota Timberwolves,TIMBERWOLVES Violation: Delay of game Violation,4:31
http://stats.nba.com/cvp.html?GameID=0021200023&GameEventID=511,4,,Sacramento Kings,MISS Thornton 26' 3PT Jump Shot,4:17
http://stats.nba.com/cvp.html?GameID=0021200023&GameEventID=512,4,,Minnesota Timberwolves,Kirilenko REBOUND (Off:1 Def:4),4:15
http://stats.nba.com/cvp.html?GameID=0021200023&GameEventID=513,4,[ 74 - 82 ],Minnesota Timberwolves,Pekovic 2' Layup (6 PTS) (Kirilenko 4 AST),4:10
http://stats.nba.com/cvp.html?GameID=0021200023&GameEventID=514,4,,Sacramento Kings,Kings Timeout: Regular (Reg.4 Short 1),4:10
http://stats.nba.com/cvp.html?GameID=0021200023&GameEventID=516,4,,Sacramento Kings,SUB: Thomas FOR Fredette,4:10
http://stats.nba.com/cvp.html?GameID=0021200023&GameEventID=517,4,,Sacramento Kings,MISS Evans 4' Jump Shot,3:57
http://stats.nba.com/cvp.html?GameID=0021200023&GameEventID=518,4,,Minnesota Timberwolves,Cunningham REBOUND (Off:1 Def:7),3:55
http://stats.nba.com/cvp.html?GameID=0021200023&GameEventID=519,4,,Minnesota Timberwolves,MISS Cunningham  Layup,3:51
http://stats.nba.com/cvp.html?GameID=0021200023&GameEventID=520,4,,Sacramento Kings,Thomas REBOUND (Off:0 Def:2),3:50
http://stats.nba.com/cvp.html?GameID=0021200023&GameEventID=521,4,,Sacramento Kings,Evans Offensive Charge Foul (P2.PN),3:45
http://stats.nba.com/cvp.html?GameID=0021200023&GameEventID=522,4,,Sacramento Kings,Evans Foul Turnover (P2.T11),3:45
http://stats.nba.com/cvp.html?GameID=0021200023&GameEventID=523,4,,Sacramento Kings,Thomas P.FOUL (P3.PN),3:35
http://stats.nba.com/cvp.html?GameID=0021200023&GameEventID=525,4,[ 74 - 83 ],Minnesota Timberwolves,Barea Free Throw 1 of 2 (17 PTS),3:35
http://stats.nba.com/cvp.html?GameID=0021200023&GameEventID=530,4,[ 74 - 84 ],Minnesota Timberwolves,Barea Free Throw 2 of 2 (18 PTS),3:35
http://stats.nba.com/cvp.html?GameID=0021200023&GameEventID=532,4,,Minnesota Timberwolves,Kirilenko BLOCK (1 BLK),3:21
http://stats.nba.com/cvp.html?GameID=0021200023&GameEventID=532,4,,Sacramento Kings,MISS Cousins 1' Driving Layup,3:21
http://stats.nba.com/cvp.html?GameID=0021200023&GameEventID=533,4,,Minnesota Timberwolves,Cunningham REBOUND (Off:1 Def:8),3:20
http://stats.nba.com/cvp.html?GameID=0021200023&GameEventID=534,4,,Sacramento Kings,Thomas P.FOUL (P4.PN),3:07
http://stats.nba.com/cvp.html?GameID=0021200023&GameEventID=535,4,,Minnesota Timberwolves,MISS Pekovic Free Throw 1 of 2,3:07
http://stats.nba.com/cvp.html?GameID=0021200023&GameEventID=536,4,,Minnesota Timberwolves,TIMBERWOLVES Rebound,3:07
http://stats.nba.com/cvp.html?GameID=0021200023&GameEventID=537,4,,Sacramento Kings,SUB: Johnson FOR Thompson,3:07
http://stats.nba.com/cvp.html?GameID=0021200023&GameEventID=538,4,[ 74 - 85 ],Minnesota Timberwolves,Pekovic Free Throw 2 of 2 (7 PTS),3:07
http://stats.nba.com/cvp.html?GameID=0021200023&GameEventID=540,4,,Minnesota Timberwolves,Pekovic S.FOUL (P2.PN),2:54
http://stats.nba.com/cvp.html?GameID=0021200023&GameEventID=541,4,[ 75 - 85 ],Sacramento Kings,Thomas Free Throw 1 of 2 (17 PTS),2:54
http://stats.nba.com/cvp.html?GameID=0021200023&GameEventID=543,4,[ 76 - 85 ],Sacramento Kings,Thomas Free Throw 2 of 2 (18 PTS),2:54
http://stats.nba.com/cvp.html?GameID=0021200023&GameEventID=545,4,,Sacramento Kings,Evans S.FOUL (P3.PN),2:41
http://stats.nba.com/cvp.html?GameID=0021200023&GameEventID=546,4,,Minnesota Timberwolves,MISS Roy Free Throw 1 of 2,2:41
http://stats.nba.com/cvp.html?GameID=0021200023&GameEventID=547,4,,Minnesota Timberwolves,TIMBERWOLVES Rebound,2:41
http://stats.nba.com/cvp.html?GameID=0021200023&GameEventID=548,4,[ 76 - 86 ],Minnesota Timberwolves,Roy Free Throw 2 of 2 (9 PTS),2:41
http://stats.nba.com/cvp.html?GameID=0021200023&GameEventID=550,4,[ 78 - 86 ],Sacramento Kings,Cousins 22' Jump Shot (11 PTS) (Evans 5 AST),2:29
http://stats.nba.com/cvp.html?GameID=0021200023&GameEventID=551,4,,Minnesota Timberwolves,MISS Cunningham 13' Jump Shot,2:11
http://stats.nba.com/cvp.html?GameID=0021200023&GameEventID=552,4,,Sacramento Kings,Evans REBOUND (Off:2 Def:5),2:10
http://stats.nba.com/cvp.html?GameID=0021200023&GameEventID=553,4,,Sacramento Kings,MISS Cousins 20' Jump Shot,1:59
http://stats.nba.com/cvp.html?GameID=0021200023&GameEventID=554,4,,Minnesota Timberwolves,Roy REBOUND (Off:2 Def:3),1:58
http://stats.nba.com/cvp.html?GameID=0021200023&GameEventID=556,4,,Sacramento Kings,SUB: Garcia FOR Thornton,1:58
http://stats.nba.com/cvp.html?GameID=0021200023&GameEventID=557,4,,Sacramento Kings,Evans P.FOUL (P4.PN),1:42
http://stats.nba.com/cvp.html?GameID=0021200023&GameEventID=558,4,[ 78 - 87 ],Minnesota Timberwolves,Roy Free Throw 1 of 2 (10 PTS),1:42
http://stats.nba.com/cvp.html?GameID=0021200023&GameEventID=561,4,,Minnesota Timberwolves,MISS Roy Free Throw 2 of 2,1:42
http://stats.nba.com/cvp.html?GameID=0021200023&GameEventID=563,4,,Sacramento Kings,Cousins REBOUND (Off:0 Def:4),1:41
http://stats.nba.com/cvp.html?GameID=0021200023&GameEventID=564,4,,Sacramento Kings,MISS Evans 1' Driving Layup,1:35
http://stats.nba.com/cvp.html?GameID=0021200023&GameEventID=565,4,,Minnesota Timberwolves,Kirilenko REBOUND (Off:1 Def:5),1:34
http://stats.nba.com/cvp.html?GameID=0021200023&GameEventID=566,4,,Minnesota Timberwolves,MISS Roy 25' 3PT Jump Shot,1:12
http://stats.nba.com/cvp.html?GameID=0021200023&GameEventID=567,4,,Minnesota Timberwolves,Kirilenko REBOUND (Off:2 Def:5),1:11
http://stats.nba.com/cvp.html?GameID=0021200023&GameEventID=568,4,[ 78 - 89 ],Minnesota Timberwolves,Pekovic  Layup (9 PTS) (Kirilenko 5 AST),0:51
http://stats.nba.com/cvp.html?GameID=0021200023&GameEventID=569,4,[ 80 - 89 ],Sacramento Kings,Thomas 2' Driving Layup (20 PTS),0:44
http://stats.nba.com/cvp.html?GameID=0021200023&GameEventID=570,4,[ 80 - 92 ],Minnesota Timberwolves,Barea 28' 3PT Jump Shot (21 PTS) (Roy 6 AST),0:20
http://stats.nba.com/cvp.html?GameID=0021200023&GameEventID=571,4,,Sacramento Kings,Thomas Offensive Charge Foul (P5.PN),0:15
http://stats.nba.com/cvp.html?GameID=0021200023&GameEventID=572,4,,Sacramento Kings,Thomas Foul Turnover (P2.T12),0:15
