http://stats.nba.com/cvp.html?GameID=0021200533&GameEventID=1,1,,Atlanta Hawks,Jump Ball Smith vs. Jefferson: Tip to Horford,12:00
http://stats.nba.com/cvp.html?GameID=0021200533&GameEventID=2,1,,Atlanta Hawks,MISS Korver 16' Jump Shot,11:45
http://stats.nba.com/cvp.html?GameID=0021200533&GameEventID=3,1,,Utah Jazz,Millsap REBOUND (Off:0 Def:1),11:43
http://stats.nba.com/cvp.html?GameID=0021200533&GameEventID=4,1,,Atlanta Hawks,Horford STEAL (1 STL),11:36
http://stats.nba.com/cvp.html?GameID=0021200533&GameEventID=4,1,,Utah Jazz,Tinsley Bad Pass Turnover (P1.T1),11:36
http://stats.nba.com/cvp.html?GameID=0021200533&GameEventID=5,1,,Atlanta Hawks,Teague Lost Ball Turnover (P1.T1),11:30
http://stats.nba.com/cvp.html?GameID=0021200533&GameEventID=5,1,,Utah Jazz,Jefferson STEAL (1 STL),11:30
http://stats.nba.com/cvp.html?GameID=0021200533&GameEventID=6,1,[ 2 - 0 ],Utah Jazz,Jefferson 6' Turnaround Hook Shot (2 PTS),11:17
http://stats.nba.com/cvp.html?GameID=0021200533&GameEventID=7,1,,Atlanta Hawks,MISS Teague 19' Jump Shot,11:00
http://stats.nba.com/cvp.html?GameID=0021200533&GameEventID=8,1,,Utah Jazz,Jazz Rebound,10:58
http://stats.nba.com/cvp.html?GameID=0021200533&GameEventID=9,1,[ 5 - 0 ],Utah Jazz,Foye 26' 3PT Jump Shot (3 PTS) (Tinsley 1 AST),10:42
http://stats.nba.com/cvp.html?GameID=0021200533&GameEventID=10,1,[ 5 - 3 ],Atlanta Hawks,Harris 25' 3PT Jump Shot (3 PTS) (Smith 1 AST),10:27
http://stats.nba.com/cvp.html?GameID=0021200533&GameEventID=11,1,[ 7 - 3 ],Utah Jazz,Carroll 2' Layup (2 PTS) (Jefferson 1 AST),10:05
http://stats.nba.com/cvp.html?GameID=0021200533&GameEventID=14,1,,Atlanta Hawks,MISS Smith 25' 3PT Jump Shot,9:38
http://stats.nba.com/cvp.html?GameID=0021200533&GameEventID=15,1,,Utah Jazz,Carroll REBOUND (Off:0 Def:1),9:37
http://stats.nba.com/cvp.html?GameID=0021200533&GameEventID=16,1,,Utah Jazz,MISS Jefferson 6' Turnaround Hook Shot,9:24
http://stats.nba.com/cvp.html?GameID=0021200533&GameEventID=17,1,,Atlanta Hawks,Smith REBOUND (Off:0 Def:1),9:22
http://stats.nba.com/cvp.html?GameID=0021200533&GameEventID=18,1,,Atlanta Hawks,MISS Harris 26' 3PT Jump Shot,9:04
http://stats.nba.com/cvp.html?GameID=0021200533&GameEventID=19,1,,Utah Jazz,Jefferson REBOUND (Off:0 Def:1),9:03
http://stats.nba.com/cvp.html?GameID=0021200533&GameEventID=20,1,[ 9 - 3 ],Utah Jazz,Jefferson 1' Dunk (4 PTS) (Carroll 1 AST),8:49
http://stats.nba.com/cvp.html?GameID=0021200533&GameEventID=21,1,[ 9 - 6 ],Atlanta Hawks,Korver 25' 3PT Jump Shot (3 PTS) (Teague 1 AST),8:25
http://stats.nba.com/cvp.html?GameID=0021200533&GameEventID=22,1,,Utah Jazz,MISS Jefferson 20' Jump Shot,8:03
http://stats.nba.com/cvp.html?GameID=0021200533&GameEventID=23,1,,Atlanta Hawks,Smith REBOUND (Off:0 Def:2),8:02
http://stats.nba.com/cvp.html?GameID=0021200533&GameEventID=24,1,[ 9 - 8 ],Atlanta Hawks,Smith 2' Running Layup (2 PTS),7:56
http://stats.nba.com/cvp.html?GameID=0021200533&GameEventID=25,1,[ 11 - 8 ],Utah Jazz,Foye 8' Turnaround Jump Shot (5 PTS) (Millsap 1 AST),7:39
http://stats.nba.com/cvp.html?GameID=0021200533&GameEventID=26,1,[ 11 - 10 ],Atlanta Hawks,Smith 7' Running Hook Shot (4 PTS),7:19
http://stats.nba.com/cvp.html?GameID=0021200533&GameEventID=27,1,[ 13 - 10 ],Utah Jazz,Jefferson 20' Jump Shot (6 PTS) (Foye 1 AST),7:02
http://stats.nba.com/cvp.html?GameID=0021200533&GameEventID=28,1,,Atlanta Hawks,Smith Bad Pass Turnover (P1.T2),6:47
http://stats.nba.com/cvp.html?GameID=0021200533&GameEventID=28,1,,Utah Jazz,Foye STEAL (1 STL),6:47
http://stats.nba.com/cvp.html?GameID=0021200533&GameEventID=29,1,,Atlanta Hawks,Korver S.FOUL (P1.T1),6:40
http://stats.nba.com/cvp.html?GameID=0021200533&GameEventID=30,1,[ 14 - 10 ],Utah Jazz,Foye Free Throw 1 of 2 (6 PTS),6:40
http://stats.nba.com/cvp.html?GameID=0021200533&GameEventID=32,1,,Utah Jazz,MISS Foye Free Throw 2 of 2,6:40
http://stats.nba.com/cvp.html?GameID=0021200533&GameEventID=34,1,,Atlanta Hawks,Korver REBOUND (Off:0 Def:1),6:40
http://stats.nba.com/cvp.html?GameID=0021200533&GameEventID=35,1,,Atlanta Hawks,MISS Horford 20' Jump Shot,6:20
http://stats.nba.com/cvp.html?GameID=0021200533&GameEventID=36,1,,Utah Jazz,Millsap REBOUND (Off:0 Def:2),6:18
http://stats.nba.com/cvp.html?GameID=0021200533&GameEventID=37,1,,Atlanta Hawks,Smith BLOCK (1 BLK),6:07
http://stats.nba.com/cvp.html?GameID=0021200533&GameEventID=37,1,,Utah Jazz,MISS Millsap 11' Jump Shot,6:07
http://stats.nba.com/cvp.html?GameID=0021200533&GameEventID=38,1,,Utah Jazz,Millsap REBOUND (Off:1 Def:2),6:05
http://stats.nba.com/cvp.html?GameID=0021200533&GameEventID=39,1,[ 16 - 10 ],Utah Jazz,Jefferson 8' Jump Shot (8 PTS) (Millsap 2 AST),6:02
http://stats.nba.com/cvp.html?GameID=0021200533&GameEventID=40,1,,Atlanta Hawks,HAWKS Timeout: Regular (Full 1 Short 0),5:54
http://stats.nba.com/cvp.html?GameID=0021200533&GameEventID=42,1,,Atlanta Hawks,SUB: Williams FOR Harris,5:54
http://stats.nba.com/cvp.html?GameID=0021200533&GameEventID=43,1,,Utah Jazz,Jazz T.Foul (Def. 3 Sec Jefferson ),5:45
http://stats.nba.com/cvp.html?GameID=0021200533&GameEventID=44,1,,Atlanta Hawks,MISS Teague Free Throw Technical,5:45
http://stats.nba.com/cvp.html?GameID=0021200533&GameEventID=45,1,,Atlanta Hawks,HAWKS Rebound,5:45
http://stats.nba.com/cvp.html?GameID=0021200533&GameEventID=46,1,[ 16 - 12 ],Atlanta Hawks,Horford 7' Running Hook Shot (2 PTS) (Korver 1 AST),5:33
http://stats.nba.com/cvp.html?GameID=0021200533&GameEventID=47,1,,Utah Jazz,MISS Foye 7' Jump Shot,5:16
http://stats.nba.com/cvp.html?GameID=0021200533&GameEventID=49,1,,Utah Jazz,Millsap REBOUND (Off:2 Def:2),5:13
http://stats.nba.com/cvp.html?GameID=0021200533&GameEventID=48,1,,Utah Jazz,MISS Millsap  Tip Shot,5:13
http://stats.nba.com/cvp.html?GameID=0021200533&GameEventID=50,1,,Atlanta Hawks,Teague REBOUND (Off:0 Def:1),5:12
http://stats.nba.com/cvp.html?GameID=0021200533&GameEventID=51,1,[ 16 - 14 ],Atlanta Hawks,Horford 2' Alley Oop Layup (4 PTS) (Teague 2 AST),5:08
http://stats.nba.com/cvp.html?GameID=0021200533&GameEventID=52,1,,Utah Jazz,MISS Jefferson 4' Driving Jump Shot,4:41
http://stats.nba.com/cvp.html?GameID=0021200533&GameEventID=53,1,,Atlanta Hawks,Korver REBOUND (Off:0 Def:2),4:40
http://stats.nba.com/cvp.html?GameID=0021200533&GameEventID=54,1,,Atlanta Hawks,MISS Smith 20' Jump Shot,4:30
http://stats.nba.com/cvp.html?GameID=0021200533&GameEventID=55,1,,Utah Jazz,Jefferson REBOUND (Off:0 Def:2),4:29
http://stats.nba.com/cvp.html?GameID=0021200533&GameEventID=56,1,,Atlanta Hawks,Williams BLOCK (1 BLK),4:23
http://stats.nba.com/cvp.html?GameID=0021200533&GameEventID=56,1,,Utah Jazz,MISS Tinsley 1' Driving Layup,4:23
http://stats.nba.com/cvp.html?GameID=0021200533&GameEventID=57,1,,Atlanta Hawks,Williams REBOUND (Off:0 Def:1),4:21
http://stats.nba.com/cvp.html?GameID=0021200533&GameEventID=58,1,,Atlanta Hawks,MISS Williams 16' Jump Shot,4:08
http://stats.nba.com/cvp.html?GameID=0021200533&GameEventID=59,1,,Utah Jazz,Millsap REBOUND (Off:2 Def:3),4:07
http://stats.nba.com/cvp.html?GameID=0021200533&GameEventID=60,1,,Utah Jazz,Millsap Out of Bounds Lost Ball Turnover (P1.T2),3:54
http://stats.nba.com/cvp.html?GameID=0021200533&GameEventID=61,1,,Atlanta Hawks,SUB: Pachulia FOR Horford,3:54
http://stats.nba.com/cvp.html?GameID=0021200533&GameEventID=62,1,,Utah Jazz,SUB: Favors FOR Carroll,3:54
http://stats.nba.com/cvp.html?GameID=0021200533&GameEventID=63,1,,Utah Jazz,SUB: Hayward FOR Millsap,3:54
http://stats.nba.com/cvp.html?GameID=0021200533&GameEventID=64,1,,Atlanta Hawks,MISS Smith 26' 3PT Jump Shot,3:33
http://stats.nba.com/cvp.html?GameID=0021200533&GameEventID=65,1,,Utah Jazz,Favors REBOUND (Off:0 Def:1),3:31
http://stats.nba.com/cvp.html?GameID=0021200533&GameEventID=67,1,,Atlanta Hawks,HAWKS T.Foul (Def. 3 Sec Smith ),3:15
http://stats.nba.com/cvp.html?GameID=0021200533&GameEventID=68,1,[ 17 - 14 ],Utah Jazz,Foye Free Throw Technical (7 PTS),3:15
http://stats.nba.com/cvp.html?GameID=0021200533&GameEventID=70,1,,Utah Jazz,SUB: Watson FOR Tinsley,3:15
http://stats.nba.com/cvp.html?GameID=0021200533&GameEventID=71,1,,Atlanta Hawks,SUB: Johnson FOR Korver,3:15
http://stats.nba.com/cvp.html?GameID=0021200533&GameEventID=73,1,,Utah Jazz,MISS Jefferson 21' Jump Shot,3:03
http://stats.nba.com/cvp.html?GameID=0021200533&GameEventID=74,1,,Atlanta Hawks,HAWKS Rebound,3:02
http://stats.nba.com/cvp.html?GameID=0021200533&GameEventID=75,1,,Atlanta Hawks,MISS Teague 24' 3PT Jump Shot,2:43
http://stats.nba.com/cvp.html?GameID=0021200533&GameEventID=76,1,,Utah Jazz,Jefferson REBOUND (Off:0 Def:3),2:42
http://stats.nba.com/cvp.html?GameID=0021200533&GameEventID=77,1,[ 20 - 14 ],Utah Jazz,Foye 24' 3PT Jump Shot (10 PTS) (Hayward 1 AST),2:35
http://stats.nba.com/cvp.html?GameID=0021200533&GameEventID=78,1,[ 20 - 16 ],Atlanta Hawks,Johnson 20' Jump Shot (2 PTS) (Smith 2 AST),2:10
http://stats.nba.com/cvp.html?GameID=0021200533&GameEventID=79,1,,Atlanta Hawks,Teague STEAL (1 STL),1:50
http://stats.nba.com/cvp.html?GameID=0021200533&GameEventID=79,1,,Utah Jazz,Favors Bad Pass Turnover (P1.T3),1:50
http://stats.nba.com/cvp.html?GameID=0021200533&GameEventID=80,1,[ 20 - 18 ],Atlanta Hawks,Teague 1' Running Dunk (2 PTS),1:46
http://stats.nba.com/cvp.html?GameID=0021200533&GameEventID=81,1,[ 23 - 18 ],Utah Jazz,Foye 25' 3PT Jump Shot (13 PTS) (Favors 1 AST),1:25
http://stats.nba.com/cvp.html?GameID=0021200533&GameEventID=82,1,,Atlanta Hawks,Teague Bad Pass Turnover (P2.T3),1:05
http://stats.nba.com/cvp.html?GameID=0021200533&GameEventID=82,1,,Utah Jazz,Favors STEAL (1 STL),1:05
http://stats.nba.com/cvp.html?GameID=0021200533&GameEventID=84,1,[ 25 - 18 ],Utah Jazz,Foye 2' Running Layup (15 PTS) (Jefferson 2 AST),1:01
http://stats.nba.com/cvp.html?GameID=0021200533&GameEventID=86,1,,Utah Jazz,Foye S.FOUL (P1.T1),0:45
http://stats.nba.com/cvp.html?GameID=0021200533&GameEventID=87,1,,Utah Jazz,Jazz Timeout: Regular (Reg.1 Short 0),0:45
http://stats.nba.com/cvp.html?GameID=0021200533&GameEventID=89,1,,Utah Jazz,SUB: Kanter FOR Jefferson,0:45
http://stats.nba.com/cvp.html?GameID=0021200533&GameEventID=90,1,,Utah Jazz,SUB: Burks FOR Foye,0:45
http://stats.nba.com/cvp.html?GameID=0021200533&GameEventID=91,1,,Atlanta Hawks,SUB: Harris FOR Williams,0:45
http://stats.nba.com/cvp.html?GameID=0021200533&GameEventID=92,1,[ 25 - 19 ],Atlanta Hawks,Teague Free Throw 1 of 2 (3 PTS),0:45
http://stats.nba.com/cvp.html?GameID=0021200533&GameEventID=95,1,[ 25 - 20 ],Atlanta Hawks,Teague Free Throw 2 of 2 (4 PTS),0:45
http://stats.nba.com/cvp.html?GameID=0021200533&GameEventID=98,1,,Atlanta Hawks,Teague STEAL (2 STL),0:31
http://stats.nba.com/cvp.html?GameID=0021200533&GameEventID=98,1,,Utah Jazz,Hayward Bad Pass Turnover (P1.T4),0:31
http://stats.nba.com/cvp.html?GameID=0021200533&GameEventID=99,1,[ 25 - 22 ],Atlanta Hawks,Harris 2' Running Layup (5 PTS) (Teague 3 AST),0:28
http://stats.nba.com/cvp.html?GameID=0021200533&GameEventID=100,1,,Atlanta Hawks,Johnson P.FOUL (P1.T2),0:20
http://stats.nba.com/cvp.html?GameID=0021200533&GameEventID=101,1,,Atlanta Hawks,SUB: Williams FOR Teague,0:20
http://stats.nba.com/cvp.html?GameID=0021200533&GameEventID=103,1,,Utah Jazz,MISS Hayward  3PT Jump Shot,0:07
http://stats.nba.com/cvp.html?GameID=0021200533&GameEventID=104,1,,Utah Jazz,Kanter REBOUND (Off:1 Def:0),0:05
http://stats.nba.com/cvp.html?GameID=0021200533&GameEventID=105,1,,Utah Jazz,MISS Kanter 17' Jump Shot,0:02
http://stats.nba.com/cvp.html?GameID=0021200533&GameEventID=106,1,,Atlanta Hawks,Smith REBOUND (Off:0 Def:3),0:01
http://stats.nba.com/cvp.html?GameID=0021200533&GameEventID=110,2,,Utah Jazz,MISS Kanter 6' Hook Shot,11:42
http://stats.nba.com/cvp.html?GameID=0021200533&GameEventID=111,2,,Atlanta Hawks,Johnson REBOUND (Off:0 Def:1),11:41
http://stats.nba.com/cvp.html?GameID=0021200533&GameEventID=112,2,,Utah Jazz,Burks S.FOUL (P1.T1),11:29
http://stats.nba.com/cvp.html?GameID=0021200533&GameEventID=113,2,[ 25 - 23 ],Atlanta Hawks,Harris Free Throw 1 of 2 (6 PTS),11:29
http://stats.nba.com/cvp.html?GameID=0021200533&GameEventID=115,2,[ 25 - 24 ],Atlanta Hawks,Harris Free Throw 2 of 2 (7 PTS),11:29
http://stats.nba.com/cvp.html?GameID=0021200533&GameEventID=117,2,,Utah Jazz,MISS Burks 25' 3PT Jump Shot,11:08
http://stats.nba.com/cvp.html?GameID=0021200533&GameEventID=118,2,,Utah Jazz,Kanter REBOUND (Off:2 Def:0),11:06
http://stats.nba.com/cvp.html?GameID=0021200533&GameEventID=119,2,,Atlanta Hawks,Pachulia P.FOUL (P1.T1),11:05
http://stats.nba.com/cvp.html?GameID=0021200533&GameEventID=120,2,[ 27 - 24 ],Utah Jazz,Hayward 21' Fadeaway Jumper (2 PTS),10:54
http://stats.nba.com/cvp.html?GameID=0021200533&GameEventID=122,2,[ 27 - 26 ],Atlanta Hawks,Pachulia 1' Driving Layup (2 PTS) (Williams 1 AST),10:32
http://stats.nba.com/cvp.html?GameID=0021200533&GameEventID=123,2,[ 29 - 26 ],Utah Jazz,Watson 6' Driving Jump Shot (2 PTS),10:20
http://stats.nba.com/cvp.html?GameID=0021200533&GameEventID=124,2,,Atlanta Hawks,MISS Williams 24' 3PT Jump Shot,10:08
http://stats.nba.com/cvp.html?GameID=0021200533&GameEventID=125,2,,Utah Jazz,Burks REBOUND (Off:0 Def:1),10:06
http://stats.nba.com/cvp.html?GameID=0021200533&GameEventID=126,2,,Atlanta Hawks,Williams STEAL (1 STL),10:01
http://stats.nba.com/cvp.html?GameID=0021200533&GameEventID=126,2,,Utah Jazz,Burks Lost Ball Turnover (P1.T5),10:01
http://stats.nba.com/cvp.html?GameID=0021200533&GameEventID=127,2,,Utah Jazz,Kanter P.FOUL (P1.T2),9:49
http://stats.nba.com/cvp.html?GameID=0021200533&GameEventID=128,2,[ 29 - 28 ],Atlanta Hawks,Williams 1' Running Layup (2 PTS) (Pachulia 1 AST),9:46
http://stats.nba.com/cvp.html?GameID=0021200533&GameEventID=129,2,,Utah Jazz,Burks S.FOUL (P2.T3),9:46
http://stats.nba.com/cvp.html?GameID=0021200533&GameEventID=130,2,[ 29 - 29 ],Atlanta Hawks,Williams Free Throw 1 of 1 (3 PTS),9:46
http://stats.nba.com/cvp.html?GameID=0021200533&GameEventID=132,2,,Utah Jazz,Hayward Bad Pass Turnover (P2.T6),9:33
http://stats.nba.com/cvp.html?GameID=0021200533&GameEventID=133,2,[ 29 - 31 ],Atlanta Hawks,Johnson 20' Jump Shot (4 PTS) (Williams 2 AST),9:24
http://stats.nba.com/cvp.html?GameID=0021200533&GameEventID=134,2,,Utah Jazz,MISS Watson 8' Driving Jump Shot,9:08
http://stats.nba.com/cvp.html?GameID=0021200533&GameEventID=135,2,,Utah Jazz,Watson REBOUND (Off:1 Def:0),9:06
http://stats.nba.com/cvp.html?GameID=0021200533&GameEventID=136,2,,Utah Jazz,MISS Burks 20' Jump Shot,8:58
http://stats.nba.com/cvp.html?GameID=0021200533&GameEventID=137,2,,Atlanta Hawks,Williams REBOUND (Off:0 Def:2),8:55
http://stats.nba.com/cvp.html?GameID=0021200533&GameEventID=138,2,,Atlanta Hawks,Williams Bad Pass Turnover (P1.T4),8:54
http://stats.nba.com/cvp.html?GameID=0021200533&GameEventID=141,2,,Utah Jazz,SUB: Foye FOR Burks,8:54
http://stats.nba.com/cvp.html?GameID=0021200533&GameEventID=142,2,,Utah Jazz,SUB: Millsap FOR Kanter,8:54
http://stats.nba.com/cvp.html?GameID=0021200533&GameEventID=144,2,,Utah Jazz,MISS Hayward 25' 3PT Jump Shot,8:35
http://stats.nba.com/cvp.html?GameID=0021200533&GameEventID=145,2,,Atlanta Hawks,Johnson REBOUND (Off:0 Def:2),8:34
http://stats.nba.com/cvp.html?GameID=0021200533&GameEventID=146,2,,Atlanta Hawks,MISS Pachulia 19' Jump Shot,8:11
http://stats.nba.com/cvp.html?GameID=0021200533&GameEventID=147,2,,Utah Jazz,Millsap REBOUND (Off:2 Def:4),8:10
http://stats.nba.com/cvp.html?GameID=0021200533&GameEventID=148,2,[ 31 - 31 ],Utah Jazz,Millsap 1' Running Layup (2 PTS) (Watson 1 AST),8:04
http://stats.nba.com/cvp.html?GameID=0021200533&GameEventID=149,2,[ 31 - 33 ],Atlanta Hawks,Johnson 1' Layup (6 PTS) (Williams 3 AST),7:43
http://stats.nba.com/cvp.html?GameID=0021200533&GameEventID=150,2,[ 33 - 33 ],Utah Jazz,Millsap 4' Driving Jump Shot (4 PTS) (Watson 2 AST),7:30
http://stats.nba.com/cvp.html?GameID=0021200533&GameEventID=151,2,,Utah Jazz,Millsap P.FOUL (P1.T4),7:19
http://stats.nba.com/cvp.html?GameID=0021200533&GameEventID=152,2,,Atlanta Hawks,SUB: Korver FOR Jenkins,7:19
http://stats.nba.com/cvp.html?GameID=0021200533&GameEventID=153,2,[ 33 - 35 ],Atlanta Hawks,Williams 20' Jump Shot (5 PTS) (Harris 1 AST),7:10
http://stats.nba.com/cvp.html?GameID=0021200533&GameEventID=154,2,[ 35 - 35 ],Utah Jazz,Millsap 13' Fadeaway Jumper (6 PTS) (Watson 3 AST),6:45
http://stats.nba.com/cvp.html?GameID=0021200533&GameEventID=156,2,,Atlanta Hawks,SUB: Horford FOR Pachulia,6:21
http://stats.nba.com/cvp.html?GameID=0021200533&GameEventID=157,2,,Atlanta Hawks,MISS Horford 19' Fadeaway Jumper,6:16
http://stats.nba.com/cvp.html?GameID=0021200533&GameEventID=158,2,,Atlanta Hawks,HAWKS Rebound,6:16
http://stats.nba.com/cvp.html?GameID=0021200533&GameEventID=159,2,,Atlanta Hawks,HAWKS Turnover: Shot Clock (T#5),6:16
http://stats.nba.com/cvp.html?GameID=0021200533&GameEventID=161,2,,Atlanta Hawks,Horford P.FOUL (P1.T2),6:00
http://stats.nba.com/cvp.html?GameID=0021200533&GameEventID=162,2,,Atlanta Hawks,SUB: Smith FOR Johnson,6:00
http://stats.nba.com/cvp.html?GameID=0021200533&GameEventID=163,2,,Atlanta Hawks,SUB: Teague FOR Williams,6:00
http://stats.nba.com/cvp.html?GameID=0021200533&GameEventID=164,2,,Utah Jazz,SUB: Jefferson FOR Favors,6:00
http://stats.nba.com/cvp.html?GameID=0021200533&GameEventID=165,2,,Utah Jazz,MISS Foye 26' 3PT Jump Shot,5:45
http://stats.nba.com/cvp.html?GameID=0021200533&GameEventID=166,2,,Atlanta Hawks,Smith REBOUND (Off:0 Def:4),5:44
http://stats.nba.com/cvp.html?GameID=0021200533&GameEventID=167,2,,Atlanta Hawks,Harris Lost Ball Turnover (P1.T6),5:33
http://stats.nba.com/cvp.html?GameID=0021200533&GameEventID=167,2,,Utah Jazz,Foye STEAL (2 STL),5:33
http://stats.nba.com/cvp.html?GameID=0021200533&GameEventID=168,2,[ 37 - 35 ],Utah Jazz,Hayward 1' Reverse Layup (4 PTS) (Watson 4 AST),5:26
http://stats.nba.com/cvp.html?GameID=0021200533&GameEventID=169,2,[ 37 - 37 ],Atlanta Hawks,Smith 1' Dunk (6 PTS) (Korver 2 AST),5:10
http://stats.nba.com/cvp.html?GameID=0021200533&GameEventID=170,2,,Utah Jazz,MISS Jefferson 19' Jump Shot,4:52
http://stats.nba.com/cvp.html?GameID=0021200533&GameEventID=171,2,,Atlanta Hawks,Smith REBOUND (Off:0 Def:5),4:50
http://stats.nba.com/cvp.html?GameID=0021200533&GameEventID=172,2,,Atlanta Hawks,Horford Bad Pass Turnover (P1.T7),4:35
http://stats.nba.com/cvp.html?GameID=0021200533&GameEventID=172,2,,Utah Jazz,Watson STEAL (1 STL),4:35
http://stats.nba.com/cvp.html?GameID=0021200533&GameEventID=173,2,[ 39 - 37 ],Utah Jazz,Hayward  Running Reverse Layup (6 PTS) (Foye 2 AST),4:31
http://stats.nba.com/cvp.html?GameID=0021200533&GameEventID=174,2,,Atlanta Hawks,Teague S.FOUL (P1.T3),4:31
http://stats.nba.com/cvp.html?GameID=0021200533&GameEventID=175,2,,Atlanta Hawks,HAWKS Timeout: Regular (Full 2 Short 0),4:31
http://stats.nba.com/cvp.html?GameID=0021200533&GameEventID=176,2,,Atlanta Hawks,SUB: Williams FOR Harris,4:31
http://stats.nba.com/cvp.html?GameID=0021200533&GameEventID=177,2,,Utah Jazz,SUB: Tinsley FOR Watson,4:31
http://stats.nba.com/cvp.html?GameID=0021200533&GameEventID=178,2,[ 40 - 37 ],Utah Jazz,Hayward Free Throw 1 of 1 (7 PTS),4:31
http://stats.nba.com/cvp.html?GameID=0021200533&GameEventID=181,2,[ 40 - 39 ],Atlanta Hawks,Williams 12' Driving Jump Shot (7 PTS),4:14
http://stats.nba.com/cvp.html?GameID=0021200533&GameEventID=182,2,[ 43 - 39 ],Utah Jazz,Foye 25' 3PT Jump Shot (18 PTS) (Tinsley 2 AST),3:51
http://stats.nba.com/cvp.html?GameID=0021200533&GameEventID=183,2,,Atlanta Hawks,MISS Korver 13' Driving Jump Shot,3:30
http://stats.nba.com/cvp.html?GameID=0021200533&GameEventID=184,2,,Utah Jazz,Millsap REBOUND (Off:2 Def:5),3:29
http://stats.nba.com/cvp.html?GameID=0021200533&GameEventID=185,2,,Utah Jazz,MISS Jefferson 5' Turnaround Hook Shot,3:13
http://stats.nba.com/cvp.html?GameID=0021200533&GameEventID=186,2,,Atlanta Hawks,Horford REBOUND (Off:0 Def:1),3:12
http://stats.nba.com/cvp.html?GameID=0021200533&GameEventID=187,2,[ 43 - 41 ],Atlanta Hawks,Horford 7' Turnaround Hook Shot (6 PTS),2:56
http://stats.nba.com/cvp.html?GameID=0021200533&GameEventID=188,2,[ 45 - 41 ],Utah Jazz,Jefferson 1' Dunk (10 PTS) (Tinsley 3 AST),2:44
http://stats.nba.com/cvp.html?GameID=0021200533&GameEventID=189,2,,Atlanta Hawks,MISS Williams 25' 3PT Jump Shot,2:29
http://stats.nba.com/cvp.html?GameID=0021200533&GameEventID=190,2,,Utah Jazz,Tinsley REBOUND (Off:0 Def:1),2:28
http://stats.nba.com/cvp.html?GameID=0021200533&GameEventID=191,2,[ 47 - 41 ],Utah Jazz,Millsap 2' Running Layup (8 PTS) (Tinsley 4 AST),2:21
http://stats.nba.com/cvp.html?GameID=0021200533&GameEventID=192,2,,Utah Jazz,Millsap S.FOUL (P2.PN),2:14
http://stats.nba.com/cvp.html?GameID=0021200533&GameEventID=193,2,,Utah Jazz,Jazz Timeout: Regular (Reg.2 Short 0),2:14
http://stats.nba.com/cvp.html?GameID=0021200533&GameEventID=195,2,,Utah Jazz,SUB: Carroll FOR Hayward,2:14
http://stats.nba.com/cvp.html?GameID=0021200533&GameEventID=196,2,,Atlanta Hawks,MISS Smith Free Throw 1 of 2,2:14
http://stats.nba.com/cvp.html?GameID=0021200533&GameEventID=197,2,,Atlanta Hawks,HAWKS Rebound,2:14
http://stats.nba.com/cvp.html?GameID=0021200533&GameEventID=198,2,,Atlanta Hawks,MISS Smith Free Throw 2 of 2,2:14
http://stats.nba.com/cvp.html?GameID=0021200533&GameEventID=200,2,,Utah Jazz,Tinsley REBOUND (Off:0 Def:2),2:13
http://stats.nba.com/cvp.html?GameID=0021200533&GameEventID=201,2,,Utah Jazz,MISS Carroll 25' 3PT Jump Shot,1:58
http://stats.nba.com/cvp.html?GameID=0021200533&GameEventID=202,2,,Atlanta Hawks,HAWKS Rebound,1:57
http://stats.nba.com/cvp.html?GameID=0021200533&GameEventID=204,2,,Atlanta Hawks,MISS Smith 7' Turnaround Hook Shot,1:33
http://stats.nba.com/cvp.html?GameID=0021200533&GameEventID=205,2,,Utah Jazz,Millsap REBOUND (Off:2 Def:6),1:31
http://stats.nba.com/cvp.html?GameID=0021200533&GameEventID=206,2,,Utah Jazz,MISS Tinsley 26' 3PT Jump Shot,1:15
http://stats.nba.com/cvp.html?GameID=0021200533&GameEventID=207,2,,Atlanta Hawks,Smith REBOUND (Off:0 Def:6),1:14
http://stats.nba.com/cvp.html?GameID=0021200533&GameEventID=208,2,[ 47 - 43 ],Atlanta Hawks,Horford 1' Alley Oop Dunk (8 PTS) (Smith 3 AST),1:08
http://stats.nba.com/cvp.html?GameID=0021200533&GameEventID=209,2,,Atlanta Hawks,Horford S.FOUL (P2.T4),0:43
http://stats.nba.com/cvp.html?GameID=0021200533&GameEventID=210,2,,Utah Jazz,MISS Jefferson Free Throw 1 of 2,0:43
http://stats.nba.com/cvp.html?GameID=0021200533&GameEventID=211,2,,Utah Jazz,Jazz Rebound,0:43
http://stats.nba.com/cvp.html?GameID=0021200533&GameEventID=212,2,,Utah Jazz,MISS Jefferson Free Throw 2 of 2,0:43
http://stats.nba.com/cvp.html?GameID=0021200533&GameEventID=214,2,,Atlanta Hawks,Smith REBOUND (Off:0 Def:7),0:42
http://stats.nba.com/cvp.html?GameID=0021200533&GameEventID=215,2,,Atlanta Hawks,MISS Korver 25' 3PT Jump Shot,0:34
http://stats.nba.com/cvp.html?GameID=0021200533&GameEventID=216,2,,Utah Jazz,Jefferson REBOUND (Off:0 Def:4),0:32
http://stats.nba.com/cvp.html?GameID=0021200533&GameEventID=217,2,,Utah Jazz,MISS Millsap 24' 3PT Jump Shot,0:20
http://stats.nba.com/cvp.html?GameID=0021200533&GameEventID=218,2,,Utah Jazz,Jefferson REBOUND (Off:1 Def:4),0:18
http://stats.nba.com/cvp.html?GameID=0021200533&GameEventID=219,2,,Utah Jazz,MISS Carroll 27' 3PT Jump Shot,0:09
http://stats.nba.com/cvp.html?GameID=0021200533&GameEventID=220,2,,Utah Jazz,Jazz Rebound,0:09
http://stats.nba.com/cvp.html?GameID=0021200533&GameEventID=221,2,,Utah Jazz,Jazz Turnover: Shot Clock (T#7),0:09
http://stats.nba.com/cvp.html?GameID=0021200533&GameEventID=222,2,,Atlanta Hawks,MISS Smith 25' 3PT Jump Shot,0:00
http://stats.nba.com/cvp.html?GameID=0021200533&GameEventID=223,2,,Atlanta Hawks,HAWKS Rebound,0:00
http://stats.nba.com/cvp.html?GameID=0021200533&GameEventID=227,3,[ 50 - 43 ],Utah Jazz,Foye 25' 3PT Jump Shot (21 PTS) (Millsap 3 AST),11:39
http://stats.nba.com/cvp.html?GameID=0021200533&GameEventID=228,3,,Atlanta Hawks,Teague Step Out of Bounds Turnover (P3.T8),11:20
http://stats.nba.com/cvp.html?GameID=0021200533&GameEventID=229,3,[ 52 - 43 ],Utah Jazz,Millsap 2' Layup (10 PTS) (Carroll 2 AST),10:58
http://stats.nba.com/cvp.html?GameID=0021200533&GameEventID=230,3,,Atlanta Hawks,MISS Smith 19' Jump Shot,10:39
http://stats.nba.com/cvp.html?GameID=0021200533&GameEventID=231,3,,Utah Jazz,Jefferson REBOUND (Off:1 Def:5),10:38
http://stats.nba.com/cvp.html?GameID=0021200533&GameEventID=232,3,,Atlanta Hawks,Teague STEAL (3 STL),10:32
http://stats.nba.com/cvp.html?GameID=0021200533&GameEventID=232,3,,Utah Jazz,Tinsley Bad Pass Turnover (P2.T8),10:32
http://stats.nba.com/cvp.html?GameID=0021200533&GameEventID=233,3,,Utah Jazz,Tinsley P.FOUL (P1.T1),10:31
http://stats.nba.com/cvp.html?GameID=0021200533&GameEventID=234,3,,Atlanta Hawks,Harris Traveling Turnover (P2.T9),10:13
http://stats.nba.com/cvp.html?GameID=0021200533&GameEventID=235,3,,Utah Jazz,MISS Foye 20' Jump Shot,10:02
http://stats.nba.com/cvp.html?GameID=0021200533&GameEventID=236,3,,Atlanta Hawks,Smith REBOUND (Off:0 Def:8),10:00
http://stats.nba.com/cvp.html?GameID=0021200533&GameEventID=237,3,,Utah Jazz,Tinsley P.FOUL (P2.T2),9:57
http://stats.nba.com/cvp.html?GameID=0021200533&GameEventID=239,3,,Atlanta Hawks,Smith Bad Pass Turnover (P2.T10),9:52
http://stats.nba.com/cvp.html?GameID=0021200533&GameEventID=239,3,,Utah Jazz,Millsap STEAL (1 STL),9:52
http://stats.nba.com/cvp.html?GameID=0021200533&GameEventID=240,3,[ 54 - 43 ],Utah Jazz,Carroll 18' Jump Shot (4 PTS) (Tinsley 5 AST),9:46
http://stats.nba.com/cvp.html?GameID=0021200533&GameEventID=241,3,,Atlanta Hawks,HAWKS Timeout: Regular (Full 3 Short 0),9:39
http://stats.nba.com/cvp.html?GameID=0021200533&GameEventID=244,3,,Atlanta Hawks,Harris Bad Pass Turnover (P3.T11),9:21
http://stats.nba.com/cvp.html?GameID=0021200533&GameEventID=244,3,,Utah Jazz,Carroll STEAL (1 STL),9:21
http://stats.nba.com/cvp.html?GameID=0021200533&GameEventID=245,3,,Utah Jazz,Tinsley Step Out of Bounds Turnover (P3.T9),9:07
http://stats.nba.com/cvp.html?GameID=0021200533&GameEventID=246,3,,Utah Jazz,Jazz Violation: Delay of game Violation,9:07
http://stats.nba.com/cvp.html?GameID=0021200533&GameEventID=247,3,[ 54 - 46 ],Atlanta Hawks,Harris  3PT Jump Shot (10 PTS) (Horford 1 AST),8:52
http://stats.nba.com/cvp.html?GameID=0021200533&GameEventID=248,3,[ 56 - 46 ],Utah Jazz,Millsap 1' Driving Slam Dunk (12 PTS) (Tinsley 6 AST),8:26
http://stats.nba.com/cvp.html?GameID=0021200533&GameEventID=249,3,[ 56 - 49 ],Atlanta Hawks,Teague 26' 3PT Jump Shot (7 PTS) (Horford 2 AST),8:10
http://stats.nba.com/cvp.html?GameID=0021200533&GameEventID=250,3,,Atlanta Hawks,Harris S.FOUL (P1.T1),7:58
http://stats.nba.com/cvp.html?GameID=0021200533&GameEventID=251,3,[ 57 - 49 ],Utah Jazz,Jefferson Free Throw 1 of 2 (11 PTS),7:58
http://stats.nba.com/cvp.html?GameID=0021200533&GameEventID=253,3,[ 58 - 49 ],Utah Jazz,Jefferson Free Throw 2 of 2 (12 PTS),7:58
http://stats.nba.com/cvp.html?GameID=0021200533&GameEventID=256,3,[ 58 - 51 ],Atlanta Hawks,Smith 6' Running Hook Shot (8 PTS),7:32
http://stats.nba.com/cvp.html?GameID=0021200533&GameEventID=257,3,[ 61 - 51 ],Utah Jazz,Carroll  3PT Jump Shot (7 PTS) (Tinsley 7 AST),7:15
http://stats.nba.com/cvp.html?GameID=0021200533&GameEventID=258,3,,Atlanta Hawks,MISS Teague 2' Driving Layup,7:04
http://stats.nba.com/cvp.html?GameID=0021200533&GameEventID=258,3,,Utah Jazz,Tinsley BLOCK (1 BLK),7:04
http://stats.nba.com/cvp.html?GameID=0021200533&GameEventID=259,3,,Utah Jazz,Jefferson REBOUND (Off:1 Def:6),7:03
http://stats.nba.com/cvp.html?GameID=0021200533&GameEventID=260,3,,Utah Jazz,MISS Millsap 6' Fadeaway Jumper,6:53
http://stats.nba.com/cvp.html?GameID=0021200533&GameEventID=261,3,,Utah Jazz,Jazz Rebound,6:53
http://stats.nba.com/cvp.html?GameID=0021200533&GameEventID=262,3,,Atlanta Hawks,Teague L.B.FOUL (P2.T2),6:53
http://stats.nba.com/cvp.html?GameID=0021200533&GameEventID=263,3,,Atlanta Hawks,SUB: Pachulia FOR Korver,6:53
http://stats.nba.com/cvp.html?GameID=0021200533&GameEventID=264,3,,Atlanta Hawks,Horford S.FOUL (P3.T3),6:46
http://stats.nba.com/cvp.html?GameID=0021200533&GameEventID=265,3,[ 62 - 51 ],Utah Jazz,Millsap Free Throw 1 of 2 (13 PTS),6:46
http://stats.nba.com/cvp.html?GameID=0021200533&GameEventID=267,3,[ 63 - 51 ],Utah Jazz,Millsap Free Throw 2 of 2 (14 PTS),6:46
http://stats.nba.com/cvp.html?GameID=0021200533&GameEventID=270,3,[ 63 - 53 ],Atlanta Hawks,Pachulia 15' Jump Shot (4 PTS) (Teague 4 AST),6:28
http://stats.nba.com/cvp.html?GameID=0021200533&GameEventID=271,3,,Atlanta Hawks,Teague P.FOUL (P3.T4),6:12
http://stats.nba.com/cvp.html?GameID=0021200533&GameEventID=272,3,[ 65 - 53 ],Utah Jazz,Millsap 12' Fadeaway Jumper (16 PTS) (Tinsley 8 AST),5:58
http://stats.nba.com/cvp.html?GameID=0021200533&GameEventID=274,3,,Atlanta Hawks,SUB: Williams FOR Harris,5:41
http://stats.nba.com/cvp.html?GameID=0021200533&GameEventID=275,3,,Utah Jazz,SUB: Watson FOR Tinsley,5:41
http://stats.nba.com/cvp.html?GameID=0021200533&GameEventID=276,3,,Atlanta Hawks,Jump Ball Smith vs. Carroll: Tip to Teague,5:41
http://stats.nba.com/cvp.html?GameID=0021200533&GameEventID=277,3,[ 65 - 56 ],Atlanta Hawks,Williams 24' 3PT Jump Shot (10 PTS) (Horford 3 AST),5:30
http://stats.nba.com/cvp.html?GameID=0021200533&GameEventID=279,3,[ 67 - 56 ],Utah Jazz,Jefferson 1' Driving Layup (14 PTS),5:10
http://stats.nba.com/cvp.html?GameID=0021200533&GameEventID=280,3,,Atlanta Hawks,Pachulia S.FOUL (P2.PN),5:10
http://stats.nba.com/cvp.html?GameID=0021200533&GameEventID=281,3,[ 68 - 56 ],Utah Jazz,Jefferson Free Throw 1 of 1 (15 PTS),5:10
http://stats.nba.com/cvp.html?GameID=0021200533&GameEventID=284,3,,Atlanta Hawks,SUB: Johnson FOR Horford,4:47
http://stats.nba.com/cvp.html?GameID=0021200533&GameEventID=285,3,,Atlanta Hawks,MISS Pachulia 3' Jump Shot,4:46
http://stats.nba.com/cvp.html?GameID=0021200533&GameEventID=286,3,,Atlanta Hawks,HAWKS Rebound,4:46
http://stats.nba.com/cvp.html?GameID=0021200533&GameEventID=287,3,,Atlanta Hawks,HAWKS Turnover: Shot Clock (T#12),4:46
http://stats.nba.com/cvp.html?GameID=0021200533&GameEventID=288,3,[ 70 - 56 ],Utah Jazz,Jefferson 19' Jump Shot (17 PTS),4:23
http://stats.nba.com/cvp.html?GameID=0021200533&GameEventID=289,3,,Atlanta Hawks,MISS Teague 19' Jump Shot,4:08
http://stats.nba.com/cvp.html?GameID=0021200533&GameEventID=290,3,,Atlanta Hawks,Pachulia REBOUND (Off:1 Def:0),4:06
http://stats.nba.com/cvp.html?GameID=0021200533&GameEventID=291,3,[ 70 - 58 ],Atlanta Hawks,Pachulia 1' Putback Layup (6 PTS),4:03
http://stats.nba.com/cvp.html?GameID=0021200533&GameEventID=292,3,[ 72 - 58 ],Utah Jazz,Millsap 4' Driving Layup (18 PTS) (Watson 5 AST),3:57
http://stats.nba.com/cvp.html?GameID=0021200533&GameEventID=293,3,[ 72 - 60 ],Atlanta Hawks,Smith 1' Driving Layup (10 PTS),3:37
http://stats.nba.com/cvp.html?GameID=0021200533&GameEventID=294,3,[ 75 - 60 ],Utah Jazz,Foye  3PT Jump Shot (24 PTS) (Millsap 4 AST),3:28
http://stats.nba.com/cvp.html?GameID=0021200533&GameEventID=295,3,,Atlanta Hawks,Williams Bad Pass Turnover (P2.T13),3:16
http://stats.nba.com/cvp.html?GameID=0021200533&GameEventID=295,3,,Utah Jazz,Millsap STEAL (2 STL),3:16
http://stats.nba.com/cvp.html?GameID=0021200533&GameEventID=296,3,,Utah Jazz,MISS Carroll 25' 3PT Jump Shot,3:09
http://stats.nba.com/cvp.html?GameID=0021200533&GameEventID=297,3,,Atlanta Hawks,Smith REBOUND (Off:0 Def:9),3:07
http://stats.nba.com/cvp.html?GameID=0021200533&GameEventID=298,3,,Utah Jazz,Watson P.FOUL (P1.T3),3:00
http://stats.nba.com/cvp.html?GameID=0021200533&GameEventID=299,3,,Atlanta Hawks,SUB: Jenkins FOR Smith,3:00
http://stats.nba.com/cvp.html?GameID=0021200533&GameEventID=300,3,,Utah Jazz,SUB: Hayward FOR Carroll,3:00
http://stats.nba.com/cvp.html?GameID=0021200533&GameEventID=301,3,,Atlanta Hawks,MISS Johnson 2' Driving Layup,2:52
http://stats.nba.com/cvp.html?GameID=0021200533&GameEventID=302,3,,Utah Jazz,Watson REBOUND (Off:1 Def:1),2:50
http://stats.nba.com/cvp.html?GameID=0021200533&GameEventID=304,3,,Utah Jazz,Jazz Timeout: Regular (Reg.3 Short 0),2:42
http://stats.nba.com/cvp.html?GameID=0021200533&GameEventID=306,3,,Atlanta Hawks,SUB: Harris FOR Teague,2:42
http://stats.nba.com/cvp.html?GameID=0021200533&GameEventID=307,3,,Utah Jazz,Jefferson Traveling Turnover (P1.T10),2:36
http://stats.nba.com/cvp.html?GameID=0021200533&GameEventID=308,3,,Utah Jazz,Foye P.FOUL (P2.T4),2:21
http://stats.nba.com/cvp.html?GameID=0021200533&GameEventID=309,3,,Utah Jazz,SUB: Favors FOR Millsap,2:21
http://stats.nba.com/cvp.html?GameID=0021200533&GameEventID=310,3,,Atlanta Hawks,MISS Johnson 2' Driving Layup,2:15
http://stats.nba.com/cvp.html?GameID=0021200533&GameEventID=310,3,,Utah Jazz,Favors BLOCK (1 BLK),2:15
http://stats.nba.com/cvp.html?GameID=0021200533&GameEventID=311,3,,Atlanta Hawks,HAWKS Rebound,2:15
http://stats.nba.com/cvp.html?GameID=0021200533&GameEventID=312,3,,Atlanta Hawks,MISS Johnson 7' Driving Jump Shot,2:12
http://stats.nba.com/cvp.html?GameID=0021200533&GameEventID=312,3,,Utah Jazz,Favors BLOCK (2 BLK),2:12
http://stats.nba.com/cvp.html?GameID=0021200533&GameEventID=313,3,,Utah Jazz,Jefferson REBOUND (Off:1 Def:7),2:10
http://stats.nba.com/cvp.html?GameID=0021200533&GameEventID=314,3,,Utah Jazz,MISS Favors 17' Jump Shot,1:57
http://stats.nba.com/cvp.html?GameID=0021200533&GameEventID=315,3,,Atlanta Hawks,Jenkins REBOUND (Off:0 Def:1),1:56
http://stats.nba.com/cvp.html?GameID=0021200533&GameEventID=316,3,[ 75 - 63 ],Atlanta Hawks,Jenkins 25' 3PT Jump Shot (3 PTS) (Harris 2 AST),1:45
http://stats.nba.com/cvp.html?GameID=0021200533&GameEventID=317,3,,Atlanta Hawks,Pachulia STEAL (1 STL),1:20
http://stats.nba.com/cvp.html?GameID=0021200533&GameEventID=317,3,,Utah Jazz,Jefferson Lost Ball Turnover (P2.T11),1:20
http://stats.nba.com/cvp.html?GameID=0021200533&GameEventID=318,3,[ 75 - 65 ],Atlanta Hawks,Harris 1' Running Layup (12 PTS),1:14
http://stats.nba.com/cvp.html?GameID=0021200533&GameEventID=319,3,,Atlanta Hawks,Johnson STEAL (1 STL),0:52
http://stats.nba.com/cvp.html?GameID=0021200533&GameEventID=319,3,,Utah Jazz,Watson Lost Ball Turnover (P1.T12),0:52
http://stats.nba.com/cvp.html?GameID=0021200533&GameEventID=320,3,[ 75 - 67 ],Atlanta Hawks,Johnson  Running Dunk (8 PTS),0:48
http://stats.nba.com/cvp.html?GameID=0021200533&GameEventID=321,3,,Atlanta Hawks,Williams STEAL (2 STL),0:32
http://stats.nba.com/cvp.html?GameID=0021200533&GameEventID=321,3,,Utah Jazz,Foye Bad Pass Turnover (P1.T13),0:32
http://stats.nba.com/cvp.html?GameID=0021200533&GameEventID=322,3,,Utah Jazz,Watson P.FOUL (P2.PN),0:32
http://stats.nba.com/cvp.html?GameID=0021200533&GameEventID=326,3,[ 75 - 68 ],Atlanta Hawks,Williams Free Throw 1 of 2 (11 PTS),0:32
http://stats.nba.com/cvp.html?GameID=0021200533&GameEventID=328,3,,Utah Jazz,SUB: Kanter FOR Jefferson,0:32
http://stats.nba.com/cvp.html?GameID=0021200533&GameEventID=329,3,,Utah Jazz,SUB: Burks FOR Foye,0:32
http://stats.nba.com/cvp.html?GameID=0021200533&GameEventID=330,3,,Atlanta Hawks,MISS Williams Free Throw 2 of 2,0:32
http://stats.nba.com/cvp.html?GameID=0021200533&GameEventID=332,3,,Utah Jazz,Favors REBOUND (Off:0 Def:2),0:31
http://stats.nba.com/cvp.html?GameID=0021200533&GameEventID=334,3,,Atlanta Hawks,HAWKS T.Foul (Def. 3 Sec Johnson ),0:16
http://stats.nba.com/cvp.html?GameID=0021200533&GameEventID=336,3,[ 76 - 68 ],Utah Jazz,Hayward Free Throw Technical (8 PTS),0:16
http://stats.nba.com/cvp.html?GameID=0021200533&GameEventID=339,3,,Utah Jazz,Favors OFF.Foul (P1),0:08
http://stats.nba.com/cvp.html?GameID=0021200533&GameEventID=340,3,,Utah Jazz,Favors Foul Turnover (P2.T14),0:08
http://stats.nba.com/cvp.html?GameID=0021200533&GameEventID=341,3,,Atlanta Hawks,Pachulia OFF.Foul (P3),0:04
http://stats.nba.com/cvp.html?GameID=0021200533&GameEventID=342,3,,Atlanta Hawks,Pachulia Foul Turnover (P1.T14),0:04
http://stats.nba.com/cvp.html?GameID=0021200533&GameEventID=343,3,,Utah Jazz,MISS Watson 27' 3PT Jump Shot,0:00
http://stats.nba.com/cvp.html?GameID=0021200533&GameEventID=344,3,,Utah Jazz,Jazz Rebound,0:00
http://stats.nba.com/cvp.html?GameID=0021200533&GameEventID=348,4,[ 76 - 70 ],Atlanta Hawks,Pachulia 1' Layup (8 PTS) (Harris 3 AST),11:45
http://stats.nba.com/cvp.html?GameID=0021200533&GameEventID=349,4,,Utah Jazz,Favors S.FOUL (P2.T1),11:45
http://stats.nba.com/cvp.html?GameID=0021200533&GameEventID=350,4,,Atlanta Hawks,MISS Pachulia Free Throw 1 of 1,11:45
http://stats.nba.com/cvp.html?GameID=0021200533&GameEventID=352,4,,Utah Jazz,Favors REBOUND (Off:0 Def:3),11:44
http://stats.nba.com/cvp.html?GameID=0021200533&GameEventID=353,4,,Utah Jazz,MISS Favors 18' Jump Shot,11:22
http://stats.nba.com/cvp.html?GameID=0021200533&GameEventID=354,4,,Atlanta Hawks,Pachulia REBOUND (Off:1 Def:1),11:20
http://stats.nba.com/cvp.html?GameID=0021200533&GameEventID=355,4,,Utah Jazz,Burks P.FOUL (P3.T2),11:16
http://stats.nba.com/cvp.html?GameID=0021200533&GameEventID=356,4,,Atlanta Hawks,MISS Johnson 1' Driving Layup,11:06
http://stats.nba.com/cvp.html?GameID=0021200533&GameEventID=358,4,,Atlanta Hawks,Pachulia REBOUND (Off:2 Def:1),11:05
http://stats.nba.com/cvp.html?GameID=0021200533&GameEventID=357,4,[ 76 - 72 ],Atlanta Hawks,Pachulia 2' Tip Shot (10 PTS),11:05
http://stats.nba.com/cvp.html?GameID=0021200533&GameEventID=359,4,,Utah Jazz,MISS Burks 20' Jump Shot,10:52
http://stats.nba.com/cvp.html?GameID=0021200533&GameEventID=360,4,,Atlanta Hawks,Johnson REBOUND (Off:0 Def:3),10:50
http://stats.nba.com/cvp.html?GameID=0021200533&GameEventID=361,4,,Atlanta Hawks,Williams Bad Pass Turnover (P3.T15),10:40
http://stats.nba.com/cvp.html?GameID=0021200533&GameEventID=361,4,,Utah Jazz,Kanter STEAL (1 STL),10:40
http://stats.nba.com/cvp.html?GameID=0021200533&GameEventID=362,4,[ 78 - 72 ],Utah Jazz,Watson 1' Running Layup (4 PTS) (Hayward 2 AST),10:35
http://stats.nba.com/cvp.html?GameID=0021200533&GameEventID=363,4,[ 78 - 74 ],Atlanta Hawks,Johnson 1' Alley Oop Dunk (10 PTS) (Harris 4 AST),10:29
http://stats.nba.com/cvp.html?GameID=0021200533&GameEventID=364,4,,Atlanta Hawks,Jenkins S.FOUL (P1.T1),10:15
http://stats.nba.com/cvp.html?GameID=0021200533&GameEventID=365,4,[ 79 - 74 ],Utah Jazz,Hayward Free Throw 1 of 2 (9 PTS),10:15
http://stats.nba.com/cvp.html?GameID=0021200533&GameEventID=367,4,[ 80 - 74 ],Utah Jazz,Hayward Free Throw 2 of 2 (10 PTS),10:15
http://stats.nba.com/cvp.html?GameID=0021200533&GameEventID=370,4,,Utah Jazz,Burks S.FOUL (P4.T3),9:59
http://stats.nba.com/cvp.html?GameID=0021200533&GameEventID=371,4,[ 80 - 75 ],Atlanta Hawks,Pachulia Free Throw 1 of 2 (11 PTS),9:59
http://stats.nba.com/cvp.html?GameID=0021200533&GameEventID=373,4,[ 80 - 76 ],Atlanta Hawks,Pachulia Free Throw 2 of 2 (12 PTS),9:59
http://stats.nba.com/cvp.html?GameID=0021200533&GameEventID=375,4,,Utah Jazz,Favors Offensive Charge Foul (P3.T4),9:44
http://stats.nba.com/cvp.html?GameID=0021200533&GameEventID=376,4,,Utah Jazz,Favors Foul Turnover (P3.T15),9:44
http://stats.nba.com/cvp.html?GameID=0021200533&GameEventID=377,4,,Utah Jazz,SUB: Millsap FOR Favors,9:44
http://stats.nba.com/cvp.html?GameID=0021200533&GameEventID=378,4,,Utah Jazz,SUB: Jefferson FOR Kanter,9:44
http://stats.nba.com/cvp.html?GameID=0021200533&GameEventID=379,4,,Atlanta Hawks,MISS Williams 11' Floating Jump Shot,9:31
http://stats.nba.com/cvp.html?GameID=0021200533&GameEventID=380,4,,Utah Jazz,Jefferson REBOUND (Off:1 Def:8),9:30
http://stats.nba.com/cvp.html?GameID=0021200533&GameEventID=381,4,,Atlanta Hawks,Pachulia P.FOUL (P4.T2),9:30
http://stats.nba.com/cvp.html?GameID=0021200533&GameEventID=383,4,[ 82 - 76 ],Utah Jazz,Hayward 19' Jump Shot (12 PTS) (Millsap 5 AST),9:15
http://stats.nba.com/cvp.html?GameID=0021200533&GameEventID=385,4,,Atlanta Hawks,HAWKS Timeout: Regular (Full 4 Short 0),9:07
http://stats.nba.com/cvp.html?GameID=0021200533&GameEventID=387,4,,Utah Jazz,SUB: Foye FOR Burks,9:07
http://stats.nba.com/cvp.html?GameID=0021200533&GameEventID=390,4,,Atlanta Hawks,MISS Williams 2' Running Layup,8:59
http://stats.nba.com/cvp.html?GameID=0021200533&GameEventID=391,4,,Utah Jazz,Millsap REBOUND (Off:2 Def:7),8:57
http://stats.nba.com/cvp.html?GameID=0021200533&GameEventID=392,4,,Atlanta Hawks,Jenkins P.FOUL (P2.T3),8:47
http://stats.nba.com/cvp.html?GameID=0021200533&GameEventID=393,4,,Atlanta Hawks,SUB: Smith FOR Jenkins,8:47
http://stats.nba.com/cvp.html?GameID=0021200533&GameEventID=394,4,,Atlanta Hawks,Pachulia P.FOUL (P5.T4),8:40
http://stats.nba.com/cvp.html?GameID=0021200533&GameEventID=395,4,,Atlanta Hawks,SUB: Horford FOR Pachulia,8:40
http://stats.nba.com/cvp.html?GameID=0021200533&GameEventID=396,4,,Utah Jazz,MISS Jefferson 14' Turnaround Jump Shot,8:27
http://stats.nba.com/cvp.html?GameID=0021200533&GameEventID=397,4,,Atlanta Hawks,Johnson REBOUND (Off:0 Def:4),8:25
http://stats.nba.com/cvp.html?GameID=0021200533&GameEventID=398,4,,Utah Jazz,Watson P.FOUL (P3.PN),8:12
http://stats.nba.com/cvp.html?GameID=0021200533&GameEventID=399,4,[ 82 - 79 ],Atlanta Hawks,Harris 26' 3PT Jump Shot (15 PTS) (Smith 4 AST),8:02
http://stats.nba.com/cvp.html?GameID=0021200533&GameEventID=400,4,,Utah Jazz,MISS Hayward 25' 3PT Jump Shot,7:39
http://stats.nba.com/cvp.html?GameID=0021200533&GameEventID=401,4,,Atlanta Hawks,Johnson REBOUND (Off:0 Def:5),7:37
http://stats.nba.com/cvp.html?GameID=0021200533&GameEventID=402,4,,Utah Jazz,Foye S.FOUL (P3.PN),7:21
http://stats.nba.com/cvp.html?GameID=0021200533&GameEventID=403,4,,Atlanta Hawks,MISS Harris Free Throw 1 of 3,7:21
http://stats.nba.com/cvp.html?GameID=0021200533&GameEventID=404,4,,Atlanta Hawks,HAWKS Rebound,7:21
http://stats.nba.com/cvp.html?GameID=0021200533&GameEventID=405,4,[ 82 - 80 ],Atlanta Hawks,Harris Free Throw 2 of 3 (16 PTS),7:21
http://stats.nba.com/cvp.html?GameID=0021200533&GameEventID=407,4,,Utah Jazz,SUB: Tinsley FOR Watson,7:21
http://stats.nba.com/cvp.html?GameID=0021200533&GameEventID=408,4,,Atlanta Hawks,MISS Harris Free Throw 3 of 3,7:21
http://stats.nba.com/cvp.html?GameID=0021200533&GameEventID=410,4,,Utah Jazz,Millsap REBOUND (Off:2 Def:8),7:19
http://stats.nba.com/cvp.html?GameID=0021200533&GameEventID=412,4,[ 85 - 80 ],Utah Jazz,Tinsley 25' 3PT Jump Shot (3 PTS) (Jefferson 3 AST),6:59
http://stats.nba.com/cvp.html?GameID=0021200533&GameEventID=413,4,,Utah Jazz,Millsap S.FOUL (P3.PN),6:39
http://stats.nba.com/cvp.html?GameID=0021200533&GameEventID=414,4,,Atlanta Hawks,MISS Johnson Free Throw 1 of 2,6:39
http://stats.nba.com/cvp.html?GameID=0021200533&GameEventID=415,4,,Atlanta Hawks,HAWKS Rebound,6:39
http://stats.nba.com/cvp.html?GameID=0021200533&GameEventID=416,4,[ 85 - 81 ],Atlanta Hawks,Johnson Free Throw 2 of 2 (11 PTS),6:39
http://stats.nba.com/cvp.html?GameID=0021200533&GameEventID=419,4,,Utah Jazz,MISS Jefferson 12' Turnaround Jump Shot,6:16
http://stats.nba.com/cvp.html?GameID=0021200533&GameEventID=421,4,,Atlanta Hawks,HAWKS Rebound,6:14
http://stats.nba.com/cvp.html?GameID=0021200533&GameEventID=420,4,,Atlanta Hawks,Jump Ball Johnson vs. Millsap: Tip to Smith,6:14
http://stats.nba.com/cvp.html?GameID=0021200533&GameEventID=422,4,,Utah Jazz,Hayward P.FOUL (P1.PN),6:06
http://stats.nba.com/cvp.html?GameID=0021200533&GameEventID=423,4,[ 85 - 82 ],Atlanta Hawks,Smith Free Throw 1 of 2 (11 PTS),6:06
http://stats.nba.com/cvp.html?GameID=0021200533&GameEventID=425,4,,Atlanta Hawks,MISS Smith Free Throw 2 of 2,6:06
http://stats.nba.com/cvp.html?GameID=0021200533&GameEventID=427,4,,Utah Jazz,Jefferson REBOUND (Off:1 Def:9),6:05
http://stats.nba.com/cvp.html?GameID=0021200533&GameEventID=428,4,,Atlanta Hawks,Harris STEAL (1 STL),5:56
http://stats.nba.com/cvp.html?GameID=0021200533&GameEventID=428,4,,Utah Jazz,Foye Lost Ball Turnover (P2.T16),5:56
http://stats.nba.com/cvp.html?GameID=0021200533&GameEventID=429,4,,Atlanta Hawks,MISS Williams 1' Driving Layup,5:51
http://stats.nba.com/cvp.html?GameID=0021200533&GameEventID=429,4,,Utah Jazz,Hayward BLOCK (1 BLK),5:51
http://stats.nba.com/cvp.html?GameID=0021200533&GameEventID=430,4,,Atlanta Hawks,Harris REBOUND (Off:1 Def:0),5:49
http://stats.nba.com/cvp.html?GameID=0021200533&GameEventID=431,4,[ 85 - 85 ],Atlanta Hawks,Harris 26' 3PT Jump Shot (19 PTS),5:45
http://stats.nba.com/cvp.html?GameID=0021200533&GameEventID=432,4,[ 87 - 85 ],Utah Jazz,Jefferson 5' Turnaround Hook Shot (19 PTS),5:26
http://stats.nba.com/cvp.html?GameID=0021200533&GameEventID=434,4,,Atlanta Hawks,MISS Smith 7' Running Hook Shot,5:08
http://stats.nba.com/cvp.html?GameID=0021200533&GameEventID=435,4,,Utah Jazz,Millsap REBOUND (Off:2 Def:9),5:07
http://stats.nba.com/cvp.html?GameID=0021200533&GameEventID=436,4,[ 89 - 85 ],Utah Jazz,Jefferson  Dunk (21 PTS) (Tinsley 9 AST),5:00
http://stats.nba.com/cvp.html?GameID=0021200533&GameEventID=437,4,,Atlanta Hawks,MISS Williams 30' 3PT Jump Shot,4:37
http://stats.nba.com/cvp.html?GameID=0021200533&GameEventID=438,4,,Utah Jazz,Hayward REBOUND (Off:0 Def:1),4:36
http://stats.nba.com/cvp.html?GameID=0021200533&GameEventID=439,4,,Atlanta Hawks,Harris STEAL (2 STL),4:27
http://stats.nba.com/cvp.html?GameID=0021200533&GameEventID=439,4,,Utah Jazz,Tinsley Bad Pass Turnover (P4.T17),4:27
http://stats.nba.com/cvp.html?GameID=0021200533&GameEventID=440,4,[ 89 - 87 ],Atlanta Hawks,Harris 1' Running Layup (21 PTS),4:23
http://stats.nba.com/cvp.html?GameID=0021200533&GameEventID=441,4,,Utah Jazz,Millsap S.FOUL (P4.PN),4:23
http://stats.nba.com/cvp.html?GameID=0021200533&GameEventID=446,4,[ 89 - 88 ],Atlanta Hawks,Harris Free Throw 1 of 1 (22 PTS),4:23
http://stats.nba.com/cvp.html?GameID=0021200533&GameEventID=449,4,,Atlanta Hawks,Johnson S.FOUL (P2.PN),4:09
http://stats.nba.com/cvp.html?GameID=0021200533&GameEventID=450,4,,Atlanta Hawks,Smith T.FOUL (P0.PN),4:09
http://stats.nba.com/cvp.html?GameID=0021200533&GameEventID=451,4,[ 90 - 88 ],Utah Jazz,Foye Free Throw Technical (25 PTS),4:09
http://stats.nba.com/cvp.html?GameID=0021200533&GameEventID=453,4,[ 91 - 88 ],Utah Jazz,Millsap Free Throw 1 of 2 (19 PTS),4:09
http://stats.nba.com/cvp.html?GameID=0021200533&GameEventID=455,4,[ 92 - 88 ],Utah Jazz,Millsap Free Throw 2 of 2 (20 PTS),4:09
http://stats.nba.com/cvp.html?GameID=0021200533&GameEventID=458,4,[ 92 - 90 ],Atlanta Hawks,Smith 2' Driving Layup (13 PTS),3:58
http://stats.nba.com/cvp.html?GameID=0021200533&GameEventID=460,4,,Utah Jazz,MISS Millsap 3' Jump Shot,3:36
http://stats.nba.com/cvp.html?GameID=0021200533&GameEventID=461,4,,Atlanta Hawks,Smith REBOUND (Off:0 Def:10),3:35
http://stats.nba.com/cvp.html?GameID=0021200533&GameEventID=462,4,,Atlanta Hawks,MISS Williams 25' 3PT Jump Shot,3:30
http://stats.nba.com/cvp.html?GameID=0021200533&GameEventID=463,4,,Atlanta Hawks,Horford REBOUND (Off:1 Def:1),3:28
http://stats.nba.com/cvp.html?GameID=0021200533&GameEventID=464,4,[ 92 - 92 ],Atlanta Hawks,Horford  Putback Layup (10 PTS),3:26
http://stats.nba.com/cvp.html?GameID=0021200533&GameEventID=465,4,,Utah Jazz,MISS Jefferson 18' Turnaround Fadeaway Shot,2:59
http://stats.nba.com/cvp.html?GameID=0021200533&GameEventID=467,4,,Utah Jazz,Millsap REBOUND (Off:3 Def:9),2:56
http://stats.nba.com/cvp.html?GameID=0021200533&GameEventID=466,4,,Utah Jazz,MISS Millsap  Tip Shot,2:56
http://stats.nba.com/cvp.html?GameID=0021200533&GameEventID=468,4,,Atlanta Hawks,Johnson REBOUND (Off:0 Def:6),2:55
http://stats.nba.com/cvp.html?GameID=0021200533&GameEventID=469,4,[ 92 - 94 ],Atlanta Hawks,Horford 2' Alley Oop Layup (12 PTS) (Smith 5 AST),2:44
http://stats.nba.com/cvp.html?GameID=0021200533&GameEventID=470,4,,Utah Jazz,Jazz Timeout: Regular (Reg.4 Short 0),2:35
http://stats.nba.com/cvp.html?GameID=0021200533&GameEventID=472,4,[ 94 - 94 ],Utah Jazz,Jefferson 2' Layup (23 PTS),2:18
http://stats.nba.com/cvp.html?GameID=0021200533&GameEventID=473,4,,Atlanta Hawks,MISS Horford 5' Turnaround Jump Shot,1:58
http://stats.nba.com/cvp.html?GameID=0021200533&GameEventID=474,4,,Utah Jazz,Millsap REBOUND (Off:3 Def:10),1:55
http://stats.nba.com/cvp.html?GameID=0021200533&GameEventID=475,4,,Utah Jazz,MISS Millsap 18' Fadeaway Jumper,1:34
http://stats.nba.com/cvp.html?GameID=0021200533&GameEventID=476,4,,Atlanta Hawks,Horford REBOUND (Off:1 Def:2),1:31
http://stats.nba.com/cvp.html?GameID=0021200533&GameEventID=477,4,[ 94 - 96 ],Atlanta Hawks,Johnson 1' Running Layup (13 PTS) (Harris 5 AST),1:28
http://stats.nba.com/cvp.html?GameID=0021200533&GameEventID=478,4,,Atlanta Hawks,Horford BLOCK (1 BLK),1:10
http://stats.nba.com/cvp.html?GameID=0021200533&GameEventID=478,4,,Utah Jazz,MISS Hayward  Driving Layup,1:10
http://stats.nba.com/cvp.html?GameID=0021200533&GameEventID=479,4,,Utah Jazz,Jazz Rebound,1:10
http://stats.nba.com/cvp.html?GameID=0021200533&GameEventID=480,4,,Atlanta Hawks,Williams P.FOUL (P1.PN),1:09
http://stats.nba.com/cvp.html?GameID=0021200533&GameEventID=481,4,[ 95 - 96 ],Utah Jazz,Tinsley Free Throw 1 of 2 (4 PTS),1:09
http://stats.nba.com/cvp.html?GameID=0021200533&GameEventID=483,4,,Utah Jazz,MISS Tinsley Free Throw 2 of 2,1:09
http://stats.nba.com/cvp.html?GameID=0021200533&GameEventID=485,4,,Atlanta Hawks,Johnson REBOUND (Off:0 Def:7),1:08
http://stats.nba.com/cvp.html?GameID=0021200533&GameEventID=486,4,,Atlanta Hawks,HAWKS Timeout: Short (Full 4 Short 1),1:08
http://stats.nba.com/cvp.html?GameID=0021200533&GameEventID=488,4,[ 95 - 98 ],Atlanta Hawks,Smith 18' Fadeaway Jumper (15 PTS),0:54
http://stats.nba.com/cvp.html?GameID=0021200533&GameEventID=489,4,,Atlanta Hawks,Johnson BLOCK (1 BLK),0:48
http://stats.nba.com/cvp.html?GameID=0021200533&GameEventID=489,4,,Utah Jazz,MISS Millsap 3' Driving Layup,0:48
http://stats.nba.com/cvp.html?GameID=0021200533&GameEventID=490,4,,Atlanta Hawks,Harris REBOUND (Off:1 Def:1),0:45
http://stats.nba.com/cvp.html?GameID=0021200533&GameEventID=491,4,[ 95 - 101 ],Atlanta Hawks,Williams 24' 3PT Jump Shot (14 PTS) (Smith 6 AST),0:29
http://stats.nba.com/cvp.html?GameID=0021200533&GameEventID=492,4,,Utah Jazz,Jazz Timeout: Regular (Reg.5 Short 0),0:29
http://stats.nba.com/cvp.html?GameID=0021200533&GameEventID=493,4,,Atlanta Hawks,Horford BLOCK (2 BLK),0:24
http://stats.nba.com/cvp.html?GameID=0021200533&GameEventID=493,4,,Utah Jazz,MISS Foye 4' Driving Jump Shot,0:24
http://stats.nba.com/cvp.html?GameID=0021200533&GameEventID=494,4,,Atlanta Hawks,Harris REBOUND (Off:1 Def:2),0:23
http://stats.nba.com/cvp.html?GameID=0021200533&GameEventID=495,4,,Utah Jazz,Millsap P.FOUL (P5.PN),0:23
http://stats.nba.com/cvp.html?GameID=0021200533&GameEventID=496,4,[ 95 - 102 ],Atlanta Hawks,Harris Free Throw 1 of 2 (23 PTS),0:23
http://stats.nba.com/cvp.html?GameID=0021200533&GameEventID=498,4,[ 95 - 103 ],Atlanta Hawks,Harris Free Throw 2 of 2 (24 PTS),0:23
http://stats.nba.com/cvp.html?GameID=0021200533&GameEventID=500,4,,Utah Jazz,Jazz Timeout: Short (Reg.5 Short 1),0:23
http://stats.nba.com/cvp.html?GameID=0021200533&GameEventID=503,4,,Utah Jazz,MISS Hayward  3PT Jump Shot,0:20
http://stats.nba.com/cvp.html?GameID=0021200533&GameEventID=504,4,,Atlanta Hawks,Harris REBOUND (Off:1 Def:3),0:18
