http://stats.nba.com/cvp.html?GameID=0021200336&GameEventID=1,1,,Charlotte Bobcats,Jump Ball Mullens vs. Vucevic: Tip to Nelson,12:00
http://stats.nba.com/cvp.html?GameID=0021200336&GameEventID=2,1,,Charlotte Bobcats,Walker STEAL (1 STL),11:40
http://stats.nba.com/cvp.html?GameID=0021200336&GameEventID=2,1,,Orlando Magic,Afflalo Bad Pass Turnover (P1.T1),11:40
http://stats.nba.com/cvp.html?GameID=0021200336&GameEventID=3,1,[ 0 - 2 ],Charlotte Bobcats,Walker 1' Layup (2 PTS),11:34
http://stats.nba.com/cvp.html?GameID=0021200336&GameEventID=4,1,[ 3 - 2 ],Orlando Magic,Nelson 26' 3PT Jump Shot (3 PTS) (Afflalo 1 AST),11:18
http://stats.nba.com/cvp.html?GameID=0021200336&GameEventID=5,1,,Charlotte Bobcats,MISS Henderson 17' Jump Shot,11:01
http://stats.nba.com/cvp.html?GameID=0021200336&GameEventID=6,1,,Orlando Magic,Vucevic REBOUND (Off:0 Def:1),10:59
http://stats.nba.com/cvp.html?GameID=0021200336&GameEventID=7,1,,Charlotte Bobcats,Kidd-Gilchrist BLOCK (1 BLK),10:51
http://stats.nba.com/cvp.html?GameID=0021200336&GameEventID=7,1,,Orlando Magic,MISS Vucevic 5' Jump Shot,10:51
http://stats.nba.com/cvp.html?GameID=0021200336&GameEventID=8,1,,Charlotte Bobcats,Kidd-Gilchrist REBOUND (Off:0 Def:1),10:49
http://stats.nba.com/cvp.html?GameID=0021200336&GameEventID=9,1,[ 3 - 4 ],Charlotte Bobcats,Kidd-Gilchrist 1' Layup (2 PTS) (Walker 1 AST),10:46
http://stats.nba.com/cvp.html?GameID=0021200336&GameEventID=10,1,,Orlando Magic,Vucevic Palming Turnover (P1.T2),10:30
http://stats.nba.com/cvp.html?GameID=0021200336&GameEventID=11,1,,Orlando Magic,Nelson P.FOUL (P1.T1),10:23
http://stats.nba.com/cvp.html?GameID=0021200336&GameEventID=12,1,[ 3 - 6 ],Charlotte Bobcats,Walker 16' Jump Shot (4 PTS) (Henderson 1 AST),10:06
http://stats.nba.com/cvp.html?GameID=0021200336&GameEventID=13,1,[ 5 - 6 ],Orlando Magic,Harkless 2' Layup (2 PTS) (Nelson 1 AST),9:49
http://stats.nba.com/cvp.html?GameID=0021200336&GameEventID=14,1,,Charlotte Bobcats,MISS Biyombo 6' Hook Shot,9:37
http://stats.nba.com/cvp.html?GameID=0021200336&GameEventID=15,1,,Orlando Magic,Vucevic REBOUND (Off:0 Def:2),9:35
http://stats.nba.com/cvp.html?GameID=0021200336&GameEventID=16,1,,Charlotte Bobcats,Biyombo BLOCK (1 BLK),9:27
http://stats.nba.com/cvp.html?GameID=0021200336&GameEventID=16,1,,Orlando Magic,MISS Nelson 2' Layup,9:27
http://stats.nba.com/cvp.html?GameID=0021200336&GameEventID=17,1,,Charlotte Bobcats,Kidd-Gilchrist REBOUND (Off:0 Def:2),9:25
http://stats.nba.com/cvp.html?GameID=0021200336&GameEventID=18,1,,Orlando Magic,Harkless P.FOUL (P1.T2),9:09
http://stats.nba.com/cvp.html?GameID=0021200336&GameEventID=19,1,,Charlotte Bobcats,MISS Henderson 17' Jump Shot,9:02
http://stats.nba.com/cvp.html?GameID=0021200336&GameEventID=20,1,,Orlando Magic,Davis REBOUND (Off:0 Def:1),9:00
http://stats.nba.com/cvp.html?GameID=0021200336&GameEventID=21,1,,Charlotte Bobcats,Kidd-Gilchrist S.FOUL (P1.T1),8:48
http://stats.nba.com/cvp.html?GameID=0021200336&GameEventID=22,1,,Orlando Magic,MISS Davis Free Throw 1 of 2,8:48
http://stats.nba.com/cvp.html?GameID=0021200336&GameEventID=23,1,,Orlando Magic,Magic Rebound,8:48
http://stats.nba.com/cvp.html?GameID=0021200336&GameEventID=24,1,[ 6 - 6 ],Orlando Magic,Davis Free Throw 2 of 2 (1 PTS),8:48
http://stats.nba.com/cvp.html?GameID=0021200336&GameEventID=26,1,,Charlotte Bobcats,MISS Kidd-Gilchrist 20' Jump Shot,8:25
http://stats.nba.com/cvp.html?GameID=0021200336&GameEventID=27,1,,Orlando Magic,Afflalo REBOUND (Off:0 Def:1),8:24
http://stats.nba.com/cvp.html?GameID=0021200336&GameEventID=28,1,,Orlando Magic,MISS Nelson 26' 3PT Jump Shot,8:19
http://stats.nba.com/cvp.html?GameID=0021200336&GameEventID=29,1,,Charlotte Bobcats,Mullens REBOUND (Off:0 Def:1),8:17
http://stats.nba.com/cvp.html?GameID=0021200336&GameEventID=30,1,,Charlotte Bobcats,MISS Henderson 2' Layup,8:08
http://stats.nba.com/cvp.html?GameID=0021200336&GameEventID=30,1,,Orlando Magic,Nelson BLOCK (1 BLK),8:08
http://stats.nba.com/cvp.html?GameID=0021200336&GameEventID=31,1,,Orlando Magic,Vucevic REBOUND (Off:0 Def:3),8:06
http://stats.nba.com/cvp.html?GameID=0021200336&GameEventID=32,1,[ 9 - 6 ],Orlando Magic,Afflalo 24' 3PT Jump Shot (3 PTS) (Davis 1 AST),7:50
http://stats.nba.com/cvp.html?GameID=0021200336&GameEventID=33,1,,Charlotte Bobcats,MISS Mullens 6' Jump Shot,7:27
http://stats.nba.com/cvp.html?GameID=0021200336&GameEventID=34,1,,Orlando Magic,Vucevic REBOUND (Off:0 Def:4),7:26
http://stats.nba.com/cvp.html?GameID=0021200336&GameEventID=35,1,[ 11 - 6 ],Orlando Magic,Davis 2' Layup (3 PTS),7:11
http://stats.nba.com/cvp.html?GameID=0021200336&GameEventID=36,1,,Charlotte Bobcats,MISS Biyombo 2' Layup,6:46
http://stats.nba.com/cvp.html?GameID=0021200336&GameEventID=36,1,,Orlando Magic,Harkless BLOCK (1 BLK),6:46
http://stats.nba.com/cvp.html?GameID=0021200336&GameEventID=38,1,,Charlotte Bobcats,Biyombo REBOUND (Off:1 Def:0),6:43
http://stats.nba.com/cvp.html?GameID=0021200336&GameEventID=37,1,[ 11 - 8 ],Charlotte Bobcats,Biyombo 1' Putback Dunk (2 PTS),6:43
http://stats.nba.com/cvp.html?GameID=0021200336&GameEventID=39,1,[ 13 - 8 ],Orlando Magic,Nelson 2' Driving Layup (5 PTS),6:29
http://stats.nba.com/cvp.html?GameID=0021200336&GameEventID=40,1,[ 13 - 10 ],Charlotte Bobcats,Mullens 20' Jump Shot (2 PTS) (Henderson 2 AST),6:08
http://stats.nba.com/cvp.html?GameID=0021200336&GameEventID=41,1,[ 15 - 10 ],Orlando Magic,Afflalo 16' Jump Shot (5 PTS) (Nelson 2 AST),5:48
http://stats.nba.com/cvp.html?GameID=0021200336&GameEventID=42,1,,Charlotte Bobcats,MISS Walker 26' 3PT Jump Shot,5:40
http://stats.nba.com/cvp.html?GameID=0021200336&GameEventID=43,1,,Orlando Magic,Harkless REBOUND (Off:0 Def:1),5:39
http://stats.nba.com/cvp.html?GameID=0021200336&GameEventID=44,1,[ 17 - 10 ],Orlando Magic,Nelson 1' Driving Layup (7 PTS),5:31
http://stats.nba.com/cvp.html?GameID=0021200336&GameEventID=45,1,,Charlotte Bobcats,BOBCATS Timeout: Regular (Full 1 Short 0),5:26
http://stats.nba.com/cvp.html?GameID=0021200336&GameEventID=48,1,,Charlotte Bobcats,SUB: Haywood FOR Biyombo,5:26
http://stats.nba.com/cvp.html?GameID=0021200336&GameEventID=49,1,[ 17 - 12 ],Charlotte Bobcats,Walker 8' Driving Jump Shot (6 PTS),5:13
http://stats.nba.com/cvp.html?GameID=0021200336&GameEventID=50,1,,Orlando Magic,MISS Afflalo 10' Turnaround Jump Shot,4:54
http://stats.nba.com/cvp.html?GameID=0021200336&GameEventID=51,1,,Charlotte Bobcats,Mullens REBOUND (Off:0 Def:2),4:51
http://stats.nba.com/cvp.html?GameID=0021200336&GameEventID=52,1,,Charlotte Bobcats,MISS Haywood 5' Hook Shot,4:36
http://stats.nba.com/cvp.html?GameID=0021200336&GameEventID=53,1,,Orlando Magic,Afflalo REBOUND (Off:0 Def:2),4:35
http://stats.nba.com/cvp.html?GameID=0021200336&GameEventID=54,1,[ 19 - 12 ],Orlando Magic,Afflalo 2' Driving Layup (7 PTS),4:25
http://stats.nba.com/cvp.html?GameID=0021200336&GameEventID=55,1,,Charlotte Bobcats,Mullens Bad Pass Turnover (P1.T1),4:11
http://stats.nba.com/cvp.html?GameID=0021200336&GameEventID=56,1,,Orlando Magic,SUB: Redick FOR Harkless,4:11
http://stats.nba.com/cvp.html?GameID=0021200336&GameEventID=57,1,[ 21 - 12 ],Orlando Magic,Davis 6' Jump Bank Hook Shot (5 PTS) (Vucevic 1 AST),3:52
http://stats.nba.com/cvp.html?GameID=0021200336&GameEventID=58,1,[ 21 - 14 ],Charlotte Bobcats,Walker 2' Driving Layup (8 PTS),3:28
http://stats.nba.com/cvp.html?GameID=0021200336&GameEventID=59,1,,Orlando Magic,Magic Timeout: Regular (Reg.1 Short 0),3:20
http://stats.nba.com/cvp.html?GameID=0021200336&GameEventID=62,1,,Charlotte Bobcats,SUB: Gordon FOR Kidd-Gilchrist,3:20
http://stats.nba.com/cvp.html?GameID=0021200336&GameEventID=63,1,,Charlotte Bobcats,SUB: Taylor FOR Henderson,3:20
http://stats.nba.com/cvp.html?GameID=0021200336&GameEventID=64,1,[ 23 - 14 ],Orlando Magic,Davis 2' Driving Layup (7 PTS) (Afflalo 2 AST),3:11
http://stats.nba.com/cvp.html?GameID=0021200336&GameEventID=65,1,,Charlotte Bobcats,MISS Walker 25' 3PT Jump Shot,2:53
http://stats.nba.com/cvp.html?GameID=0021200336&GameEventID=66,1,,Orlando Magic,Magic Rebound,2:52
http://stats.nba.com/cvp.html?GameID=0021200336&GameEventID=67,1,,Orlando Magic,SUB: Moore FOR Vucevic,2:52
http://stats.nba.com/cvp.html?GameID=0021200336&GameEventID=68,1,,Orlando Magic,SUB: Nicholson FOR Afflalo,2:52
http://stats.nba.com/cvp.html?GameID=0021200336&GameEventID=69,1,,Orlando Magic,SUB: Ayon FOR Davis,2:52
http://stats.nba.com/cvp.html?GameID=0021200336&GameEventID=70,1,,Orlando Magic,MISS Moore 22' Jump Shot,2:40
http://stats.nba.com/cvp.html?GameID=0021200336&GameEventID=71,1,,Charlotte Bobcats,Haywood REBOUND (Off:0 Def:1),2:39
http://stats.nba.com/cvp.html?GameID=0021200336&GameEventID=72,1,,Charlotte Bobcats,MISS Gordon 1' Driving Reverse Layup,2:31
http://stats.nba.com/cvp.html?GameID=0021200336&GameEventID=73,1,,Orlando Magic,Nicholson REBOUND (Off:0 Def:1),2:29
http://stats.nba.com/cvp.html?GameID=0021200336&GameEventID=74,1,,Orlando Magic,MISS Moore 25' 3PT Jump Shot,2:18
http://stats.nba.com/cvp.html?GameID=0021200336&GameEventID=75,1,,Charlotte Bobcats,Gordon REBOUND (Off:0 Def:1),2:17
http://stats.nba.com/cvp.html?GameID=0021200336&GameEventID=76,1,,Orlando Magic,Ayon S.FOUL (P1.T3),1:58
http://stats.nba.com/cvp.html?GameID=0021200336&GameEventID=77,1,,Charlotte Bobcats,MISS Mullens Free Throw 1 of 2,1:58
http://stats.nba.com/cvp.html?GameID=0021200336&GameEventID=78,1,,Charlotte Bobcats,BOBCATS Rebound,1:58
http://stats.nba.com/cvp.html?GameID=0021200336&GameEventID=79,1,,Charlotte Bobcats,SUB: Sessions FOR Walker,1:58
http://stats.nba.com/cvp.html?GameID=0021200336&GameEventID=80,1,,Charlotte Bobcats,MISS Mullens Free Throw 2 of 2,1:58
http://stats.nba.com/cvp.html?GameID=0021200336&GameEventID=82,1,,Orlando Magic,Nelson REBOUND (Off:0 Def:1),1:57
http://stats.nba.com/cvp.html?GameID=0021200336&GameEventID=83,1,,Orlando Magic,MISS Nelson 11' Fadeaway Jumper,1:47
http://stats.nba.com/cvp.html?GameID=0021200336&GameEventID=84,1,,Charlotte Bobcats,BOBCATS Rebound,1:47
http://stats.nba.com/cvp.html?GameID=0021200336&GameEventID=85,1,,Orlando Magic,Nicholson L.B.FOUL (P1.PN),1:47
http://stats.nba.com/cvp.html?GameID=0021200336&GameEventID=86,1,[ 23 - 15 ],Charlotte Bobcats,Mullens Free Throw 1 of 2 (3 PTS),1:47
http://stats.nba.com/cvp.html?GameID=0021200336&GameEventID=88,1,,Orlando Magic,SUB: Smith FOR Nelson,1:47
http://stats.nba.com/cvp.html?GameID=0021200336&GameEventID=89,1,,Charlotte Bobcats,MISS Mullens Free Throw 2 of 2,1:47
http://stats.nba.com/cvp.html?GameID=0021200336&GameEventID=91,1,,Orlando Magic,Ayon REBOUND (Off:0 Def:1),1:46
http://stats.nba.com/cvp.html?GameID=0021200336&GameEventID=92,1,[ 25 - 15 ],Orlando Magic,Ayon 2' Driving Layup (2 PTS),1:35
http://stats.nba.com/cvp.html?GameID=0021200336&GameEventID=93,1,[ 25 - 17 ],Charlotte Bobcats,Sessions 1' Driving Layup (2 PTS),1:24
http://stats.nba.com/cvp.html?GameID=0021200336&GameEventID=94,1,,Orlando Magic,MISS Nicholson 17' Jump Shot,1:08
http://stats.nba.com/cvp.html?GameID=0021200336&GameEventID=95,1,,Charlotte Bobcats,Gordon REBOUND (Off:0 Def:2),1:07
http://stats.nba.com/cvp.html?GameID=0021200336&GameEventID=96,1,[ 25 - 19 ],Charlotte Bobcats,Gordon 10' Jump Bank Shot (2 PTS),0:59
http://stats.nba.com/cvp.html?GameID=0021200336&GameEventID=97,1,[ 27 - 19 ],Orlando Magic,Nicholson 1' Layup (2 PTS) (Ayon 1 AST),0:42
http://stats.nba.com/cvp.html?GameID=0021200336&GameEventID=98,1,,Charlotte Bobcats,MISS Mullens 19' Jump Shot,0:28
http://stats.nba.com/cvp.html?GameID=0021200336&GameEventID=100,1,,Charlotte Bobcats,Haywood REBOUND (Off:1 Def:1),0:26
http://stats.nba.com/cvp.html?GameID=0021200336&GameEventID=99,1,[ 27 - 21 ],Charlotte Bobcats,Haywood 7' Hook Shot (2 PTS),0:26
http://stats.nba.com/cvp.html?GameID=0021200336&GameEventID=101,1,,Orlando Magic,MISS Moore 8' Floating Jump Shot,0:04
http://stats.nba.com/cvp.html?GameID=0021200336&GameEventID=103,1,,Orlando Magic,Moore REBOUND (Off:1 Def:0),0:02
http://stats.nba.com/cvp.html?GameID=0021200336&GameEventID=102,1,,Orlando Magic,MISS Moore  Layup,0:02
http://stats.nba.com/cvp.html?GameID=0021200336&GameEventID=105,1,,Orlando Magic,Moore REBOUND (Off:2 Def:0),0:02
http://stats.nba.com/cvp.html?GameID=0021200336&GameEventID=104,1,[ 29 - 21 ],Orlando Magic,Moore  Tip Shot (2 PTS),0:02
http://stats.nba.com/cvp.html?GameID=0021200336&GameEventID=109,2,[ 29 - 23 ],Charlotte Bobcats,Gordon 1' Layup (4 PTS) (Biyombo 1 AST),11:36
http://stats.nba.com/cvp.html?GameID=0021200336&GameEventID=110,2,[ 31 - 23 ],Orlando Magic,Redick 2' Reverse Layup (2 PTS) (Ayon 2 AST),11:22
http://stats.nba.com/cvp.html?GameID=0021200336&GameEventID=111,2,,Charlotte Bobcats,Taylor S.FOUL (P1.T1),11:22
http://stats.nba.com/cvp.html?GameID=0021200336&GameEventID=112,2,,Orlando Magic,SUB: Afflalo FOR Smith,11:22
http://stats.nba.com/cvp.html?GameID=0021200336&GameEventID=113,2,[ 32 - 23 ],Orlando Magic,Redick Free Throw 1 of 1 (3 PTS),11:22
http://stats.nba.com/cvp.html?GameID=0021200336&GameEventID=115,2,,Charlotte Bobcats,MISS Sessions 5' Jump Shot,10:58
http://stats.nba.com/cvp.html?GameID=0021200336&GameEventID=115,2,,Orlando Magic,Moore BLOCK (1 BLK),10:58
http://stats.nba.com/cvp.html?GameID=0021200336&GameEventID=116,2,,Orlando Magic,Nicholson REBOUND (Off:0 Def:2),10:55
http://stats.nba.com/cvp.html?GameID=0021200336&GameEventID=117,2,[ 34 - 23 ],Orlando Magic,Ayon 2' Layup (4 PTS) (Moore 1 AST),10:49
http://stats.nba.com/cvp.html?GameID=0021200336&GameEventID=118,2,,Charlotte Bobcats,BOBCATS Timeout: Short (Full 1 Short 1),10:47
http://stats.nba.com/cvp.html?GameID=0021200336&GameEventID=120,2,,Orlando Magic,Nicholson Violation:Defensive Goaltending,10:40
http://stats.nba.com/cvp.html?GameID=0021200336&GameEventID=119,2,[ 34 - 25 ],Charlotte Bobcats,Gordon 2' Layup (6 PTS) (Sessions 1 AST),10:40
http://stats.nba.com/cvp.html?GameID=0021200336&GameEventID=121,2,,Charlotte Bobcats,Kidd-Gilchrist BLOCK (2 BLK),10:27
http://stats.nba.com/cvp.html?GameID=0021200336&GameEventID=121,2,,Orlando Magic,MISS Ayon 2' Layup,10:27
http://stats.nba.com/cvp.html?GameID=0021200336&GameEventID=122,2,,Orlando Magic,Ayon REBOUND (Off:1 Def:1),10:25
http://stats.nba.com/cvp.html?GameID=0021200336&GameEventID=123,2,[ 36 - 25 ],Orlando Magic,Ayon 1' Layup (6 PTS),10:22
http://stats.nba.com/cvp.html?GameID=0021200336&GameEventID=124,2,[ 36 - 27 ],Charlotte Bobcats,Sessions 1' Layup (4 PTS) (Gordon 1 AST),10:12
http://stats.nba.com/cvp.html?GameID=0021200336&GameEventID=125,2,,Orlando Magic,Moore S.FOUL (P1.T1),10:12
http://stats.nba.com/cvp.html?GameID=0021200336&GameEventID=127,2,[ 36 - 28 ],Charlotte Bobcats,Sessions Free Throw 1 of 1 (5 PTS),10:12
http://stats.nba.com/cvp.html?GameID=0021200336&GameEventID=130,2,,Charlotte Bobcats,Taylor S.FOUL (P2.T2),9:51
http://stats.nba.com/cvp.html?GameID=0021200336&GameEventID=131,2,[ 37 - 28 ],Orlando Magic,Redick Free Throw 1 of 2 (4 PTS),9:51
http://stats.nba.com/cvp.html?GameID=0021200336&GameEventID=133,2,,Charlotte Bobcats,SUB: Henderson FOR Taylor,9:51
http://stats.nba.com/cvp.html?GameID=0021200336&GameEventID=134,2,[ 38 - 28 ],Orlando Magic,Redick Free Throw 2 of 2 (5 PTS),9:51
http://stats.nba.com/cvp.html?GameID=0021200336&GameEventID=136,2,,Charlotte Bobcats,MISS Kidd-Gilchrist 2' Layup,9:35
http://stats.nba.com/cvp.html?GameID=0021200336&GameEventID=138,2,,Charlotte Bobcats,Biyombo REBOUND (Off:2 Def:0),9:32
http://stats.nba.com/cvp.html?GameID=0021200336&GameEventID=137,2,[ 38 - 30 ],Charlotte Bobcats,Biyombo 1' Tip Shot (4 PTS),9:32
http://stats.nba.com/cvp.html?GameID=0021200336&GameEventID=139,2,,Orlando Magic,MISS Redick 26' 3PT Jump Shot,9:25
http://stats.nba.com/cvp.html?GameID=0021200336&GameEventID=140,2,,Charlotte Bobcats,Kidd-Gilchrist REBOUND (Off:0 Def:3),9:24
http://stats.nba.com/cvp.html?GameID=0021200336&GameEventID=141,2,[ 38 - 32 ],Charlotte Bobcats,Sessions 1' Driving Finger Roll Layup (7 PTS),9:20
http://stats.nba.com/cvp.html?GameID=0021200336&GameEventID=142,2,,Orlando Magic,Moore S.FOUL (P2.T2),9:20
http://stats.nba.com/cvp.html?GameID=0021200336&GameEventID=143,2,,Orlando Magic,SUB: Nelson FOR Redick,9:20
http://stats.nba.com/cvp.html?GameID=0021200336&GameEventID=144,2,,Orlando Magic,SUB: Davis FOR Nicholson,9:20
http://stats.nba.com/cvp.html?GameID=0021200336&GameEventID=145,2,[ 38 - 33 ],Charlotte Bobcats,Sessions Free Throw 1 of 1 (8 PTS),9:20
http://stats.nba.com/cvp.html?GameID=0021200336&GameEventID=147,2,,Charlotte Bobcats,Kidd-Gilchrist S.FOUL (P2.T3),9:02
http://stats.nba.com/cvp.html?GameID=0021200336&GameEventID=148,2,,Orlando Magic,MISS Nelson Free Throw 1 of 2,9:02
http://stats.nba.com/cvp.html?GameID=0021200336&GameEventID=149,2,,Orlando Magic,Magic Rebound,9:02
http://stats.nba.com/cvp.html?GameID=0021200336&GameEventID=150,2,,Charlotte Bobcats,SUB: Mullens FOR Kidd-Gilchrist,9:02
http://stats.nba.com/cvp.html?GameID=0021200336&GameEventID=151,2,,Orlando Magic,SUB: Vucevic FOR Ayon,9:02
http://stats.nba.com/cvp.html?GameID=0021200336&GameEventID=152,2,[ 39 - 33 ],Orlando Magic,Nelson Free Throw 2 of 2 (8 PTS),9:02
http://stats.nba.com/cvp.html?GameID=0021200336&GameEventID=154,2,,Charlotte Bobcats,Mullens Double Dribble Turnover (P2.T2),8:49
http://stats.nba.com/cvp.html?GameID=0021200336&GameEventID=157,2,,Charlotte Bobcats,SUB: Walker FOR Gordon,8:49
http://stats.nba.com/cvp.html?GameID=0021200336&GameEventID=159,2,[ 41 - 33 ],Orlando Magic,Moore 1' Driving Layup (4 PTS) (Vucevic 2 AST),8:33
http://stats.nba.com/cvp.html?GameID=0021200336&GameEventID=160,2,,Charlotte Bobcats,MISS Mullens 1' Layup,8:23
http://stats.nba.com/cvp.html?GameID=0021200336&GameEventID=160,2,,Orlando Magic,Vucevic BLOCK (1 BLK),8:23
http://stats.nba.com/cvp.html?GameID=0021200336&GameEventID=161,2,,Charlotte Bobcats,Biyombo REBOUND (Off:3 Def:0),8:20
http://stats.nba.com/cvp.html?GameID=0021200336&GameEventID=162,2,[ 41 - 35 ],Charlotte Bobcats,Henderson 2' Layup (2 PTS) (Mullens 1 AST),8:13
http://stats.nba.com/cvp.html?GameID=0021200336&GameEventID=163,2,,Orlando Magic,MISS Afflalo 15' Jump Shot,7:53
http://stats.nba.com/cvp.html?GameID=0021200336&GameEventID=164,2,,Orlando Magic,Vucevic REBOUND (Off:1 Def:4),7:51
http://stats.nba.com/cvp.html?GameID=0021200336&GameEventID=165,2,,Charlotte Bobcats,Mullens STEAL (1 STL),7:43
http://stats.nba.com/cvp.html?GameID=0021200336&GameEventID=165,2,,Orlando Magic,Vucevic Bad Pass Turnover (P2.T3),7:43
http://stats.nba.com/cvp.html?GameID=0021200336&GameEventID=166,2,,Orlando Magic,Nelson P.FOUL (P2.T3),7:36
http://stats.nba.com/cvp.html?GameID=0021200336&GameEventID=167,2,,Orlando Magic,SUB: Harkless FOR Moore,7:36
http://stats.nba.com/cvp.html?GameID=0021200336&GameEventID=168,2,[ 41 - 37 ],Charlotte Bobcats,Walker 1' Driving Layup (10 PTS),7:22
http://stats.nba.com/cvp.html?GameID=0021200336&GameEventID=169,2,,Charlotte Bobcats,Henderson STEAL (1 STL),7:02
http://stats.nba.com/cvp.html?GameID=0021200336&GameEventID=169,2,,Orlando Magic,Nelson Bad Pass Turnover (P1.T4),7:02
http://stats.nba.com/cvp.html?GameID=0021200336&GameEventID=170,2,[ 41 - 39 ],Charlotte Bobcats,Henderson  Dunk (4 PTS),6:57
http://stats.nba.com/cvp.html?GameID=0021200336&GameEventID=171,2,[ 43 - 39 ],Orlando Magic,Davis 18' Jump Shot (9 PTS) (Harkless 1 AST),6:37
http://stats.nba.com/cvp.html?GameID=0021200336&GameEventID=172,2,,Charlotte Bobcats,MISS Walker 1' Layup,6:23
http://stats.nba.com/cvp.html?GameID=0021200336&GameEventID=173,2,,Charlotte Bobcats,Biyombo REBOUND (Off:4 Def:0),6:21
http://stats.nba.com/cvp.html?GameID=0021200336&GameEventID=174,2,,Charlotte Bobcats,MISS Sessions 20' Jump Shot,6:02
http://stats.nba.com/cvp.html?GameID=0021200336&GameEventID=175,2,,Orlando Magic,Afflalo REBOUND (Off:0 Def:3),6:01
http://stats.nba.com/cvp.html?GameID=0021200336&GameEventID=176,2,[ 45 - 39 ],Orlando Magic,Nelson 1' Driving Reverse Layup (10 PTS),5:47
http://stats.nba.com/cvp.html?GameID=0021200336&GameEventID=177,2,[ 45 - 41 ],Charlotte Bobcats,Henderson 19' Jump Shot (6 PTS) (Walker 2 AST),5:36
http://stats.nba.com/cvp.html?GameID=0021200336&GameEventID=178,2,,Orlando Magic,MISS Davis 20' Jump Shot,5:16
http://stats.nba.com/cvp.html?GameID=0021200336&GameEventID=180,2,,Orlando Magic,Vucevic REBOUND (Off:2 Def:4),5:14
http://stats.nba.com/cvp.html?GameID=0021200336&GameEventID=179,2,[ 47 - 41 ],Orlando Magic,Vucevic  Tip Shot (2 PTS),5:14
http://stats.nba.com/cvp.html?GameID=0021200336&GameEventID=181,2,,Charlotte Bobcats,MISS Henderson 2' Driving Layup,4:50
http://stats.nba.com/cvp.html?GameID=0021200336&GameEventID=181,2,,Orlando Magic,Harkless BLOCK (2 BLK),4:50
http://stats.nba.com/cvp.html?GameID=0021200336&GameEventID=182,2,,Charlotte Bobcats,BOBCATS Rebound,4:50
http://stats.nba.com/cvp.html?GameID=0021200336&GameEventID=183,2,,Charlotte Bobcats,BOBCATS Timeout: Regular (Full 2 Short 1),4:50
http://stats.nba.com/cvp.html?GameID=0021200336&GameEventID=185,2,,Charlotte Bobcats,SUB: Haywood FOR Mullens,4:50
http://stats.nba.com/cvp.html?GameID=0021200336&GameEventID=187,2,,Charlotte Bobcats,MISS Walker 18' Jump Shot,4:46
http://stats.nba.com/cvp.html?GameID=0021200336&GameEventID=188,2,,Orlando Magic,Harkless REBOUND (Off:0 Def:2),4:45
http://stats.nba.com/cvp.html?GameID=0021200336&GameEventID=189,2,,Orlando Magic,Vucevic Traveling Turnover (P3.T5),4:42
http://stats.nba.com/cvp.html?GameID=0021200336&GameEventID=190,2,,Orlando Magic,Davis S.FOUL (P1.T4),4:27
http://stats.nba.com/cvp.html?GameID=0021200336&GameEventID=191,2,,Charlotte Bobcats,MISS Sessions Free Throw 1 of 2,4:27
http://stats.nba.com/cvp.html?GameID=0021200336&GameEventID=192,2,,Charlotte Bobcats,BOBCATS Rebound,4:27
http://stats.nba.com/cvp.html?GameID=0021200336&GameEventID=193,2,[ 47 - 42 ],Charlotte Bobcats,Sessions Free Throw 2 of 2 (9 PTS),4:27
http://stats.nba.com/cvp.html?GameID=0021200336&GameEventID=195,2,,Orlando Magic,MISS Vucevic 8' Jump Shot,4:13
http://stats.nba.com/cvp.html?GameID=0021200336&GameEventID=196,2,,Charlotte Bobcats,Henderson REBOUND (Off:0 Def:1),4:12
http://stats.nba.com/cvp.html?GameID=0021200336&GameEventID=197,2,[ 47 - 44 ],Charlotte Bobcats,Walker 22' Jump Shot (12 PTS) (Sessions 2 AST),3:57
http://stats.nba.com/cvp.html?GameID=0021200336&GameEventID=198,2,,Orlando Magic,MISS Vucevic 18' Jump Shot,3:39
http://stats.nba.com/cvp.html?GameID=0021200336&GameEventID=199,2,,Charlotte Bobcats,Henderson REBOUND (Off:0 Def:2),3:38
http://stats.nba.com/cvp.html?GameID=0021200336&GameEventID=200,2,,Charlotte Bobcats,Walker Bad Pass Turnover (P1.T3),3:25
http://stats.nba.com/cvp.html?GameID=0021200336&GameEventID=201,2,,Orlando Magic,SUB: Redick FOR Afflalo,3:25
http://stats.nba.com/cvp.html?GameID=0021200336&GameEventID=202,2,,Orlando Magic,MISS Davis 6' Jump Shot,3:04
http://stats.nba.com/cvp.html?GameID=0021200336&GameEventID=204,2,,Orlando Magic,Vucevic REBOUND (Off:3 Def:4),3:02
http://stats.nba.com/cvp.html?GameID=0021200336&GameEventID=203,2,[ 49 - 44 ],Orlando Magic,Vucevic 1' Tip Shot (4 PTS),3:02
http://stats.nba.com/cvp.html?GameID=0021200336&GameEventID=205,2,,Orlando Magic,Harkless S.FOUL (P2.PN),2:54
http://stats.nba.com/cvp.html?GameID=0021200336&GameEventID=206,2,,Orlando Magic,Magic Timeout: Regular (Reg.2 Short 0),2:54
http://stats.nba.com/cvp.html?GameID=0021200336&GameEventID=208,2,,Orlando Magic,SUB: Nicholson FOR Vucevic,2:54
http://stats.nba.com/cvp.html?GameID=0021200336&GameEventID=209,2,,Charlotte Bobcats,SUB: Kidd-Gilchrist FOR Sessions,2:54
http://stats.nba.com/cvp.html?GameID=0021200336&GameEventID=210,2,[ 49 - 45 ],Charlotte Bobcats,Henderson Free Throw 1 of 2 (7 PTS),2:54
http://stats.nba.com/cvp.html?GameID=0021200336&GameEventID=212,2,[ 49 - 46 ],Charlotte Bobcats,Henderson Free Throw 2 of 2 (8 PTS),2:54
http://stats.nba.com/cvp.html?GameID=0021200336&GameEventID=214,2,[ 51 - 46 ],Orlando Magic,Nelson 12' Floating Jump Shot (12 PTS),2:35
http://stats.nba.com/cvp.html?GameID=0021200336&GameEventID=215,2,,Charlotte Bobcats,MISS Henderson 2' Layup,2:19
http://stats.nba.com/cvp.html?GameID=0021200336&GameEventID=216,2,,Orlando Magic,Davis REBOUND (Off:0 Def:2),2:17
http://stats.nba.com/cvp.html?GameID=0021200336&GameEventID=217,2,,Orlando Magic,Redick OFF.Foul (P1),2:12
http://stats.nba.com/cvp.html?GameID=0021200336&GameEventID=218,2,,Orlando Magic,Redick Foul Turnover (P1.T6),2:12
http://stats.nba.com/cvp.html?GameID=0021200336&GameEventID=219,2,[ 51 - 48 ],Charlotte Bobcats,Henderson 20' Jump Shot (10 PTS) (Walker 3 AST),1:54
http://stats.nba.com/cvp.html?GameID=0021200336&GameEventID=220,2,[ 54 - 48 ],Orlando Magic,Redick 26' 3PT Jump Shot (8 PTS) (Nelson 3 AST),1:31
http://stats.nba.com/cvp.html?GameID=0021200336&GameEventID=221,2,,Charlotte Bobcats,Henderson OFF.Foul (P1),1:18
http://stats.nba.com/cvp.html?GameID=0021200336&GameEventID=222,2,,Charlotte Bobcats,Henderson Foul Turnover (P1.T4),1:18
http://stats.nba.com/cvp.html?GameID=0021200336&GameEventID=223,2,,Orlando Magic,MISS Nicholson 8' Jump Shot,1:02
http://stats.nba.com/cvp.html?GameID=0021200336&GameEventID=224,2,,Charlotte Bobcats,Walker REBOUND (Off:0 Def:1),1:00
http://stats.nba.com/cvp.html?GameID=0021200336&GameEventID=225,2,,Charlotte Bobcats,MISS Walker 7' Jump Shot,0:53
http://stats.nba.com/cvp.html?GameID=0021200336&GameEventID=226,2,,Orlando Magic,Redick REBOUND (Off:0 Def:1),0:52
http://stats.nba.com/cvp.html?GameID=0021200336&GameEventID=234,2,,Orlando Magic,MISS Nelson 3' Layup,0:48
http://stats.nba.com/cvp.html?GameID=0021200336&GameEventID=236,2,,Charlotte Bobcats,BOBCATS Rebound,0:48
http://stats.nba.com/cvp.html?GameID=0021200336&GameEventID=228,2,,Charlotte Bobcats,Kidd-Gilchrist Offensive Charge Foul (P3.T4),0:32
http://stats.nba.com/cvp.html?GameID=0021200336&GameEventID=229,2,,Charlotte Bobcats,Kidd-Gilchrist Foul Turnover (P1.T5),0:32
http://stats.nba.com/cvp.html?GameID=0021200336&GameEventID=230,2,,Charlotte Bobcats,SUB: Taylor FOR Kidd-Gilchrist,0:32
http://stats.nba.com/cvp.html?GameID=0021200336&GameEventID=231,2,,Orlando Magic,MISS Nelson 28' 3PT Jump Shot,0:08
http://stats.nba.com/cvp.html?GameID=0021200336&GameEventID=232,2,,Orlando Magic,Davis REBOUND (Off:1 Def:2),0:06
http://stats.nba.com/cvp.html?GameID=0021200336&GameEventID=233,2,[ 56 - 48 ],Orlando Magic,Davis 18' Jump Shot (11 PTS),0:04
http://stats.nba.com/cvp.html?GameID=0021200336&GameEventID=239,3,,Orlando Magic,Nelson S.FOUL (P3.T1),11:45
http://stats.nba.com/cvp.html?GameID=0021200336&GameEventID=240,3,,Charlotte Bobcats,MISS Walker Free Throw 1 of 2,11:45
http://stats.nba.com/cvp.html?GameID=0021200336&GameEventID=241,3,,Charlotte Bobcats,BOBCATS Rebound,11:45
http://stats.nba.com/cvp.html?GameID=0021200336&GameEventID=242,3,[ 56 - 49 ],Charlotte Bobcats,Walker Free Throw 2 of 2 (13 PTS),11:45
http://stats.nba.com/cvp.html?GameID=0021200336&GameEventID=244,3,[ 58 - 49 ],Orlando Magic,Davis 16' Jump Shot (13 PTS) (Nelson 4 AST),11:26
http://stats.nba.com/cvp.html?GameID=0021200336&GameEventID=245,3,,Charlotte Bobcats,MISS Biyombo 2' Layup,11:05
http://stats.nba.com/cvp.html?GameID=0021200336&GameEventID=246,3,,Orlando Magic,Vucevic REBOUND (Off:3 Def:5),11:04
http://stats.nba.com/cvp.html?GameID=0021200336&GameEventID=247,3,[ 60 - 49 ],Orlando Magic,Afflalo 1' Layup (9 PTS) (Davis 2 AST),10:55
http://stats.nba.com/cvp.html?GameID=0021200336&GameEventID=248,3,,Charlotte Bobcats,MISS Kidd-Gilchrist 15' Jump Shot,10:40
http://stats.nba.com/cvp.html?GameID=0021200336&GameEventID=248,3,,Orlando Magic,Harkless BLOCK (3 BLK),10:40
http://stats.nba.com/cvp.html?GameID=0021200336&GameEventID=249,3,,Charlotte Bobcats,Kidd-Gilchrist REBOUND (Off:1 Def:3),10:40
http://stats.nba.com/cvp.html?GameID=0021200336&GameEventID=250,3,,Charlotte Bobcats,Kidd-Gilchrist Step Out of Bounds Turnover (P2.T6),10:40
http://stats.nba.com/cvp.html?GameID=0021200336&GameEventID=251,3,,Orlando Magic,MISS Afflalo 22' Jump Shot,10:23
http://stats.nba.com/cvp.html?GameID=0021200336&GameEventID=252,3,,Charlotte Bobcats,Kidd-Gilchrist REBOUND (Off:1 Def:4),10:22
http://stats.nba.com/cvp.html?GameID=0021200336&GameEventID=253,3,[ 60 - 51 ],Charlotte Bobcats,Henderson 1' Dunk (12 PTS) (Walker 4 AST),10:16
http://stats.nba.com/cvp.html?GameID=0021200336&GameEventID=254,3,,Charlotte Bobcats,Kidd-Gilchrist BLOCK (3 BLK),10:03
http://stats.nba.com/cvp.html?GameID=0021200336&GameEventID=254,3,,Orlando Magic,MISS Vucevic 3' Jump Shot,10:03
http://stats.nba.com/cvp.html?GameID=0021200336&GameEventID=256,3,,Orlando Magic,Vucevic REBOUND (Off:4 Def:5),10:00
http://stats.nba.com/cvp.html?GameID=0021200336&GameEventID=255,3,[ 62 - 51 ],Orlando Magic,Vucevic  Tip Shot (6 PTS),10:00
http://stats.nba.com/cvp.html?GameID=0021200336&GameEventID=257,3,[ 62 - 53 ],Charlotte Bobcats,Walker 1' Driving Layup (15 PTS),9:36
http://stats.nba.com/cvp.html?GameID=0021200336&GameEventID=258,3,,Orlando Magic,Vucevic 3 Second Violation Turnover (P4.T7),9:23
http://stats.nba.com/cvp.html?GameID=0021200336&GameEventID=259,3,,Charlotte Bobcats,MISS Henderson 1' Reverse Layup,9:06
http://stats.nba.com/cvp.html?GameID=0021200336&GameEventID=259,3,,Orlando Magic,Harkless BLOCK (4 BLK),9:06
http://stats.nba.com/cvp.html?GameID=0021200336&GameEventID=260,3,,Orlando Magic,Harkless REBOUND (Off:0 Def:3),9:04
http://stats.nba.com/cvp.html?GameID=0021200336&GameEventID=261,3,,Orlando Magic,Harkless Bad Pass Turnover (P1.T8),9:01
http://stats.nba.com/cvp.html?GameID=0021200336&GameEventID=262,3,[ 62 - 56 ],Charlotte Bobcats,Walker 26' 3PT Jump Shot (18 PTS),8:51
http://stats.nba.com/cvp.html?GameID=0021200336&GameEventID=263,3,,Charlotte Bobcats,Biyombo BLOCK (2 BLK),8:30
http://stats.nba.com/cvp.html?GameID=0021200336&GameEventID=263,3,,Orlando Magic,MISS Davis 2' Layup,8:30
http://stats.nba.com/cvp.html?GameID=0021200336&GameEventID=264,3,,Orlando Magic,Nelson REBOUND (Off:1 Def:1),8:28
http://stats.nba.com/cvp.html?GameID=0021200336&GameEventID=265,3,,Orlando Magic,MISS Nelson 24' 3PT Jump Shot,8:24
http://stats.nba.com/cvp.html?GameID=0021200336&GameEventID=266,3,,Charlotte Bobcats,Biyombo REBOUND (Off:4 Def:1),8:23
http://stats.nba.com/cvp.html?GameID=0021200336&GameEventID=267,3,,Orlando Magic,Nelson S.FOUL (P4.T2),8:18
http://stats.nba.com/cvp.html?GameID=0021200336&GameEventID=268,3,[ 62 - 57 ],Charlotte Bobcats,Walker Free Throw 1 of 2 (19 PTS),8:18
http://stats.nba.com/cvp.html?GameID=0021200336&GameEventID=270,3,,Charlotte Bobcats,SUB: Taylor FOR Henderson,8:18
http://stats.nba.com/cvp.html?GameID=0021200336&GameEventID=271,3,,Orlando Magic,SUB: Redick FOR Harkless,8:18
http://stats.nba.com/cvp.html?GameID=0021200336&GameEventID=272,3,,Orlando Magic,SUB: Moore FOR Nelson,8:18
http://stats.nba.com/cvp.html?GameID=0021200336&GameEventID=273,3,[ 62 - 58 ],Charlotte Bobcats,Walker Free Throw 2 of 2 (20 PTS),8:18
http://stats.nba.com/cvp.html?GameID=0021200336&GameEventID=275,3,[ 64 - 58 ],Orlando Magic,Vucevic 18' Jump Shot (8 PTS) (Moore 2 AST),8:02
http://stats.nba.com/cvp.html?GameID=0021200336&GameEventID=276,3,[ 64 - 60 ],Charlotte Bobcats,Biyombo 8' Hook Shot (6 PTS) (Walker 5 AST),7:39
http://stats.nba.com/cvp.html?GameID=0021200336&GameEventID=278,3,,Orlando Magic,Davis OFF.Foul (P2),7:23
http://stats.nba.com/cvp.html?GameID=0021200336&GameEventID=279,3,,Orlando Magic,Davis Foul Turnover (P1.T9),7:23
http://stats.nba.com/cvp.html?GameID=0021200336&GameEventID=280,3,,Orlando Magic,Magic Violation: Delay of game Violation,7:23
http://stats.nba.com/cvp.html?GameID=0021200336&GameEventID=281,3,[ 64 - 63 ],Charlotte Bobcats,Mullens 27' 3PT Jump Shot (6 PTS) (Walker 6 AST),7:08
http://stats.nba.com/cvp.html?GameID=0021200336&GameEventID=282,3,,Charlotte Bobcats,Biyombo S.FOUL (P1.T1),6:49
http://stats.nba.com/cvp.html?GameID=0021200336&GameEventID=283,3,[ 65 - 63 ],Orlando Magic,Davis Free Throw 1 of 2 (14 PTS),6:49
http://stats.nba.com/cvp.html?GameID=0021200336&GameEventID=285,3,[ 66 - 63 ],Orlando Magic,Davis Free Throw 2 of 2 (15 PTS),6:49
http://stats.nba.com/cvp.html?GameID=0021200336&GameEventID=287,3,,Orlando Magic,Afflalo S.FOUL (P1.T3),6:29
http://stats.nba.com/cvp.html?GameID=0021200336&GameEventID=288,3,,Charlotte Bobcats,MISS Kidd-Gilchrist Free Throw 1 of 2,6:29
http://stats.nba.com/cvp.html?GameID=0021200336&GameEventID=289,3,,Charlotte Bobcats,BOBCATS Rebound,6:29
http://stats.nba.com/cvp.html?GameID=0021200336&GameEventID=290,3,[ 66 - 64 ],Charlotte Bobcats,Kidd-Gilchrist Free Throw 2 of 2 (3 PTS),6:29
http://stats.nba.com/cvp.html?GameID=0021200336&GameEventID=292,3,,Orlando Magic,MISS Redick 26' 3PT Jump Shot,6:05
http://stats.nba.com/cvp.html?GameID=0021200336&GameEventID=293,3,,Orlando Magic,Afflalo REBOUND (Off:1 Def:3),6:02
http://stats.nba.com/cvp.html?GameID=0021200336&GameEventID=294,3,,Orlando Magic,MISS Moore 26' 3PT Jump Shot,5:53
http://stats.nba.com/cvp.html?GameID=0021200336&GameEventID=295,3,,Charlotte Bobcats,Biyombo REBOUND (Off:4 Def:2),5:51
http://stats.nba.com/cvp.html?GameID=0021200336&GameEventID=296,3,,Charlotte Bobcats,MISS Walker 1' Layup,5:45
http://stats.nba.com/cvp.html?GameID=0021200336&GameEventID=297,3,,Orlando Magic,Vucevic REBOUND (Off:4 Def:6),5:41
http://stats.nba.com/cvp.html?GameID=0021200336&GameEventID=298,3,,Orlando Magic,MISS Redick 24' 3PT Jump Shot,5:37
http://stats.nba.com/cvp.html?GameID=0021200336&GameEventID=299,3,,Charlotte Bobcats,Taylor REBOUND (Off:0 Def:1),5:35
http://stats.nba.com/cvp.html?GameID=0021200336&GameEventID=300,3,[ 66 - 67 ],Charlotte Bobcats,Taylor 26' 3PT Jump Shot (3 PTS) (Walker 7 AST),5:17
http://stats.nba.com/cvp.html?GameID=0021200336&GameEventID=301,3,,Orlando Magic,Magic Timeout: Regular (Reg.3 Short 0),5:07
http://stats.nba.com/cvp.html?GameID=0021200336&GameEventID=305,3,,Orlando Magic,SUB: Nicholson FOR Davis,5:07
http://stats.nba.com/cvp.html?GameID=0021200336&GameEventID=306,3,,Charlotte Bobcats,SUB: Sessions FOR Walker,5:07
http://stats.nba.com/cvp.html?GameID=0021200336&GameEventID=307,3,[ 68 - 67 ],Orlando Magic,Afflalo 7' Driving Jump Shot (11 PTS),4:55
http://stats.nba.com/cvp.html?GameID=0021200336&GameEventID=308,3,,Charlotte Bobcats,Kidd-Gilchrist S.FOUL (P4.T2),4:55
http://stats.nba.com/cvp.html?GameID=0021200336&GameEventID=309,3,,Orlando Magic,SUB: Ayon FOR Vucevic,4:55
http://stats.nba.com/cvp.html?GameID=0021200336&GameEventID=310,3,,Charlotte Bobcats,SUB: Gordon FOR Kidd-Gilchrist,4:55
http://stats.nba.com/cvp.html?GameID=0021200336&GameEventID=311,3,[ 69 - 67 ],Orlando Magic,Afflalo Free Throw 1 of 1 (12 PTS),4:55
http://stats.nba.com/cvp.html?GameID=0021200336&GameEventID=313,3,[ 69 - 69 ],Charlotte Bobcats,Mullens 2' Layup (8 PTS),4:38
http://stats.nba.com/cvp.html?GameID=0021200336&GameEventID=315,3,,Orlando Magic,MISS Afflalo 1' Driving Layup,4:21
http://stats.nba.com/cvp.html?GameID=0021200336&GameEventID=316,3,,Charlotte Bobcats,Mullens REBOUND (Off:0 Def:3),4:20
http://stats.nba.com/cvp.html?GameID=0021200336&GameEventID=317,3,[ 69 - 71 ],Charlotte Bobcats,Sessions 2' Layup (11 PTS) (Gordon 2 AST),4:15
http://stats.nba.com/cvp.html?GameID=0021200336&GameEventID=318,3,,Charlotte Bobcats,Taylor P.FOUL (P3.T3),3:56
http://stats.nba.com/cvp.html?GameID=0021200336&GameEventID=319,3,,Charlotte Bobcats,Taylor S.FOUL (P4.T4),3:52
http://stats.nba.com/cvp.html?GameID=0021200336&GameEventID=320,3,[ 70 - 71 ],Orlando Magic,Ayon Free Throw 1 of 2 (7 PTS),3:52
http://stats.nba.com/cvp.html?GameID=0021200336&GameEventID=322,3,[ 71 - 71 ],Orlando Magic,Ayon Free Throw 2 of 2 (8 PTS),3:52
http://stats.nba.com/cvp.html?GameID=0021200336&GameEventID=324,3,[ 71 - 73 ],Charlotte Bobcats,Sessions 2' Driving Layup (13 PTS),3:43
http://stats.nba.com/cvp.html?GameID=0021200336&GameEventID=325,3,[ 73 - 73 ],Orlando Magic,Moore 1' Driving Layup (6 PTS),3:35
http://stats.nba.com/cvp.html?GameID=0021200336&GameEventID=326,3,,Charlotte Bobcats,Sessions Bad Pass Turnover (P1.T7),3:19
http://stats.nba.com/cvp.html?GameID=0021200336&GameEventID=328,3,,Charlotte Bobcats,Mullens Violation:Defensive Goaltending,3:04
http://stats.nba.com/cvp.html?GameID=0021200336&GameEventID=327,3,[ 75 - 73 ],Orlando Magic,Afflalo 1' Driving Layup (14 PTS),3:04
http://stats.nba.com/cvp.html?GameID=0021200336&GameEventID=329,3,,Charlotte Bobcats,MISS Biyombo 5' Hook Shot,2:50
http://stats.nba.com/cvp.html?GameID=0021200336&GameEventID=330,3,,Orlando Magic,Nicholson REBOUND (Off:0 Def:3),2:48
http://stats.nba.com/cvp.html?GameID=0021200336&GameEventID=331,3,[ 77 - 73 ],Orlando Magic,Nicholson 5' Driving Jump Shot (4 PTS) (Afflalo 3 AST),2:38
http://stats.nba.com/cvp.html?GameID=0021200336&GameEventID=332,3,,Charlotte Bobcats,BOBCATS Timeout: Regular (Full 3 Short 1),2:38
http://stats.nba.com/cvp.html?GameID=0021200336&GameEventID=335,3,,Charlotte Bobcats,SUB: Haywood FOR Biyombo,2:38
http://stats.nba.com/cvp.html?GameID=0021200336&GameEventID=336,3,,Charlotte Bobcats,MISS Mullens 7' Hook Shot,2:18
http://stats.nba.com/cvp.html?GameID=0021200336&GameEventID=337,3,,Charlotte Bobcats,BOBCATS Rebound,2:18
http://stats.nba.com/cvp.html?GameID=0021200336&GameEventID=338,3,,Orlando Magic,Redick L.B.FOUL (P2.T4),2:18
http://stats.nba.com/cvp.html?GameID=0021200336&GameEventID=339,3,,Charlotte Bobcats,Haywood Bad Pass Turnover (P1.T8),2:05
http://stats.nba.com/cvp.html?GameID=0021200336&GameEventID=339,3,,Orlando Magic,Moore STEAL (1 STL),2:05
http://stats.nba.com/cvp.html?GameID=0021200336&GameEventID=340,3,[ 79 - 73 ],Orlando Magic,Afflalo 2' Layup (16 PTS) (Moore 3 AST),1:59
http://stats.nba.com/cvp.html?GameID=0021200336&GameEventID=341,3,[ 79 - 75 ],Charlotte Bobcats,Mullens 2' Dunk (10 PTS) (Gordon 3 AST),1:36
http://stats.nba.com/cvp.html?GameID=0021200336&GameEventID=342,3,,Orlando Magic,MISS Moore 16' Jump Shot,1:21
http://stats.nba.com/cvp.html?GameID=0021200336&GameEventID=343,3,,Charlotte Bobcats,Gordon REBOUND (Off:0 Def:3),1:20
http://stats.nba.com/cvp.html?GameID=0021200336&GameEventID=344,3,,Charlotte Bobcats,MISS Gordon 26' 3PT Jump Shot,1:06
http://stats.nba.com/cvp.html?GameID=0021200336&GameEventID=345,3,,Orlando Magic,Redick REBOUND (Off:0 Def:2),1:04
http://stats.nba.com/cvp.html?GameID=0021200336&GameEventID=346,3,[ 81 - 75 ],Orlando Magic,Nicholson 19' Jump Shot (6 PTS) (Redick 1 AST),0:50
http://stats.nba.com/cvp.html?GameID=0021200336&GameEventID=347,3,,Charlotte Bobcats,MISS Gordon 25' 3PT Jump Shot,0:42
http://stats.nba.com/cvp.html?GameID=0021200336&GameEventID=348,3,,Charlotte Bobcats,BOBCATS Rebound,0:42
http://stats.nba.com/cvp.html?GameID=0021200336&GameEventID=349,3,,Orlando Magic,Nicholson L.B.FOUL (P2.PN),0:42
http://stats.nba.com/cvp.html?GameID=0021200336&GameEventID=351,3,[ 81 - 76 ],Charlotte Bobcats,Mullens Free Throw 1 of 2 (11 PTS),0:42
http://stats.nba.com/cvp.html?GameID=0021200336&GameEventID=354,3,,Charlotte Bobcats,SUB: Henderson FOR Gordon,0:42
http://stats.nba.com/cvp.html?GameID=0021200336&GameEventID=352,3,[ 81 - 77 ],Charlotte Bobcats,Mullens Free Throw 2 of 2 (12 PTS),0:42
http://stats.nba.com/cvp.html?GameID=0021200336&GameEventID=358,3,,Charlotte Bobcats,SUB: Biyombo FOR Mullens,0:33
http://stats.nba.com/cvp.html?GameID=0021200336&GameEventID=359,3,,Orlando Magic,MISS Afflalo 26' 3PT Jump Shot,0:18
http://stats.nba.com/cvp.html?GameID=0021200336&GameEventID=361,3,,Charlotte Bobcats,Biyombo REBOUND (Off:4 Def:3),0:15
http://stats.nba.com/cvp.html?GameID=0021200336&GameEventID=360,3,,Charlotte Bobcats,Jump Ball Biyombo vs. Ayon: Tip to Sessions,0:15
http://stats.nba.com/cvp.html?GameID=0021200336&GameEventID=364,3,,Charlotte Bobcats,MISS Sessions 4' Jump Shot,0:02
http://stats.nba.com/cvp.html?GameID=0021200336&GameEventID=362,3,,Orlando Magic,Ayon REBOUND (Off:1 Def:2),0:00
http://stats.nba.com/cvp.html?GameID=0021200336&GameEventID=367,4,,Orlando Magic,MISS Redick 26' 3PT Jump Shot,12:00
http://stats.nba.com/cvp.html?GameID=0021200336&GameEventID=368,4,,Orlando Magic,Ayon REBOUND (Off:2 Def:2),11:33
http://stats.nba.com/cvp.html?GameID=0021200336&GameEventID=369,4,,Charlotte Bobcats,Henderson STEAL (2 STL),11:31
http://stats.nba.com/cvp.html?GameID=0021200336&GameEventID=369,4,,Orlando Magic,Ayon Lost Ball Turnover (P1.T10),11:31
http://stats.nba.com/cvp.html?GameID=0021200336&GameEventID=370,4,,Charlotte Bobcats,MISS Sessions 7' Jump Shot,11:12
http://stats.nba.com/cvp.html?GameID=0021200336&GameEventID=370,4,,Orlando Magic,Moore BLOCK (2 BLK),11:12
http://stats.nba.com/cvp.html?GameID=0021200336&GameEventID=371,4,,Orlando Magic,Redick REBOUND (Off:0 Def:3),11:09
http://stats.nba.com/cvp.html?GameID=0021200336&GameEventID=372,4,,Orlando Magic,MISS Redick 25' 3PT Jump Shot,11:05
http://stats.nba.com/cvp.html?GameID=0021200336&GameEventID=373,4,,Charlotte Bobcats,Walker REBOUND (Off:0 Def:2),11:03
http://stats.nba.com/cvp.html?GameID=0021200336&GameEventID=374,4,,Charlotte Bobcats,Walker Bad Pass Turnover (P2.T9),10:55
http://stats.nba.com/cvp.html?GameID=0021200336&GameEventID=375,4,[ 83 - 77 ],Orlando Magic,Nicholson 2' Reverse Layup (8 PTS) (Ayon 3 AST),10:39
http://stats.nba.com/cvp.html?GameID=0021200336&GameEventID=376,4,,Orlando Magic,Nelson Shooting Block Foul (P5.T1),10:18
http://stats.nba.com/cvp.html?GameID=0021200336&GameEventID=377,4,[ 83 - 78 ],Charlotte Bobcats,Walker Free Throw 1 of 2 (21 PTS),10:18
http://stats.nba.com/cvp.html?GameID=0021200336&GameEventID=379,4,,Orlando Magic,SUB: Harkless FOR Nelson,10:18
http://stats.nba.com/cvp.html?GameID=0021200336&GameEventID=380,4,[ 83 - 79 ],Charlotte Bobcats,Walker Free Throw 2 of 2 (22 PTS),10:18
http://stats.nba.com/cvp.html?GameID=0021200336&GameEventID=382,4,,Orlando Magic,Ayon Bad Pass Turnover (P2.T11),9:57
http://stats.nba.com/cvp.html?GameID=0021200336&GameEventID=383,4,[ 83 - 81 ],Charlotte Bobcats,Haywood 10' Jump Shot (4 PTS) (Henderson 3 AST),9:35
http://stats.nba.com/cvp.html?GameID=0021200336&GameEventID=384,4,,Charlotte Bobcats,Biyombo BLOCK (3 BLK),9:13
http://stats.nba.com/cvp.html?GameID=0021200336&GameEventID=384,4,,Orlando Magic,MISS Nicholson 2' Layup,9:13
http://stats.nba.com/cvp.html?GameID=0021200336&GameEventID=385,4,,Charlotte Bobcats,Sessions REBOUND (Off:0 Def:1),9:11
http://stats.nba.com/cvp.html?GameID=0021200336&GameEventID=386,4,,Charlotte Bobcats,MISS Henderson 17' Jump Shot,9:04
http://stats.nba.com/cvp.html?GameID=0021200336&GameEventID=387,4,,Charlotte Bobcats,BOBCATS Rebound,9:04
http://stats.nba.com/cvp.html?GameID=0021200336&GameEventID=388,4,,Orlando Magic,Nicholson L.B.FOUL (P3.T2),9:04
http://stats.nba.com/cvp.html?GameID=0021200336&GameEventID=389,4,,Orlando Magic,SUB: Davis FOR Nicholson,9:04
http://stats.nba.com/cvp.html?GameID=0021200336&GameEventID=390,4,,Orlando Magic,SUB: Vucevic FOR Ayon,9:04
http://stats.nba.com/cvp.html?GameID=0021200336&GameEventID=391,4,,Charlotte Bobcats,SUB: Mullens FOR Haywood,9:00
http://stats.nba.com/cvp.html?GameID=0021200336&GameEventID=392,4,,Charlotte Bobcats,MISS Henderson 16' Jump Shot,8:53
http://stats.nba.com/cvp.html?GameID=0021200336&GameEventID=393,4,,Orlando Magic,Vucevic REBOUND (Off:4 Def:7),8:51
http://stats.nba.com/cvp.html?GameID=0021200336&GameEventID=394,4,[ 86 - 81 ],Orlando Magic,Redick 26' 3PT Jump Shot (11 PTS) (Moore 4 AST),8:45
http://stats.nba.com/cvp.html?GameID=0021200336&GameEventID=395,4,,Orlando Magic,Harkless S.FOUL (P3.T3),8:26
http://stats.nba.com/cvp.html?GameID=0021200336&GameEventID=397,4,,Orlando Magic,SUB: Afflalo FOR Harkless,8:26
http://stats.nba.com/cvp.html?GameID=0021200336&GameEventID=399,4,[ 86 - 82 ],Charlotte Bobcats,Henderson Free Throw 1 of 2 (13 PTS),8:26
http://stats.nba.com/cvp.html?GameID=0021200336&GameEventID=401,4,[ 86 - 83 ],Charlotte Bobcats,Henderson Free Throw 2 of 2 (14 PTS),8:26
http://stats.nba.com/cvp.html?GameID=0021200336&GameEventID=404,4,[ 88 - 83 ],Orlando Magic,Davis 12' Turnaround Hook Shot (17 PTS) (Moore 5 AST),8:01
http://stats.nba.com/cvp.html?GameID=0021200336&GameEventID=405,4,,Charlotte Bobcats,Biyombo OFF.Foul (P2),7:52
http://stats.nba.com/cvp.html?GameID=0021200336&GameEventID=406,4,,Charlotte Bobcats,Biyombo Foul Turnover (P1.T10),7:52
http://stats.nba.com/cvp.html?GameID=0021200336&GameEventID=407,4,,Orlando Magic,MISS Redick 26' 3PT Jump Shot,7:37
http://stats.nba.com/cvp.html?GameID=0021200336&GameEventID=408,4,,Charlotte Bobcats,Henderson REBOUND (Off:0 Def:3),7:36
http://stats.nba.com/cvp.html?GameID=0021200336&GameEventID=409,4,,Charlotte Bobcats,MISS Sessions  3PT Jump Shot,7:19
http://stats.nba.com/cvp.html?GameID=0021200336&GameEventID=410,4,,Orlando Magic,Vucevic REBOUND (Off:4 Def:8),7:17
http://stats.nba.com/cvp.html?GameID=0021200336&GameEventID=411,4,,Orlando Magic,Moore Traveling Turnover (P1.T12),7:11
http://stats.nba.com/cvp.html?GameID=0021200336&GameEventID=412,4,,Orlando Magic,Davis S.FOUL (P3.T4),6:57
http://stats.nba.com/cvp.html?GameID=0021200336&GameEventID=413,4,[ 88 - 84 ],Charlotte Bobcats,Sessions Free Throw 1 of 2 (14 PTS),6:57
http://stats.nba.com/cvp.html?GameID=0021200336&GameEventID=415,4,,Charlotte Bobcats,MISS Sessions Free Throw 2 of 2,6:57
http://stats.nba.com/cvp.html?GameID=0021200336&GameEventID=417,4,,Orlando Magic,Davis REBOUND (Off:1 Def:3),6:56
http://stats.nba.com/cvp.html?GameID=0021200336&GameEventID=418,4,,Charlotte Bobcats,Henderson S.FOUL (P2.T1),6:34
http://stats.nba.com/cvp.html?GameID=0021200336&GameEventID=419,4,[ 89 - 84 ],Orlando Magic,Davis Free Throw 1 of 2 (18 PTS),6:34
http://stats.nba.com/cvp.html?GameID=0021200336&GameEventID=421,4,,Charlotte Bobcats,SUB: Taylor FOR Sessions,6:34
http://stats.nba.com/cvp.html?GameID=0021200336&GameEventID=422,4,[ 90 - 84 ],Orlando Magic,Davis Free Throw 2 of 2 (19 PTS),6:34
http://stats.nba.com/cvp.html?GameID=0021200336&GameEventID=424,4,,Orlando Magic,Davis P.FOUL (P4.PN),6:16
http://stats.nba.com/cvp.html?GameID=0021200336&GameEventID=425,4,[ 90 - 85 ],Charlotte Bobcats,Henderson Free Throw 1 of 2 (15 PTS),6:16
http://stats.nba.com/cvp.html?GameID=0021200336&GameEventID=427,4,,Orlando Magic,SUB: Nelson FOR Moore,6:16
http://stats.nba.com/cvp.html?GameID=0021200336&GameEventID=428,4,[ 90 - 86 ],Charlotte Bobcats,Henderson Free Throw 2 of 2 (16 PTS),6:16
http://stats.nba.com/cvp.html?GameID=0021200336&GameEventID=431,4,,Charlotte Bobcats,BOBCATS Timeout: Regular (Full 4 Short 1),5:56
http://stats.nba.com/cvp.html?GameID=0021200336&GameEventID=435,4,[ 92 - 86 ],Orlando Magic,Vucevic 1' Layup (10 PTS) (Redick 2 AST),5:49
http://stats.nba.com/cvp.html?GameID=0021200336&GameEventID=436,4,,Orlando Magic,Afflalo S.FOUL (P2.PN),5:24
http://stats.nba.com/cvp.html?GameID=0021200336&GameEventID=437,4,[ 92 - 87 ],Charlotte Bobcats,Walker Free Throw 1 of 2 (23 PTS),5:24
http://stats.nba.com/cvp.html?GameID=0021200336&GameEventID=439,4,,Charlotte Bobcats,SUB: Sessions FOR Taylor,5:24
http://stats.nba.com/cvp.html?GameID=0021200336&GameEventID=440,4,[ 92 - 88 ],Charlotte Bobcats,Walker Free Throw 2 of 2 (24 PTS),5:24
http://stats.nba.com/cvp.html?GameID=0021200336&GameEventID=442,4,,Orlando Magic,MISS Afflalo 10' Jump Shot,5:09
http://stats.nba.com/cvp.html?GameID=0021200336&GameEventID=443,4,,Charlotte Bobcats,Biyombo REBOUND (Off:4 Def:4),5:08
http://stats.nba.com/cvp.html?GameID=0021200336&GameEventID=444,4,,Charlotte Bobcats,MISS Mullens 27' 3PT Jump Shot,5:03
http://stats.nba.com/cvp.html?GameID=0021200336&GameEventID=445,4,,Orlando Magic,Afflalo REBOUND (Off:1 Def:4),5:01
http://stats.nba.com/cvp.html?GameID=0021200336&GameEventID=446,4,,Orlando Magic,Afflalo OFF.Foul (P3),4:58
http://stats.nba.com/cvp.html?GameID=0021200336&GameEventID=447,4,,Orlando Magic,Afflalo Foul Turnover (P2.T13),4:58
http://stats.nba.com/cvp.html?GameID=0021200336&GameEventID=448,4,[ 92 - 91 ],Charlotte Bobcats,Walker 26' 3PT Jump Shot (27 PTS),4:36
http://stats.nba.com/cvp.html?GameID=0021200336&GameEventID=449,4,,Charlotte Bobcats,Mullens BLOCK (1 BLK),4:15
http://stats.nba.com/cvp.html?GameID=0021200336&GameEventID=449,4,,Orlando Magic,MISS Davis 2' Layup,4:15
http://stats.nba.com/cvp.html?GameID=0021200336&GameEventID=450,4,,Charlotte Bobcats,Henderson REBOUND (Off:0 Def:4),4:13
http://stats.nba.com/cvp.html?GameID=0021200336&GameEventID=451,4,[ 92 - 93 ],Charlotte Bobcats,Walker  Layup (29 PTS) (Henderson 4 AST),4:08
http://stats.nba.com/cvp.html?GameID=0021200336&GameEventID=452,4,,Orlando Magic,Magic Timeout: Regular (Reg.4 Short 0),4:07
http://stats.nba.com/cvp.html?GameID=0021200336&GameEventID=456,4,[ 94 - 93 ],Orlando Magic,Afflalo 8' Turnaround Jump Shot (18 PTS),3:51
http://stats.nba.com/cvp.html?GameID=0021200336&GameEventID=457,4,,Charlotte Bobcats,MISS Henderson 15' Jump Shot,3:34
http://stats.nba.com/cvp.html?GameID=0021200336&GameEventID=458,4,,Orlando Magic,Nelson REBOUND (Off:1 Def:2),3:32
http://stats.nba.com/cvp.html?GameID=0021200336&GameEventID=459,4,,Orlando Magic,Magic Timeout: Short (Reg.4 Short 1),3:27
http://stats.nba.com/cvp.html?GameID=0021200336&GameEventID=461,4,,Orlando Magic,SUB: Moore FOR Afflalo,3:27
http://stats.nba.com/cvp.html?GameID=0021200336&GameEventID=462,4,,Charlotte Bobcats,SUB: Haywood FOR Mullens,3:27
http://stats.nba.com/cvp.html?GameID=0021200336&GameEventID=463,4,,Charlotte Bobcats,Haywood S.FOUL (P1.T2),3:20
http://stats.nba.com/cvp.html?GameID=0021200336&GameEventID=464,4,,Orlando Magic,MISS Davis Free Throw 1 of 2,3:20
http://stats.nba.com/cvp.html?GameID=0021200336&GameEventID=465,4,,Orlando Magic,Magic Rebound,3:20
http://stats.nba.com/cvp.html?GameID=0021200336&GameEventID=466,4,,Charlotte Bobcats,SUB: Mullens FOR Haywood,3:20
http://stats.nba.com/cvp.html?GameID=0021200336&GameEventID=467,4,,Orlando Magic,SUB: Afflalo FOR Moore,3:20
http://stats.nba.com/cvp.html?GameID=0021200336&GameEventID=468,4,[ 95 - 93 ],Orlando Magic,Davis Free Throw 2 of 2 (20 PTS),3:20
http://stats.nba.com/cvp.html?GameID=0021200336&GameEventID=470,4,,Charlotte Bobcats,Biyombo Traveling Turnover (P2.T11),3:04
http://stats.nba.com/cvp.html?GameID=0021200336&GameEventID=471,4,[ 98 - 93 ],Orlando Magic,Redick 27' 3PT Jump Shot (14 PTS) (Nelson 5 AST),2:52
http://stats.nba.com/cvp.html?GameID=0021200336&GameEventID=472,4,,Charlotte Bobcats,BOBCATS Timeout: Regular (Full 5 Short 1),2:47
http://stats.nba.com/cvp.html?GameID=0021200336&GameEventID=475,4,,Charlotte Bobcats,SUB: Gordon FOR Sessions,2:47
http://stats.nba.com/cvp.html?GameID=0021200336&GameEventID=476,4,,Charlotte Bobcats,MISS Henderson 8' Turnaround Fadeaway Shot,2:29
http://stats.nba.com/cvp.html?GameID=0021200336&GameEventID=477,4,,Orlando Magic,Redick REBOUND (Off:0 Def:4),2:26
http://stats.nba.com/cvp.html?GameID=0021200336&GameEventID=478,4,,Orlando Magic,Davis OFF.Foul (P5),2:12
http://stats.nba.com/cvp.html?GameID=0021200336&GameEventID=479,4,,Orlando Magic,Davis Foul Turnover (P2.T14),2:12
http://stats.nba.com/cvp.html?GameID=0021200336&GameEventID=480,4,,Charlotte Bobcats,MISS Walker 1' Layup,1:51
http://stats.nba.com/cvp.html?GameID=0021200336&GameEventID=482,4,,Charlotte Bobcats,Mullens REBOUND (Off:1 Def:3),1:50
http://stats.nba.com/cvp.html?GameID=0021200336&GameEventID=481,4,,Charlotte Bobcats,MISS Mullens  Putback Dunk,1:50
http://stats.nba.com/cvp.html?GameID=0021200336&GameEventID=483,4,,Orlando Magic,Nelson REBOUND (Off:1 Def:3),1:48
http://stats.nba.com/cvp.html?GameID=0021200336&GameEventID=484,4,[ 100 - 93 ],Orlando Magic,Nelson 7' Jump Shot (14 PTS) (Redick 3 AST),1:31
http://stats.nba.com/cvp.html?GameID=0021200336&GameEventID=485,4,,Charlotte Bobcats,MISS Walker 6' Jump Shot,1:17
http://stats.nba.com/cvp.html?GameID=0021200336&GameEventID=487,4,,Charlotte Bobcats,Biyombo REBOUND (Off:5 Def:4),1:16
http://stats.nba.com/cvp.html?GameID=0021200336&GameEventID=486,4,[ 100 - 95 ],Charlotte Bobcats,Biyombo 1' Dunk (8 PTS),1:16
http://stats.nba.com/cvp.html?GameID=0021200336&GameEventID=488,4,,Charlotte Bobcats,Biyombo Violation:Kicked Ball,0:59
http://stats.nba.com/cvp.html?GameID=0021200336&GameEventID=490,4,,Charlotte Bobcats,SUB: Sessions FOR Henderson,0:59
http://stats.nba.com/cvp.html?GameID=0021200336&GameEventID=489,4,,Charlotte Bobcats,Gordon P.FOUL (P1.T3),0:56
http://stats.nba.com/cvp.html?GameID=0021200336&GameEventID=491,4,[ 102 - 95 ],Orlando Magic,Nelson 19' Jump Shot (16 PTS),0:44
http://stats.nba.com/cvp.html?GameID=0021200336&GameEventID=492,4,[ 102 - 97 ],Charlotte Bobcats,Walker 1' Driving Layup (31 PTS),0:40
http://stats.nba.com/cvp.html?GameID=0021200336&GameEventID=493,4,,Orlando Magic,Vucevic S.FOUL (P1.PN),0:40
http://stats.nba.com/cvp.html?GameID=0021200336&GameEventID=494,4,,Charlotte Bobcats,SUB: Taylor FOR Gordon,0:40
http://stats.nba.com/cvp.html?GameID=0021200336&GameEventID=495,4,[ 102 - 98 ],Charlotte Bobcats,Walker Free Throw 1 of 1 (32 PTS),0:40
http://stats.nba.com/cvp.html?GameID=0021200336&GameEventID=499,4,[ 104 - 98 ],Orlando Magic,Vucevic 1' Dunk (12 PTS) (Nelson 6 AST),0:21
http://stats.nba.com/cvp.html?GameID=0021200336&GameEventID=500,4,,Charlotte Bobcats,Walker S.FOUL (P1.PN),0:21
http://stats.nba.com/cvp.html?GameID=0021200336&GameEventID=501,4,,Charlotte Bobcats,BOBCATS Timeout: Regular (Full 6 Short 1),0:21
http://stats.nba.com/cvp.html?GameID=0021200336&GameEventID=503,4,,Orlando Magic,SUB: Moore FOR Nelson,0:21
http://stats.nba.com/cvp.html?GameID=0021200336&GameEventID=504,4,[ 105 - 98 ],Orlando Magic,Vucevic Free Throw 1 of 1 (13 PTS),0:21
http://stats.nba.com/cvp.html?GameID=0021200336&GameEventID=506,4,,Charlotte Bobcats,MISS Mullens 27' 3PT Jump Shot,0:13
http://stats.nba.com/cvp.html?GameID=0021200336&GameEventID=507,4,,Orlando Magic,Vucevic REBOUND (Off:4 Def:9),0:11
http://stats.nba.com/cvp.html?GameID=0021200336&GameEventID=508,4,,Charlotte Bobcats,Sessions Personal Take Foul (P1.PN),0:09
http://stats.nba.com/cvp.html?GameID=0021200336&GameEventID=509,4,[ 106 - 98 ],Orlando Magic,Afflalo Free Throw 1 of 2 (19 PTS),0:09
http://stats.nba.com/cvp.html?GameID=0021200336&GameEventID=515,4,,Charlotte Bobcats,SUB: Henderson FOR Biyombo,0:09
http://stats.nba.com/cvp.html?GameID=0021200336&GameEventID=511,4,[ 107 - 98 ],Orlando Magic,Afflalo Free Throw 2 of 2 (20 PTS),0:09
http://stats.nba.com/cvp.html?GameID=0021200336&GameEventID=513,4,,Charlotte Bobcats,MISS Walker 26' 3PT Jump Shot,0:03
http://stats.nba.com/cvp.html?GameID=0021200336&GameEventID=514,4,,Orlando Magic,Afflalo REBOUND (Off:1 Def:5),0:02
