http://stats.nba.com/cvp.html?GameID=0021201037&GameEventID=1,1,,Denver Nuggets,Jump Ball Koufos vs. Thompson: Tip to Faried,12:00
http://stats.nba.com/cvp.html?GameID=0021201037&GameEventID=2,1,[ 0 - 2 ],Denver Nuggets,Faried 1' Layup (2 PTS) (Iguodala 1 AST),11:41
http://stats.nba.com/cvp.html?GameID=0021201037&GameEventID=3,1,,Sacramento Kings,Cousins 3 Second Violation Turnover (P1.T1),11:18
http://stats.nba.com/cvp.html?GameID=0021201037&GameEventID=4,1,,Denver Nuggets,MISS Iguodala 14' Turnaround Jump Shot,10:59
http://stats.nba.com/cvp.html?GameID=0021201037&GameEventID=5,1,,Sacramento Kings,Cousins REBOUND (Off:0 Def:1),10:58
http://stats.nba.com/cvp.html?GameID=0021201037&GameEventID=6,1,,Denver Nuggets,Faried P.FOUL (P1.T1),10:55
http://stats.nba.com/cvp.html?GameID=0021201037&GameEventID=7,1,,Sacramento Kings,MISS Thomas 25' 3PT Jump Shot,10:45
http://stats.nba.com/cvp.html?GameID=0021201037&GameEventID=8,1,,Denver Nuggets,Gallinari REBOUND (Off:0 Def:1),10:44
http://stats.nba.com/cvp.html?GameID=0021201037&GameEventID=9,1,[ 0 - 4 ],Denver Nuggets,Miller 2' Driving Reverse Layup (2 PTS),10:34
http://stats.nba.com/cvp.html?GameID=0021201037&GameEventID=10,1,[ 2 - 4 ],Sacramento Kings,Thompson 2' Dunk (2 PTS) (Thomas 1 AST),10:28
http://stats.nba.com/cvp.html?GameID=0021201037&GameEventID=11,1,[ 2 - 7 ],Denver Nuggets,Iguodala 26' 3PT Jump Shot (3 PTS) (Koufos 1 AST),10:06
http://stats.nba.com/cvp.html?GameID=0021201037&GameEventID=12,1,,Sacramento Kings,Cousins Offensive Charge Foul (P1.T1),9:50
http://stats.nba.com/cvp.html?GameID=0021201037&GameEventID=13,1,,Sacramento Kings,Cousins Foul Turnover (P2.T2),9:50
http://stats.nba.com/cvp.html?GameID=0021201037&GameEventID=14,1,[ 2 - 9 ],Denver Nuggets,Gallinari 1' Dunk (2 PTS) (Miller 1 AST),9:37
http://stats.nba.com/cvp.html?GameID=0021201037&GameEventID=15,1,,Sacramento Kings,Kings Timeout: Regular (Reg.1 Short 0),9:30
http://stats.nba.com/cvp.html?GameID=0021201037&GameEventID=19,1,,Sacramento Kings,Salmons Bad Pass Turnover (P1.T3),9:17
http://stats.nba.com/cvp.html?GameID=0021201037&GameEventID=20,1,[ 2 - 11 ],Denver Nuggets,Faried 4' Jump Bank Hook Shot (4 PTS) (Iguodala 2 AST),8:58
http://stats.nba.com/cvp.html?GameID=0021201037&GameEventID=21,1,,Sacramento Kings,MISS Thompson 6' Jump Hook Shot,8:45
http://stats.nba.com/cvp.html?GameID=0021201037&GameEventID=22,1,,Denver Nuggets,Gallinari REBOUND (Off:0 Def:2),8:44
http://stats.nba.com/cvp.html?GameID=0021201037&GameEventID=23,1,,Denver Nuggets,MISS Gallinari 4' Running Bank Shot,8:30
http://stats.nba.com/cvp.html?GameID=0021201037&GameEventID=24,1,,Sacramento Kings,Cousins REBOUND (Off:0 Def:2),8:29
http://stats.nba.com/cvp.html?GameID=0021201037&GameEventID=25,1,,Sacramento Kings,MISS Cousins 19' Jump Shot,8:19
http://stats.nba.com/cvp.html?GameID=0021201037&GameEventID=26,1,,Denver Nuggets,Gallinari REBOUND (Off:0 Def:3),8:17
http://stats.nba.com/cvp.html?GameID=0021201037&GameEventID=27,1,,Denver Nuggets,Miller Bad Pass Turnover (P1.T1),8:14
http://stats.nba.com/cvp.html?GameID=0021201037&GameEventID=27,1,,Sacramento Kings,Thompson STEAL (1 STL),8:14
http://stats.nba.com/cvp.html?GameID=0021201037&GameEventID=28,1,[ 4 - 11 ],Sacramento Kings,Cousins 1' Slam Dunk (2 PTS) (Thomas 2 AST),8:08
http://stats.nba.com/cvp.html?GameID=0021201037&GameEventID=29,1,[ 4 - 13 ],Denver Nuggets,Iguodala 2' Driving Slam Dunk (5 PTS),7:51
http://stats.nba.com/cvp.html?GameID=0021201037&GameEventID=30,1,,Sacramento Kings,MISS Salmons  3PT Jump Shot,7:36
http://stats.nba.com/cvp.html?GameID=0021201037&GameEventID=32,1,,Sacramento Kings,Cousins REBOUND (Off:1 Def:2),7:35
http://stats.nba.com/cvp.html?GameID=0021201037&GameEventID=31,1,[ 6 - 13 ],Sacramento Kings,Cousins 2' Putback Layup (4 PTS),7:34
http://stats.nba.com/cvp.html?GameID=0021201037&GameEventID=33,1,,Denver Nuggets,MISS Iguodala 3' Driving Layup,7:13
http://stats.nba.com/cvp.html?GameID=0021201037&GameEventID=33,1,,Sacramento Kings,Salmons BLOCK (1 BLK),7:13
http://stats.nba.com/cvp.html?GameID=0021201037&GameEventID=34,1,,Denver Nuggets,NUGGETS Rebound,7:13
http://stats.nba.com/cvp.html?GameID=0021201037&GameEventID=36,1,,Denver Nuggets,MISS Koufos 7' Jump Shot,7:07
http://stats.nba.com/cvp.html?GameID=0021201037&GameEventID=36,1,,Sacramento Kings,Cousins BLOCK (1 BLK),7:07
http://stats.nba.com/cvp.html?GameID=0021201037&GameEventID=37,1,,Denver Nuggets,Faried REBOUND (Off:1 Def:0),7:06
http://stats.nba.com/cvp.html?GameID=0021201037&GameEventID=38,1,,Denver Nuggets,MISS Faried 15' Jump Shot,7:05
http://stats.nba.com/cvp.html?GameID=0021201037&GameEventID=39,1,,Denver Nuggets,NUGGETS Rebound,7:04
http://stats.nba.com/cvp.html?GameID=0021201037&GameEventID=40,1,,Denver Nuggets,NUGGETS Turnover: Shot Clock (T#2),7:04
http://stats.nba.com/cvp.html?GameID=0021201037&GameEventID=41,1,,Sacramento Kings,Cousins Bad Pass Turnover (P3.T4),6:49
http://stats.nba.com/cvp.html?GameID=0021201037&GameEventID=42,1,,Denver Nuggets,MISS Miller 5' Turnaround Jump Shot,6:30
http://stats.nba.com/cvp.html?GameID=0021201037&GameEventID=43,1,,Sacramento Kings,Cousins REBOUND (Off:1 Def:3),6:29
http://stats.nba.com/cvp.html?GameID=0021201037&GameEventID=44,1,[ 8 - 13 ],Sacramento Kings,Cousins 1' Dunk (6 PTS) (Thomas 3 AST),6:20
http://stats.nba.com/cvp.html?GameID=0021201037&GameEventID=46,1,,Denver Nuggets,MISS Miller 17' Jump Shot,5:55
http://stats.nba.com/cvp.html?GameID=0021201037&GameEventID=47,1,,Sacramento Kings,Kings Rebound,5:54
http://stats.nba.com/cvp.html?GameID=0021201037&GameEventID=48,1,,Denver Nuggets,Koufos L.B.FOUL (P1.T2),5:54
http://stats.nba.com/cvp.html?GameID=0021201037&GameEventID=49,1,,Denver Nuggets,Gallinari STEAL (1 STL),5:41
http://stats.nba.com/cvp.html?GameID=0021201037&GameEventID=49,1,,Sacramento Kings,Cousins Bad Pass Turnover (P4.T5),5:41
http://stats.nba.com/cvp.html?GameID=0021201037&GameEventID=50,1,[ 8 - 15 ],Denver Nuggets,Koufos 3' Jump Shot (2 PTS) (Gallinari 1 AST),5:35
http://stats.nba.com/cvp.html?GameID=0021201037&GameEventID=51,1,,Sacramento Kings,Kings Timeout: Short (Reg.1 Short 1),5:25
http://stats.nba.com/cvp.html?GameID=0021201037&GameEventID=54,1,,Denver Nuggets,SUB: Stone FOR Koufos,5:25
http://stats.nba.com/cvp.html?GameID=0021201037&GameEventID=55,1,,Denver Nuggets,SUB: McGee FOR Miller,5:25
http://stats.nba.com/cvp.html?GameID=0021201037&GameEventID=56,1,,Denver Nuggets,McGee BLOCK (1 BLK),5:12
http://stats.nba.com/cvp.html?GameID=0021201037&GameEventID=56,1,,Sacramento Kings,MISS Evans 2' Driving Layup,5:12
http://stats.nba.com/cvp.html?GameID=0021201037&GameEventID=57,1,,Denver Nuggets,Faried REBOUND (Off:1 Def:1),5:11
http://stats.nba.com/cvp.html?GameID=0021201037&GameEventID=58,1,[ 8 - 18 ],Denver Nuggets,Gallinari 24' 3PT Jump Shot (5 PTS) (Iguodala 3 AST),5:03
http://stats.nba.com/cvp.html?GameID=0021201037&GameEventID=59,1,,Denver Nuggets,Iguodala STEAL (1 STL),4:52
http://stats.nba.com/cvp.html?GameID=0021201037&GameEventID=59,1,,Sacramento Kings,Thomas Bad Pass Turnover (P1.T6),4:52
http://stats.nba.com/cvp.html?GameID=0021201037&GameEventID=60,1,,Sacramento Kings,Evans C.P.FOUL (P1.T2),4:50
http://stats.nba.com/cvp.html?GameID=0021201037&GameEventID=63,1,,Denver Nuggets,MISS Gallinari Free Throw Clear Path 1 of 2,4:50
http://stats.nba.com/cvp.html?GameID=0021201037&GameEventID=64,1,,Denver Nuggets,NUGGETS Rebound,4:50
http://stats.nba.com/cvp.html?GameID=0021201037&GameEventID=65,1,[ 8 - 19 ],Denver Nuggets,Gallinari Free Throw Clear Path 2 of 2 (6 PTS),4:50
http://stats.nba.com/cvp.html?GameID=0021201037&GameEventID=67,1,,Sacramento Kings,SUB: Thornton FOR Evans,4:50
http://stats.nba.com/cvp.html?GameID=0021201037&GameEventID=68,1,,Denver Nuggets,Gallinari L.B.FOUL (P1.T3),4:46
http://stats.nba.com/cvp.html?GameID=0021201037&GameEventID=69,1,,Denver Nuggets,Gallinari Foul Turnover (P1.T3),4:46
http://stats.nba.com/cvp.html?GameID=0021201037&GameEventID=70,1,,Denver Nuggets,McGee S.FOUL (P1.T4),4:27
http://stats.nba.com/cvp.html?GameID=0021201037&GameEventID=71,1,[ 9 - 19 ],Sacramento Kings,Cousins Free Throw 1 of 2 (7 PTS),4:27
http://stats.nba.com/cvp.html?GameID=0021201037&GameEventID=73,1,,Denver Nuggets,SUB: Brewer FOR Gallinari,4:27
http://stats.nba.com/cvp.html?GameID=0021201037&GameEventID=74,1,,Sacramento Kings,MISS Cousins Free Throw 2 of 2,4:27
http://stats.nba.com/cvp.html?GameID=0021201037&GameEventID=76,1,,Denver Nuggets,Faried REBOUND (Off:1 Def:2),4:25
http://stats.nba.com/cvp.html?GameID=0021201037&GameEventID=77,1,[ 9 - 21 ],Denver Nuggets,McGee 2' Alley Oop Dunk (2 PTS) (Faried 1 AST),4:12
http://stats.nba.com/cvp.html?GameID=0021201037&GameEventID=78,1,,Sacramento Kings,MISS Cousins 21' Jump Shot,4:00
http://stats.nba.com/cvp.html?GameID=0021201037&GameEventID=79,1,,Denver Nuggets,Faried REBOUND (Off:1 Def:3),3:59
http://stats.nba.com/cvp.html?GameID=0021201037&GameEventID=80,1,,Denver Nuggets,McGee Bad Pass Turnover (P1.T4),3:47
http://stats.nba.com/cvp.html?GameID=0021201037&GameEventID=81,1,[ 11 - 21 ],Sacramento Kings,Thompson 9' Jump Shot (4 PTS) (Cousins 1 AST),3:28
http://stats.nba.com/cvp.html?GameID=0021201037&GameEventID=82,1,,Denver Nuggets,MISS Iguodala 11' Jump Bank Shot,3:16
http://stats.nba.com/cvp.html?GameID=0021201037&GameEventID=83,1,,Denver Nuggets,McGee REBOUND (Off:1 Def:0),3:14
http://stats.nba.com/cvp.html?GameID=0021201037&GameEventID=84,1,,Denver Nuggets,MISS McGee 3' Layup,3:11
http://stats.nba.com/cvp.html?GameID=0021201037&GameEventID=84,1,,Sacramento Kings,Cousins BLOCK (2 BLK),3:11
http://stats.nba.com/cvp.html?GameID=0021201037&GameEventID=85,1,,Sacramento Kings,Cousins REBOUND (Off:1 Def:4),3:09
http://stats.nba.com/cvp.html?GameID=0021201037&GameEventID=86,1,[ 13 - 21 ],Sacramento Kings,Thornton 2' Layup (2 PTS) (Cousins 2 AST),3:01
http://stats.nba.com/cvp.html?GameID=0021201037&GameEventID=87,1,[ 13 - 23 ],Denver Nuggets,McGee 2' Driving Finger Roll Layup (4 PTS),2:48
http://stats.nba.com/cvp.html?GameID=0021201037&GameEventID=88,1,,Sacramento Kings,MISS Thompson 15' Jump Shot,2:31
http://stats.nba.com/cvp.html?GameID=0021201037&GameEventID=89,1,,Denver Nuggets,Stone REBOUND (Off:0 Def:1),2:29
http://stats.nba.com/cvp.html?GameID=0021201037&GameEventID=91,1,,Denver Nuggets,NUGGETS Timeout: Regular (Full 1 Short 0),2:26
http://stats.nba.com/cvp.html?GameID=0021201037&GameEventID=93,1,,Denver Nuggets,SUB: Randolph FOR Faried,2:26
http://stats.nba.com/cvp.html?GameID=0021201037&GameEventID=94,1,,Sacramento Kings,SUB: Aldrich FOR Salmons,2:26
http://stats.nba.com/cvp.html?GameID=0021201037&GameEventID=95,1,,Sacramento Kings,SUB: Outlaw FOR Thompson,2:26
http://stats.nba.com/cvp.html?GameID=0021201037&GameEventID=96,1,,Sacramento Kings,SUB: Patterson FOR Cousins,2:26
http://stats.nba.com/cvp.html?GameID=0021201037&GameEventID=97,1,,Denver Nuggets,MISS Randolph 5' Jump Shot,2:18
http://stats.nba.com/cvp.html?GameID=0021201037&GameEventID=99,1,,Denver Nuggets,McGee REBOUND (Off:2 Def:0),2:17
http://stats.nba.com/cvp.html?GameID=0021201037&GameEventID=98,1,[ 13 - 25 ],Denver Nuggets,McGee 1' Reverse Layup (6 PTS),2:17
http://stats.nba.com/cvp.html?GameID=0021201037&GameEventID=100,1,[ 15 - 25 ],Sacramento Kings,Thornton 19' Jump Shot (4 PTS),1:59
http://stats.nba.com/cvp.html?GameID=0021201037&GameEventID=101,1,,Sacramento Kings,Thomas P.FOUL (P1.T3),1:49
http://stats.nba.com/cvp.html?GameID=0021201037&GameEventID=102,1,,Sacramento Kings,SUB: Fredette FOR Thomas,1:49
http://stats.nba.com/cvp.html?GameID=0021201037&GameEventID=103,1,,Denver Nuggets,MISS McGee 17' Jump Shot,1:36
http://stats.nba.com/cvp.html?GameID=0021201037&GameEventID=104,1,,Denver Nuggets,Randolph REBOUND (Off:1 Def:0),1:36
http://stats.nba.com/cvp.html?GameID=0021201037&GameEventID=105,1,[ 15 - 27 ],Denver Nuggets,Randolph 3' Jump Hook Shot (2 PTS),1:31
http://stats.nba.com/cvp.html?GameID=0021201037&GameEventID=106,1,,Sacramento Kings,MISS Thornton 25' 3PT Jump Shot,1:16
http://stats.nba.com/cvp.html?GameID=0021201037&GameEventID=107,1,,Denver Nuggets,Randolph REBOUND (Off:1 Def:1),1:15
http://stats.nba.com/cvp.html?GameID=0021201037&GameEventID=108,1,,Denver Nuggets,MISS Randolph 13' Jump Shot,1:11
http://stats.nba.com/cvp.html?GameID=0021201037&GameEventID=110,1,,Denver Nuggets,Iguodala REBOUND (Off:1 Def:0),1:10
http://stats.nba.com/cvp.html?GameID=0021201037&GameEventID=109,1,,Denver Nuggets,MISS Iguodala 7' Jump Shot,1:10
http://stats.nba.com/cvp.html?GameID=0021201037&GameEventID=111,1,,Denver Nuggets,Brewer REBOUND (Off:1 Def:0),1:09
http://stats.nba.com/cvp.html?GameID=0021201037&GameEventID=112,1,,Denver Nuggets,MISS Brewer  3PT Jump Shot,1:07
http://stats.nba.com/cvp.html?GameID=0021201037&GameEventID=113,1,,Sacramento Kings,Thornton REBOUND (Off:0 Def:1),1:07
http://stats.nba.com/cvp.html?GameID=0021201037&GameEventID=114,1,,Denver Nuggets,McGee L.B.FOUL (P2.PN),1:07
http://stats.nba.com/cvp.html?GameID=0021201037&GameEventID=115,1,,Sacramento Kings,MISS Aldrich Free Throw 1 of 2,1:07
http://stats.nba.com/cvp.html?GameID=0021201037&GameEventID=116,1,,Sacramento Kings,Kings Rebound,1:07
http://stats.nba.com/cvp.html?GameID=0021201037&GameEventID=118,1,,Sacramento Kings,MISS Aldrich Free Throw 2 of 2,1:07
http://stats.nba.com/cvp.html?GameID=0021201037&GameEventID=120,1,,Denver Nuggets,NUGGETS Rebound,1:05
http://stats.nba.com/cvp.html?GameID=0021201037&GameEventID=122,1,,Denver Nuggets,MISS Iguodala 26' 3PT Jump Bank Shot,0:43
http://stats.nba.com/cvp.html?GameID=0021201037&GameEventID=123,1,,Denver Nuggets,Randolph REBOUND (Off:2 Def:1),0:42
http://stats.nba.com/cvp.html?GameID=0021201037&GameEventID=124,1,,Denver Nuggets,McGee Lost Ball Turnover (P2.T5),0:27
http://stats.nba.com/cvp.html?GameID=0021201037&GameEventID=124,1,,Sacramento Kings,Outlaw STEAL (1 STL),0:27
http://stats.nba.com/cvp.html?GameID=0021201037&GameEventID=125,1,[ 17 - 27 ],Sacramento Kings,Thornton 3' Layup (6 PTS) (Aldrich 1 AST),0:25
http://stats.nba.com/cvp.html?GameID=0021201037&GameEventID=126,1,,Denver Nuggets,MISS Iguodala 20' Fadeaway Jumper,0:02
http://stats.nba.com/cvp.html?GameID=0021201037&GameEventID=127,1,,Denver Nuggets,NUGGETS Rebound,0:00
http://stats.nba.com/cvp.html?GameID=0021201037&GameEventID=131,2,,Denver Nuggets,Brewer STEAL (1 STL),11:54
http://stats.nba.com/cvp.html?GameID=0021201037&GameEventID=131,2,,Sacramento Kings,Thornton Lost Ball Turnover (P1.T7),11:54
http://stats.nba.com/cvp.html?GameID=0021201037&GameEventID=132,2,,Denver Nuggets,MISS Brewer 11' Fadeaway Jumper,11:40
http://stats.nba.com/cvp.html?GameID=0021201037&GameEventID=133,2,,Sacramento Kings,Aldrich REBOUND (Off:0 Def:1),11:39
http://stats.nba.com/cvp.html?GameID=0021201037&GameEventID=134,2,,Sacramento Kings,MISS Fredette 26' 3PT Jump Shot,11:28
http://stats.nba.com/cvp.html?GameID=0021201037&GameEventID=135,2,,Denver Nuggets,Iguodala REBOUND (Off:1 Def:1),11:27
http://stats.nba.com/cvp.html?GameID=0021201037&GameEventID=136,2,,Denver Nuggets,Iguodala Bad Pass Turnover (P1.T6),11:24
http://stats.nba.com/cvp.html?GameID=0021201037&GameEventID=137,2,,Denver Nuggets,McGee BLOCK (2 BLK),11:10
http://stats.nba.com/cvp.html?GameID=0021201037&GameEventID=137,2,,Sacramento Kings,MISS Thornton 1' Layup,11:10
http://stats.nba.com/cvp.html?GameID=0021201037&GameEventID=138,2,,Denver Nuggets,Randolph REBOUND (Off:2 Def:2),11:10
http://stats.nba.com/cvp.html?GameID=0021201037&GameEventID=139,2,[ 17 - 30 ],Denver Nuggets,Iguodala 24' 3PT Jump Shot (8 PTS) (Brewer 1 AST),11:01
http://stats.nba.com/cvp.html?GameID=0021201037&GameEventID=140,2,[ 19 - 30 ],Sacramento Kings,Outlaw 2' Layup (2 PTS) (Fredette 1 AST),10:36
http://stats.nba.com/cvp.html?GameID=0021201037&GameEventID=141,2,,Sacramento Kings,Aldrich S.FOUL (P1.T1),10:28
http://stats.nba.com/cvp.html?GameID=0021201037&GameEventID=142,2,[ 19 - 31 ],Denver Nuggets,McGee Free Throw 1 of 2 (7 PTS),10:28
http://stats.nba.com/cvp.html?GameID=0021201037&GameEventID=144,2,,Denver Nuggets,SUB: Gallinari FOR Iguodala,10:28
http://stats.nba.com/cvp.html?GameID=0021201037&GameEventID=145,2,,Denver Nuggets,MISS McGee Free Throw 2 of 2,10:28
http://stats.nba.com/cvp.html?GameID=0021201037&GameEventID=147,2,,Sacramento Kings,Aldrich REBOUND (Off:0 Def:2),10:26
http://stats.nba.com/cvp.html?GameID=0021201037&GameEventID=148,2,[ 21 - 31 ],Sacramento Kings,Fredette 3' Running Jump Shot (2 PTS),10:15
http://stats.nba.com/cvp.html?GameID=0021201037&GameEventID=150,2,,Denver Nuggets,SUB: Faried FOR McGee,9:54
http://stats.nba.com/cvp.html?GameID=0021201037&GameEventID=151,2,,Denver Nuggets,SUB: Miller FOR Stone,9:54
http://stats.nba.com/cvp.html?GameID=0021201037&GameEventID=152,2,,Denver Nuggets,MISS Faried 4' Jump Shot,9:50
http://stats.nba.com/cvp.html?GameID=0021201037&GameEventID=152,2,,Sacramento Kings,Aldrich BLOCK (1 BLK),9:50
http://stats.nba.com/cvp.html?GameID=0021201037&GameEventID=153,2,,Denver Nuggets,NUGGETS Rebound,9:49
http://stats.nba.com/cvp.html?GameID=0021201037&GameEventID=155,2,,Denver Nuggets,MISS Randolph 24' 3PT Jump Shot,9:47
http://stats.nba.com/cvp.html?GameID=0021201037&GameEventID=156,2,,Denver Nuggets,NUGGETS Rebound,9:46
http://stats.nba.com/cvp.html?GameID=0021201037&GameEventID=157,2,,Denver Nuggets,NUGGETS Turnover: Shot Clock (T#7),9:46
http://stats.nba.com/cvp.html?GameID=0021201037&GameEventID=158,2,[ 24 - 31 ],Sacramento Kings,Outlaw 26' 3PT Jump Shot (5 PTS) (Thornton 1 AST),9:33
http://stats.nba.com/cvp.html?GameID=0021201037&GameEventID=159,2,,Sacramento Kings,Aldrich Violation:Kicked Ball,9:22
http://stats.nba.com/cvp.html?GameID=0021201037&GameEventID=160,2,,Sacramento Kings,Patterson P.FOUL (P1.T2),9:16
http://stats.nba.com/cvp.html?GameID=0021201037&GameEventID=161,2,,Sacramento Kings,Outlaw S.FOUL (P1.T3),9:11
http://stats.nba.com/cvp.html?GameID=0021201037&GameEventID=162,2,,Denver Nuggets,MISS Randolph Free Throw 1 of 2,9:11
http://stats.nba.com/cvp.html?GameID=0021201037&GameEventID=163,2,,Denver Nuggets,NUGGETS Rebound,9:11
http://stats.nba.com/cvp.html?GameID=0021201037&GameEventID=164,2,,Denver Nuggets,MISS Randolph Free Throw 2 of 2,9:11
http://stats.nba.com/cvp.html?GameID=0021201037&GameEventID=166,2,,Sacramento Kings,Aldrich REBOUND (Off:0 Def:3),9:10
http://stats.nba.com/cvp.html?GameID=0021201037&GameEventID=167,2,,Sacramento Kings,MISS Thornton 22' Jump Shot,8:54
http://stats.nba.com/cvp.html?GameID=0021201037&GameEventID=168,2,,Denver Nuggets,Faried REBOUND (Off:1 Def:4),8:54
http://stats.nba.com/cvp.html?GameID=0021201037&GameEventID=169,2,,Denver Nuggets,MISS Gallinari 3' Layup,8:40
http://stats.nba.com/cvp.html?GameID=0021201037&GameEventID=169,2,,Sacramento Kings,Thornton BLOCK (1 BLK),8:40
http://stats.nba.com/cvp.html?GameID=0021201037&GameEventID=170,2,,Sacramento Kings,Fredette REBOUND (Off:0 Def:1),8:40
http://stats.nba.com/cvp.html?GameID=0021201037&GameEventID=171,2,,Denver Nuggets,Miller Personal Take Foul (P1.T1),8:40
http://stats.nba.com/cvp.html?GameID=0021201037&GameEventID=176,2,,Denver Nuggets,Faried S.FOUL (P2.T2),8:26
http://stats.nba.com/cvp.html?GameID=0021201037&GameEventID=177,2,,Sacramento Kings,MISS Outlaw Free Throw 1 of 2,8:26
http://stats.nba.com/cvp.html?GameID=0021201037&GameEventID=178,2,,Sacramento Kings,Kings Rebound,8:26
http://stats.nba.com/cvp.html?GameID=0021201037&GameEventID=179,2,[ 25 - 31 ],Sacramento Kings,Outlaw Free Throw 2 of 2 (6 PTS),8:26
http://stats.nba.com/cvp.html?GameID=0021201037&GameEventID=181,2,,Sacramento Kings,Outlaw P.FOUL (P2.T4),8:20
http://stats.nba.com/cvp.html?GameID=0021201037&GameEventID=182,2,,Denver Nuggets,SUB: Koufos FOR Randolph,8:20
http://stats.nba.com/cvp.html?GameID=0021201037&GameEventID=183,2,,Denver Nuggets,MISS Koufos 16' Jump Shot,8:04
http://stats.nba.com/cvp.html?GameID=0021201037&GameEventID=184,2,,Denver Nuggets,Gallinari REBOUND (Off:1 Def:3),8:04
http://stats.nba.com/cvp.html?GameID=0021201037&GameEventID=185,2,,Denver Nuggets,MISS Brewer 3' Driving Layup,8:01
http://stats.nba.com/cvp.html?GameID=0021201037&GameEventID=185,2,,Sacramento Kings,Outlaw BLOCK (1 BLK),8:01
http://stats.nba.com/cvp.html?GameID=0021201037&GameEventID=186,2,,Sacramento Kings,Kings Rebound,8:00
http://stats.nba.com/cvp.html?GameID=0021201037&GameEventID=188,2,[ 27 - 31 ],Sacramento Kings,Outlaw 19' Jump Shot (8 PTS),7:41
http://stats.nba.com/cvp.html?GameID=0021201037&GameEventID=189,2,,Denver Nuggets,MISS Brewer  3PT Jump Shot,7:29
http://stats.nba.com/cvp.html?GameID=0021201037&GameEventID=190,2,,Sacramento Kings,Kings Rebound,7:29
http://stats.nba.com/cvp.html?GameID=0021201037&GameEventID=191,2,,Denver Nuggets,Koufos L.B.FOUL (P2.T3),7:29
http://stats.nba.com/cvp.html?GameID=0021201037&GameEventID=192,2,,Sacramento Kings,MISS Outlaw 20' Jump Shot,7:11
http://stats.nba.com/cvp.html?GameID=0021201037&GameEventID=193,2,,Denver Nuggets,Gallinari REBOUND (Off:1 Def:4),7:10
http://stats.nba.com/cvp.html?GameID=0021201037&GameEventID=194,2,[ 27 - 33 ],Denver Nuggets,Faried 1' Slam Dunk (6 PTS) (Brewer 2 AST),7:07
http://stats.nba.com/cvp.html?GameID=0021201037&GameEventID=195,2,,Sacramento Kings,MISS Outlaw 25' 3PT Jump Shot,6:55
http://stats.nba.com/cvp.html?GameID=0021201037&GameEventID=196,2,,Sacramento Kings,Patterson REBOUND (Off:1 Def:0),6:53
http://stats.nba.com/cvp.html?GameID=0021201037&GameEventID=197,2,,Sacramento Kings,MISS Patterson 3' Layup,6:50
http://stats.nba.com/cvp.html?GameID=0021201037&GameEventID=198,2,,Denver Nuggets,Miller REBOUND (Off:0 Def:1),6:49
http://stats.nba.com/cvp.html?GameID=0021201037&GameEventID=199,2,[ 27 - 35 ],Denver Nuggets,Faried 2' Dunk (8 PTS) (Brewer 3 AST),6:44
http://stats.nba.com/cvp.html?GameID=0021201037&GameEventID=200,2,,Sacramento Kings,MISS Outlaw 19' Jump Shot,6:19
http://stats.nba.com/cvp.html?GameID=0021201037&GameEventID=201,2,,Denver Nuggets,NUGGETS Rebound,6:19
http://stats.nba.com/cvp.html?GameID=0021201037&GameEventID=202,2,,Sacramento Kings,Aldrich L.B.FOUL (P2.PN),6:19
http://stats.nba.com/cvp.html?GameID=0021201037&GameEventID=206,2,[ 27 - 36 ],Denver Nuggets,Koufos Free Throw 1 of 2 (3 PTS),6:19
http://stats.nba.com/cvp.html?GameID=0021201037&GameEventID=207,2,,Sacramento Kings,SUB: Cousins FOR Patterson,6:19
http://stats.nba.com/cvp.html?GameID=0021201037&GameEventID=208,2,,Sacramento Kings,SUB: Thompson FOR Aldrich,6:19
http://stats.nba.com/cvp.html?GameID=0021201037&GameEventID=209,2,,Sacramento Kings,SUB: Evans FOR Outlaw,6:19
http://stats.nba.com/cvp.html?GameID=0021201037&GameEventID=210,2,,Denver Nuggets,MISS Koufos Free Throw 2 of 2,6:19
http://stats.nba.com/cvp.html?GameID=0021201037&GameEventID=212,2,,Denver Nuggets,Miller REBOUND (Off:1 Def:1),6:17
http://stats.nba.com/cvp.html?GameID=0021201037&GameEventID=213,2,,Denver Nuggets,MISS Gallinari 27' 3PT Jump Shot,6:06
http://stats.nba.com/cvp.html?GameID=0021201037&GameEventID=214,2,,Sacramento Kings,Cousins REBOUND (Off:1 Def:5),6:05
http://stats.nba.com/cvp.html?GameID=0021201037&GameEventID=215,2,[ 29 - 36 ],Sacramento Kings,Fredette 18' Jump Shot (4 PTS),5:46
http://stats.nba.com/cvp.html?GameID=0021201037&GameEventID=216,2,,Denver Nuggets,MISS Brewer 12' Fadeaway Jumper,5:26
http://stats.nba.com/cvp.html?GameID=0021201037&GameEventID=217,2,,Sacramento Kings,Cousins REBOUND (Off:1 Def:6),5:25
http://stats.nba.com/cvp.html?GameID=0021201037&GameEventID=218,2,,Denver Nuggets,Gallinari STEAL (2 STL),5:23
http://stats.nba.com/cvp.html?GameID=0021201037&GameEventID=218,2,,Sacramento Kings,Cousins Bad Pass Turnover (P5.T8),5:23
http://stats.nba.com/cvp.html?GameID=0021201037&GameEventID=219,2,,Denver Nuggets,Koufos Bad Pass Turnover (P1.T8),5:16
http://stats.nba.com/cvp.html?GameID=0021201037&GameEventID=220,2,,Denver Nuggets,NUGGETS Timeout: Regular (Full 2 Short 0),5:16
http://stats.nba.com/cvp.html?GameID=0021201037&GameEventID=223,2,,Denver Nuggets,SUB: Iguodala FOR Brewer,5:16
http://stats.nba.com/cvp.html?GameID=0021201037&GameEventID=224,2,,Sacramento Kings,MISS Thompson 8' Jump Hook Shot,5:01
http://stats.nba.com/cvp.html?GameID=0021201037&GameEventID=225,2,,Denver Nuggets,Koufos REBOUND (Off:0 Def:1),5:00
http://stats.nba.com/cvp.html?GameID=0021201037&GameEventID=226,2,[ 29 - 38 ],Denver Nuggets,Miller 4' Jump Shot (4 PTS),4:46
http://stats.nba.com/cvp.html?GameID=0021201037&GameEventID=227,2,[ 31 - 38 ],Sacramento Kings,Fredette 17' Running Jump Shot (6 PTS),4:21
http://stats.nba.com/cvp.html?GameID=0021201037&GameEventID=228,2,,Denver Nuggets,MISS Koufos 9' Jump Shot,4:03
http://stats.nba.com/cvp.html?GameID=0021201037&GameEventID=229,2,,Sacramento Kings,Kings Rebound,4:03
http://stats.nba.com/cvp.html?GameID=0021201037&GameEventID=231,2,,Sacramento Kings,MISS Fredette 25' 3PT Jump Shot,3:50
http://stats.nba.com/cvp.html?GameID=0021201037&GameEventID=232,2,,Denver Nuggets,Koufos REBOUND (Off:0 Def:2),3:49
http://stats.nba.com/cvp.html?GameID=0021201037&GameEventID=233,2,[ 31 - 40 ],Denver Nuggets,Miller 2' Layup (6 PTS) (Iguodala 4 AST),3:44
http://stats.nba.com/cvp.html?GameID=0021201037&GameEventID=234,2,,Denver Nuggets,Faried BLOCK (1 BLK),3:30
http://stats.nba.com/cvp.html?GameID=0021201037&GameEventID=234,2,,Sacramento Kings,MISS Thompson 3' Layup,3:30
http://stats.nba.com/cvp.html?GameID=0021201037&GameEventID=235,2,,Denver Nuggets,Koufos REBOUND (Off:0 Def:3),3:29
http://stats.nba.com/cvp.html?GameID=0021201037&GameEventID=236,2,,Sacramento Kings,Thompson P.FOUL (P1.PN),3:29
http://stats.nba.com/cvp.html?GameID=0021201037&GameEventID=237,2,[ 31 - 41 ],Denver Nuggets,Koufos Free Throw 1 of 2 (4 PTS),3:29
http://stats.nba.com/cvp.html?GameID=0021201037&GameEventID=239,2,,Sacramento Kings,SUB: Thomas FOR Fredette,3:29
http://stats.nba.com/cvp.html?GameID=0021201037&GameEventID=240,2,[ 31 - 42 ],Denver Nuggets,Koufos Free Throw 2 of 2 (5 PTS),3:29
http://stats.nba.com/cvp.html?GameID=0021201037&GameEventID=242,2,,Sacramento Kings,MISS Thompson 17' Jump Shot,3:08
http://stats.nba.com/cvp.html?GameID=0021201037&GameEventID=243,2,,Sacramento Kings,Cousins REBOUND (Off:2 Def:6),3:07
http://stats.nba.com/cvp.html?GameID=0021201037&GameEventID=244,2,,Denver Nuggets,Koufos BLOCK (1 BLK),3:06
http://stats.nba.com/cvp.html?GameID=0021201037&GameEventID=244,2,,Sacramento Kings,MISS Cousins 3' Layup,3:06
http://stats.nba.com/cvp.html?GameID=0021201037&GameEventID=245,2,,Sacramento Kings,Kings Rebound,3:05
http://stats.nba.com/cvp.html?GameID=0021201037&GameEventID=247,2,,Denver Nuggets,Faried S.FOUL (P3.T4),2:59
http://stats.nba.com/cvp.html?GameID=0021201037&GameEventID=248,2,,Sacramento Kings,Kings Timeout: Regular (Reg.2 Short 1),2:59
http://stats.nba.com/cvp.html?GameID=0021201037&GameEventID=251,2,,Denver Nuggets,SUB: Brewer FOR Faried,2:59
http://stats.nba.com/cvp.html?GameID=0021201037&GameEventID=253,2,,Sacramento Kings,MISS Cousins Free Throw 1 of 2,2:59
http://stats.nba.com/cvp.html?GameID=0021201037&GameEventID=256,2,,Sacramento Kings,Kings Rebound,2:59
http://stats.nba.com/cvp.html?GameID=0021201037&GameEventID=255,2,,Sacramento Kings,MISS Cousins Free Throw 2 of 2,2:59
http://stats.nba.com/cvp.html?GameID=0021201037&GameEventID=258,2,,Denver Nuggets,Koufos REBOUND (Off:0 Def:4),2:57
http://stats.nba.com/cvp.html?GameID=0021201037&GameEventID=259,2,,Sacramento Kings,Thompson P.FOUL (P2.PN),2:40
http://stats.nba.com/cvp.html?GameID=0021201037&GameEventID=260,2,[ 31 - 43 ],Denver Nuggets,Iguodala Free Throw 1 of 2 (9 PTS),2:40
http://stats.nba.com/cvp.html?GameID=0021201037&GameEventID=262,2,,Sacramento Kings,SUB: Salmons FOR Thompson,2:40
http://stats.nba.com/cvp.html?GameID=0021201037&GameEventID=265,2,[ 31 - 44 ],Denver Nuggets,Iguodala Free Throw 2 of 2 (10 PTS),2:40
http://stats.nba.com/cvp.html?GameID=0021201037&GameEventID=267,2,,Sacramento Kings,MISS Thornton 17' Turnaround Jump Shot,2:22
http://stats.nba.com/cvp.html?GameID=0021201037&GameEventID=268,2,,Denver Nuggets,Gallinari REBOUND (Off:1 Def:5),2:21
http://stats.nba.com/cvp.html?GameID=0021201037&GameEventID=269,2,,Sacramento Kings,Evans P.FOUL (P2.PN),2:14
http://stats.nba.com/cvp.html?GameID=0021201037&GameEventID=270,2,[ 31 - 45 ],Denver Nuggets,Gallinari Free Throw 1 of 2 (7 PTS),2:14
http://stats.nba.com/cvp.html?GameID=0021201037&GameEventID=272,2,,Denver Nuggets,SUB: McGee FOR Koufos,2:14
http://stats.nba.com/cvp.html?GameID=0021201037&GameEventID=273,2,[ 31 - 46 ],Denver Nuggets,Gallinari Free Throw 2 of 2 (8 PTS),2:14
http://stats.nba.com/cvp.html?GameID=0021201037&GameEventID=275,2,,Denver Nuggets,NUGGETS T.Foul (Def. 3 Sec Miller ),1:59
http://stats.nba.com/cvp.html?GameID=0021201037&GameEventID=276,2,[ 32 - 46 ],Sacramento Kings,Thomas Free Throw Technical (1 PTS),1:59
http://stats.nba.com/cvp.html?GameID=0021201037&GameEventID=280,2,,Denver Nuggets,McGee Violation:Defensive Goaltending,1:47
http://stats.nba.com/cvp.html?GameID=0021201037&GameEventID=279,2,[ 34 - 46 ],Sacramento Kings,Evans 2' Driving Layup (2 PTS),1:47
http://stats.nba.com/cvp.html?GameID=0021201037&GameEventID=281,2,[ 34 - 48 ],Denver Nuggets,McGee 1' Alley Oop Dunk (9 PTS) (Gallinari 2 AST),1:32
http://stats.nba.com/cvp.html?GameID=0021201037&GameEventID=282,2,,Sacramento Kings,MISS Thomas 25' 3PT Jump Shot,1:17
http://stats.nba.com/cvp.html?GameID=0021201037&GameEventID=283,2,,Denver Nuggets,Brewer REBOUND (Off:1 Def:1),1:16
http://stats.nba.com/cvp.html?GameID=0021201037&GameEventID=284,2,,Denver Nuggets,Brewer Bad Pass Turnover (P1.T9),1:14
http://stats.nba.com/cvp.html?GameID=0021201037&GameEventID=284,2,,Sacramento Kings,Thomas STEAL (1 STL),1:14
http://stats.nba.com/cvp.html?GameID=0021201037&GameEventID=285,2,,Denver Nuggets,Brewer P.FOUL (P1.PN),1:08
http://stats.nba.com/cvp.html?GameID=0021201037&GameEventID=286,2,,Sacramento Kings,MISS Thomas Free Throw 1 of 2,1:08
http://stats.nba.com/cvp.html?GameID=0021201037&GameEventID=287,2,,Sacramento Kings,Kings Rebound,1:08
http://stats.nba.com/cvp.html?GameID=0021201037&GameEventID=288,2,[ 35 - 48 ],Sacramento Kings,Thomas Free Throw 2 of 2 (2 PTS),1:08
http://stats.nba.com/cvp.html?GameID=0021201037&GameEventID=290,2,[ 35 - 50 ],Denver Nuggets,McGee  Dunk (11 PTS) (Gallinari 3 AST),0:57
http://stats.nba.com/cvp.html?GameID=0021201037&GameEventID=291,2,,Sacramento Kings,MISS Thornton 24' 3PT Jump Shot,0:44
http://stats.nba.com/cvp.html?GameID=0021201037&GameEventID=292,2,,Sacramento Kings,Thornton REBOUND (Off:1 Def:1),0:42
http://stats.nba.com/cvp.html?GameID=0021201037&GameEventID=293,2,,Sacramento Kings,Kings Timeout: Regular (Reg.3 Short 1),0:40
http://stats.nba.com/cvp.html?GameID=0021201037&GameEventID=296,2,,Sacramento Kings,SUB: Aldrich FOR Cousins,0:40
http://stats.nba.com/cvp.html?GameID=0021201037&GameEventID=297,2,[ 37 - 50 ],Sacramento Kings,Salmons 20' Jump Shot (2 PTS) (Thomas 4 AST),0:29
http://stats.nba.com/cvp.html?GameID=0021201037&GameEventID=299,2,,Denver Nuggets,Iguodala Step Out of Bounds Turnover (P2.T10),0:10
http://stats.nba.com/cvp.html?GameID=0021201037&GameEventID=300,2,[ 40 - 50 ],Sacramento Kings,Salmons 24' 3PT Jump Shot (5 PTS) (Thomas 5 AST),0:01
http://stats.nba.com/cvp.html?GameID=0021201037&GameEventID=301,2,,Denver Nuggets,MISS Miller 55' 3PT Jump Shot,0:01
http://stats.nba.com/cvp.html?GameID=0021201037&GameEventID=302,2,,Denver Nuggets,NUGGETS Rebound,0:00
http://stats.nba.com/cvp.html?GameID=0021201037&GameEventID=306,3,[ 42 - 50 ],Sacramento Kings,Cousins 1' Dunk (9 PTS) (Thomas 6 AST),11:44
http://stats.nba.com/cvp.html?GameID=0021201037&GameEventID=307,3,,Denver Nuggets,Koufos S.FOUL (P3.T1),11:44
http://stats.nba.com/cvp.html?GameID=0021201037&GameEventID=308,3,[ 43 - 50 ],Sacramento Kings,Cousins Free Throw 1 of 1 (10 PTS),11:44
http://stats.nba.com/cvp.html?GameID=0021201037&GameEventID=310,3,,Denver Nuggets,MISS Faried 4' Jump Shot,11:28
http://stats.nba.com/cvp.html?GameID=0021201037&GameEventID=310,3,,Sacramento Kings,Cousins BLOCK (3 BLK),11:28
http://stats.nba.com/cvp.html?GameID=0021201037&GameEventID=311,3,,Sacramento Kings,Cousins REBOUND (Off:2 Def:7),11:27
http://stats.nba.com/cvp.html?GameID=0021201037&GameEventID=312,3,[ 46 - 50 ],Sacramento Kings,Salmons  3PT Jump Shot (8 PTS) (Thomas 7 AST),11:15
http://stats.nba.com/cvp.html?GameID=0021201037&GameEventID=313,3,[ 46 - 52 ],Denver Nuggets,Gallinari 14' Jump Shot (10 PTS),10:59
http://stats.nba.com/cvp.html?GameID=0021201037&GameEventID=314,3,,Sacramento Kings,MISS Evans 26' 3PT Jump Shot,10:47
http://stats.nba.com/cvp.html?GameID=0021201037&GameEventID=315,3,,Sacramento Kings,Thompson REBOUND (Off:1 Def:0),10:45
http://stats.nba.com/cvp.html?GameID=0021201037&GameEventID=316,3,[ 48 - 52 ],Sacramento Kings,Thompson 2' Layup (6 PTS),10:42
http://stats.nba.com/cvp.html?GameID=0021201037&GameEventID=317,3,[ 48 - 54 ],Denver Nuggets,Faried 4' Jump Bank Shot (10 PTS) (Iguodala 5 AST),10:25
http://stats.nba.com/cvp.html?GameID=0021201037&GameEventID=318,3,,Sacramento Kings,MISS Evans 4' Running Jump Shot,10:11
http://stats.nba.com/cvp.html?GameID=0021201037&GameEventID=320,3,,Sacramento Kings,Cousins REBOUND (Off:3 Def:7),10:10
http://stats.nba.com/cvp.html?GameID=0021201037&GameEventID=319,3,[ 50 - 54 ],Sacramento Kings,Cousins 2' Putback Dunk (12 PTS),10:09
http://stats.nba.com/cvp.html?GameID=0021201037&GameEventID=321,3,,Denver Nuggets,MISS Iguodala 25' 3PT Jump Shot,9:52
http://stats.nba.com/cvp.html?GameID=0021201037&GameEventID=322,3,,Sacramento Kings,Thompson REBOUND (Off:1 Def:1),9:51
http://stats.nba.com/cvp.html?GameID=0021201037&GameEventID=323,3,,Sacramento Kings,MISS Thomas 3' Driving Layup,9:45
http://stats.nba.com/cvp.html?GameID=0021201037&GameEventID=324,3,,Denver Nuggets,Iguodala REBOUND (Off:1 Def:2),9:44
http://stats.nba.com/cvp.html?GameID=0021201037&GameEventID=325,3,,Denver Nuggets,MISS Iguodala 4' Running Jump Shot,9:34
http://stats.nba.com/cvp.html?GameID=0021201037&GameEventID=327,3,,Denver Nuggets,Koufos REBOUND (Off:1 Def:4),9:33
http://stats.nba.com/cvp.html?GameID=0021201037&GameEventID=326,3,[ 50 - 56 ],Denver Nuggets,Koufos 2' Putback Layup (7 PTS),9:33
http://stats.nba.com/cvp.html?GameID=0021201037&GameEventID=328,3,[ 52 - 56 ],Sacramento Kings,Evans 3' Driving Reverse Layup (4 PTS),9:18
http://stats.nba.com/cvp.html?GameID=0021201037&GameEventID=329,3,,Sacramento Kings,Thompson Violation:Kicked Ball,9:03
http://stats.nba.com/cvp.html?GameID=0021201037&GameEventID=330,3,,Sacramento Kings,Salmons P.FOUL (P1.T1),8:55
http://stats.nba.com/cvp.html?GameID=0021201037&GameEventID=331,3,,Denver Nuggets,MISS Miller 16' Jump Shot,8:44
http://stats.nba.com/cvp.html?GameID=0021201037&GameEventID=332,3,,Sacramento Kings,Thompson REBOUND (Off:1 Def:2),8:43
http://stats.nba.com/cvp.html?GameID=0021201037&GameEventID=333,3,,Denver Nuggets,Gallinari STEAL (3 STL),8:35
http://stats.nba.com/cvp.html?GameID=0021201037&GameEventID=333,3,,Sacramento Kings,Evans Bad Pass Turnover (P1.T9),8:35
http://stats.nba.com/cvp.html?GameID=0021201037&GameEventID=334,3,[ 52 - 58 ],Denver Nuggets,Iguodala 1' Slam Dunk (12 PTS) (Miller 2 AST),8:30
http://stats.nba.com/cvp.html?GameID=0021201037&GameEventID=335,3,,Sacramento Kings,Kings Timeout: Regular (Reg.4 Short 1),8:30
http://stats.nba.com/cvp.html?GameID=0021201037&GameEventID=339,3,,Sacramento Kings,MISS Salmons 25' 3PT Jump Shot,8:15
http://stats.nba.com/cvp.html?GameID=0021201037&GameEventID=340,3,,Denver Nuggets,Miller REBOUND (Off:1 Def:2),8:15
http://stats.nba.com/cvp.html?GameID=0021201037&GameEventID=341,3,,Denver Nuggets,MISS Iguodala 1' Driving Layup,8:01
http://stats.nba.com/cvp.html?GameID=0021201037&GameEventID=342,3,,Sacramento Kings,Evans REBOUND (Off:0 Def:1),8:00
http://stats.nba.com/cvp.html?GameID=0021201037&GameEventID=343,3,,Sacramento Kings,MISS Salmons 26' 3PT Jump Shot,7:48
http://stats.nba.com/cvp.html?GameID=0021201037&GameEventID=344,3,,Denver Nuggets,Gallinari REBOUND (Off:1 Def:6),7:48
http://stats.nba.com/cvp.html?GameID=0021201037&GameEventID=345,3,,Denver Nuggets,MISS Gallinari 2' Driving Layup,7:44
http://stats.nba.com/cvp.html?GameID=0021201037&GameEventID=345,3,,Sacramento Kings,Thompson BLOCK (1 BLK),7:44
http://stats.nba.com/cvp.html?GameID=0021201037&GameEventID=346,3,,Sacramento Kings,Salmons REBOUND (Off:0 Def:1),7:43
http://stats.nba.com/cvp.html?GameID=0021201037&GameEventID=347,3,,Denver Nuggets,Iguodala C.P.FOUL (P1.T2),7:43
http://stats.nba.com/cvp.html?GameID=0021201037&GameEventID=349,3,,Sacramento Kings,MISS Cousins 2' Layup,7:28
http://stats.nba.com/cvp.html?GameID=0021201037&GameEventID=350,3,,Denver Nuggets,Faried REBOUND (Off:1 Def:5),7:28
http://stats.nba.com/cvp.html?GameID=0021201037&GameEventID=351,3,[ 52 - 60 ],Denver Nuggets,Koufos 7' Floating Jump Shot (9 PTS) (Miller 3 AST),7:09
http://stats.nba.com/cvp.html?GameID=0021201037&GameEventID=352,3,[ 55 - 60 ],Sacramento Kings,Thomas 25' 3PT Jump Shot (5 PTS),6:47
http://stats.nba.com/cvp.html?GameID=0021201037&GameEventID=353,3,,Sacramento Kings,Thomas P.FOUL (P2.T2),6:39
http://stats.nba.com/cvp.html?GameID=0021201037&GameEventID=354,3,,Denver Nuggets,Iguodala Bad Pass Turnover (P3.T11),6:33
http://stats.nba.com/cvp.html?GameID=0021201037&GameEventID=355,3,,Sacramento Kings,MISS Thompson 20' Jump Shot,6:13
http://stats.nba.com/cvp.html?GameID=0021201037&GameEventID=356,3,,Denver Nuggets,Koufos REBOUND (Off:1 Def:5),6:12
http://stats.nba.com/cvp.html?GameID=0021201037&GameEventID=357,3,,Denver Nuggets,Miller L.B.FOUL (P2.T3),6:08
http://stats.nba.com/cvp.html?GameID=0021201037&GameEventID=358,3,,Denver Nuggets,Miller Foul Turnover (P2.T12),6:08
http://stats.nba.com/cvp.html?GameID=0021201037&GameEventID=359,3,,Sacramento Kings,MISS Thompson 10' Jump Hook Shot,5:49
http://stats.nba.com/cvp.html?GameID=0021201037&GameEventID=360,3,,Denver Nuggets,Iguodala REBOUND (Off:1 Def:3),5:48
http://stats.nba.com/cvp.html?GameID=0021201037&GameEventID=361,3,[ 55 - 62 ],Denver Nuggets,Iguodala 2' Driving Dunk (14 PTS),5:42
http://stats.nba.com/cvp.html?GameID=0021201037&GameEventID=362,3,,Sacramento Kings,MISS Salmons 24' 3PT Jump Shot,5:33
http://stats.nba.com/cvp.html?GameID=0021201037&GameEventID=363,3,,Sacramento Kings,Thompson REBOUND (Off:2 Def:2),5:32
http://stats.nba.com/cvp.html?GameID=0021201037&GameEventID=364,3,,Sacramento Kings,MISS Thompson 2' Layup,5:31
http://stats.nba.com/cvp.html?GameID=0021201037&GameEventID=365,3,,Denver Nuggets,NUGGETS Rebound,5:30
http://stats.nba.com/cvp.html?GameID=0021201037&GameEventID=366,3,,Sacramento Kings,Cousins L.B.FOUL (P2.T3),5:30
http://stats.nba.com/cvp.html?GameID=0021201037&GameEventID=367,3,,Sacramento Kings,SUB: Patterson FOR Thompson,5:30
http://stats.nba.com/cvp.html?GameID=0021201037&GameEventID=368,3,,Denver Nuggets,MISS Miller 14' Jump Shot,5:18
http://stats.nba.com/cvp.html?GameID=0021201037&GameEventID=369,3,,Sacramento Kings,Salmons REBOUND (Off:0 Def:2),5:17
http://stats.nba.com/cvp.html?GameID=0021201037&GameEventID=370,3,,Sacramento Kings,MISS Thomas 2' Layup,5:11
http://stats.nba.com/cvp.html?GameID=0021201037&GameEventID=371,3,,Denver Nuggets,Koufos REBOUND (Off:1 Def:6),5:10
http://stats.nba.com/cvp.html?GameID=0021201037&GameEventID=372,3,,Denver Nuggets,MISS Gallinari  3PT Jump Shot,5:02
http://stats.nba.com/cvp.html?GameID=0021201037&GameEventID=373,3,,Sacramento Kings,Evans REBOUND (Off:0 Def:2),5:01
http://stats.nba.com/cvp.html?GameID=0021201037&GameEventID=374,3,[ 57 - 62 ],Sacramento Kings,Patterson 19' Jump Shot (2 PTS) (Evans 1 AST),4:45
http://stats.nba.com/cvp.html?GameID=0021201037&GameEventID=375,3,,Sacramento Kings,Salmons S.FOUL (P2.T4),4:27
http://stats.nba.com/cvp.html?GameID=0021201037&GameEventID=376,3,,Denver Nuggets,MISS Iguodala Free Throw 1 of 2,4:27
http://stats.nba.com/cvp.html?GameID=0021201037&GameEventID=377,3,,Denver Nuggets,NUGGETS Rebound,4:27
http://stats.nba.com/cvp.html?GameID=0021201037&GameEventID=378,3,,Denver Nuggets,SUB: Brewer FOR Gallinari,4:27
http://stats.nba.com/cvp.html?GameID=0021201037&GameEventID=379,3,,Denver Nuggets,SUB: McGee FOR Koufos,4:27
http://stats.nba.com/cvp.html?GameID=0021201037&GameEventID=380,3,[ 57 - 63 ],Denver Nuggets,Iguodala Free Throw 2 of 2 (15 PTS),4:27
http://stats.nba.com/cvp.html?GameID=0021201037&GameEventID=382,3,[ 59 - 63 ],Sacramento Kings,Thomas 6' Running Jump Shot (7 PTS) (Patterson 1 AST),4:09
http://stats.nba.com/cvp.html?GameID=0021201037&GameEventID=383,3,,Denver Nuggets,MISS Faried 20' Jump Shot,3:47
http://stats.nba.com/cvp.html?GameID=0021201037&GameEventID=384,3,,Sacramento Kings,Cousins REBOUND (Off:3 Def:8),3:46
http://stats.nba.com/cvp.html?GameID=0021201037&GameEventID=385,3,,Denver Nuggets,Faried BLOCK (2 BLK),3:40
http://stats.nba.com/cvp.html?GameID=0021201037&GameEventID=385,3,,Sacramento Kings,MISS Thomas 2' Driving Layup,3:40
http://stats.nba.com/cvp.html?GameID=0021201037&GameEventID=386,3,,Denver Nuggets,NUGGETS Rebound,3:39
http://stats.nba.com/cvp.html?GameID=0021201037&GameEventID=388,3,,Denver Nuggets,SUB: Randolph FOR Faried,3:39
http://stats.nba.com/cvp.html?GameID=0021201037&GameEventID=389,3,,Denver Nuggets,MISS Iguodala 18' Jump Shot,3:27
http://stats.nba.com/cvp.html?GameID=0021201037&GameEventID=390,3,,Sacramento Kings,Patterson REBOUND (Off:1 Def:1),3:25
http://stats.nba.com/cvp.html?GameID=0021201037&GameEventID=391,3,,Sacramento Kings,MISS Thomas 24' 3PT Jump Shot,3:19
http://stats.nba.com/cvp.html?GameID=0021201037&GameEventID=392,3,,Sacramento Kings,Patterson REBOUND (Off:2 Def:1),3:18
http://stats.nba.com/cvp.html?GameID=0021201037&GameEventID=393,3,,Denver Nuggets,Brewer STEAL (2 STL),3:16
http://stats.nba.com/cvp.html?GameID=0021201037&GameEventID=393,3,,Sacramento Kings,Patterson Lost Ball Turnover (P1.T10),3:16
http://stats.nba.com/cvp.html?GameID=0021201037&GameEventID=394,3,,Denver Nuggets,MISS Miller 2' Layup,3:14
http://stats.nba.com/cvp.html?GameID=0021201037&GameEventID=394,3,,Sacramento Kings,Cousins BLOCK (4 BLK),3:14
http://stats.nba.com/cvp.html?GameID=0021201037&GameEventID=395,3,,Denver Nuggets,NUGGETS Rebound,3:13
http://stats.nba.com/cvp.html?GameID=0021201037&GameEventID=397,3,,Denver Nuggets,Brewer Traveling Turnover (P2.T13),3:08
http://stats.nba.com/cvp.html?GameID=0021201037&GameEventID=398,3,[ 61 - 63 ],Sacramento Kings,Salmons 2' Layup (10 PTS) (Cousins 3 AST),2:53
http://stats.nba.com/cvp.html?GameID=0021201037&GameEventID=399,3,,Denver Nuggets,MISS Miller  Driving Finger Roll Layup,2:26
http://stats.nba.com/cvp.html?GameID=0021201037&GameEventID=401,3,,Denver Nuggets,McGee REBOUND (Off:3 Def:0),2:25
http://stats.nba.com/cvp.html?GameID=0021201037&GameEventID=400,3,,Denver Nuggets,MISS McGee 1' Tip Shot,2:25
http://stats.nba.com/cvp.html?GameID=0021201037&GameEventID=402,3,,Sacramento Kings,Cousins REBOUND (Off:3 Def:9),2:24
http://stats.nba.com/cvp.html?GameID=0021201037&GameEventID=403,3,[ 64 - 63 ],Sacramento Kings,Salmons 25' 3PT Jump Shot (13 PTS) (Evans 2 AST),2:15
http://stats.nba.com/cvp.html?GameID=0021201037&GameEventID=404,3,,Denver Nuggets,NUGGETS Timeout: Regular (Full 3 Short 0),2:15
http://stats.nba.com/cvp.html?GameID=0021201037&GameEventID=408,3,,Sacramento Kings,SUB: Thornton FOR Evans,2:15
http://stats.nba.com/cvp.html?GameID=0021201037&GameEventID=409,3,,Denver Nuggets,SUB: Stone FOR Miller,2:15
http://stats.nba.com/cvp.html?GameID=0021201037&GameEventID=410,3,[ 64 - 65 ],Denver Nuggets,Brewer 13' Jump Shot (2 PTS) (Stone 1 AST),1:58
http://stats.nba.com/cvp.html?GameID=0021201037&GameEventID=411,3,[ 66 - 65 ],Sacramento Kings,Cousins 2' Driving Dunk (14 PTS) (Thomas 8 AST),1:43
http://stats.nba.com/cvp.html?GameID=0021201037&GameEventID=412,3,,Denver Nuggets,Randolph S.FOUL (P1.T4),1:43
http://stats.nba.com/cvp.html?GameID=0021201037&GameEventID=413,3,,Sacramento Kings,SUB: Douglas FOR Thomas,1:43
http://stats.nba.com/cvp.html?GameID=0021201037&GameEventID=414,3,[ 67 - 65 ],Sacramento Kings,Cousins Free Throw 1 of 1 (15 PTS),1:43
http://stats.nba.com/cvp.html?GameID=0021201037&GameEventID=416,3,,Denver Nuggets,McGee Bad Pass Turnover (P3.T14),1:30
http://stats.nba.com/cvp.html?GameID=0021201037&GameEventID=416,3,,Sacramento Kings,Patterson STEAL (1 STL),1:30
http://stats.nba.com/cvp.html?GameID=0021201037&GameEventID=417,3,[ 69 - 65 ],Sacramento Kings,Thornton 2' Layup (8 PTS) (Douglas 1 AST),1:25
http://stats.nba.com/cvp.html?GameID=0021201037&GameEventID=418,3,,Sacramento Kings,Patterson Shooting Block Foul (P2.PN),1:06
http://stats.nba.com/cvp.html?GameID=0021201037&GameEventID=419,3,,Denver Nuggets,MISS Stone Free Throw 1 of 2,1:06
http://stats.nba.com/cvp.html?GameID=0021201037&GameEventID=420,3,,Denver Nuggets,NUGGETS Rebound,1:06
http://stats.nba.com/cvp.html?GameID=0021201037&GameEventID=421,3,,Denver Nuggets,SUB: Faried FOR McGee,1:06
http://stats.nba.com/cvp.html?GameID=0021201037&GameEventID=422,3,[ 69 - 66 ],Denver Nuggets,Stone Free Throw 2 of 2 (1 PTS),1:06
http://stats.nba.com/cvp.html?GameID=0021201037&GameEventID=424,3,[ 71 - 66 ],Sacramento Kings,Cousins 2' Layup (17 PTS) (Douglas 2 AST),0:53
http://stats.nba.com/cvp.html?GameID=0021201037&GameEventID=425,3,,Denver Nuggets,MISS Iguodala 26' 3PT Jump Shot,0:38
http://stats.nba.com/cvp.html?GameID=0021201037&GameEventID=426,3,,Denver Nuggets,Iguodala REBOUND (Off:2 Def:3),0:37
http://stats.nba.com/cvp.html?GameID=0021201037&GameEventID=427,3,,Sacramento Kings,Patterson S.FOUL (P3.PN),0:35
http://stats.nba.com/cvp.html?GameID=0021201037&GameEventID=428,3,[ 71 - 67 ],Denver Nuggets,Faried Free Throw 1 of 2 (11 PTS),0:35
http://stats.nba.com/cvp.html?GameID=0021201037&GameEventID=430,3,[ 71 - 68 ],Denver Nuggets,Faried Free Throw 2 of 2 (12 PTS),0:35
http://stats.nba.com/cvp.html?GameID=0021201037&GameEventID=432,3,,Sacramento Kings,MISS Douglas 27' 3PT Jump Shot,0:16
http://stats.nba.com/cvp.html?GameID=0021201037&GameEventID=433,3,,Denver Nuggets,Faried REBOUND (Off:1 Def:6),0:15
http://stats.nba.com/cvp.html?GameID=0021201037&GameEventID=434,3,,Sacramento Kings,Cousins S.FOUL (P3.PN),0:04
http://stats.nba.com/cvp.html?GameID=0021201037&GameEventID=435,3,[ 71 - 69 ],Denver Nuggets,Stone Free Throw 1 of 2 (2 PTS),0:04
http://stats.nba.com/cvp.html?GameID=0021201037&GameEventID=437,3,[ 71 - 70 ],Denver Nuggets,Stone Free Throw 2 of 2 (3 PTS),0:04
http://stats.nba.com/cvp.html?GameID=0021201037&GameEventID=442,4,[ 71 - 72 ],Denver Nuggets,Randolph 1' Driving Slam Dunk (4 PTS) (Iguodala 6 AST),11:51
http://stats.nba.com/cvp.html?GameID=0021201037&GameEventID=443,4,[ 74 - 72 ],Sacramento Kings,Patterson 24' 3PT Jump Shot (5 PTS) (Douglas 3 AST),11:25
http://stats.nba.com/cvp.html?GameID=0021201037&GameEventID=444,4,[ 74 - 74 ],Denver Nuggets,Faried 4' Running Hook Shot (14 PTS) (Iguodala 7 AST),11:02
http://stats.nba.com/cvp.html?GameID=0021201037&GameEventID=445,4,,Sacramento Kings,Kings Timeout: Short (Reg.4 Short 2),10:48
http://stats.nba.com/cvp.html?GameID=0021201037&GameEventID=448,4,,Denver Nuggets,SUB: Gallinari FOR Iguodala,10:48
http://stats.nba.com/cvp.html?GameID=0021201037&GameEventID=449,4,,Sacramento Kings,MISS Thornton 26' 3PT Jump Shot,10:36
http://stats.nba.com/cvp.html?GameID=0021201037&GameEventID=450,4,,Sacramento Kings,Aldrich REBOUND (Off:1 Def:3),10:35
http://stats.nba.com/cvp.html?GameID=0021201037&GameEventID=451,4,[ 76 - 74 ],Sacramento Kings,Aldrich 5' Jump Hook Shot (2 PTS),10:31
http://stats.nba.com/cvp.html?GameID=0021201037&GameEventID=452,4,,Denver Nuggets,MISS Brewer 7' Running Jump Shot,10:12
http://stats.nba.com/cvp.html?GameID=0021201037&GameEventID=453,4,,Denver Nuggets,Randolph REBOUND (Off:3 Def:2),10:11
http://stats.nba.com/cvp.html?GameID=0021201037&GameEventID=454,4,[ 76 - 76 ],Denver Nuggets,Randolph 2' Putback Layup (6 PTS),10:10
http://stats.nba.com/cvp.html?GameID=0021201037&GameEventID=455,4,,Denver Nuggets,Brewer BLOCK (1 BLK),9:44
http://stats.nba.com/cvp.html?GameID=0021201037&GameEventID=455,4,,Sacramento Kings,MISS Salmons 8' Jump Shot,9:44
http://stats.nba.com/cvp.html?GameID=0021201037&GameEventID=456,4,,Denver Nuggets,Gallinari REBOUND (Off:1 Def:7),9:43
http://stats.nba.com/cvp.html?GameID=0021201037&GameEventID=457,4,,Sacramento Kings,Patterson Shooting Block Foul (P4.T1),9:37
http://stats.nba.com/cvp.html?GameID=0021201037&GameEventID=458,4,,Denver Nuggets,MISS Faried Free Throw 1 of 2,9:37
http://stats.nba.com/cvp.html?GameID=0021201037&GameEventID=459,4,,Denver Nuggets,NUGGETS Rebound,9:37
http://stats.nba.com/cvp.html?GameID=0021201037&GameEventID=460,4,,Sacramento Kings,SUB: Cousins FOR Aldrich,9:37
http://stats.nba.com/cvp.html?GameID=0021201037&GameEventID=461,4,[ 76 - 77 ],Denver Nuggets,Faried Free Throw 2 of 2 (15 PTS),9:37
http://stats.nba.com/cvp.html?GameID=0021201037&GameEventID=463,4,,Denver Nuggets,Randolph P.FOUL (P2.T1),9:24
http://stats.nba.com/cvp.html?GameID=0021201037&GameEventID=464,4,,Sacramento Kings,MISS Cousins 1' Driving Layup,9:17
http://stats.nba.com/cvp.html?GameID=0021201037&GameEventID=465,4,,Denver Nuggets,Faried REBOUND (Off:1 Def:7),9:16
http://stats.nba.com/cvp.html?GameID=0021201037&GameEventID=467,4,,Sacramento Kings,Cousins Violation:Defensive Goaltending,9:06
http://stats.nba.com/cvp.html?GameID=0021201037&GameEventID=466,4,[ 76 - 79 ],Denver Nuggets,Stone 3' Layup (5 PTS) (Faried 2 AST),9:06
http://stats.nba.com/cvp.html?GameID=0021201037&GameEventID=468,4,,Sacramento Kings,Douglas Backcourt Turnover (P1.T11),8:51
http://stats.nba.com/cvp.html?GameID=0021201037&GameEventID=472,4,,Sacramento Kings,SUB: Thomas FOR Douglas,8:51
http://stats.nba.com/cvp.html?GameID=0021201037&GameEventID=473,4,[ 76 - 81 ],Denver Nuggets,Gallinari 2' Driving Layup (12 PTS),8:41
http://stats.nba.com/cvp.html?GameID=0021201037&GameEventID=474,4,,Sacramento Kings,Salmons S.FOUL (P3.T2),8:41
http://stats.nba.com/cvp.html?GameID=0021201037&GameEventID=477,4,[ 76 - 82 ],Denver Nuggets,Gallinari Free Throw 1 of 1 (13 PTS),8:41
http://stats.nba.com/cvp.html?GameID=0021201037&GameEventID=479,4,[ 78 - 82 ],Sacramento Kings,Salmons 1' Driving Dunk (15 PTS),8:22
http://stats.nba.com/cvp.html?GameID=0021201037&GameEventID=480,4,[ 78 - 84 ],Denver Nuggets,Randolph 16' Jump Shot (8 PTS) (Gallinari 4 AST),8:00
http://stats.nba.com/cvp.html?GameID=0021201037&GameEventID=481,4,,Denver Nuggets,Brewer BLOCK (2 BLK),7:38
http://stats.nba.com/cvp.html?GameID=0021201037&GameEventID=481,4,,Sacramento Kings,MISS Thornton 5' Jump Shot,7:38
http://stats.nba.com/cvp.html?GameID=0021201037&GameEventID=482,4,,Denver Nuggets,Randolph REBOUND (Off:3 Def:3),7:36
http://stats.nba.com/cvp.html?GameID=0021201037&GameEventID=483,4,,Denver Nuggets,MISS Brewer 17' Jump Shot,7:30
http://stats.nba.com/cvp.html?GameID=0021201037&GameEventID=484,4,,Denver Nuggets,NUGGETS Rebound,7:30
http://stats.nba.com/cvp.html?GameID=0021201037&GameEventID=486,4,,Denver Nuggets,SUB: Miller FOR Stone,7:30
http://stats.nba.com/cvp.html?GameID=0021201037&GameEventID=487,4,,Denver Nuggets,MISS Faried 4' Jump Shot,7:14
http://stats.nba.com/cvp.html?GameID=0021201037&GameEventID=487,4,,Sacramento Kings,Cousins BLOCK (5 BLK),7:14
http://stats.nba.com/cvp.html?GameID=0021201037&GameEventID=488,4,,Sacramento Kings,Salmons REBOUND (Off:0 Def:3),7:13
http://stats.nba.com/cvp.html?GameID=0021201037&GameEventID=489,4,,Denver Nuggets,Brewer STEAL (3 STL),7:10
http://stats.nba.com/cvp.html?GameID=0021201037&GameEventID=489,4,,Sacramento Kings,Thomas Poss Lost Ball Turnover (P2.T12),7:10
http://stats.nba.com/cvp.html?GameID=0021201037&GameEventID=490,4,,Denver Nuggets,Brewer Bad Pass Turnover (P3.T15),7:07
http://stats.nba.com/cvp.html?GameID=0021201037&GameEventID=491,4,[ 80 - 84 ],Sacramento Kings,Patterson 1' Dunk (7 PTS) (Salmons 1 AST),6:57
http://stats.nba.com/cvp.html?GameID=0021201037&GameEventID=492,4,,Denver Nuggets,MISS Randolph 17' Turnaround Jump Shot,6:35
http://stats.nba.com/cvp.html?GameID=0021201037&GameEventID=493,4,,Sacramento Kings,Patterson REBOUND (Off:2 Def:2),6:35
http://stats.nba.com/cvp.html?GameID=0021201037&GameEventID=494,4,,Sacramento Kings,Cousins OFF.Foul (P4),6:20
http://stats.nba.com/cvp.html?GameID=0021201037&GameEventID=495,4,,Sacramento Kings,Cousins Foul Turnover (P6.T13),6:20
http://stats.nba.com/cvp.html?GameID=0021201037&GameEventID=496,4,,Sacramento Kings,SUB: Thompson FOR Patterson,6:20
http://stats.nba.com/cvp.html?GameID=0021201037&GameEventID=497,4,,Denver Nuggets,Brewer Bad Pass Turnover (P4.T16),6:05
http://stats.nba.com/cvp.html?GameID=0021201037&GameEventID=497,4,,Sacramento Kings,Thornton STEAL (1 STL),6:05
http://stats.nba.com/cvp.html?GameID=0021201037&GameEventID=498,4,,Denver Nuggets,Brewer S.FOUL (P2.T2),6:04
http://stats.nba.com/cvp.html?GameID=0021201037&GameEventID=499,4,[ 81 - 84 ],Sacramento Kings,Thornton Free Throw 1 of 2 (9 PTS),6:04
http://stats.nba.com/cvp.html?GameID=0021201037&GameEventID=501,4,,Denver Nuggets,SUB: Koufos FOR Randolph,6:04
http://stats.nba.com/cvp.html?GameID=0021201037&GameEventID=502,4,[ 82 - 84 ],Sacramento Kings,Thornton Free Throw 2 of 2 (10 PTS),6:04
http://stats.nba.com/cvp.html?GameID=0021201037&GameEventID=504,4,[ 82 - 87 ],Denver Nuggets,Gallinari 24' 3PT Jump Shot (16 PTS) (Brewer 4 AST),5:44
http://stats.nba.com/cvp.html?GameID=0021201037&GameEventID=505,4,[ 85 - 87 ],Sacramento Kings,Thomas 25' 3PT Jump Shot (10 PTS) (Salmons 2 AST),5:19
http://stats.nba.com/cvp.html?GameID=0021201037&GameEventID=506,4,,Sacramento Kings,Cousins Shooting Block Foul (P5.T3),5:02
http://stats.nba.com/cvp.html?GameID=0021201037&GameEventID=507,4,,Denver Nuggets,NUGGETS Timeout: Regular (Full 4 Short 0),5:02
http://stats.nba.com/cvp.html?GameID=0021201037&GameEventID=509,4,,Denver Nuggets,SUB: Iguodala FOR Brewer,5:02
http://stats.nba.com/cvp.html?GameID=0021201037&GameEventID=511,4,[ 85 - 88 ],Denver Nuggets,Gallinari Free Throw 1 of 2 (17 PTS),5:02
http://stats.nba.com/cvp.html?GameID=0021201037&GameEventID=513,4,[ 85 - 89 ],Denver Nuggets,Gallinari Free Throw 2 of 2 (18 PTS),5:02
http://stats.nba.com/cvp.html?GameID=0021201037&GameEventID=515,4,,Denver Nuggets,Miller S.FOUL (P3.T3),4:46
http://stats.nba.com/cvp.html?GameID=0021201037&GameEventID=516,4,,Sacramento Kings,MISS Cousins Free Throw 1 of 2,4:46
http://stats.nba.com/cvp.html?GameID=0021201037&GameEventID=517,4,,Sacramento Kings,Kings Rebound,4:46
http://stats.nba.com/cvp.html?GameID=0021201037&GameEventID=518,4,[ 86 - 89 ],Sacramento Kings,Cousins Free Throw 2 of 2 (18 PTS),4:46
http://stats.nba.com/cvp.html?GameID=0021201037&GameEventID=520,4,[ 86 - 91 ],Denver Nuggets,Koufos 6' Jump Hook Shot (11 PTS) (Miller 4 AST),4:30
http://stats.nba.com/cvp.html?GameID=0021201037&GameEventID=521,4,,Denver Nuggets,Iguodala STEAL (2 STL),4:15
http://stats.nba.com/cvp.html?GameID=0021201037&GameEventID=521,4,,Sacramento Kings,Thornton Bad Pass Turnover (P2.T14),4:15
http://stats.nba.com/cvp.html?GameID=0021201037&GameEventID=522,4,[ 86 - 93 ],Denver Nuggets,Koufos 2' Layup (13 PTS) (Iguodala 8 AST),4:09
http://stats.nba.com/cvp.html?GameID=0021201037&GameEventID=523,4,[ 88 - 93 ],Sacramento Kings,Cousins 5' Jump Bank Shot (20 PTS),3:49
http://stats.nba.com/cvp.html?GameID=0021201037&GameEventID=524,4,[ 88 - 95 ],Denver Nuggets,Faried 1' Slam Dunk (17 PTS) (Miller 5 AST),3:44
http://stats.nba.com/cvp.html?GameID=0021201037&GameEventID=525,4,,Sacramento Kings,MISS Thomas  3PT Jump Shot,3:22
http://stats.nba.com/cvp.html?GameID=0021201037&GameEventID=526,4,,Denver Nuggets,Faried REBOUND (Off:1 Def:8),3:21
http://stats.nba.com/cvp.html?GameID=0021201037&GameEventID=527,4,,Denver Nuggets,Faried Offensive Charge Foul (P4.T4),3:11
http://stats.nba.com/cvp.html?GameID=0021201037&GameEventID=528,4,,Denver Nuggets,Faried Foul Turnover (P1.T17),3:11
http://stats.nba.com/cvp.html?GameID=0021201037&GameEventID=529,4,,Sacramento Kings,MISS Thomas 26' 3PT Jump Shot,2:54
http://stats.nba.com/cvp.html?GameID=0021201037&GameEventID=530,4,,Denver Nuggets,NUGGETS Rebound,2:53
http://stats.nba.com/cvp.html?GameID=0021201037&GameEventID=532,4,,Sacramento Kings,Kings Timeout: Regular (Reg.5 Short 2),2:53
http://stats.nba.com/cvp.html?GameID=0021201037&GameEventID=536,4,,Denver Nuggets,MISS Gallinari 17' Jump Shot,2:38
http://stats.nba.com/cvp.html?GameID=0021201037&GameEventID=537,4,,Sacramento Kings,Cousins REBOUND (Off:3 Def:10),2:37
http://stats.nba.com/cvp.html?GameID=0021201037&GameEventID=538,4,[ 90 - 95 ],Sacramento Kings,Cousins 5' Jump Hook Shot (22 PTS),2:19
http://stats.nba.com/cvp.html?GameID=0021201037&GameEventID=539,4,,Denver Nuggets,MISS Miller 8' Jump Shot,1:58
http://stats.nba.com/cvp.html?GameID=0021201037&GameEventID=540,4,,Sacramento Kings,Cousins REBOUND (Off:3 Def:11),1:57
http://stats.nba.com/cvp.html?GameID=0021201037&GameEventID=541,4,[ 92 - 95 ],Sacramento Kings,Cousins 2' Driving Layup (24 PTS) (Thomas 9 AST),1:41
http://stats.nba.com/cvp.html?GameID=0021201037&GameEventID=542,4,,Denver Nuggets,MISS Gallinari  3PT Jump Shot,1:25
http://stats.nba.com/cvp.html?GameID=0021201037&GameEventID=543,4,,Sacramento Kings,Cousins REBOUND (Off:3 Def:12),1:24
http://stats.nba.com/cvp.html?GameID=0021201037&GameEventID=544,4,,Denver Nuggets,Koufos P.FOUL (P4.PN),1:16
http://stats.nba.com/cvp.html?GameID=0021201037&GameEventID=545,4,,Sacramento Kings,MISS Cousins 9' Jump Shot,1:03
http://stats.nba.com/cvp.html?GameID=0021201037&GameEventID=546,4,,Denver Nuggets,NUGGETS Rebound,1:02
http://stats.nba.com/cvp.html?GameID=0021201037&GameEventID=547,4,,Sacramento Kings,Thompson L.B.FOUL (P3.T4),1:02
http://stats.nba.com/cvp.html?GameID=0021201037&GameEventID=548,4,[ 92 - 97 ],Denver Nuggets,Miller 2' Driving Layup (8 PTS),0:51
http://stats.nba.com/cvp.html?GameID=0021201037&GameEventID=549,4,,Sacramento Kings,Thomas S.FOUL (P3.PN),0:51
http://stats.nba.com/cvp.html?GameID=0021201037&GameEventID=550,4,,Sacramento Kings,SUB: Patterson FOR Cousins,0:51
http://stats.nba.com/cvp.html?GameID=0021201037&GameEventID=551,4,[ 92 - 98 ],Denver Nuggets,Miller Free Throw 1 of 1 (9 PTS),0:51
http://stats.nba.com/cvp.html?GameID=0021201037&GameEventID=554,4,,Sacramento Kings,MISS Thornton 26' 3PT Jump Shot,0:38
http://stats.nba.com/cvp.html?GameID=0021201037&GameEventID=555,4,,Sacramento Kings,Thomas REBOUND (Off:1 Def:0),0:37
http://stats.nba.com/cvp.html?GameID=0021201037&GameEventID=556,4,,Sacramento Kings,MISS Thomas 25' 3PT Jump Shot,0:31
http://stats.nba.com/cvp.html?GameID=0021201037&GameEventID=557,4,,Denver Nuggets,Koufos REBOUND (Off:1 Def:7),0:30
http://stats.nba.com/cvp.html?GameID=0021201037&GameEventID=558,4,,Sacramento Kings,Thomas Personal Take Foul (P4.PN),0:26
http://stats.nba.com/cvp.html?GameID=0021201037&GameEventID=559,4,,Denver Nuggets,MISS Gallinari Free Throw 1 of 2,0:26
http://stats.nba.com/cvp.html?GameID=0021201037&GameEventID=560,4,,Denver Nuggets,NUGGETS Rebound,0:26
http://stats.nba.com/cvp.html?GameID=0021201037&GameEventID=561,4,[ 92 - 99 ],Denver Nuggets,Gallinari Free Throw 2 of 2 (19 PTS),0:26
http://stats.nba.com/cvp.html?GameID=0021201037&GameEventID=563,4,[ 95 - 99 ],Sacramento Kings,Salmons 26' 3PT Jump Shot (18 PTS) (Patterson 2 AST),0:16
http://stats.nba.com/cvp.html?GameID=0021201037&GameEventID=564,4,,Sacramento Kings,Thompson Personal Take Foul (P4.PN),0:15
http://stats.nba.com/cvp.html?GameID=0021201037&GameEventID=565,4,[ 95 - 100 ],Denver Nuggets,Miller Free Throw 1 of 2 (10 PTS),0:15
http://stats.nba.com/cvp.html?GameID=0021201037&GameEventID=567,4,[ 95 - 101 ],Denver Nuggets,Miller Free Throw 2 of 2 (11 PTS),0:15
http://stats.nba.com/cvp.html?GameID=0021201037&GameEventID=569,4,,Sacramento Kings,Kings Timeout: Regular (Reg.6 Short 2),0:15
http://stats.nba.com/cvp.html?GameID=0021201037&GameEventID=573,4,,Sacramento Kings,MISS Thornton 27' 3PT Jump Shot,0:11
http://stats.nba.com/cvp.html?GameID=0021201037&GameEventID=574,4,,Denver Nuggets,Koufos REBOUND (Off:1 Def:8),0:10
