http://stats.nba.com/cvp.html?GameID=0021200683&GameEventID=1,1,,Golden State Warriors,Jump Ball Bogut vs. Brand: Tip to Jack,12:00
http://stats.nba.com/cvp.html?GameID=0021200683&GameEventID=2,1,[ 0 - 2 ],Golden State Warriors,Bogut 8' Jump Hook Shot (2 PTS) (Barnes 1 AST),11:42
http://stats.nba.com/cvp.html?GameID=0021200683&GameEventID=3,1,[ 2 - 2 ],Dallas Mavericks,Marion 11' Floating Jump Shot (2 PTS),11:28
http://stats.nba.com/cvp.html?GameID=0021200683&GameEventID=4,1,,Golden State Warriors,MISS Jack 27' 3PT Jump Shot,11:07
http://stats.nba.com/cvp.html?GameID=0021200683&GameEventID=5,1,,Dallas Mavericks,Jones REBOUND (Off:0 Def:1),11:06
http://stats.nba.com/cvp.html?GameID=0021200683&GameEventID=6,1,,Dallas Mavericks,MISS Mayo 22' Jump Shot,10:59
http://stats.nba.com/cvp.html?GameID=0021200683&GameEventID=7,1,,Golden State Warriors,Lee REBOUND (Off:0 Def:1),10:56
http://stats.nba.com/cvp.html?GameID=0021200683&GameEventID=8,1,[ 2 - 4 ],Golden State Warriors,Lee 2' Reverse Layup (2 PTS) (Bogut 1 AST),10:43
http://stats.nba.com/cvp.html?GameID=0021200683&GameEventID=9,1,,Golden State Warriors,Jack P.FOUL (P1.T1),10:37
http://stats.nba.com/cvp.html?GameID=0021200683&GameEventID=10,1,,Dallas Mavericks,MISS Collison 13' Jump Shot,10:31
http://stats.nba.com/cvp.html?GameID=0021200683&GameEventID=11,1,,Dallas Mavericks,Marion REBOUND (Off:1 Def:0),10:30
http://stats.nba.com/cvp.html?GameID=0021200683&GameEventID=12,1,[ 4 - 4 ],Dallas Mavericks,Marion 8' Jump Shot (4 PTS),10:29
http://stats.nba.com/cvp.html?GameID=0021200683&GameEventID=13,1,[ 4 - 6 ],Golden State Warriors,Thompson 20' Step Back Jump Shot (2 PTS) (Jack 1 AST),10:13
http://stats.nba.com/cvp.html?GameID=0021200683&GameEventID=14,1,[ 6 - 6 ],Dallas Mavericks,Brand 18' Turnaround Jump Shot (2 PTS) (Mayo 1 AST),10:00
http://stats.nba.com/cvp.html?GameID=0021200683&GameEventID=15,1,,Golden State Warriors,MISS Barnes 26' 3PT Jump Shot,9:48
http://stats.nba.com/cvp.html?GameID=0021200683&GameEventID=16,1,,Dallas Mavericks,Marion REBOUND (Off:1 Def:1),9:46
http://stats.nba.com/cvp.html?GameID=0021200683&GameEventID=17,1,,Golden State Warriors,Barnes STEAL (1 STL),9:44
http://stats.nba.com/cvp.html?GameID=0021200683&GameEventID=17,1,,Dallas Mavericks,Collison Bad Pass Turnover (P1.T1),9:44
http://stats.nba.com/cvp.html?GameID=0021200683&GameEventID=18,1,[ 6 - 8 ],Golden State Warriors,Jack 5' Running Jump Shot (2 PTS),9:31
http://stats.nba.com/cvp.html?GameID=0021200683&GameEventID=19,1,,Dallas Mavericks,MISS Brand 10' Fadeaway Jumper,9:09
http://stats.nba.com/cvp.html?GameID=0021200683&GameEventID=20,1,,Golden State Warriors,Barnes REBOUND (Off:0 Def:1),9:08
http://stats.nba.com/cvp.html?GameID=0021200683&GameEventID=21,1,[ 6 - 10 ],Golden State Warriors,Barnes 1' Driving Finger Roll Layup (2 PTS),9:00
http://stats.nba.com/cvp.html?GameID=0021200683&GameEventID=22,1,,Dallas Mavericks,Jones S.FOUL (P1.T1),9:00
http://stats.nba.com/cvp.html?GameID=0021200683&GameEventID=23,1,[ 6 - 11 ],Golden State Warriors,Barnes Free Throw 1 of 1 (3 PTS),9:00
http://stats.nba.com/cvp.html?GameID=0021200683&GameEventID=25,1,,Dallas Mavericks,MISS Mayo 20' Step Back Jump Shot,8:35
http://stats.nba.com/cvp.html?GameID=0021200683&GameEventID=26,1,,Dallas Mavericks,Marion REBOUND (Off:2 Def:1),8:34
http://stats.nba.com/cvp.html?GameID=0021200683&GameEventID=27,1,[ 8 - 11 ],Dallas Mavericks,Marion 10' Floating Jump Shot (6 PTS),8:32
http://stats.nba.com/cvp.html?GameID=0021200683&GameEventID=28,1,[ 8 - 14 ],Golden State Warriors,Thompson 26' 3PT Pullup Jump Shot (5 PTS) (Lee 1 AST),8:09
http://stats.nba.com/cvp.html?GameID=0021200683&GameEventID=29,1,,Dallas Mavericks,MISS Marion 16' Jump Shot,7:55
http://stats.nba.com/cvp.html?GameID=0021200683&GameEventID=30,1,,Golden State Warriors,Barnes REBOUND (Off:0 Def:2),7:54
http://stats.nba.com/cvp.html?GameID=0021200683&GameEventID=31,1,,Golden State Warriors,Jack Bad Pass Turnover (P1.T1),7:46
http://stats.nba.com/cvp.html?GameID=0021200683&GameEventID=31,1,,Dallas Mavericks,Mayo STEAL (1 STL),7:46
http://stats.nba.com/cvp.html?GameID=0021200683&GameEventID=32,1,,Dallas Mavericks,MISS Collison 1' Layup,7:40
http://stats.nba.com/cvp.html?GameID=0021200683&GameEventID=33,1,,Dallas Mavericks,Brand REBOUND (Off:1 Def:0),7:39
http://stats.nba.com/cvp.html?GameID=0021200683&GameEventID=34,1,,Dallas Mavericks,MISS Brand 2' Layup,7:36
http://stats.nba.com/cvp.html?GameID=0021200683&GameEventID=35,1,,Golden State Warriors,Lee REBOUND (Off:0 Def:2),7:35
http://stats.nba.com/cvp.html?GameID=0021200683&GameEventID=36,1,,Golden State Warriors,MISS Thompson 26' 3PT Pullup Jump Shot,7:30
http://stats.nba.com/cvp.html?GameID=0021200683&GameEventID=37,1,,Dallas Mavericks,Marion REBOUND (Off:2 Def:2),7:29
http://stats.nba.com/cvp.html?GameID=0021200683&GameEventID=38,1,,Golden State Warriors,Thompson P.FOUL (P1.T2),7:20
http://stats.nba.com/cvp.html?GameID=0021200683&GameEventID=39,1,,Dallas Mavericks,Mayo 3 Second Violation Turnover (P1.T2),7:14
http://stats.nba.com/cvp.html?GameID=0021200683&GameEventID=40,1,[ 8 - 16 ],Golden State Warriors,Thompson 2' Reverse Layup (7 PTS) (Lee 2 AST),7:02
http://stats.nba.com/cvp.html?GameID=0021200683&GameEventID=41,1,,Dallas Mavericks,MISS Collison 21' Pullup Jump Shot,6:41
http://stats.nba.com/cvp.html?GameID=0021200683&GameEventID=42,1,,Golden State Warriors,Bogut REBOUND (Off:0 Def:1),6:40
http://stats.nba.com/cvp.html?GameID=0021200683&GameEventID=43,1,,Golden State Warriors,MISS Jack 26' 3PT Jump Shot,6:21
http://stats.nba.com/cvp.html?GameID=0021200683&GameEventID=44,1,,Dallas Mavericks,Brand REBOUND (Off:1 Def:1),6:20
http://stats.nba.com/cvp.html?GameID=0021200683&GameEventID=45,1,,Dallas Mavericks,MISS Jones  3PT Jump Shot,6:02
http://stats.nba.com/cvp.html?GameID=0021200683&GameEventID=46,1,,Dallas Mavericks,Brand REBOUND (Off:2 Def:1),6:01
http://stats.nba.com/cvp.html?GameID=0021200683&GameEventID=47,1,,Dallas Mavericks,Jones Poss Lost Ball Turnover (P1.T3),5:55
http://stats.nba.com/cvp.html?GameID=0021200683&GameEventID=48,1,,Golden State Warriors,WARRIORS Timeout: Regular (Full 1 Short 0),5:55
http://stats.nba.com/cvp.html?GameID=0021200683&GameEventID=50,1,,Golden State Warriors,MISS Bogut 9' Jump Hook Shot,5:36
http://stats.nba.com/cvp.html?GameID=0021200683&GameEventID=51,1,,Dallas Mavericks,Marion REBOUND (Off:2 Def:3),5:34
http://stats.nba.com/cvp.html?GameID=0021200683&GameEventID=52,1,,Golden State Warriors,Thompson S.FOUL (P2.T3),5:31
http://stats.nba.com/cvp.html?GameID=0021200683&GameEventID=53,1,[ 9 - 16 ],Dallas Mavericks,Mayo Free Throw 1 of 2 (1 PTS),5:31
http://stats.nba.com/cvp.html?GameID=0021200683&GameEventID=55,1,,Golden State Warriors,SUB: Biedrins FOR Bogut,5:31
http://stats.nba.com/cvp.html?GameID=0021200683&GameEventID=56,1,[ 10 - 16 ],Dallas Mavericks,Mayo Free Throw 2 of 2 (2 PTS),5:31
http://stats.nba.com/cvp.html?GameID=0021200683&GameEventID=58,1,[ 10 - 18 ],Golden State Warriors,Biedrins 8' Jump Hook Shot (2 PTS) (Lee 3 AST),5:18
http://stats.nba.com/cvp.html?GameID=0021200683&GameEventID=59,1,[ 12 - 18 ],Dallas Mavericks,Mayo 17' Turnaround Fadeaway (4 PTS) (Collison 1 AST),5:04
http://stats.nba.com/cvp.html?GameID=0021200683&GameEventID=60,1,,Golden State Warriors,MISS Jack 13' Jump Shot,4:54
http://stats.nba.com/cvp.html?GameID=0021200683&GameEventID=62,1,,Golden State Warriors,Lee REBOUND (Off:1 Def:2),4:51
http://stats.nba.com/cvp.html?GameID=0021200683&GameEventID=61,1,[ 12 - 20 ],Golden State Warriors,Lee 1' Tip Shot (4 PTS),4:51
http://stats.nba.com/cvp.html?GameID=0021200683&GameEventID=63,1,,Golden State Warriors,Thompson P.FOUL (P3.T4),4:34
http://stats.nba.com/cvp.html?GameID=0021200683&GameEventID=64,1,,Dallas Mavericks,SUB: Carter FOR Jones,4:34
http://stats.nba.com/cvp.html?GameID=0021200683&GameEventID=65,1,,Golden State Warriors,SUB: Green FOR Thompson,4:34
http://stats.nba.com/cvp.html?GameID=0021200683&GameEventID=66,1,,Dallas Mavericks,Marion Poss Lost Ball Turnover (P1.T4),4:29
http://stats.nba.com/cvp.html?GameID=0021200683&GameEventID=67,1,,Dallas Mavericks,Mayo P.FOUL (P1.T2),4:20
http://stats.nba.com/cvp.html?GameID=0021200683&GameEventID=68,1,[ 12 - 22 ],Golden State Warriors,Barnes 2' Driving Layup (5 PTS) (Jack 2 AST),4:13
http://stats.nba.com/cvp.html?GameID=0021200683&GameEventID=69,1,,Dallas Mavericks,Mayo S.FOUL (P2.T3),4:13
http://stats.nba.com/cvp.html?GameID=0021200683&GameEventID=70,1,,Dallas Mavericks,SUB: Crowder FOR Mayo,4:13
http://stats.nba.com/cvp.html?GameID=0021200683&GameEventID=71,1,[ 12 - 23 ],Golden State Warriors,Barnes Free Throw 1 of 1 (6 PTS),4:13
http://stats.nba.com/cvp.html?GameID=0021200683&GameEventID=73,1,,Dallas Mavericks,MISS Brand 17' Turnaround Jump Shot,4:04
http://stats.nba.com/cvp.html?GameID=0021200683&GameEventID=74,1,,Golden State Warriors,Lee REBOUND (Off:1 Def:3),4:03
http://stats.nba.com/cvp.html?GameID=0021200683&GameEventID=75,1,,Dallas Mavericks,Carter P.FOUL (P1.T4),3:55
http://stats.nba.com/cvp.html?GameID=0021200683&GameEventID=76,1,,Dallas Mavericks,SUB: Beaubois FOR Collison,3:55
http://stats.nba.com/cvp.html?GameID=0021200683&GameEventID=77,1,,Dallas Mavericks,SUB: James FOR Brand,3:55
http://stats.nba.com/cvp.html?GameID=0021200683&GameEventID=78,1,,Golden State Warriors,MISS Barnes 13' Turnaround Fadeaway Shot,3:46
http://stats.nba.com/cvp.html?GameID=0021200683&GameEventID=79,1,,Dallas Mavericks,James REBOUND (Off:0 Def:1),3:45
http://stats.nba.com/cvp.html?GameID=0021200683&GameEventID=80,1,,Dallas Mavericks,MISS Carter 19' Jump Shot,3:33
http://stats.nba.com/cvp.html?GameID=0021200683&GameEventID=81,1,,Golden State Warriors,Lee REBOUND (Off:1 Def:4),3:32
http://stats.nba.com/cvp.html?GameID=0021200683&GameEventID=82,1,,Golden State Warriors,MISS Green 25' 3PT Jump Shot,3:21
http://stats.nba.com/cvp.html?GameID=0021200683&GameEventID=83,1,,Dallas Mavericks,Crowder REBOUND (Off:0 Def:1),3:19
http://stats.nba.com/cvp.html?GameID=0021200683&GameEventID=84,1,[ 15 - 23 ],Dallas Mavericks,Carter 24' 3PT Pullup Jump Shot (3 PTS) (Crowder 1 AST),3:08
http://stats.nba.com/cvp.html?GameID=0021200683&GameEventID=85,1,[ 15 - 26 ],Golden State Warriors,Green 26' 3PT Pullup Jump Shot (3 PTS) (Barnes 2 AST),2:45
http://stats.nba.com/cvp.html?GameID=0021200683&GameEventID=86,1,,Dallas Mavericks,Mavericks Timeout: Regular (Reg.1 Short 0),2:40
http://stats.nba.com/cvp.html?GameID=0021200683&GameEventID=88,1,,Golden State Warriors,SUB: Landry FOR Barnes,2:40
http://stats.nba.com/cvp.html?GameID=0021200683&GameEventID=89,1,,Golden State Warriors,SUB: Jefferson FOR Lee,2:40
http://stats.nba.com/cvp.html?GameID=0021200683&GameEventID=90,1,,Golden State Warriors,SUB: Jenkins FOR Jack,2:40
http://stats.nba.com/cvp.html?GameID=0021200683&GameEventID=92,1,,Golden State Warriors,WARRIORS T.Foul (Def. 3 Sec Biedrins ),2:31
http://stats.nba.com/cvp.html?GameID=0021200683&GameEventID=93,1,,Dallas Mavericks,MISS Carter Free Throw Technical,2:31
http://stats.nba.com/cvp.html?GameID=0021200683&GameEventID=94,1,,Dallas Mavericks,Mavericks Rebound,2:31
http://stats.nba.com/cvp.html?GameID=0021200683&GameEventID=95,1,[ 17 - 26 ],Dallas Mavericks,Marion 2' Jump Hook Shot (8 PTS) (Carter 1 AST),2:18
http://stats.nba.com/cvp.html?GameID=0021200683&GameEventID=96,1,,Golden State Warriors,MISS Green 27' 3PT Jump Shot,2:04
http://stats.nba.com/cvp.html?GameID=0021200683&GameEventID=97,1,,Dallas Mavericks,Carter REBOUND (Off:0 Def:1),2:02
http://stats.nba.com/cvp.html?GameID=0021200683&GameEventID=98,1,,Dallas Mavericks,MISS Carter 27' 3PT Jump Shot,1:56
http://stats.nba.com/cvp.html?GameID=0021200683&GameEventID=99,1,,Golden State Warriors,Green REBOUND (Off:0 Def:1),1:55
http://stats.nba.com/cvp.html?GameID=0021200683&GameEventID=100,1,,Golden State Warriors,Jefferson Traveling Turnover (P1.T2),1:40
http://stats.nba.com/cvp.html?GameID=0021200683&GameEventID=101,1,,Dallas Mavericks,SUB: Wright FOR Marion,1:40
http://stats.nba.com/cvp.html?GameID=0021200683&GameEventID=102,1,,Golden State Warriors,Green P.FOUL (P1.PN),1:31
http://stats.nba.com/cvp.html?GameID=0021200683&GameEventID=103,1,[ 18 - 26 ],Dallas Mavericks,Carter Free Throw 1 of 2 (4 PTS),1:31
http://stats.nba.com/cvp.html?GameID=0021200683&GameEventID=105,1,[ 19 - 26 ],Dallas Mavericks,Carter Free Throw 2 of 2 (5 PTS),1:31
http://stats.nba.com/cvp.html?GameID=0021200683&GameEventID=107,1,,Golden State Warriors,Jenkins Bad Pass Turnover (P1.T3),1:22
http://stats.nba.com/cvp.html?GameID=0021200683&GameEventID=107,1,,Dallas Mavericks,Beaubois STEAL (1 STL),1:22
http://stats.nba.com/cvp.html?GameID=0021200683&GameEventID=108,1,[ 21 - 26 ],Dallas Mavericks,Crowder 20' Step Back Jump Shot (2 PTS) (James 1 AST),1:10
http://stats.nba.com/cvp.html?GameID=0021200683&GameEventID=109,1,,Golden State Warriors,MISS Landry 18' Jump Shot,0:54
http://stats.nba.com/cvp.html?GameID=0021200683&GameEventID=110,1,,Dallas Mavericks,Crowder REBOUND (Off:0 Def:2),0:53
http://stats.nba.com/cvp.html?GameID=0021200683&GameEventID=111,1,[ 23 - 26 ],Dallas Mavericks,Wright 15' Pullup Jump Shot (2 PTS) (Carter 2 AST),0:43
http://stats.nba.com/cvp.html?GameID=0021200683&GameEventID=112,1,[ 23 - 28 ],Golden State Warriors,Landry 10' Jump Shot (2 PTS),0:22
http://stats.nba.com/cvp.html?GameID=0021200683&GameEventID=113,1,,Dallas Mavericks,MISS Crowder 26' 3PT Jump Shot,0:03
http://stats.nba.com/cvp.html?GameID=0021200683&GameEventID=114,1,,Golden State Warriors,Landry REBOUND (Off:0 Def:1),0:02
http://stats.nba.com/cvp.html?GameID=0021200683&GameEventID=115,1,,Golden State Warriors,MISS Jefferson 46' 3PT Jump Shot,0:00
http://stats.nba.com/cvp.html?GameID=0021200683&GameEventID=116,1,,Golden State Warriors,WARRIORS Rebound,0:00
http://stats.nba.com/cvp.html?GameID=0021200683&GameEventID=120,2,[ 25 - 28 ],Dallas Mavericks,Wright 6' Jump Hook Shot (4 PTS) (Beaubois 1 AST),11:40
http://stats.nba.com/cvp.html?GameID=0021200683&GameEventID=122,2,,Golden State Warriors,MISS Landry 8' Jump Shot,11:24
http://stats.nba.com/cvp.html?GameID=0021200683&GameEventID=122,2,,Dallas Mavericks,Wright BLOCK (1 BLK),11:24
http://stats.nba.com/cvp.html?GameID=0021200683&GameEventID=123,2,,Golden State Warriors,Green REBOUND (Off:1 Def:1),11:22
http://stats.nba.com/cvp.html?GameID=0021200683&GameEventID=124,2,[ 25 - 31 ],Golden State Warriors,Jefferson 25' 3PT Jump Shot (3 PTS) (Green 1 AST),11:19
http://stats.nba.com/cvp.html?GameID=0021200683&GameEventID=125,2,,Dallas Mavericks,James Bad Pass Turnover (P1.T5),10:54
http://stats.nba.com/cvp.html?GameID=0021200683&GameEventID=126,2,,Golden State Warriors,MISS Landry 3' Layup,10:35
http://stats.nba.com/cvp.html?GameID=0021200683&GameEventID=126,2,,Dallas Mavericks,Wright BLOCK (2 BLK),10:35
http://stats.nba.com/cvp.html?GameID=0021200683&GameEventID=127,2,,Golden State Warriors,Lee REBOUND (Off:2 Def:4),10:33
http://stats.nba.com/cvp.html?GameID=0021200683&GameEventID=128,2,[ 25 - 33 ],Golden State Warriors,Lee 2' Layup (6 PTS),10:32
http://stats.nba.com/cvp.html?GameID=0021200683&GameEventID=129,2,,Golden State Warriors,Green Violation:Kicked Ball,10:23
http://stats.nba.com/cvp.html?GameID=0021200683&GameEventID=130,2,,Dallas Mavericks,MISS Beaubois 24' 3PT Jump Shot,10:16
http://stats.nba.com/cvp.html?GameID=0021200683&GameEventID=131,2,,Golden State Warriors,Lee REBOUND (Off:2 Def:5),10:15
http://stats.nba.com/cvp.html?GameID=0021200683&GameEventID=132,2,,Golden State Warriors,Green Bad Pass Turnover (P1.T4),10:05
http://stats.nba.com/cvp.html?GameID=0021200683&GameEventID=132,2,,Dallas Mavericks,Carter STEAL (1 STL),10:05
http://stats.nba.com/cvp.html?GameID=0021200683&GameEventID=133,2,,Golden State Warriors,Lee STEAL (1 STL),10:02
http://stats.nba.com/cvp.html?GameID=0021200683&GameEventID=133,2,,Dallas Mavericks,Carter Bad Pass Turnover (P1.T6),10:02
http://stats.nba.com/cvp.html?GameID=0021200683&GameEventID=134,2,,Dallas Mavericks,James S.FOUL (P1.T1),9:58
http://stats.nba.com/cvp.html?GameID=0021200683&GameEventID=135,2,[ 25 - 34 ],Golden State Warriors,Landry Free Throw 1 of 2 (3 PTS),9:58
http://stats.nba.com/cvp.html?GameID=0021200683&GameEventID=137,2,,Dallas Mavericks,SUB: Mayo FOR Carter,9:58
http://stats.nba.com/cvp.html?GameID=0021200683&GameEventID=138,2,[ 25 - 35 ],Golden State Warriors,Landry Free Throw 2 of 2 (4 PTS),9:58
http://stats.nba.com/cvp.html?GameID=0021200683&GameEventID=140,2,[ 27 - 35 ],Dallas Mavericks,James 3' Jump Hook Shot (2 PTS) (Mayo 2 AST),9:42
http://stats.nba.com/cvp.html?GameID=0021200683&GameEventID=141,2,,Golden State Warriors,Green Bad Pass Turnover (P2.T5),9:29
http://stats.nba.com/cvp.html?GameID=0021200683&GameEventID=142,2,,Golden State Warriors,Green P.FOUL (P2.T1),9:20
http://stats.nba.com/cvp.html?GameID=0021200683&GameEventID=143,2,,Golden State Warriors,SUB: Jack FOR Bazemore,9:20
http://stats.nba.com/cvp.html?GameID=0021200683&GameEventID=144,2,,Golden State Warriors,SUB: Thompson FOR Jefferson,9:20
http://stats.nba.com/cvp.html?GameID=0021200683&GameEventID=145,2,,Dallas Mavericks,MISS Mayo 26' 3PT Jump Shot,9:08
http://stats.nba.com/cvp.html?GameID=0021200683&GameEventID=146,2,,Dallas Mavericks,Beaubois REBOUND (Off:1 Def:0),9:07
http://stats.nba.com/cvp.html?GameID=0021200683&GameEventID=147,2,,Dallas Mavericks,MISS Crowder 19' Jump Shot,8:59
http://stats.nba.com/cvp.html?GameID=0021200683&GameEventID=148,2,,Dallas Mavericks,James REBOUND (Off:1 Def:1),8:58
http://stats.nba.com/cvp.html?GameID=0021200683&GameEventID=149,2,,Golden State Warriors,Landry P.FOUL (P1.T2),8:58
http://stats.nba.com/cvp.html?GameID=0021200683&GameEventID=152,2,,Golden State Warriors,SUB: Bogut FOR Landry,8:58
http://stats.nba.com/cvp.html?GameID=0021200683&GameEventID=153,2,,Golden State Warriors,Bogut S.FOUL (P1.T3),8:51
http://stats.nba.com/cvp.html?GameID=0021200683&GameEventID=154,2,,Dallas Mavericks,MISS Wright Free Throw 1 of 2,8:51
http://stats.nba.com/cvp.html?GameID=0021200683&GameEventID=155,2,,Dallas Mavericks,Mavericks Rebound,8:51
http://stats.nba.com/cvp.html?GameID=0021200683&GameEventID=156,2,[ 28 - 35 ],Dallas Mavericks,Wright Free Throw 2 of 2 (5 PTS),8:51
http://stats.nba.com/cvp.html?GameID=0021200683&GameEventID=158,2,,Golden State Warriors,MISS Thompson 18' Jump Shot,8:40
http://stats.nba.com/cvp.html?GameID=0021200683&GameEventID=159,2,,Dallas Mavericks,Beaubois REBOUND (Off:1 Def:1),8:38
http://stats.nba.com/cvp.html?GameID=0021200683&GameEventID=160,2,,Golden State Warriors,SUB: Barnes FOR Green,8:28
http://stats.nba.com/cvp.html?GameID=0021200683&GameEventID=161,2,,Golden State Warriors,Jump Ball Jack vs. Beaubois: Tip to Wright,8:28
http://stats.nba.com/cvp.html?GameID=0021200683&GameEventID=162,2,[ 30 - 35 ],Dallas Mavericks,Wright 13' Running Jump Shot (7 PTS) (Beaubois 2 AST),8:18
http://stats.nba.com/cvp.html?GameID=0021200683&GameEventID=163,2,[ 30 - 37 ],Golden State Warriors,Thompson 18' Jump Shot (9 PTS) (Jack 3 AST),7:57
http://stats.nba.com/cvp.html?GameID=0021200683&GameEventID=164,2,[ 32 - 37 ],Dallas Mavericks,Beaubois 6' Running Jump Shot (2 PTS),7:47
http://stats.nba.com/cvp.html?GameID=0021200683&GameEventID=165,2,,Dallas Mavericks,Wright S.FOUL (P1.T2),7:34
http://stats.nba.com/cvp.html?GameID=0021200683&GameEventID=166,2,[ 32 - 38 ],Golden State Warriors,Lee Free Throw 1 of 2 (7 PTS),7:34
http://stats.nba.com/cvp.html?GameID=0021200683&GameEventID=168,2,,Golden State Warriors,MISS Lee Free Throw 2 of 2,7:34
http://stats.nba.com/cvp.html?GameID=0021200683&GameEventID=170,2,,Dallas Mavericks,James REBOUND (Off:1 Def:2),7:33
http://stats.nba.com/cvp.html?GameID=0021200683&GameEventID=171,2,[ 34 - 38 ],Dallas Mavericks,James 2' Layup (4 PTS) (Mayo 3 AST),7:19
http://stats.nba.com/cvp.html?GameID=0021200683&GameEventID=172,2,,Golden State Warriors,Lee S.FOUL (P1.T4),7:19
http://stats.nba.com/cvp.html?GameID=0021200683&GameEventID=173,2,[ 35 - 38 ],Dallas Mavericks,James Free Throw 1 of 1 (5 PTS),7:19
http://stats.nba.com/cvp.html?GameID=0021200683&GameEventID=175,2,[ 35 - 40 ],Golden State Warriors,Bogut 8' Turnaround Hook Shot (4 PTS),7:05
http://stats.nba.com/cvp.html?GameID=0021200683&GameEventID=176,2,[ 37 - 40 ],Dallas Mavericks,Mayo 2' Driving Layup (6 PTS),6:56
http://stats.nba.com/cvp.html?GameID=0021200683&GameEventID=177,2,,Golden State Warriors,MISS Thompson 26' 3PT Jump Shot,6:45
http://stats.nba.com/cvp.html?GameID=0021200683&GameEventID=178,2,,Dallas Mavericks,James REBOUND (Off:1 Def:3),6:44
http://stats.nba.com/cvp.html?GameID=0021200683&GameEventID=179,2,[ 39 - 40 ],Dallas Mavericks,Mayo 12' Fadeaway Jumper (8 PTS),6:29
http://stats.nba.com/cvp.html?GameID=0021200683&GameEventID=180,2,[ 39 - 42 ],Golden State Warriors,Thompson 1' Reverse Layup (11 PTS) (Lee 4 AST),6:13
http://stats.nba.com/cvp.html?GameID=0021200683&GameEventID=181,2,,Dallas Mavericks,Mavericks Timeout: Regular (Reg.2 Short 0),6:07
http://stats.nba.com/cvp.html?GameID=0021200683&GameEventID=183,2,,Dallas Mavericks,SUB: Marion FOR James,6:07
http://stats.nba.com/cvp.html?GameID=0021200683&GameEventID=184,2,[ 41 - 42 ],Dallas Mavericks,Marion 11' Running Bank Shot (10 PTS) (Crowder 2 AST),5:56
http://stats.nba.com/cvp.html?GameID=0021200683&GameEventID=185,2,,Golden State Warriors,MISS Bogut 16' Turnaround Fadeaway Shot,5:31
http://stats.nba.com/cvp.html?GameID=0021200683&GameEventID=186,2,,Dallas Mavericks,Mayo REBOUND (Off:0 Def:1),5:29
http://stats.nba.com/cvp.html?GameID=0021200683&GameEventID=187,2,,Dallas Mavericks,MISS Marion 7' Running Jump Shot,5:17
http://stats.nba.com/cvp.html?GameID=0021200683&GameEventID=188,2,,Golden State Warriors,Bogut REBOUND (Off:0 Def:2),5:13
http://stats.nba.com/cvp.html?GameID=0021200683&GameEventID=189,2,[ 41 - 44 ],Golden State Warriors,Lee 18' Jump Shot (9 PTS) (Barnes 3 AST),5:08
http://stats.nba.com/cvp.html?GameID=0021200683&GameEventID=190,2,,Dallas Mavericks,MISS Crowder 11' Turnaround Jump Shot,4:51
http://stats.nba.com/cvp.html?GameID=0021200683&GameEventID=191,2,,Golden State Warriors,Lee REBOUND (Off:2 Def:6),4:50
http://stats.nba.com/cvp.html?GameID=0021200683&GameEventID=192,2,[ 41 - 46 ],Golden State Warriors,Thompson 19' Jump Shot (13 PTS),4:41
http://stats.nba.com/cvp.html?GameID=0021200683&GameEventID=193,2,,Dallas Mavericks,Mavericks Timeout: Short (Reg.2 Short 1),4:39
http://stats.nba.com/cvp.html?GameID=0021200683&GameEventID=195,2,,Dallas Mavericks,SUB: Carter FOR Crowder,4:39
http://stats.nba.com/cvp.html?GameID=0021200683&GameEventID=196,2,,Dallas Mavericks,SUB: Collison FOR Beaubois,4:39
http://stats.nba.com/cvp.html?GameID=0021200683&GameEventID=197,2,,Dallas Mavericks,SUB: Brand FOR Wright,4:39
http://stats.nba.com/cvp.html?GameID=0021200683&GameEventID=198,2,[ 43 - 46 ],Dallas Mavericks,Collison 2' Driving Layup (2 PTS),4:18
http://stats.nba.com/cvp.html?GameID=0021200683&GameEventID=199,2,[ 43 - 48 ],Golden State Warriors,Bogut 6' Hook Shot (6 PTS) (Jack 4 AST),3:54
http://stats.nba.com/cvp.html?GameID=0021200683&GameEventID=200,2,,Dallas Mavericks,MISS Brand 17' Jump Shot,3:43
http://stats.nba.com/cvp.html?GameID=0021200683&GameEventID=201,2,,Golden State Warriors,Lee REBOUND (Off:2 Def:7),3:42
http://stats.nba.com/cvp.html?GameID=0021200683&GameEventID=202,2,,Golden State Warriors,Lee Bad Pass Turnover (P1.T6),3:39
http://stats.nba.com/cvp.html?GameID=0021200683&GameEventID=202,2,,Dallas Mavericks,Collison STEAL (1 STL),3:39
http://stats.nba.com/cvp.html?GameID=0021200683&GameEventID=203,2,[ 46 - 48 ],Dallas Mavericks,Mayo 27' 3PT Jump Shot (11 PTS) (Carter 3 AST),3:33
http://stats.nba.com/cvp.html?GameID=0021200683&GameEventID=204,2,,Golden State Warriors,MISS Bogut 8' Turnaround Hook Shot,3:09
http://stats.nba.com/cvp.html?GameID=0021200683&GameEventID=205,2,,Dallas Mavericks,Marion REBOUND (Off:2 Def:4),3:07
http://stats.nba.com/cvp.html?GameID=0021200683&GameEventID=206,2,,Golden State Warriors,Jack P.FOUL (P2.PN),2:57
http://stats.nba.com/cvp.html?GameID=0021200683&GameEventID=207,2,,Golden State Warriors,WARRIORS Timeout: Regular (Full 2 Short 0),2:57
http://stats.nba.com/cvp.html?GameID=0021200683&GameEventID=209,2,,Golden State Warriors,SUB: Landry FOR Bogut,2:57
http://stats.nba.com/cvp.html?GameID=0021200683&GameEventID=210,2,[ 47 - 48 ],Dallas Mavericks,Mayo Free Throw 1 of 2 (12 PTS),2:57
http://stats.nba.com/cvp.html?GameID=0021200683&GameEventID=212,2,[ 48 - 48 ],Dallas Mavericks,Mayo Free Throw 2 of 2 (13 PTS),2:57
http://stats.nba.com/cvp.html?GameID=0021200683&GameEventID=214,2,[ 48 - 51 ],Golden State Warriors,Thompson 25' 3PT Jump Shot (16 PTS) (Jack 5 AST),2:42
http://stats.nba.com/cvp.html?GameID=0021200683&GameEventID=215,2,,Golden State Warriors,Jack S.FOUL (P3.PN),2:22
http://stats.nba.com/cvp.html?GameID=0021200683&GameEventID=216,2,[ 49 - 51 ],Dallas Mavericks,Marion Free Throw 1 of 2 (11 PTS),2:22
http://stats.nba.com/cvp.html?GameID=0021200683&GameEventID=218,2,,Golden State Warriors,SUB: Jefferson FOR Thompson,2:22
http://stats.nba.com/cvp.html?GameID=0021200683&GameEventID=219,2,,Dallas Mavericks,MISS Marion Free Throw 2 of 2,2:22
http://stats.nba.com/cvp.html?GameID=0021200683&GameEventID=221,2,,Golden State Warriors,Lee REBOUND (Off:2 Def:8),2:21
http://stats.nba.com/cvp.html?GameID=0021200683&GameEventID=222,2,,Golden State Warriors,MISS Lee 9' Turnaround Hook Shot,2:01
http://stats.nba.com/cvp.html?GameID=0021200683&GameEventID=223,2,,Dallas Mavericks,Mayo REBOUND (Off:0 Def:2),1:59
http://stats.nba.com/cvp.html?GameID=0021200683&GameEventID=224,2,,Dallas Mavericks,Carter Traveling Turnover (P2.T7),1:57
http://stats.nba.com/cvp.html?GameID=0021200683&GameEventID=225,2,[ 49 - 53 ],Golden State Warriors,Barnes 16' Fadeaway Jumper (8 PTS),1:45
http://stats.nba.com/cvp.html?GameID=0021200683&GameEventID=226,2,,Dallas Mavericks,Carter Traveling Turnover (P3.T8),1:33
http://stats.nba.com/cvp.html?GameID=0021200683&GameEventID=227,2,,Golden State Warriors,MISS Barnes 3' Jump Shot,1:19
http://stats.nba.com/cvp.html?GameID=0021200683&GameEventID=229,2,,Golden State Warriors,Landry REBOUND (Off:1 Def:1),1:16
http://stats.nba.com/cvp.html?GameID=0021200683&GameEventID=228,2,,Golden State Warriors,MISS Landry 2' Tip Shot,1:16
http://stats.nba.com/cvp.html?GameID=0021200683&GameEventID=230,2,,Golden State Warriors,Barnes REBOUND (Off:1 Def:2),1:15
http://stats.nba.com/cvp.html?GameID=0021200683&GameEventID=231,2,,Golden State Warriors,MISS Lee 4' Jump Shot,1:10
http://stats.nba.com/cvp.html?GameID=0021200683&GameEventID=231,2,,Dallas Mavericks,Brand BLOCK (1 BLK),1:10
http://stats.nba.com/cvp.html?GameID=0021200683&GameEventID=232,2,,Golden State Warriors,Lee REBOUND (Off:3 Def:8),1:08
http://stats.nba.com/cvp.html?GameID=0021200683&GameEventID=233,2,,Golden State Warriors,MISS Lee 2' Layup,1:06
http://stats.nba.com/cvp.html?GameID=0021200683&GameEventID=234,2,,Dallas Mavericks,Marion REBOUND (Off:2 Def:5),1:05
http://stats.nba.com/cvp.html?GameID=0021200683&GameEventID=235,2,,Dallas Mavericks,Collison Bad Pass Turnover (P2.T9),1:02
http://stats.nba.com/cvp.html?GameID=0021200683&GameEventID=236,2,[ 49 - 55 ],Golden State Warriors,Landry 2' Reverse Layup (6 PTS),0:48
http://stats.nba.com/cvp.html?GameID=0021200683&GameEventID=237,2,,Golden State Warriors,Barnes S.FOUL (P1.PN),0:44
http://stats.nba.com/cvp.html?GameID=0021200683&GameEventID=238,2,[ 50 - 55 ],Dallas Mavericks,Carter Free Throw 1 of 2 (6 PTS),0:44
http://stats.nba.com/cvp.html?GameID=0021200683&GameEventID=240,2,[ 51 - 55 ],Dallas Mavericks,Carter Free Throw 2 of 2 (7 PTS),0:44
http://stats.nba.com/cvp.html?GameID=0021200683&GameEventID=242,2,,Golden State Warriors,MISS Jack 7' Floating Jump Shot,0:31
http://stats.nba.com/cvp.html?GameID=0021200683&GameEventID=243,2,,Dallas Mavericks,Marion REBOUND (Off:2 Def:6),0:30
http://stats.nba.com/cvp.html?GameID=0021200683&GameEventID=244,2,,Dallas Mavericks,MISS Carter 15' Jump Shot,0:21
http://stats.nba.com/cvp.html?GameID=0021200683&GameEventID=245,2,,Dallas Mavericks,Marion REBOUND (Off:3 Def:6),0:20
http://stats.nba.com/cvp.html?GameID=0021200683&GameEventID=246,2,[ 53 - 55 ],Dallas Mavericks,Carter 1' Slam Dunk (9 PTS) (Brand 1 AST),0:00
http://stats.nba.com/cvp.html?GameID=0021200683&GameEventID=250,3,,Golden State Warriors,Lee Violation:Kicked Ball,11:47
http://stats.nba.com/cvp.html?GameID=0021200683&GameEventID=251,3,,Golden State Warriors,Bogut BLOCK (1 BLK),11:41
http://stats.nba.com/cvp.html?GameID=0021200683&GameEventID=251,3,,Dallas Mavericks,MISS Marion 3' Layup,11:41
http://stats.nba.com/cvp.html?GameID=0021200683&GameEventID=252,3,,Golden State Warriors,Jack REBOUND (Off:0 Def:1),11:39
http://stats.nba.com/cvp.html?GameID=0021200683&GameEventID=253,3,,Dallas Mavericks,Brand S.FOUL (P1.T1),11:26
http://stats.nba.com/cvp.html?GameID=0021200683&GameEventID=254,3,[ 53 - 56 ],Golden State Warriors,Barnes Free Throw 1 of 2 (9 PTS),11:26
http://stats.nba.com/cvp.html?GameID=0021200683&GameEventID=256,3,[ 53 - 57 ],Golden State Warriors,Barnes Free Throw 2 of 2 (10 PTS),11:26
http://stats.nba.com/cvp.html?GameID=0021200683&GameEventID=259,3,[ 55 - 57 ],Dallas Mavericks,Marion 11' Running Jump Shot (13 PTS) (Mayo 4 AST),11:11
http://stats.nba.com/cvp.html?GameID=0021200683&GameEventID=260,3,[ 55 - 59 ],Golden State Warriors,Thompson 19' Jump Shot (18 PTS) (Lee 5 AST),10:51
http://stats.nba.com/cvp.html?GameID=0021200683&GameEventID=261,3,,Golden State Warriors,Bogut S.FOUL (P2.T1),10:43
http://stats.nba.com/cvp.html?GameID=0021200683&GameEventID=262,3,,Dallas Mavericks,MISS Marion Free Throw 1 of 2,10:43
http://stats.nba.com/cvp.html?GameID=0021200683&GameEventID=263,3,,Dallas Mavericks,Mavericks Rebound,10:43
http://stats.nba.com/cvp.html?GameID=0021200683&GameEventID=264,3,[ 56 - 59 ],Dallas Mavericks,Marion Free Throw 2 of 2 (14 PTS),10:43
http://stats.nba.com/cvp.html?GameID=0021200683&GameEventID=266,3,,Dallas Mavericks,Jones P.FOUL (P2.T2),10:29
http://stats.nba.com/cvp.html?GameID=0021200683&GameEventID=267,3,,Golden State Warriors,MISS Jack 15' Jump Bank Shot,10:18
http://stats.nba.com/cvp.html?GameID=0021200683&GameEventID=268,3,,Dallas Mavericks,Marion REBOUND (Off:3 Def:7),10:17
http://stats.nba.com/cvp.html?GameID=0021200683&GameEventID=269,3,,Dallas Mavericks,MISS Mayo 29' 3PT Jump Shot,10:00
http://stats.nba.com/cvp.html?GameID=0021200683&GameEventID=270,3,,Dallas Mavericks,Marion REBOUND (Off:4 Def:7),9:59
http://stats.nba.com/cvp.html?GameID=0021200683&GameEventID=271,3,,Dallas Mavericks,MISS Jones 27' 3PT Jump Shot,9:55
http://stats.nba.com/cvp.html?GameID=0021200683&GameEventID=272,3,,Dallas Mavericks,Brand REBOUND (Off:3 Def:1),9:54
http://stats.nba.com/cvp.html?GameID=0021200683&GameEventID=273,3,,Dallas Mavericks,MISS Collison 16' Jump Shot,9:44
http://stats.nba.com/cvp.html?GameID=0021200683&GameEventID=274,3,,Golden State Warriors,Bogut REBOUND (Off:0 Def:3),9:43
http://stats.nba.com/cvp.html?GameID=0021200683&GameEventID=275,3,[ 56 - 61 ],Golden State Warriors,Thompson 17' Fadeaway Jumper (20 PTS) (Barnes 4 AST),9:31
http://stats.nba.com/cvp.html?GameID=0021200683&GameEventID=276,3,[ 58 - 61 ],Dallas Mavericks,Mayo 23' Jump Shot (15 PTS) (Collison 2 AST),9:10
http://stats.nba.com/cvp.html?GameID=0021200683&GameEventID=277,3,,Golden State Warriors,MISS Barnes 16' Jump Shot,8:55
http://stats.nba.com/cvp.html?GameID=0021200683&GameEventID=278,3,,Dallas Mavericks,Marion REBOUND (Off:4 Def:8),8:54
http://stats.nba.com/cvp.html?GameID=0021200683&GameEventID=279,3,,Golden State Warriors,Jack STEAL (1 STL),8:50
http://stats.nba.com/cvp.html?GameID=0021200683&GameEventID=279,3,,Dallas Mavericks,Marion Bad Pass Turnover (P2.T10),8:50
http://stats.nba.com/cvp.html?GameID=0021200683&GameEventID=280,3,[ 58 - 64 ],Golden State Warriors,Jack 26' 3PT Jump Shot (5 PTS),8:45
http://stats.nba.com/cvp.html?GameID=0021200683&GameEventID=281,3,,Dallas Mavericks,Mavericks Timeout: Regular (Reg.3 Short 1),8:43
http://stats.nba.com/cvp.html?GameID=0021200683&GameEventID=285,3,[ 60 - 64 ],Dallas Mavericks,Brand 9' Jump Shot (4 PTS) (Collison 3 AST),8:23
http://stats.nba.com/cvp.html?GameID=0021200683&GameEventID=286,3,,Golden State Warriors,MISS Bogut 10' Turnaround Hook Shot,8:02
http://stats.nba.com/cvp.html?GameID=0021200683&GameEventID=287,3,,Dallas Mavericks,Collison REBOUND (Off:0 Def:1),8:01
http://stats.nba.com/cvp.html?GameID=0021200683&GameEventID=288,3,,Dallas Mavericks,MISS Brand 17' Jump Shot,7:41
http://stats.nba.com/cvp.html?GameID=0021200683&GameEventID=289,3,,Golden State Warriors,Lee REBOUND (Off:3 Def:9),7:40
http://stats.nba.com/cvp.html?GameID=0021200683&GameEventID=290,3,,Golden State Warriors,MISS Jack 2' Reverse Layup,7:28
http://stats.nba.com/cvp.html?GameID=0021200683&GameEventID=291,3,,Dallas Mavericks,Brand REBOUND (Off:3 Def:2),7:27
http://stats.nba.com/cvp.html?GameID=0021200683&GameEventID=292,3,,Dallas Mavericks,MISS Collison 18' Jump Shot,7:10
http://stats.nba.com/cvp.html?GameID=0021200683&GameEventID=293,3,,Golden State Warriors,Jack REBOUND (Off:0 Def:2),7:09
http://stats.nba.com/cvp.html?GameID=0021200683&GameEventID=294,3,,Dallas Mavericks,Collison S.FOUL (P1.T3),6:57
http://stats.nba.com/cvp.html?GameID=0021200683&GameEventID=295,3,[ 60 - 65 ],Golden State Warriors,Thompson Free Throw 1 of 2 (21 PTS),6:57
http://stats.nba.com/cvp.html?GameID=0021200683&GameEventID=297,3,[ 60 - 66 ],Golden State Warriors,Thompson Free Throw 2 of 2 (22 PTS),6:57
http://stats.nba.com/cvp.html?GameID=0021200683&GameEventID=299,3,,Golden State Warriors,Bogut S.FOUL (P3.T2),6:48
http://stats.nba.com/cvp.html?GameID=0021200683&GameEventID=300,3,,Dallas Mavericks,MISS Mayo Free Throw 1 of 2,6:48
http://stats.nba.com/cvp.html?GameID=0021200683&GameEventID=301,3,,Dallas Mavericks,Mavericks Rebound,6:48
http://stats.nba.com/cvp.html?GameID=0021200683&GameEventID=302,3,[ 61 - 66 ],Dallas Mavericks,Mayo Free Throw 2 of 2 (16 PTS),6:48
http://stats.nba.com/cvp.html?GameID=0021200683&GameEventID=304,3,[ 61 - 68 ],Golden State Warriors,Lee 3' Turnaround Bank Shot (11 PTS) (Jack 6 AST),6:32
http://stats.nba.com/cvp.html?GameID=0021200683&GameEventID=305,3,,Dallas Mavericks,MISS Jones 28' 3PT Jump Shot,6:23
http://stats.nba.com/cvp.html?GameID=0021200683&GameEventID=306,3,,Golden State Warriors,Bogut REBOUND (Off:0 Def:4),6:22
http://stats.nba.com/cvp.html?GameID=0021200683&GameEventID=307,3,,Golden State Warriors,Lee Bad Pass Turnover (P2.T7),6:11
http://stats.nba.com/cvp.html?GameID=0021200683&GameEventID=308,3,,Golden State Warriors,Thompson P.FOUL (P4.T3),5:59
http://stats.nba.com/cvp.html?GameID=0021200683&GameEventID=309,3,,Golden State Warriors,SUB: Landry FOR Bogut,5:59
http://stats.nba.com/cvp.html?GameID=0021200683&GameEventID=310,3,,Dallas Mavericks,SUB: Carter FOR Jones,5:59
http://stats.nba.com/cvp.html?GameID=0021200683&GameEventID=311,3,,Dallas Mavericks,SUB: James FOR Brand,5:59
http://stats.nba.com/cvp.html?GameID=0021200683&GameEventID=312,3,,Dallas Mavericks,MISS Carter 27' 3PT Jump Shot,5:48
http://stats.nba.com/cvp.html?GameID=0021200683&GameEventID=313,3,,Golden State Warriors,Lee REBOUND (Off:3 Def:10),5:47
http://stats.nba.com/cvp.html?GameID=0021200683&GameEventID=314,3,,Golden State Warriors,MISS Landry 4' Hook Shot,5:36
http://stats.nba.com/cvp.html?GameID=0021200683&GameEventID=314,3,,Dallas Mavericks,James BLOCK (1 BLK),5:36
http://stats.nba.com/cvp.html?GameID=0021200683&GameEventID=315,3,,Dallas Mavericks,Collison REBOUND (Off:0 Def:2),5:35
http://stats.nba.com/cvp.html?GameID=0021200683&GameEventID=316,3,[ 64 - 68 ],Dallas Mavericks,Carter 27' 3PT Jump Shot (12 PTS) (Collison 4 AST),5:26
http://stats.nba.com/cvp.html?GameID=0021200683&GameEventID=317,3,[ 64 - 70 ],Golden State Warriors,Lee 6' Hook Shot (13 PTS) (Barnes 5 AST),5:10
http://stats.nba.com/cvp.html?GameID=0021200683&GameEventID=318,3,,Dallas Mavericks,Marion S.FOUL (P1.T4),5:10
http://stats.nba.com/cvp.html?GameID=0021200683&GameEventID=319,3,[ 64 - 71 ],Golden State Warriors,Lee Free Throw 1 of 1 (14 PTS),5:10
http://stats.nba.com/cvp.html?GameID=0021200683&GameEventID=321,3,,Dallas Mavericks,Marion Bad Pass Turnover (P3.T11),4:58
http://stats.nba.com/cvp.html?GameID=0021200683&GameEventID=322,3,[ 64 - 73 ],Golden State Warriors,Landry  Slam Dunk (8 PTS) (Lee 6 AST),4:46
http://stats.nba.com/cvp.html?GameID=0021200683&GameEventID=323,3,,Dallas Mavericks,Mavericks Timeout: Short (Reg.3 Short 2),4:45
http://stats.nba.com/cvp.html?GameID=0021200683&GameEventID=325,3,[ 67 - 73 ],Dallas Mavericks,Carter 26' 3PT Jump Shot (15 PTS) (Collison 5 AST),4:34
http://stats.nba.com/cvp.html?GameID=0021200683&GameEventID=326,3,,Golden State Warriors,MISS Jack 20' Jump Shot,4:13
http://stats.nba.com/cvp.html?GameID=0021200683&GameEventID=327,3,,Dallas Mavericks,Marion REBOUND (Off:4 Def:9),4:12
http://stats.nba.com/cvp.html?GameID=0021200683&GameEventID=328,3,[ 69 - 73 ],Dallas Mavericks,Marion 12' Turnaround Fadeaway (16 PTS) (Collison 6 AST),3:51
http://stats.nba.com/cvp.html?GameID=0021200683&GameEventID=329,3,[ 69 - 76 ],Golden State Warriors,Thompson 26' 3PT Jump Shot (25 PTS) (Lee 7 AST),3:29
http://stats.nba.com/cvp.html?GameID=0021200683&GameEventID=330,3,,Dallas Mavericks,Mayo S.FOUL (P3.PN),3:29
http://stats.nba.com/cvp.html?GameID=0021200683&GameEventID=331,3,,Golden State Warriors,SUB: Green FOR Barnes,3:29
http://stats.nba.com/cvp.html?GameID=0021200683&GameEventID=332,3,,Dallas Mavericks,SUB: Beaubois FOR Collison,3:29
http://stats.nba.com/cvp.html?GameID=0021200683&GameEventID=333,3,,Dallas Mavericks,SUB: Crowder FOR Mayo,3:29
http://stats.nba.com/cvp.html?GameID=0021200683&GameEventID=334,3,,Golden State Warriors,MISS Thompson Free Throw 1 of 1,3:29
http://stats.nba.com/cvp.html?GameID=0021200683&GameEventID=336,3,,Dallas Mavericks,James REBOUND (Off:1 Def:4),3:28
http://stats.nba.com/cvp.html?GameID=0021200683&GameEventID=337,3,,Dallas Mavericks,MISS Carter 28' 3PT Jump Shot,3:14
http://stats.nba.com/cvp.html?GameID=0021200683&GameEventID=338,3,,Dallas Mavericks,Mavericks Rebound,3:13
http://stats.nba.com/cvp.html?GameID=0021200683&GameEventID=339,3,,Dallas Mavericks,MISS Crowder 26' 3PT Jump Shot,3:00
http://stats.nba.com/cvp.html?GameID=0021200683&GameEventID=340,3,,Golden State Warriors,Jack REBOUND (Off:0 Def:3),2:58
http://stats.nba.com/cvp.html?GameID=0021200683&GameEventID=341,3,,Golden State Warriors,WARRIORS Timeout: Regular (Full 3 Short 0),2:57
http://stats.nba.com/cvp.html?GameID=0021200683&GameEventID=343,3,,Dallas Mavericks,SUB: Mayo FOR Marion,2:57
http://stats.nba.com/cvp.html?GameID=0021200683&GameEventID=344,3,,Dallas Mavericks,SUB: Wright FOR Crowder,2:57
http://stats.nba.com/cvp.html?GameID=0021200683&GameEventID=345,3,[ 69 - 78 ],Golden State Warriors,Landry 2' Alley Oop Layup (10 PTS) (Lee 8 AST),2:44
http://stats.nba.com/cvp.html?GameID=0021200683&GameEventID=346,3,,Dallas Mavericks,MISS Beaubois 25' 3PT Jump Shot,2:26
http://stats.nba.com/cvp.html?GameID=0021200683&GameEventID=347,3,,Dallas Mavericks,James REBOUND (Off:2 Def:4),2:25
http://stats.nba.com/cvp.html?GameID=0021200683&GameEventID=348,3,,Golden State Warriors,Green S.FOUL (P3.T4),2:24
http://stats.nba.com/cvp.html?GameID=0021200683&GameEventID=349,3,[ 70 - 78 ],Dallas Mavericks,James Free Throw 1 of 2 (6 PTS),2:24
http://stats.nba.com/cvp.html?GameID=0021200683&GameEventID=351,3,,Dallas Mavericks,MISS James Free Throw 2 of 2,2:24
http://stats.nba.com/cvp.html?GameID=0021200683&GameEventID=353,3,,Golden State Warriors,Green REBOUND (Off:1 Def:2),2:23
http://stats.nba.com/cvp.html?GameID=0021200683&GameEventID=354,3,,Golden State Warriors,MISS Green 16' Jump Shot,2:12
http://stats.nba.com/cvp.html?GameID=0021200683&GameEventID=355,3,,Golden State Warriors,Landry REBOUND (Off:2 Def:1),2:11
http://stats.nba.com/cvp.html?GameID=0021200683&GameEventID=356,3,[ 70 - 80 ],Golden State Warriors,Thompson 18' Pullup Jump Shot (27 PTS) (Jack 7 AST),1:59
http://stats.nba.com/cvp.html?GameID=0021200683&GameEventID=357,3,[ 73 - 80 ],Dallas Mavericks,Carter 26' 3PT Jump Shot (18 PTS) (Beaubois 3 AST),1:51
http://stats.nba.com/cvp.html?GameID=0021200683&GameEventID=358,3,,Golden State Warriors,Jack Bad Pass Turnover (P2.T8),1:26
http://stats.nba.com/cvp.html?GameID=0021200683&GameEventID=358,3,,Dallas Mavericks,Beaubois STEAL (2 STL),1:26
http://stats.nba.com/cvp.html?GameID=0021200683&GameEventID=359,3,,Dallas Mavericks,MISS Carter 28' 3PT Jump Shot,1:19
http://stats.nba.com/cvp.html?GameID=0021200683&GameEventID=360,3,,Dallas Mavericks,James REBOUND (Off:3 Def:4),1:18
http://stats.nba.com/cvp.html?GameID=0021200683&GameEventID=361,3,,Golden State Warriors,Landry STEAL (1 STL),1:15
http://stats.nba.com/cvp.html?GameID=0021200683&GameEventID=361,3,,Dallas Mavericks,James Lost Ball Turnover (P2.T12),1:15
http://stats.nba.com/cvp.html?GameID=0021200683&GameEventID=362,3,,Golden State Warriors,MISS Lee 6' Jump Shot,1:04
http://stats.nba.com/cvp.html?GameID=0021200683&GameEventID=362,3,,Dallas Mavericks,Wright BLOCK (3 BLK),1:04
http://stats.nba.com/cvp.html?GameID=0021200683&GameEventID=363,3,,Golden State Warriors,Lee REBOUND (Off:4 Def:10),1:01
http://stats.nba.com/cvp.html?GameID=0021200683&GameEventID=364,3,,Golden State Warriors,MISS Landry 3' Jump Shot,0:57
http://stats.nba.com/cvp.html?GameID=0021200683&GameEventID=365,3,,Dallas Mavericks,James REBOUND (Off:3 Def:5),0:56
http://stats.nba.com/cvp.html?GameID=0021200683&GameEventID=366,3,[ 76 - 80 ],Dallas Mavericks,Mayo 26' 3PT Jump Shot (19 PTS) (Carter 4 AST),0:49
http://stats.nba.com/cvp.html?GameID=0021200683&GameEventID=367,3,,Golden State Warriors,MISS Green 24' 3PT Jump Shot,0:26
http://stats.nba.com/cvp.html?GameID=0021200683&GameEventID=368,3,,Golden State Warriors,WARRIORS Rebound,0:25
http://stats.nba.com/cvp.html?GameID=0021200683&GameEventID=369,3,,Golden State Warriors,WARRIORS Turnover: Shot Clock (T#9),0:25
http://stats.nba.com/cvp.html?GameID=0021200683&GameEventID=370,3,,Golden State Warriors,SUB: Jefferson FOR Thompson,0:25
http://stats.nba.com/cvp.html?GameID=0021200683&GameEventID=371,3,,Dallas Mavericks,SUB: Crowder FOR Wright,0:25
http://stats.nba.com/cvp.html?GameID=0021200683&GameEventID=372,3,,Golden State Warriors,SUB: Bazemore FOR Jack,0:25
http://stats.nba.com/cvp.html?GameID=0021200683&GameEventID=373,3,,Golden State Warriors,SUB: Barnes FOR Lee,0:25
http://stats.nba.com/cvp.html?GameID=0021200683&GameEventID=374,3,,Dallas Mavericks,MISS Carter 25' 3PT Jump Shot,0:06
http://stats.nba.com/cvp.html?GameID=0021200683&GameEventID=375,3,,Dallas Mavericks,Mayo REBOUND (Off:1 Def:2),0:05
http://stats.nba.com/cvp.html?GameID=0021200683&GameEventID=376,3,[ 79 - 80 ],Dallas Mavericks,Beaubois 27' 3PT Jump Shot (5 PTS) (Mayo 5 AST),0:02
http://stats.nba.com/cvp.html?GameID=0021200683&GameEventID=382,4,[ 79 - 82 ],Golden State Warriors,Barnes 1' Driving Layup (12 PTS) (Jack 8 AST),11:42
http://stats.nba.com/cvp.html?GameID=0021200683&GameEventID=383,4,,Dallas Mavericks,MISS Carter 1' Layup,11:25
http://stats.nba.com/cvp.html?GameID=0021200683&GameEventID=384,4,,Golden State Warriors,Green REBOUND (Off:1 Def:3),11:23
http://stats.nba.com/cvp.html?GameID=0021200683&GameEventID=385,4,,Golden State Warriors,Green Lost Ball Turnover (P3.T10),11:22
http://stats.nba.com/cvp.html?GameID=0021200683&GameEventID=385,4,,Dallas Mavericks,James STEAL (1 STL),11:22
http://stats.nba.com/cvp.html?GameID=0021200683&GameEventID=386,4,,Dallas Mavericks,MISS Carter 27' 3PT Pullup Jump Shot,11:07
http://stats.nba.com/cvp.html?GameID=0021200683&GameEventID=387,4,,Golden State Warriors,Landry REBOUND (Off:2 Def:2),11:06
http://stats.nba.com/cvp.html?GameID=0021200683&GameEventID=388,4,[ 79 - 84 ],Golden State Warriors,Jefferson 19' Pullup Jump Shot (5 PTS) (Green 2 AST),10:53
http://stats.nba.com/cvp.html?GameID=0021200683&GameEventID=389,4,,Dallas Mavericks,James S.FOUL (P2.T1),10:53
http://stats.nba.com/cvp.html?GameID=0021200683&GameEventID=390,4,[ 79 - 85 ],Golden State Warriors,Jefferson Free Throw 1 of 1 (6 PTS),10:53
http://stats.nba.com/cvp.html?GameID=0021200683&GameEventID=392,4,,Golden State Warriors,Landry BLOCK (1 BLK),10:35
http://stats.nba.com/cvp.html?GameID=0021200683&GameEventID=392,4,,Dallas Mavericks,MISS Carter 1' Layup,10:35
http://stats.nba.com/cvp.html?GameID=0021200683&GameEventID=393,4,,Golden State Warriors,Landry REBOUND (Off:2 Def:3),10:33
http://stats.nba.com/cvp.html?GameID=0021200683&GameEventID=394,4,,Dallas Mavericks,James S.FOUL (P3.T2),10:26
http://stats.nba.com/cvp.html?GameID=0021200683&GameEventID=395,4,,Dallas Mavericks,Carter T.FOUL (P1.T2),10:26
http://stats.nba.com/cvp.html?GameID=0021200683&GameEventID=396,4,[ 79 - 86 ],Golden State Warriors,Jack Free Throw Technical (6 PTS),10:26
http://stats.nba.com/cvp.html?GameID=0021200683&GameEventID=398,4,[ 79 - 87 ],Golden State Warriors,Jack Free Throw 1 of 2 (7 PTS),10:26
http://stats.nba.com/cvp.html?GameID=0021200683&GameEventID=400,4,,Dallas Mavericks,SUB: Mayo FOR Carter,10:26
http://stats.nba.com/cvp.html?GameID=0021200683&GameEventID=401,4,[ 79 - 88 ],Golden State Warriors,Jack Free Throw 2 of 2 (8 PTS),10:26
http://stats.nba.com/cvp.html?GameID=0021200683&GameEventID=403,4,,Dallas Mavericks,Mavericks Timeout: Regular (Reg.4 Short 2),10:26
http://stats.nba.com/cvp.html?GameID=0021200683&GameEventID=407,4,,Dallas Mavericks,MISS Mayo 18' Pullup Jump Shot,10:09
http://stats.nba.com/cvp.html?GameID=0021200683&GameEventID=408,4,,Golden State Warriors,Jefferson REBOUND (Off:0 Def:1),10:08
http://stats.nba.com/cvp.html?GameID=0021200683&GameEventID=409,4,,Dallas Mavericks,James S.FOUL (P4.T3),9:53
http://stats.nba.com/cvp.html?GameID=0021200683&GameEventID=410,4,[ 79 - 89 ],Golden State Warriors,Green Free Throw 1 of 2 (4 PTS),9:53
http://stats.nba.com/cvp.html?GameID=0021200683&GameEventID=412,4,,Dallas Mavericks,SUB: Marion FOR James,9:53
http://stats.nba.com/cvp.html?GameID=0021200683&GameEventID=413,4,,Dallas Mavericks,SUB: Jones FOR Wright,9:53
http://stats.nba.com/cvp.html?GameID=0021200683&GameEventID=414,4,[ 79 - 90 ],Golden State Warriors,Green Free Throw 2 of 2 (5 PTS),9:53
http://stats.nba.com/cvp.html?GameID=0021200683&GameEventID=416,4,,Dallas Mavericks,MISS Crowder 25' 3PT Pullup Jump Shot,9:36
http://stats.nba.com/cvp.html?GameID=0021200683&GameEventID=417,4,,Golden State Warriors,Green REBOUND (Off:1 Def:4),9:35
http://stats.nba.com/cvp.html?GameID=0021200683&GameEventID=418,4,,Golden State Warriors,Jack Traveling Turnover (P3.T11),9:19
http://stats.nba.com/cvp.html?GameID=0021200683&GameEventID=419,4,,Dallas Mavericks,SUB: Carter FOR Crowder,9:19
http://stats.nba.com/cvp.html?GameID=0021200683&GameEventID=420,4,,Golden State Warriors,Jefferson STEAL (1 STL),9:09
http://stats.nba.com/cvp.html?GameID=0021200683&GameEventID=420,4,,Dallas Mavericks,Jones Lost Ball Turnover (P1.T13),9:09
http://stats.nba.com/cvp.html?GameID=0021200683&GameEventID=421,4,[ 79 - 92 ],Golden State Warriors,Jefferson  Reverse Dunk (8 PTS) (Jack 9 AST),9:01
http://stats.nba.com/cvp.html?GameID=0021200683&GameEventID=422,4,,Dallas Mavericks,Mavericks Timeout: Regular (Reg.5 Short 2),9:00
http://stats.nba.com/cvp.html?GameID=0021200683&GameEventID=424,4,,Dallas Mavericks,SUB: Collison FOR Beaubois,9:00
http://stats.nba.com/cvp.html?GameID=0021200683&GameEventID=425,4,,Dallas Mavericks,SUB: Wright FOR Jones,9:00
http://stats.nba.com/cvp.html?GameID=0021200683&GameEventID=426,4,,Golden State Warriors,SUB: Lee FOR Green,9:00
http://stats.nba.com/cvp.html?GameID=0021200683&GameEventID=427,4,,Golden State Warriors,SUB: Thompson FOR Jefferson,9:00
http://stats.nba.com/cvp.html?GameID=0021200683&GameEventID=428,4,,Golden State Warriors,Barnes S.FOUL (P2.T1),8:47
http://stats.nba.com/cvp.html?GameID=0021200683&GameEventID=429,4,[ 80 - 92 ],Dallas Mavericks,Carter Free Throw 1 of 2 (19 PTS),8:47
http://stats.nba.com/cvp.html?GameID=0021200683&GameEventID=431,4,[ 81 - 92 ],Dallas Mavericks,Carter Free Throw 2 of 2 (20 PTS),8:47
http://stats.nba.com/cvp.html?GameID=0021200683&GameEventID=433,4,,Golden State Warriors,MISS Thompson 5' Jump Shot,8:23
http://stats.nba.com/cvp.html?GameID=0021200683&GameEventID=435,4,,Golden State Warriors,Landry REBOUND (Off:3 Def:3),8:21
http://stats.nba.com/cvp.html?GameID=0021200683&GameEventID=434,4,,Golden State Warriors,MISS Landry 1' Tip Shot,8:21
http://stats.nba.com/cvp.html?GameID=0021200683&GameEventID=436,4,,Dallas Mavericks,Mayo REBOUND (Off:1 Def:3),8:19
http://stats.nba.com/cvp.html?GameID=0021200683&GameEventID=437,4,[ 83 - 92 ],Dallas Mavericks,Wright 2' Driving Layup (9 PTS) (Collison 7 AST),8:02
http://stats.nba.com/cvp.html?GameID=0021200683&GameEventID=438,4,,Golden State Warriors,MISS Thompson 27' 3PT Jump Shot,7:46
http://stats.nba.com/cvp.html?GameID=0021200683&GameEventID=439,4,,Dallas Mavericks,Marion REBOUND (Off:4 Def:10),7:44
http://stats.nba.com/cvp.html?GameID=0021200683&GameEventID=440,4,[ 86 - 92 ],Dallas Mavericks,Mayo 28' 3PT Pullup Jump Shot (22 PTS),7:39
http://stats.nba.com/cvp.html?GameID=0021200683&GameEventID=441,4,,Golden State Warriors,WARRIORS Timeout: Regular (Full 4 Short 0),7:37
http://stats.nba.com/cvp.html?GameID=0021200683&GameEventID=442,4,,Golden State Warriors,SUB: Bogut FOR Landry,7:37
http://stats.nba.com/cvp.html?GameID=0021200683&GameEventID=443,4,,Golden State Warriors,MISS Jack 4' Jump Shot,7:15
http://stats.nba.com/cvp.html?GameID=0021200683&GameEventID=444,4,,Dallas Mavericks,Marion REBOUND (Off:4 Def:11),7:14
http://stats.nba.com/cvp.html?GameID=0021200683&GameEventID=445,4,,Dallas Mavericks,MISS Collison 3' Layup,7:06
http://stats.nba.com/cvp.html?GameID=0021200683&GameEventID=446,4,,Golden State Warriors,Barnes REBOUND (Off:1 Def:3),7:05
http://stats.nba.com/cvp.html?GameID=0021200683&GameEventID=447,4,,Golden State Warriors,MISS Lee 10' Turnaround Jump Shot,6:48
http://stats.nba.com/cvp.html?GameID=0021200683&GameEventID=448,4,,Dallas Mavericks,Marion REBOUND (Off:4 Def:12),6:47
http://stats.nba.com/cvp.html?GameID=0021200683&GameEventID=449,4,,Dallas Mavericks,MISS Carter 18' Pullup Jump Shot,6:22
http://stats.nba.com/cvp.html?GameID=0021200683&GameEventID=450,4,,Golden State Warriors,Lee REBOUND (Off:4 Def:11),6:21
http://stats.nba.com/cvp.html?GameID=0021200683&GameEventID=451,4,,Golden State Warriors,MISS Barnes 27' 3PT Jump Shot,6:15
http://stats.nba.com/cvp.html?GameID=0021200683&GameEventID=452,4,,Dallas Mavericks,Wright REBOUND (Off:0 Def:1),6:13
http://stats.nba.com/cvp.html?GameID=0021200683&GameEventID=453,4,,Golden State Warriors,Bogut P.FOUL (P4.T2),6:06
http://stats.nba.com/cvp.html?GameID=0021200683&GameEventID=454,4,[ 88 - 92 ],Dallas Mavericks,Carter 7' Turnaround Fadeaway (22 PTS),5:58
http://stats.nba.com/cvp.html?GameID=0021200683&GameEventID=455,4,,Golden State Warriors,MISS Thompson 25' 3PT Jump Shot,5:42
http://stats.nba.com/cvp.html?GameID=0021200683&GameEventID=457,4,,Golden State Warriors,Lee REBOUND (Off:5 Def:11),5:40
http://stats.nba.com/cvp.html?GameID=0021200683&GameEventID=456,4,,Golden State Warriors,MISS Lee 2' Tip Shot,5:40
http://stats.nba.com/cvp.html?GameID=0021200683&GameEventID=458,4,,Dallas Mavericks,Mavericks Rebound,5:39
http://stats.nba.com/cvp.html?GameID=0021200683&GameEventID=459,4,,Dallas Mavericks,MISS Wright 9' Pullup Jump Shot,5:25
http://stats.nba.com/cvp.html?GameID=0021200683&GameEventID=460,4,,Golden State Warriors,Thompson REBOUND (Off:0 Def:1),5:24
http://stats.nba.com/cvp.html?GameID=0021200683&GameEventID=461,4,,Golden State Warriors,Jack Lost Ball Turnover (P4.T12),5:14
http://stats.nba.com/cvp.html?GameID=0021200683&GameEventID=461,4,,Dallas Mavericks,Marion STEAL (1 STL),5:14
http://stats.nba.com/cvp.html?GameID=0021200683&GameEventID=462,4,[ 90 - 92 ],Dallas Mavericks,Mayo 2' Driving Layup (24 PTS) (Marion 1 AST),5:09
http://stats.nba.com/cvp.html?GameID=0021200683&GameEventID=463,4,,Dallas Mavericks,Wright P.FOUL (P2.T4),4:56
http://stats.nba.com/cvp.html?GameID=0021200683&GameEventID=464,4,,Golden State Warriors,MISS Jack 24' 3PT Jump Shot,4:53
http://stats.nba.com/cvp.html?GameID=0021200683&GameEventID=465,4,,Dallas Mavericks,Carter REBOUND (Off:0 Def:2),4:51
http://stats.nba.com/cvp.html?GameID=0021200683&GameEventID=466,4,,Dallas Mavericks,Mayo Bad Pass Turnover (P2.T14),4:49
http://stats.nba.com/cvp.html?GameID=0021200683&GameEventID=467,4,,Golden State Warriors,MISS Thompson 1' Driving Layup,4:28
http://stats.nba.com/cvp.html?GameID=0021200683&GameEventID=468,4,,Dallas Mavericks,Wright REBOUND (Off:0 Def:2),4:27
http://stats.nba.com/cvp.html?GameID=0021200683&GameEventID=469,4,[ 92 - 92 ],Dallas Mavericks,Collison 18' Jump Shot (4 PTS),4:15
http://stats.nba.com/cvp.html?GameID=0021200683&GameEventID=470,4,,Golden State Warriors,MISS Barnes 18' Jump Shot,3:56
http://stats.nba.com/cvp.html?GameID=0021200683&GameEventID=471,4,,Golden State Warriors,Lee REBOUND (Off:6 Def:11),3:55
http://stats.nba.com/cvp.html?GameID=0021200683&GameEventID=472,4,[ 92 - 95 ],Golden State Warriors,Jack  3PT Step Back Jump Shot (11 PTS) (Lee 9 AST),3:50
http://stats.nba.com/cvp.html?GameID=0021200683&GameEventID=473,4,,Golden State Warriors,Bogut BLOCK (2 BLK),3:31
http://stats.nba.com/cvp.html?GameID=0021200683&GameEventID=473,4,,Dallas Mavericks,MISS Wright 6' Jump Hook Shot,3:31
http://stats.nba.com/cvp.html?GameID=0021200683&GameEventID=474,4,,Golden State Warriors,Bogut REBOUND (Off:0 Def:5),3:29
http://stats.nba.com/cvp.html?GameID=0021200683&GameEventID=475,4,,Dallas Mavericks,Wright P.FOUL (P3.PN),3:18
http://stats.nba.com/cvp.html?GameID=0021200683&GameEventID=478,4,,Dallas Mavericks,Wright T.FOUL (P3.PN),3:18
http://stats.nba.com/cvp.html?GameID=0021200683&GameEventID=479,4,,Golden State Warriors,MISS Thompson Free Throw Technical,3:18
http://stats.nba.com/cvp.html?GameID=0021200683&GameEventID=480,4,,Golden State Warriors,WARRIORS Rebound,3:18
http://stats.nba.com/cvp.html?GameID=0021200683&GameEventID=481,4,[ 92 - 96 ],Golden State Warriors,Bogut Free Throw 1 of 2 (7 PTS),3:18
http://stats.nba.com/cvp.html?GameID=0021200683&GameEventID=483,4,[ 92 - 97 ],Golden State Warriors,Bogut Free Throw 2 of 2 (8 PTS),3:18
http://stats.nba.com/cvp.html?GameID=0021200683&GameEventID=485,4,,Golden State Warriors,Lee P.FOUL (P2.T3),3:17
http://stats.nba.com/cvp.html?GameID=0021200683&GameEventID=486,4,,Golden State Warriors,WARRIORS Timeout: Regular (Full 5 Short 0),3:17
http://stats.nba.com/cvp.html?GameID=0021200683&GameEventID=488,4,,Golden State Warriors,SUB: Green FOR Bogut,3:17
http://stats.nba.com/cvp.html?GameID=0021200683&GameEventID=489,4,,Golden State Warriors,Green P.FOUL (P4.T4),3:00
http://stats.nba.com/cvp.html?GameID=0021200683&GameEventID=490,4,,Dallas Mavericks,MISS Wright 8' Turnaround Hook Shot,2:50
http://stats.nba.com/cvp.html?GameID=0021200683&GameEventID=491,4,,Golden State Warriors,Lee REBOUND (Off:6 Def:12),2:49
http://stats.nba.com/cvp.html?GameID=0021200683&GameEventID=492,4,,Golden State Warriors,WARRIORS Timeout: Short (Full 5 Short 1),2:48
http://stats.nba.com/cvp.html?GameID=0021200683&GameEventID=494,4,,Golden State Warriors,SUB: Bogut FOR Green,2:48
http://stats.nba.com/cvp.html?GameID=0021200683&GameEventID=495,4,,Golden State Warriors,Bogut Bad Pass Turnover (P1.T13),2:33
http://stats.nba.com/cvp.html?GameID=0021200683&GameEventID=495,4,,Dallas Mavericks,Carter STEAL (2 STL),2:33
http://stats.nba.com/cvp.html?GameID=0021200683&GameEventID=496,4,,Golden State Warriors,Thompson STEAL (1 STL),2:23
http://stats.nba.com/cvp.html?GameID=0021200683&GameEventID=496,4,,Dallas Mavericks,Wright Lost Ball Turnover (P1.T15),2:23
http://stats.nba.com/cvp.html?GameID=0021200683&GameEventID=497,4,,Golden State Warriors,MISS Bogut 4' Jump Hook Shot,2:02
http://stats.nba.com/cvp.html?GameID=0021200683&GameEventID=498,4,,Dallas Mavericks,Marion REBOUND (Off:4 Def:13),2:00
http://stats.nba.com/cvp.html?GameID=0021200683&GameEventID=499,4,[ 94 - 97 ],Dallas Mavericks,Marion 12' Floating Jump Shot (18 PTS) (Mayo 6 AST),1:50
http://stats.nba.com/cvp.html?GameID=0021200683&GameEventID=500,4,,Golden State Warriors,MISS Bogut 16' Jump Shot,1:25
http://stats.nba.com/cvp.html?GameID=0021200683&GameEventID=501,4,,Dallas Mavericks,Mayo REBOUND (Off:1 Def:4),1:23
http://stats.nba.com/cvp.html?GameID=0021200683&GameEventID=502,4,[ 96 - 97 ],Dallas Mavericks,Collison 21' Pullup Jump Shot (6 PTS),1:05
http://stats.nba.com/cvp.html?GameID=0021200683&GameEventID=503,4,,Dallas Mavericks,Wright P.FOUL (P4.PN),0:53
http://stats.nba.com/cvp.html?GameID=0021200683&GameEventID=504,4,,Golden State Warriors,MISS Lee Free Throw 1 of 2,0:53
http://stats.nba.com/cvp.html?GameID=0021200683&GameEventID=505,4,,Golden State Warriors,WARRIORS Rebound,0:53
http://stats.nba.com/cvp.html?GameID=0021200683&GameEventID=506,4,,Golden State Warriors,SUB: Green FOR Bogut,0:53
http://stats.nba.com/cvp.html?GameID=0021200683&GameEventID=507,4,[ 96 - 98 ],Golden State Warriors,Lee Free Throw 2 of 2 (15 PTS),0:53
http://stats.nba.com/cvp.html?GameID=0021200683&GameEventID=509,4,,Golden State Warriors,Thompson S.FOUL (P5.PN),0:43
http://stats.nba.com/cvp.html?GameID=0021200683&GameEventID=510,4,[ 97 - 98 ],Dallas Mavericks,Mayo Free Throw 1 of 2 (25 PTS),0:43
http://stats.nba.com/cvp.html?GameID=0021200683&GameEventID=512,4,,Golden State Warriors,SUB: Bogut FOR Green,0:43
http://stats.nba.com/cvp.html?GameID=0021200683&GameEventID=513,4,,Dallas Mavericks,MISS Mayo Free Throw 2 of 2,0:43
http://stats.nba.com/cvp.html?GameID=0021200683&GameEventID=515,4,,Golden State Warriors,Lee REBOUND (Off:6 Def:13),0:42
http://stats.nba.com/cvp.html?GameID=0021200683&GameEventID=516,4,,Golden State Warriors,WARRIORS Timeout: Regular (Full 6 Short 1),0:42
http://stats.nba.com/cvp.html?GameID=0021200683&GameEventID=520,4,,Golden State Warriors,MISS Jack 14' Pullup Jump Shot,0:25
http://stats.nba.com/cvp.html?GameID=0021200683&GameEventID=522,4,,Golden State Warriors,Lee REBOUND (Off:7 Def:13),0:22
http://stats.nba.com/cvp.html?GameID=0021200683&GameEventID=521,4,,Golden State Warriors,MISS Lee 3' Tip Shot,0:22
http://stats.nba.com/cvp.html?GameID=0021200683&GameEventID=523,4,,Dallas Mavericks,Wright REBOUND (Off:0 Def:3),0:20
http://stats.nba.com/cvp.html?GameID=0021200683&GameEventID=524,4,,Golden State Warriors,Bogut BLOCK (3 BLK),0:06
http://stats.nba.com/cvp.html?GameID=0021200683&GameEventID=524,4,,Dallas Mavericks,MISS Wright 2' Layup,0:06
http://stats.nba.com/cvp.html?GameID=0021200683&GameEventID=531,4,,Golden State Warriors,Jack REBOUND (Off:0 Def:4),0:05
http://stats.nba.com/cvp.html?GameID=0021200683&GameEventID=525,4,,Dallas Mavericks,Carter P.FOUL (P2.PN),0:02
http://stats.nba.com/cvp.html?GameID=0021200683&GameEventID=526,4,[ 97 - 99 ],Golden State Warriors,Jack Free Throw 1 of 2 (12 PTS),0:02
http://stats.nba.com/cvp.html?GameID=0021200683&GameEventID=528,4,[ 97 - 100 ],Golden State Warriors,Jack Free Throw 2 of 2 (13 PTS),0:02
http://stats.nba.com/cvp.html?GameID=0021200683&GameEventID=530,4,,Dallas Mavericks,Mavericks Timeout: Regular (Reg.6 Short 2),0:02
http://stats.nba.com/cvp.html?GameID=0021200683&GameEventID=533,4,,Dallas Mavericks,SUB: James FOR Marion,0:02
http://stats.nba.com/cvp.html?GameID=0021200683&GameEventID=534,4,,Golden State Warriors,SUB: Green FOR Lee,0:02
http://stats.nba.com/cvp.html?GameID=0021200683&GameEventID=535,4,,Golden State Warriors,SUB: Bazemore FOR Thompson,0:02
http://stats.nba.com/cvp.html?GameID=0021200683&GameEventID=536,4,,Dallas Mavericks,SUB: Crowder FOR Collison,0:02
http://stats.nba.com/cvp.html?GameID=0021200683&GameEventID=537,4,,Dallas Mavericks,MISS Carter 29' 3PT Turnaround Jump Shot,0:01
http://stats.nba.com/cvp.html?GameID=0021200683&GameEventID=538,4,,Dallas Mavericks,Mavericks Rebound,0:00
