http://stats.nba.com/cvp.html?GameID=0021200939&GameEventID=1,1,,New Orleans Hornets,Jump Ball Lopez vs. Hickson: Tip to Aldridge,12:00
http://stats.nba.com/cvp.html?GameID=0021200939&GameEventID=2,1,,New Orleans Hornets,Vasquez S.FOUL (P1.T1),11:48
http://stats.nba.com/cvp.html?GameID=0021200939&GameEventID=3,1,[ 1 - 0 ],Portland Trail Blazers,Matthews Free Throw 1 of 2 (1 PTS),11:48
http://stats.nba.com/cvp.html?GameID=0021200939&GameEventID=5,1,[ 2 - 0 ],Portland Trail Blazers,Matthews Free Throw 2 of 2 (2 PTS),11:48
http://stats.nba.com/cvp.html?GameID=0021200939&GameEventID=7,1,,New Orleans Hornets,MISS Roberts 19' Jump Shot,11:30
http://stats.nba.com/cvp.html?GameID=0021200939&GameEventID=8,1,,Portland Trail Blazers,Matthews REBOUND (Off:0 Def:1),11:28
http://stats.nba.com/cvp.html?GameID=0021200939&GameEventID=9,1,[ 4 - 0 ],Portland Trail Blazers,Aldridge 16' Jump Shot (2 PTS) (Lillard 1 AST),11:18
http://stats.nba.com/cvp.html?GameID=0021200939&GameEventID=11,1,,New Orleans Hornets,MISS Aminu 3' Layup,10:58
http://stats.nba.com/cvp.html?GameID=0021200939&GameEventID=12,1,,Portland Trail Blazers,Batum REBOUND (Off:0 Def:1),10:57
http://stats.nba.com/cvp.html?GameID=0021200939&GameEventID=13,1,[ 6 - 0 ],Portland Trail Blazers,Hickson 13' Jump Shot (2 PTS),10:47
http://stats.nba.com/cvp.html?GameID=0021200939&GameEventID=14,1,[ 6 - 2 ],New Orleans Hornets,Vasquez 20' Jump Shot (2 PTS) (Lopez 1 AST),10:25
http://stats.nba.com/cvp.html?GameID=0021200939&GameEventID=15,1,[ 8 - 2 ],Portland Trail Blazers,Hickson  Dunk (4 PTS) (Lillard 2 AST),10:01
http://stats.nba.com/cvp.html?GameID=0021200939&GameEventID=16,1,,New Orleans Hornets,MISS Lopez 12' Jump Shot,9:38
http://stats.nba.com/cvp.html?GameID=0021200939&GameEventID=17,1,,Portland Trail Blazers,Hickson REBOUND (Off:0 Def:1),9:36
http://stats.nba.com/cvp.html?GameID=0021200939&GameEventID=18,1,,New Orleans Hornets,Lopez BLOCK (1 BLK),9:25
http://stats.nba.com/cvp.html?GameID=0021200939&GameEventID=18,1,,Portland Trail Blazers,MISS Aldridge 6' Jump Shot,9:25
http://stats.nba.com/cvp.html?GameID=0021200939&GameEventID=19,1,,New Orleans Hornets,Davis REBOUND (Off:0 Def:1),9:23
http://stats.nba.com/cvp.html?GameID=0021200939&GameEventID=20,1,,New Orleans Hornets,MISS Davis 15' Jump Shot,9:13
http://stats.nba.com/cvp.html?GameID=0021200939&GameEventID=21,1,,Portland Trail Blazers,Hickson REBOUND (Off:0 Def:2),9:12
http://stats.nba.com/cvp.html?GameID=0021200939&GameEventID=22,1,,Portland Trail Blazers,MISS Aldridge 2' Layup,9:07
http://stats.nba.com/cvp.html?GameID=0021200939&GameEventID=23,1,,New Orleans Hornets,Aminu REBOUND (Off:0 Def:1),9:05
http://stats.nba.com/cvp.html?GameID=0021200939&GameEventID=24,1,,New Orleans Hornets,MISS Roberts 2' Layup,8:50
http://stats.nba.com/cvp.html?GameID=0021200939&GameEventID=25,1,,New Orleans Hornets,Lopez REBOUND (Off:1 Def:0),8:49
http://stats.nba.com/cvp.html?GameID=0021200939&GameEventID=26,1,,New Orleans Hornets,MISS Lopez 2' Layup,8:47
http://stats.nba.com/cvp.html?GameID=0021200939&GameEventID=27,1,,Portland Trail Blazers,Lillard REBOUND (Off:0 Def:1),8:45
http://stats.nba.com/cvp.html?GameID=0021200939&GameEventID=28,1,,Portland Trail Blazers,MISS Matthews 24' 3PT Jump Shot,8:39
http://stats.nba.com/cvp.html?GameID=0021200939&GameEventID=29,1,,New Orleans Hornets,Aminu REBOUND (Off:0 Def:2),8:38
http://stats.nba.com/cvp.html?GameID=0021200939&GameEventID=30,1,,New Orleans Hornets,MISS Lopez 16' Jump Shot,8:28
http://stats.nba.com/cvp.html?GameID=0021200939&GameEventID=31,1,,New Orleans Hornets,Davis REBOUND (Off:1 Def:1),8:27
http://stats.nba.com/cvp.html?GameID=0021200939&GameEventID=32,1,,New Orleans Hornets,MISS Davis 2' Layup,8:24
http://stats.nba.com/cvp.html?GameID=0021200939&GameEventID=33,1,,Portland Trail Blazers,Trail Blazers Rebound,8:24
http://stats.nba.com/cvp.html?GameID=0021200939&GameEventID=34,1,,New Orleans Hornets,Davis L.B.FOUL (P1.T2),8:24
http://stats.nba.com/cvp.html?GameID=0021200939&GameEventID=36,1,,Portland Trail Blazers,MISS Matthews 20' Jump Shot,8:08
http://stats.nba.com/cvp.html?GameID=0021200939&GameEventID=37,1,,New Orleans Hornets,Lopez REBOUND (Off:1 Def:1),8:06
http://stats.nba.com/cvp.html?GameID=0021200939&GameEventID=38,1,[ 8 - 5 ],New Orleans Hornets,Vasquez 25' 3PT Jump Shot (5 PTS) (Roberts 1 AST),8:00
http://stats.nba.com/cvp.html?GameID=0021200939&GameEventID=39,1,,Portland Trail Blazers,MISS Batum 25' 3PT Jump Shot,7:41
http://stats.nba.com/cvp.html?GameID=0021200939&GameEventID=40,1,,New Orleans Hornets,Aminu REBOUND (Off:0 Def:3),7:40
http://stats.nba.com/cvp.html?GameID=0021200939&GameEventID=41,1,,New Orleans Hornets,MISS Vasquez 18' Pullup Jump Shot,7:29
http://stats.nba.com/cvp.html?GameID=0021200939&GameEventID=43,1,,New Orleans Hornets,Lopez REBOUND (Off:2 Def:1),7:28
http://stats.nba.com/cvp.html?GameID=0021200939&GameEventID=42,1,[ 8 - 7 ],New Orleans Hornets,Lopez 2' Tip Shot (2 PTS),7:28
http://stats.nba.com/cvp.html?GameID=0021200939&GameEventID=44,1,,Portland Trail Blazers,MISS Aldridge 2' Layup,7:10
http://stats.nba.com/cvp.html?GameID=0021200939&GameEventID=45,1,,New Orleans Hornets,Davis REBOUND (Off:1 Def:2),7:09
http://stats.nba.com/cvp.html?GameID=0021200939&GameEventID=47,1,[ 8 - 9 ],New Orleans Hornets,Vasquez 2' Driving Layup (7 PTS) (Davis 1 AST),6:47
http://stats.nba.com/cvp.html?GameID=0021200939&GameEventID=48,1,,Portland Trail Blazers,MISS Hickson 6' Jump Shot,6:27
http://stats.nba.com/cvp.html?GameID=0021200939&GameEventID=49,1,,New Orleans Hornets,Aminu REBOUND (Off:0 Def:4),6:26
http://stats.nba.com/cvp.html?GameID=0021200939&GameEventID=50,1,[ 8 - 11 ],New Orleans Hornets,Davis 1' Dunk (2 PTS),6:16
http://stats.nba.com/cvp.html?GameID=0021200939&GameEventID=51,1,[ 10 - 11 ],Portland Trail Blazers,Hickson 2' Layup (6 PTS) (Batum 1 AST),5:57
http://stats.nba.com/cvp.html?GameID=0021200939&GameEventID=52,1,[ 10 - 13 ],New Orleans Hornets,Lopez 2' Layup (4 PTS),5:35
http://stats.nba.com/cvp.html?GameID=0021200939&GameEventID=54,1,[ 12 - 13 ],Portland Trail Blazers,Lillard 2' Driving Layup (2 PTS),5:15
http://stats.nba.com/cvp.html?GameID=0021200939&GameEventID=55,1,,New Orleans Hornets,Davis S.FOUL (P2.T3),5:15
http://stats.nba.com/cvp.html?GameID=0021200939&GameEventID=56,1,,New Orleans Hornets,HORNETS Timeout: Regular (Full 1 Short 0),5:15
http://stats.nba.com/cvp.html?GameID=0021200939&GameEventID=58,1,,New Orleans Hornets,SUB: Anderson FOR Davis,5:15
http://stats.nba.com/cvp.html?GameID=0021200939&GameEventID=59,1,,Portland Trail Blazers,MISS Lillard Free Throw 1 of 1,5:15
http://stats.nba.com/cvp.html?GameID=0021200939&GameEventID=61,1,,Portland Trail Blazers,Hickson REBOUND (Off:1 Def:2),5:13
http://stats.nba.com/cvp.html?GameID=0021200939&GameEventID=62,1,,New Orleans Hornets,Lopez BLOCK (2 BLK),5:12
http://stats.nba.com/cvp.html?GameID=0021200939&GameEventID=62,1,,Portland Trail Blazers,MISS Hickson 3' Layup,5:12
http://stats.nba.com/cvp.html?GameID=0021200939&GameEventID=63,1,,New Orleans Hornets,Anderson REBOUND (Off:0 Def:1),5:10
http://stats.nba.com/cvp.html?GameID=0021200939&GameEventID=64,1,,New Orleans Hornets,MISS Lopez 12' Hook Shot,4:53
http://stats.nba.com/cvp.html?GameID=0021200939&GameEventID=65,1,,Portland Trail Blazers,Hickson REBOUND (Off:1 Def:3),4:51
http://stats.nba.com/cvp.html?GameID=0021200939&GameEventID=67,1,[ 14 - 13 ],Portland Trail Blazers,Matthews 2' Driving Layup (4 PTS),4:36
http://stats.nba.com/cvp.html?GameID=0021200939&GameEventID=68,1,,New Orleans Hornets,Vasquez Bad Pass Turnover (P1.T1),4:16
http://stats.nba.com/cvp.html?GameID=0021200939&GameEventID=68,1,,Portland Trail Blazers,Batum STEAL (1 STL),4:16
http://stats.nba.com/cvp.html?GameID=0021200939&GameEventID=69,1,[ 16 - 13 ],Portland Trail Blazers,Hickson 2' Driving Layup (8 PTS),4:02
http://stats.nba.com/cvp.html?GameID=0021200939&GameEventID=71,1,,New Orleans Hornets,Anderson Lost Ball Turnover (P1.T2),3:48
http://stats.nba.com/cvp.html?GameID=0021200939&GameEventID=71,1,,Portland Trail Blazers,Aldridge STEAL (1 STL),3:48
http://stats.nba.com/cvp.html?GameID=0021200939&GameEventID=72,1,[ 18 - 13 ],Portland Trail Blazers,Lillard 22' Pullup Jump Shot (4 PTS),3:39
http://stats.nba.com/cvp.html?GameID=0021200939&GameEventID=73,1,,New Orleans Hornets,MISS Anderson 27' 3PT Jump Shot,3:24
http://stats.nba.com/cvp.html?GameID=0021200939&GameEventID=74,1,,Portland Trail Blazers,Matthews REBOUND (Off:0 Def:2),3:22
http://stats.nba.com/cvp.html?GameID=0021200939&GameEventID=75,1,[ 20 - 13 ],Portland Trail Blazers,Hickson  Dunk (10 PTS) (Matthews 1 AST),3:10
http://stats.nba.com/cvp.html?GameID=0021200939&GameEventID=76,1,,New Orleans Hornets,MISS Aminu 3' Jump Shot,2:43
http://stats.nba.com/cvp.html?GameID=0021200939&GameEventID=77,1,,Portland Trail Blazers,Trail Blazers Rebound,2:43
http://stats.nba.com/cvp.html?GameID=0021200939&GameEventID=79,1,,Portland Trail Blazers,Trail Blazers Timeout: Regular (Reg.1 Short 0),2:43
http://stats.nba.com/cvp.html?GameID=0021200939&GameEventID=80,1,,New Orleans Hornets,SUB: Mason Jr. FOR Roberts,2:43
http://stats.nba.com/cvp.html?GameID=0021200939&GameEventID=81,1,,New Orleans Hornets,SUB: Thomas FOR Lopez,2:43
http://stats.nba.com/cvp.html?GameID=0021200939&GameEventID=82,1,,Portland Trail Blazers,SUB: Maynor FOR Aldridge,2:43
http://stats.nba.com/cvp.html?GameID=0021200939&GameEventID=83,1,,Portland Trail Blazers,SUB: Babbitt FOR Matthews,2:43
http://stats.nba.com/cvp.html?GameID=0021200939&GameEventID=84,1,,New Orleans Hornets,SUB: Miller FOR Aminu,2:43
http://stats.nba.com/cvp.html?GameID=0021200939&GameEventID=85,1,,Portland Trail Blazers,MISS Babbitt 25' 3PT Jump Shot,2:27
http://stats.nba.com/cvp.html?GameID=0021200939&GameEventID=86,1,,New Orleans Hornets,Vasquez REBOUND (Off:0 Def:1),2:24
http://stats.nba.com/cvp.html?GameID=0021200939&GameEventID=87,1,,New Orleans Hornets,MISS Anderson 20' Jump Shot,2:12
http://stats.nba.com/cvp.html?GameID=0021200939&GameEventID=88,1,,Portland Trail Blazers,Maynor REBOUND (Off:0 Def:1),2:10
http://stats.nba.com/cvp.html?GameID=0021200939&GameEventID=89,1,[ 22 - 13 ],Portland Trail Blazers,Maynor 3' Driving Layup (2 PTS),2:02
http://stats.nba.com/cvp.html?GameID=0021200939&GameEventID=90,1,[ 22 - 15 ],New Orleans Hornets,Vasquez 5' Running Jump Shot (9 PTS),1:38
http://stats.nba.com/cvp.html?GameID=0021200939&GameEventID=91,1,,New Orleans Hornets,Miller Violation:Kicked Ball,1:27
http://stats.nba.com/cvp.html?GameID=0021200939&GameEventID=92,1,,New Orleans Hornets,SUB: Roberts FOR Vasquez,1:27
http://stats.nba.com/cvp.html?GameID=0021200939&GameEventID=93,1,,New Orleans Hornets,Anderson STEAL (1 STL),1:19
http://stats.nba.com/cvp.html?GameID=0021200939&GameEventID=93,1,,Portland Trail Blazers,Maynor Bad Pass Turnover (P1.T1),1:19
http://stats.nba.com/cvp.html?GameID=0021200939&GameEventID=94,1,[ 22 - 17 ],New Orleans Hornets,Roberts 3' Jump Shot (2 PTS),1:09
http://stats.nba.com/cvp.html?GameID=0021200939&GameEventID=95,1,,New Orleans Hornets,Mason Jr. STEAL (1 STL),0:54
http://stats.nba.com/cvp.html?GameID=0021200939&GameEventID=95,1,,Portland Trail Blazers,Lillard Bad Pass Turnover (P1.T2),0:54
http://stats.nba.com/cvp.html?GameID=0021200939&GameEventID=96,1,[ 22 - 20 ],New Orleans Hornets,Anderson 26' 3PT Jump Shot (3 PTS) (Roberts 2 AST),0:42
http://stats.nba.com/cvp.html?GameID=0021200939&GameEventID=97,1,,Portland Trail Blazers,MISS Lillard 25' 3PT Jump Shot,0:28
http://stats.nba.com/cvp.html?GameID=0021200939&GameEventID=98,1,,New Orleans Hornets,Miller REBOUND (Off:0 Def:1),0:27
http://stats.nba.com/cvp.html?GameID=0021200939&GameEventID=99,1,,New Orleans Hornets,MISS Roberts 25' 3PT Jump Shot,0:15
http://stats.nba.com/cvp.html?GameID=0021200939&GameEventID=101,1,,New Orleans Hornets,Thomas REBOUND (Off:1 Def:0),0:15
http://stats.nba.com/cvp.html?GameID=0021200939&GameEventID=100,1,[ 22 - 22 ],New Orleans Hornets,Thomas 2' Tip Shot (2 PTS),0:15
http://stats.nba.com/cvp.html?GameID=0021200939&GameEventID=102,1,,New Orleans Hornets,Mason Jr. P.FOUL (P1.T4),0:05
http://stats.nba.com/cvp.html?GameID=0021200939&GameEventID=103,1,,Portland Trail Blazers,MISS Lillard 22' Jump Shot,0:00
http://stats.nba.com/cvp.html?GameID=0021200939&GameEventID=104,1,,New Orleans Hornets,Anderson REBOUND (Off:0 Def:2),0:00
http://stats.nba.com/cvp.html?GameID=0021200939&GameEventID=108,2,[ 22 - 24 ],New Orleans Hornets,Anderson 6' Fadeaway Jumper (5 PTS) (Miller 1 AST),11:42
http://stats.nba.com/cvp.html?GameID=0021200939&GameEventID=111,2,,New Orleans Hornets,Miller S.FOUL (P1.T1),11:18
http://stats.nba.com/cvp.html?GameID=0021200939&GameEventID=113,2,[ 23 - 24 ],Portland Trail Blazers,Batum Free Throw 1 of 3 (1 PTS),11:18
http://stats.nba.com/cvp.html?GameID=0021200939&GameEventID=115,2,[ 24 - 24 ],Portland Trail Blazers,Batum Free Throw 2 of 3 (2 PTS),11:18
http://stats.nba.com/cvp.html?GameID=0021200939&GameEventID=117,2,[ 25 - 24 ],Portland Trail Blazers,Batum Free Throw 3 of 3 (3 PTS),11:18
http://stats.nba.com/cvp.html?GameID=0021200939&GameEventID=120,2,[ 25 - 26 ],New Orleans Hornets,Mason Jr. 20' Jump Shot (2 PTS) (Miller 2 AST),11:04
http://stats.nba.com/cvp.html?GameID=0021200939&GameEventID=121,2,,Portland Trail Blazers,MISS Lillard 7' Jump Bank Shot,10:47
http://stats.nba.com/cvp.html?GameID=0021200939&GameEventID=122,2,,New Orleans Hornets,Anderson REBOUND (Off:0 Def:3),10:46
http://stats.nba.com/cvp.html?GameID=0021200939&GameEventID=123,2,[ 25 - 29 ],New Orleans Hornets,Mason Jr.  3PT Jump Shot (5 PTS) (Anderson 1 AST),10:39
http://stats.nba.com/cvp.html?GameID=0021200939&GameEventID=124,2,,Portland Trail Blazers,Trail Blazers Timeout: Short (Reg.1 Short 1),10:36
http://stats.nba.com/cvp.html?GameID=0021200939&GameEventID=126,2,,Portland Trail Blazers,SUB: Barton FOR Lillard,10:36
http://stats.nba.com/cvp.html?GameID=0021200939&GameEventID=127,2,,Portland Trail Blazers,SUB: Aldridge FOR Babbitt,10:36
http://stats.nba.com/cvp.html?GameID=0021200939&GameEventID=128,2,,Portland Trail Blazers,Maynor Bad Pass Turnover (P2.T3),10:21
http://stats.nba.com/cvp.html?GameID=0021200939&GameEventID=129,2,[ 25 - 32 ],New Orleans Hornets,Miller 24' 3PT Jump Shot (3 PTS) (Mason Jr. 1 AST),10:06
http://stats.nba.com/cvp.html?GameID=0021200939&GameEventID=130,2,,Portland Trail Blazers,MISS Aldridge 10' Jump Shot,9:43
http://stats.nba.com/cvp.html?GameID=0021200939&GameEventID=131,2,,New Orleans Hornets,Mason Jr. REBOUND (Off:0 Def:1),9:42
http://stats.nba.com/cvp.html?GameID=0021200939&GameEventID=132,2,,Portland Trail Blazers,Jeffries S.FOUL (P1.T1),9:31
http://stats.nba.com/cvp.html?GameID=0021200939&GameEventID=133,2,[ 25 - 33 ],New Orleans Hornets,Anderson Free Throw 1 of 2 (6 PTS),9:31
http://stats.nba.com/cvp.html?GameID=0021200939&GameEventID=135,2,,New Orleans Hornets,SUB: Davis FOR Thomas,9:31
http://stats.nba.com/cvp.html?GameID=0021200939&GameEventID=136,2,,New Orleans Hornets,MISS Anderson Free Throw 2 of 2,9:31
http://stats.nba.com/cvp.html?GameID=0021200939&GameEventID=138,2,,Portland Trail Blazers,Aldridge REBOUND (Off:0 Def:1),9:30
http://stats.nba.com/cvp.html?GameID=0021200939&GameEventID=139,2,[ 28 - 33 ],Portland Trail Blazers,Batum  3PT Jump Shot (6 PTS) (Barton 1 AST),9:11
http://stats.nba.com/cvp.html?GameID=0021200939&GameEventID=140,2,[ 28 - 35 ],New Orleans Hornets,Davis 2' Layup (4 PTS) (Roberts 3 AST),8:55
http://stats.nba.com/cvp.html?GameID=0021200939&GameEventID=141,2,[ 30 - 35 ],Portland Trail Blazers,Aldridge 1' Layup (4 PTS) (Maynor 1 AST),8:41
http://stats.nba.com/cvp.html?GameID=0021200939&GameEventID=142,2,,New Orleans Hornets,MISS Mason Jr. 11' Jump Shot,8:24
http://stats.nba.com/cvp.html?GameID=0021200939&GameEventID=143,2,,New Orleans Hornets,Miller REBOUND (Off:1 Def:1),8:23
http://stats.nba.com/cvp.html?GameID=0021200939&GameEventID=144,2,[ 30 - 38 ],New Orleans Hornets,Anderson 26' 3PT Jump Shot (9 PTS) (Roberts 4 AST),8:12
http://stats.nba.com/cvp.html?GameID=0021200939&GameEventID=145,2,,Portland Trail Blazers,MISS Batum 25' 3PT Jump Shot,7:50
http://stats.nba.com/cvp.html?GameID=0021200939&GameEventID=146,2,,Portland Trail Blazers,Trail Blazers Rebound,7:50
http://stats.nba.com/cvp.html?GameID=0021200939&GameEventID=149,2,,Portland Trail Blazers,SUB: Matthews FOR Batum,7:50
http://stats.nba.com/cvp.html?GameID=0021200939&GameEventID=150,2,,New Orleans Hornets,SUB: Vasquez FOR Mason Jr.,7:50
http://stats.nba.com/cvp.html?GameID=0021200939&GameEventID=151,2,[ 32 - 38 ],Portland Trail Blazers,Barton 10' Turnaround Jump Shot (2 PTS),7:45
http://stats.nba.com/cvp.html?GameID=0021200939&GameEventID=152,2,[ 32 - 40 ],New Orleans Hornets,Davis  Alley Oop Dunk (6 PTS) (Roberts 5 AST),7:31
http://stats.nba.com/cvp.html?GameID=0021200939&GameEventID=153,2,[ 34 - 40 ],Portland Trail Blazers,Aldridge 21' Jump Shot (6 PTS) (Maynor 2 AST),7:14
http://stats.nba.com/cvp.html?GameID=0021200939&GameEventID=154,2,,New Orleans Hornets,Anderson Bad Pass Turnover (P2.T3),6:53
http://stats.nba.com/cvp.html?GameID=0021200939&GameEventID=154,2,,Portland Trail Blazers,Matthews STEAL (1 STL),6:53
http://stats.nba.com/cvp.html?GameID=0021200939&GameEventID=155,2,[ 36 - 40 ],Portland Trail Blazers,Barton 2' Layup (4 PTS) (Matthews 2 AST),6:48
http://stats.nba.com/cvp.html?GameID=0021200939&GameEventID=156,2,,New Orleans Hornets,MISS Roberts 17' Jump Shot,6:29
http://stats.nba.com/cvp.html?GameID=0021200939&GameEventID=157,2,,Portland Trail Blazers,Matthews REBOUND (Off:0 Def:3),6:27
http://stats.nba.com/cvp.html?GameID=0021200939&GameEventID=158,2,,Portland Trail Blazers,MISS Maynor 27' 3PT Jump Shot,6:17
http://stats.nba.com/cvp.html?GameID=0021200939&GameEventID=159,2,,New Orleans Hornets,Anderson REBOUND (Off:0 Def:4),6:16
http://stats.nba.com/cvp.html?GameID=0021200939&GameEventID=160,2,[ 36 - 42 ],New Orleans Hornets,Davis 1' Dunk (8 PTS) (Anderson 2 AST),6:01
http://stats.nba.com/cvp.html?GameID=0021200939&GameEventID=161,2,,Portland Trail Blazers,MISS Jeffries 2' Layup,5:42
http://stats.nba.com/cvp.html?GameID=0021200939&GameEventID=163,2,,Portland Trail Blazers,Aldridge REBOUND (Off:1 Def:1),5:41
http://stats.nba.com/cvp.html?GameID=0021200939&GameEventID=162,2,[ 38 - 42 ],Portland Trail Blazers,Aldridge 2' Putback Layup (8 PTS),5:40
http://stats.nba.com/cvp.html?GameID=0021200939&GameEventID=164,2,,Portland Trail Blazers,Aldridge S.FOUL (P1.T2),5:34
http://stats.nba.com/cvp.html?GameID=0021200939&GameEventID=165,2,,New Orleans Hornets,HORNETS Timeout: Regular (Full 2 Short 0),5:34
http://stats.nba.com/cvp.html?GameID=0021200939&GameEventID=167,2,,Portland Trail Blazers,SUB: Hickson FOR Jeffries,5:34
http://stats.nba.com/cvp.html?GameID=0021200939&GameEventID=168,2,,New Orleans Hornets,SUB: Aminu FOR Miller,5:34
http://stats.nba.com/cvp.html?GameID=0021200939&GameEventID=169,2,[ 38 - 43 ],New Orleans Hornets,Davis Free Throw 1 of 2 (9 PTS),5:34
http://stats.nba.com/cvp.html?GameID=0021200939&GameEventID=171,2,[ 38 - 44 ],New Orleans Hornets,Davis Free Throw 2 of 2 (10 PTS),5:34
http://stats.nba.com/cvp.html?GameID=0021200939&GameEventID=174,2,,Portland Trail Blazers,MISS Matthews  3PT Jump Shot,5:10
http://stats.nba.com/cvp.html?GameID=0021200939&GameEventID=175,2,,New Orleans Hornets,Anderson REBOUND (Off:0 Def:5),5:09
http://stats.nba.com/cvp.html?GameID=0021200939&GameEventID=176,2,,New Orleans Hornets,MISS Anderson 26' 3PT Jump Shot,5:01
http://stats.nba.com/cvp.html?GameID=0021200939&GameEventID=177,2,,New Orleans Hornets,Davis REBOUND (Off:2 Def:2),5:00
http://stats.nba.com/cvp.html?GameID=0021200939&GameEventID=178,2,,New Orleans Hornets,MISS Anderson 2' Layup,4:44
http://stats.nba.com/cvp.html?GameID=0021200939&GameEventID=179,2,,New Orleans Hornets,Anderson REBOUND (Off:1 Def:5),4:43
http://stats.nba.com/cvp.html?GameID=0021200939&GameEventID=180,2,[ 38 - 46 ],New Orleans Hornets,Anderson 1' Putback Layup (11 PTS),4:42
http://stats.nba.com/cvp.html?GameID=0021200939&GameEventID=181,2,[ 40 - 46 ],Portland Trail Blazers,Maynor 18' Pullup Jump Shot (4 PTS),4:29
http://stats.nba.com/cvp.html?GameID=0021200939&GameEventID=182,2,,New Orleans Hornets,MISS Aminu 16' Jump Shot,3:59
http://stats.nba.com/cvp.html?GameID=0021200939&GameEventID=183,2,,Portland Trail Blazers,Hickson REBOUND (Off:1 Def:4),3:57
http://stats.nba.com/cvp.html?GameID=0021200939&GameEventID=184,2,,Portland Trail Blazers,MISS Barton 2' Layup,3:34
http://stats.nba.com/cvp.html?GameID=0021200939&GameEventID=186,2,,Portland Trail Blazers,Aldridge REBOUND (Off:2 Def:1),3:33
http://stats.nba.com/cvp.html?GameID=0021200939&GameEventID=185,2,[ 42 - 46 ],Portland Trail Blazers,Aldridge 3' Tip Shot (10 PTS),3:33
http://stats.nba.com/cvp.html?GameID=0021200939&GameEventID=187,2,,New Orleans Hornets,MISS Davis 1' Layup,3:20
http://stats.nba.com/cvp.html?GameID=0021200939&GameEventID=187,2,,Portland Trail Blazers,Hickson BLOCK (1 BLK),3:20
http://stats.nba.com/cvp.html?GameID=0021200939&GameEventID=188,2,,New Orleans Hornets,Vasquez REBOUND (Off:1 Def:1),3:19
http://stats.nba.com/cvp.html?GameID=0021200939&GameEventID=190,2,,New Orleans Hornets,MISS Anderson  3PT Jump Shot,3:11
http://stats.nba.com/cvp.html?GameID=0021200939&GameEventID=191,2,,Portland Trail Blazers,Barton REBOUND (Off:0 Def:1),3:09
http://stats.nba.com/cvp.html?GameID=0021200939&GameEventID=192,2,,Portland Trail Blazers,MISS Aldridge 20' Jump Shot,2:58
http://stats.nba.com/cvp.html?GameID=0021200939&GameEventID=193,2,,Portland Trail Blazers,Hickson REBOUND (Off:2 Def:4),2:56
http://stats.nba.com/cvp.html?GameID=0021200939&GameEventID=194,2,,Portland Trail Blazers,MISS Maynor 6' Floating Jump Shot,2:45
http://stats.nba.com/cvp.html?GameID=0021200939&GameEventID=195,2,,New Orleans Hornets,Davis REBOUND (Off:2 Def:3),2:42
http://stats.nba.com/cvp.html?GameID=0021200939&GameEventID=196,2,[ 42 - 48 ],New Orleans Hornets,Davis 8' Running Jump Shot (12 PTS) (Anderson 3 AST),2:36
http://stats.nba.com/cvp.html?GameID=0021200939&GameEventID=197,2,,Portland Trail Blazers,Hickson S.FOUL (P1.T3),2:36
http://stats.nba.com/cvp.html?GameID=0021200939&GameEventID=198,2,,Portland Trail Blazers,Trail Blazers Timeout: Regular (Reg.2 Short 1),2:36
http://stats.nba.com/cvp.html?GameID=0021200939&GameEventID=200,2,,Portland Trail Blazers,SUB: Lillard FOR Barton,2:36
http://stats.nba.com/cvp.html?GameID=0021200939&GameEventID=201,2,,Portland Trail Blazers,SUB: Batum FOR Maynor,2:36
http://stats.nba.com/cvp.html?GameID=0021200939&GameEventID=203,2,,New Orleans Hornets,SUB: Mason Jr. FOR Roberts,2:36
http://stats.nba.com/cvp.html?GameID=0021200939&GameEventID=204,2,,New Orleans Hornets,MISS Davis Free Throw 1 of 1,2:36
http://stats.nba.com/cvp.html?GameID=0021200939&GameEventID=206,2,,Portland Trail Blazers,Hickson REBOUND (Off:2 Def:5),2:35
http://stats.nba.com/cvp.html?GameID=0021200939&GameEventID=208,2,,Portland Trail Blazers,MISS Lillard 24' 3PT Jump Shot,2:17
http://stats.nba.com/cvp.html?GameID=0021200939&GameEventID=209,2,,New Orleans Hornets,Anderson REBOUND (Off:1 Def:6),2:15
http://stats.nba.com/cvp.html?GameID=0021200939&GameEventID=210,2,,New Orleans Hornets,Vasquez Lost Ball Turnover (P2.T4),1:57
http://stats.nba.com/cvp.html?GameID=0021200939&GameEventID=210,2,,Portland Trail Blazers,Lillard STEAL (1 STL),1:57
http://stats.nba.com/cvp.html?GameID=0021200939&GameEventID=212,2,,Portland Trail Blazers,Lillard Step Out of Bounds Turnover (P2.T4),1:57
http://stats.nba.com/cvp.html?GameID=0021200939&GameEventID=211,2,,New Orleans Hornets,SUB: Lopez FOR Davis,1:56
http://stats.nba.com/cvp.html?GameID=0021200939&GameEventID=213,2,,New Orleans Hornets,Vasquez Bad Pass Turnover (P3.T5),1:52
http://stats.nba.com/cvp.html?GameID=0021200939&GameEventID=213,2,,Portland Trail Blazers,Hickson STEAL (1 STL),1:52
http://stats.nba.com/cvp.html?GameID=0021200939&GameEventID=214,2,[ 44 - 48 ],Portland Trail Blazers,Lillard 14' Step Back Jump Shot (6 PTS),1:37
http://stats.nba.com/cvp.html?GameID=0021200939&GameEventID=215,2,,New Orleans Hornets,MISS Vasquez 25' 3PT Jump Shot,1:15
http://stats.nba.com/cvp.html?GameID=0021200939&GameEventID=216,2,,New Orleans Hornets,Aminu REBOUND (Off:1 Def:4),1:14
http://stats.nba.com/cvp.html?GameID=0021200939&GameEventID=217,2,,New Orleans Hornets,MISS Anderson  3PT Jump Shot,1:10
http://stats.nba.com/cvp.html?GameID=0021200939&GameEventID=218,2,,New Orleans Hornets,Lopez REBOUND (Off:3 Def:1),1:10
http://stats.nba.com/cvp.html?GameID=0021200939&GameEventID=219,2,,Portland Trail Blazers,Batum L.B.FOUL (P1.T4),1:10
http://stats.nba.com/cvp.html?GameID=0021200939&GameEventID=221,2,[ 44 - 50 ],New Orleans Hornets,Vasquez 3' Driving Layup (11 PTS),1:04
http://stats.nba.com/cvp.html?GameID=0021200939&GameEventID=223,2,,New Orleans Hornets,Anderson P.FOUL (P1.T2),0:43
http://stats.nba.com/cvp.html?GameID=0021200939&GameEventID=224,2,,New Orleans Hornets,Anderson BLOCK (1 BLK),0:33
http://stats.nba.com/cvp.html?GameID=0021200939&GameEventID=224,2,,Portland Trail Blazers,MISS Hickson 3' Layup,0:33
http://stats.nba.com/cvp.html?GameID=0021200939&GameEventID=225,2,,New Orleans Hornets,Anderson REBOUND (Off:1 Def:7),0:32
http://stats.nba.com/cvp.html?GameID=0021200939&GameEventID=226,2,[ 44 - 53 ],New Orleans Hornets,Mason Jr. 26' 3PT Jump Shot (8 PTS) (Vasquez 1 AST),0:13
http://stats.nba.com/cvp.html?GameID=0021200939&GameEventID=230,3,[ 44 - 55 ],New Orleans Hornets,Vasquez 22' Jump Shot (13 PTS),11:44
http://stats.nba.com/cvp.html?GameID=0021200939&GameEventID=231,3,,Portland Trail Blazers,MISS Hickson 10' Jump Shot,11:19
http://stats.nba.com/cvp.html?GameID=0021200939&GameEventID=232,3,,New Orleans Hornets,Vasquez REBOUND (Off:1 Def:2),11:18
http://stats.nba.com/cvp.html?GameID=0021200939&GameEventID=233,3,,New Orleans Hornets,Aminu Traveling Turnover (P1.T6),11:02
http://stats.nba.com/cvp.html?GameID=0021200939&GameEventID=234,3,[ 46 - 55 ],Portland Trail Blazers,Lillard 8' Floating Jump Shot (8 PTS),10:51
http://stats.nba.com/cvp.html?GameID=0021200939&GameEventID=235,3,,New Orleans Hornets,MISS Vasquez 20' Jump Shot,10:36
http://stats.nba.com/cvp.html?GameID=0021200939&GameEventID=236,3,,Portland Trail Blazers,Aldridge REBOUND (Off:2 Def:2),10:34
http://stats.nba.com/cvp.html?GameID=0021200939&GameEventID=237,3,,Portland Trail Blazers,MISS Aldridge 18' Jump Shot,10:26
http://stats.nba.com/cvp.html?GameID=0021200939&GameEventID=238,3,,New Orleans Hornets,Vasquez REBOUND (Off:1 Def:3),10:25
http://stats.nba.com/cvp.html?GameID=0021200939&GameEventID=239,3,[ 46 - 57 ],New Orleans Hornets,Lopez 16' Jump Shot (6 PTS) (Vasquez 2 AST),10:14
http://stats.nba.com/cvp.html?GameID=0021200939&GameEventID=240,3,,New Orleans Hornets,Vasquez STEAL (1 STL),9:56
http://stats.nba.com/cvp.html?GameID=0021200939&GameEventID=240,3,,Portland Trail Blazers,Aldridge Lost Ball Turnover (P1.T5),9:56
http://stats.nba.com/cvp.html?GameID=0021200939&GameEventID=241,3,,New Orleans Hornets,MISS Roberts 22' Jump Shot,9:48
http://stats.nba.com/cvp.html?GameID=0021200939&GameEventID=242,3,,Portland Trail Blazers,Hickson REBOUND (Off:2 Def:6),9:47
http://stats.nba.com/cvp.html?GameID=0021200939&GameEventID=243,3,[ 48 - 57 ],Portland Trail Blazers,Hickson 2' Layup (12 PTS) (Lillard 3 AST),9:34
http://stats.nba.com/cvp.html?GameID=0021200939&GameEventID=244,3,,New Orleans Hornets,MISS Davis 20' Jump Shot,9:14
http://stats.nba.com/cvp.html?GameID=0021200939&GameEventID=245,3,,New Orleans Hornets,Aminu REBOUND (Off:2 Def:4),9:13
http://stats.nba.com/cvp.html?GameID=0021200939&GameEventID=246,3,,New Orleans Hornets,MISS Aminu 3' Layup,9:12
http://stats.nba.com/cvp.html?GameID=0021200939&GameEventID=247,3,,Portland Trail Blazers,Hickson REBOUND (Off:2 Def:7),9:11
http://stats.nba.com/cvp.html?GameID=0021200939&GameEventID=248,3,,New Orleans Hornets,Aminu STEAL (1 STL),9:03
http://stats.nba.com/cvp.html?GameID=0021200939&GameEventID=248,3,,Portland Trail Blazers,Hickson Bad Pass Turnover (P1.T6),9:03
http://stats.nba.com/cvp.html?GameID=0021200939&GameEventID=249,3,,New Orleans Hornets,MISS Aminu 2' Layup,8:58
http://stats.nba.com/cvp.html?GameID=0021200939&GameEventID=251,3,,New Orleans Hornets,Vasquez REBOUND (Off:2 Def:3),8:57
http://stats.nba.com/cvp.html?GameID=0021200939&GameEventID=250,3,[ 48 - 59 ],New Orleans Hornets,Vasquez 1' Tip Shot (15 PTS),8:57
http://stats.nba.com/cvp.html?GameID=0021200939&GameEventID=252,3,[ 51 - 59 ],Portland Trail Blazers,Matthews 24' 3PT Jump Shot (7 PTS) (Batum 2 AST),8:38
http://stats.nba.com/cvp.html?GameID=0021200939&GameEventID=255,3,[ 51 - 61 ],New Orleans Hornets,Davis 21' Jump Shot (14 PTS) (Vasquez 3 AST),8:14
http://stats.nba.com/cvp.html?GameID=0021200939&GameEventID=256,3,,Portland Trail Blazers,MISS Lillard 1' Layup,8:02
http://stats.nba.com/cvp.html?GameID=0021200939&GameEventID=257,3,,Portland Trail Blazers,Hickson REBOUND (Off:3 Def:7),8:02
http://stats.nba.com/cvp.html?GameID=0021200939&GameEventID=258,3,,New Orleans Hornets,Roberts S.FOUL (P1.T1),8:02
http://stats.nba.com/cvp.html?GameID=0021200939&GameEventID=259,3,[ 52 - 61 ],Portland Trail Blazers,Hickson Free Throw 1 of 2 (13 PTS),8:02
http://stats.nba.com/cvp.html?GameID=0021200939&GameEventID=261,3,,New Orleans Hornets,Aminu Violation:Lane,8:02
http://stats.nba.com/cvp.html?GameID=0021200939&GameEventID=263,3,[ 53 - 61 ],Portland Trail Blazers,Hickson Free Throw 2 of 2 (14 PTS),8:02
http://stats.nba.com/cvp.html?GameID=0021200939&GameEventID=265,3,,New Orleans Hornets,Lopez Traveling Turnover (P1.T7),7:42
http://stats.nba.com/cvp.html?GameID=0021200939&GameEventID=266,3,,New Orleans Hornets,Davis BLOCK (1 BLK),7:31
http://stats.nba.com/cvp.html?GameID=0021200939&GameEventID=266,3,,Portland Trail Blazers,MISS Hickson 2' Layup,7:31
http://stats.nba.com/cvp.html?GameID=0021200939&GameEventID=268,3,,Portland Trail Blazers,Trail Blazers Rebound,7:31
http://stats.nba.com/cvp.html?GameID=0021200939&GameEventID=267,3,,New Orleans Hornets,SUB: Mason Jr. FOR Roberts,7:31
http://stats.nba.com/cvp.html?GameID=0021200939&GameEventID=269,3,,New Orleans Hornets,Jump Ball Davis vs. Hickson: Tip to Lillard,7:31
http://stats.nba.com/cvp.html?GameID=0021200939&GameEventID=270,3,[ 56 - 61 ],Portland Trail Blazers,Matthews 25' 3PT Jump Shot (10 PTS) (Lillard 4 AST),7:21
http://stats.nba.com/cvp.html?GameID=0021200939&GameEventID=272,3,,New Orleans Hornets,MISS Lopez 7' Hook Shot,6:54
http://stats.nba.com/cvp.html?GameID=0021200939&GameEventID=274,3,,New Orleans Hornets,Davis REBOUND (Off:3 Def:3),6:53
http://stats.nba.com/cvp.html?GameID=0021200939&GameEventID=273,3,[ 56 - 63 ],New Orleans Hornets,Davis 1' Tip Shot (16 PTS),6:53
http://stats.nba.com/cvp.html?GameID=0021200939&GameEventID=275,3,[ 58 - 63 ],Portland Trail Blazers,Lillard  Driving Dunk (10 PTS),6:42
http://stats.nba.com/cvp.html?GameID=0021200939&GameEventID=276,3,,New Orleans Hornets,Lopez OFF.Foul (P1),6:23
http://stats.nba.com/cvp.html?GameID=0021200939&GameEventID=277,3,,New Orleans Hornets,Lopez Foul Turnover (P2.T8),6:23
http://stats.nba.com/cvp.html?GameID=0021200939&GameEventID=278,3,,New Orleans Hornets,SUB: Roberts FOR Aminu,6:23
http://stats.nba.com/cvp.html?GameID=0021200939&GameEventID=280,3,,New Orleans Hornets,Vasquez STEAL (2 STL),6:13
http://stats.nba.com/cvp.html?GameID=0021200939&GameEventID=280,3,,Portland Trail Blazers,Lillard Bad Pass Turnover (P3.T7),6:13
http://stats.nba.com/cvp.html?GameID=0021200939&GameEventID=281,3,,New Orleans Hornets,Vasquez Bad Pass Turnover (P4.T9),6:01
http://stats.nba.com/cvp.html?GameID=0021200939&GameEventID=281,3,,Portland Trail Blazers,Hickson STEAL (2 STL),6:01
http://stats.nba.com/cvp.html?GameID=0021200939&GameEventID=282,3,,Portland Trail Blazers,MISS Matthews 26' 3PT Jump Shot,5:47
http://stats.nba.com/cvp.html?GameID=0021200939&GameEventID=283,3,,New Orleans Hornets,Roberts REBOUND (Off:0 Def:1),5:45
http://stats.nba.com/cvp.html?GameID=0021200939&GameEventID=284,3,,Portland Trail Blazers,Matthews P.FOUL (P1.T1),5:45
http://stats.nba.com/cvp.html?GameID=0021200939&GameEventID=286,3,,New Orleans Hornets,HORNETS Timeout: Regular (Full 3 Short 0),5:45
http://stats.nba.com/cvp.html?GameID=0021200939&GameEventID=288,3,[ 58 - 65 ],New Orleans Hornets,Roberts 2' Driving Reverse Layup (4 PTS),5:33
http://stats.nba.com/cvp.html?GameID=0021200939&GameEventID=289,3,[ 61 - 65 ],Portland Trail Blazers,Batum 25' 3PT Jump Shot (9 PTS) (Lillard 5 AST),5:05
http://stats.nba.com/cvp.html?GameID=0021200939&GameEventID=291,3,,New Orleans Hornets,SUB: Anderson FOR Lopez,4:42
http://stats.nba.com/cvp.html?GameID=0021200939&GameEventID=292,3,,Portland Trail Blazers,SUB: Jeffries FOR Hickson,4:42
http://stats.nba.com/cvp.html?GameID=0021200939&GameEventID=293,3,,New Orleans Hornets,MISS Mason Jr. 28' 3PT Jump Shot,4:38
http://stats.nba.com/cvp.html?GameID=0021200939&GameEventID=294,3,,New Orleans Hornets,Davis REBOUND (Off:4 Def:3),4:36
http://stats.nba.com/cvp.html?GameID=0021200939&GameEventID=295,3,,New Orleans Hornets,Mason Jr. Lost Ball Turnover (P1.T10),4:21
http://stats.nba.com/cvp.html?GameID=0021200939&GameEventID=295,3,,Portland Trail Blazers,Matthews STEAL (2 STL),4:21
http://stats.nba.com/cvp.html?GameID=0021200939&GameEventID=296,3,[ 63 - 65 ],Portland Trail Blazers,Lillard 2' Layup (12 PTS),4:06
http://stats.nba.com/cvp.html?GameID=0021200939&GameEventID=298,3,,New Orleans Hornets,MISS Roberts 2' Layup,3:48
http://stats.nba.com/cvp.html?GameID=0021200939&GameEventID=299,3,,Portland Trail Blazers,Aldridge REBOUND (Off:2 Def:3),3:46
http://stats.nba.com/cvp.html?GameID=0021200939&GameEventID=300,3,,Portland Trail Blazers,MISS Batum 24' 3PT Jump Shot,3:28
http://stats.nba.com/cvp.html?GameID=0021200939&GameEventID=301,3,,New Orleans Hornets,Anderson REBOUND (Off:1 Def:8),3:27
http://stats.nba.com/cvp.html?GameID=0021200939&GameEventID=303,3,,New Orleans Hornets,MISS Davis 19' Jump Shot,3:02
http://stats.nba.com/cvp.html?GameID=0021200939&GameEventID=304,3,,New Orleans Hornets,Anderson REBOUND (Off:2 Def:8),3:02
http://stats.nba.com/cvp.html?GameID=0021200939&GameEventID=305,3,,New Orleans Hornets,HORNETS Turnover: Shot Clock (T#11),3:02
http://stats.nba.com/cvp.html?GameID=0021200939&GameEventID=306,3,,Portland Trail Blazers,Trail Blazers Timeout: Regular (Reg.3 Short 1),3:02
http://stats.nba.com/cvp.html?GameID=0021200939&GameEventID=308,3,,Portland Trail Blazers,SUB: Maynor FOR Matthews,3:02
http://stats.nba.com/cvp.html?GameID=0021200939&GameEventID=309,3,,New Orleans Hornets,Mason Jr. S.FOUL (P2.T2),2:45
http://stats.nba.com/cvp.html?GameID=0021200939&GameEventID=310,3,[ 64 - 65 ],Portland Trail Blazers,Aldridge Free Throw 1 of 2 (11 PTS),2:45
http://stats.nba.com/cvp.html?GameID=0021200939&GameEventID=312,3,[ 65 - 65 ],Portland Trail Blazers,Aldridge Free Throw 2 of 2 (12 PTS),2:45
http://stats.nba.com/cvp.html?GameID=0021200939&GameEventID=314,3,[ 65 - 67 ],New Orleans Hornets,Vasquez 22' Jump Shot (17 PTS),2:24
http://stats.nba.com/cvp.html?GameID=0021200939&GameEventID=316,3,,Portland Trail Blazers,SUB: Barton FOR Lillard,2:13
http://stats.nba.com/cvp.html?GameID=0021200939&GameEventID=317,3,,Portland Trail Blazers,MISS Barton 3' Layup,2:10
http://stats.nba.com/cvp.html?GameID=0021200939&GameEventID=318,3,,New Orleans Hornets,Vasquez REBOUND (Off:2 Def:4),2:09
http://stats.nba.com/cvp.html?GameID=0021200939&GameEventID=319,3,,Portland Trail Blazers,Aldridge S.FOUL (P2.T2),2:06
http://stats.nba.com/cvp.html?GameID=0021200939&GameEventID=320,3,[ 65 - 68 ],New Orleans Hornets,Roberts Free Throw 1 of 2 (5 PTS),2:06
http://stats.nba.com/cvp.html?GameID=0021200939&GameEventID=322,3,,New Orleans Hornets,SUB: Miller FOR Vasquez,2:06
http://stats.nba.com/cvp.html?GameID=0021200939&GameEventID=323,3,,New Orleans Hornets,SUB: Thomas FOR Davis,2:06
http://stats.nba.com/cvp.html?GameID=0021200939&GameEventID=324,3,[ 65 - 69 ],New Orleans Hornets,Roberts Free Throw 2 of 2 (6 PTS),2:06
http://stats.nba.com/cvp.html?GameID=0021200939&GameEventID=326,3,[ 67 - 69 ],Portland Trail Blazers,Aldridge 9' Turnaround Jump Shot (14 PTS) (Maynor 3 AST),1:47
http://stats.nba.com/cvp.html?GameID=0021200939&GameEventID=327,3,[ 67 - 71 ],New Orleans Hornets,Thomas 13' Jump Shot (4 PTS) (Miller 3 AST),1:26
http://stats.nba.com/cvp.html?GameID=0021200939&GameEventID=328,3,,New Orleans Hornets,Thomas P.FOUL (P1.T3),1:15
http://stats.nba.com/cvp.html?GameID=0021200939&GameEventID=329,3,,Portland Trail Blazers,MISS Batum 19' Jump Shot,1:08
http://stats.nba.com/cvp.html?GameID=0021200939&GameEventID=330,3,,New Orleans Hornets,Anderson REBOUND (Off:2 Def:9),1:07
http://stats.nba.com/cvp.html?GameID=0021200939&GameEventID=331,3,,New Orleans Hornets,MISS Roberts 1' Layup,0:57
http://stats.nba.com/cvp.html?GameID=0021200939&GameEventID=333,3,,New Orleans Hornets,Thomas REBOUND (Off:2 Def:0),0:56
http://stats.nba.com/cvp.html?GameID=0021200939&GameEventID=332,3,[ 67 - 73 ],New Orleans Hornets,Thomas 1' Tip Shot (6 PTS),0:56
http://stats.nba.com/cvp.html?GameID=0021200939&GameEventID=334,3,,Portland Trail Blazers,Aldridge S.FOUL (P3.T3),0:56
http://stats.nba.com/cvp.html?GameID=0021200939&GameEventID=335,3,[ 67 - 74 ],New Orleans Hornets,Thomas Free Throw 1 of 1 (7 PTS),0:56
http://stats.nba.com/cvp.html?GameID=0021200939&GameEventID=338,3,,New Orleans Hornets,Roberts STEAL (1 STL),0:41
http://stats.nba.com/cvp.html?GameID=0021200939&GameEventID=338,3,,Portland Trail Blazers,Aldridge Bad Pass Turnover (P2.T8),0:41
http://stats.nba.com/cvp.html?GameID=0021200939&GameEventID=339,3,[ 67 - 76 ],New Orleans Hornets,Miller 18' Jump Shot (5 PTS) (Roberts 6 AST),0:30
http://stats.nba.com/cvp.html?GameID=0021200939&GameEventID=340,3,,New Orleans Hornets,Thomas P.FOUL (P2.PN),0:10
http://stats.nba.com/cvp.html?GameID=0021200939&GameEventID=341,3,[ 68 - 76 ],Portland Trail Blazers,Aldridge Free Throw 1 of 2 (15 PTS),0:10
http://stats.nba.com/cvp.html?GameID=0021200939&GameEventID=343,3,,New Orleans Hornets,SUB: Davis FOR Thomas,0:10
http://stats.nba.com/cvp.html?GameID=0021200939&GameEventID=344,3,,New Orleans Hornets,SUB: Vasquez FOR Miller,0:10
http://stats.nba.com/cvp.html?GameID=0021200939&GameEventID=345,3,[ 69 - 76 ],Portland Trail Blazers,Aldridge Free Throw 2 of 2 (16 PTS),0:10
http://stats.nba.com/cvp.html?GameID=0021200939&GameEventID=347,3,,New Orleans Hornets,MISS Anderson 26' 3PT Jump Shot,0:00
http://stats.nba.com/cvp.html?GameID=0021200939&GameEventID=348,3,,Portland Trail Blazers,Aldridge REBOUND (Off:2 Def:4),0:00
http://stats.nba.com/cvp.html?GameID=0021200939&GameEventID=353,4,[ 72 - 76 ],Portland Trail Blazers,Maynor  3PT Jump Shot (7 PTS) (Lillard 6 AST),11:41
http://stats.nba.com/cvp.html?GameID=0021200939&GameEventID=354,4,[ 72 - 78 ],New Orleans Hornets,Mason Jr. 17' Jump Shot (10 PTS) (Miller 4 AST),11:21
http://stats.nba.com/cvp.html?GameID=0021200939&GameEventID=355,4,,Portland Trail Blazers,MISS Aldridge 14' Jump Shot,11:02
http://stats.nba.com/cvp.html?GameID=0021200939&GameEventID=356,4,,New Orleans Hornets,Anderson REBOUND (Off:2 Def:10),11:01
http://stats.nba.com/cvp.html?GameID=0021200939&GameEventID=357,4,,Portland Trail Blazers,Lillard Violation:Kicked Ball,10:48
http://stats.nba.com/cvp.html?GameID=0021200939&GameEventID=358,4,,Portland Trail Blazers,SUB: Hickson FOR Aldridge,10:48
http://stats.nba.com/cvp.html?GameID=0021200939&GameEventID=359,4,,New Orleans Hornets,MISS Mason Jr. 17' Jump Shot,10:40
http://stats.nba.com/cvp.html?GameID=0021200939&GameEventID=360,4,,Portland Trail Blazers,Matthews REBOUND (Off:0 Def:4),10:38
http://stats.nba.com/cvp.html?GameID=0021200939&GameEventID=361,4,[ 75 - 78 ],Portland Trail Blazers,Matthews 24' 3PT Jump Shot (13 PTS) (Maynor 4 AST),10:18
http://stats.nba.com/cvp.html?GameID=0021200939&GameEventID=362,4,,New Orleans Hornets,MISS Miller 7' Jump Shot,9:54
http://stats.nba.com/cvp.html?GameID=0021200939&GameEventID=363,4,,Portland Trail Blazers,Hickson REBOUND (Off:3 Def:8),9:53
http://stats.nba.com/cvp.html?GameID=0021200939&GameEventID=364,4,,Portland Trail Blazers,MISS Hickson 8' Jump Shot,9:34
http://stats.nba.com/cvp.html?GameID=0021200939&GameEventID=365,4,,New Orleans Hornets,Miller REBOUND (Off:1 Def:2),9:33
http://stats.nba.com/cvp.html?GameID=0021200939&GameEventID=366,4,,New Orleans Hornets,MISS Roberts 2' Layup,9:19
http://stats.nba.com/cvp.html?GameID=0021200939&GameEventID=368,4,,New Orleans Hornets,Thomas REBOUND (Off:3 Def:0),9:18
http://stats.nba.com/cvp.html?GameID=0021200939&GameEventID=367,4,,New Orleans Hornets,MISS Thomas 1' Dunk,9:18
http://stats.nba.com/cvp.html?GameID=0021200939&GameEventID=369,4,,Portland Trail Blazers,Hickson REBOUND (Off:3 Def:9),9:15
http://stats.nba.com/cvp.html?GameID=0021200939&GameEventID=370,4,,New Orleans Hornets,Anderson STEAL (2 STL),9:10
http://stats.nba.com/cvp.html?GameID=0021200939&GameEventID=370,4,,Portland Trail Blazers,Maynor Bad Pass Turnover (P3.T9),9:10
http://stats.nba.com/cvp.html?GameID=0021200939&GameEventID=371,4,,New Orleans Hornets,MISS Mason Jr. 2' Layup,8:48
http://stats.nba.com/cvp.html?GameID=0021200939&GameEventID=373,4,,New Orleans Hornets,HORNETS Rebound,8:48
http://stats.nba.com/cvp.html?GameID=0021200939&GameEventID=372,4,,New Orleans Hornets,Mason Jr. Traveling Turnover (P2.T12),8:48
http://stats.nba.com/cvp.html?GameID=0021200939&GameEventID=375,4,,Portland Trail Blazers,SUB: Batum FOR Jeffries,8:48
http://stats.nba.com/cvp.html?GameID=0021200939&GameEventID=376,4,,New Orleans Hornets,SUB: Vasquez FOR Mason Jr.,8:48
http://stats.nba.com/cvp.html?GameID=0021200939&GameEventID=377,4,,New Orleans Hornets,SUB: Davis FOR Thomas,8:48
http://stats.nba.com/cvp.html?GameID=0021200939&GameEventID=378,4,,New Orleans Hornets,Davis STEAL (1 STL),8:33
http://stats.nba.com/cvp.html?GameID=0021200939&GameEventID=378,4,,Portland Trail Blazers,Hickson Lost Ball Turnover (P2.T10),8:33
http://stats.nba.com/cvp.html?GameID=0021200939&GameEventID=379,4,[ 75 - 81 ],New Orleans Hornets,Miller  3PT Jump Shot (8 PTS) (Roberts 7 AST),8:20
http://stats.nba.com/cvp.html?GameID=0021200939&GameEventID=380,4,[ 77 - 81 ],Portland Trail Blazers,Matthews 1' Driving Layup (15 PTS),8:01
http://stats.nba.com/cvp.html?GameID=0021200939&GameEventID=381,4,[ 77 - 84 ],New Orleans Hornets,Anderson 26' 3PT Jump Shot (14 PTS) (Roberts 8 AST),7:47
http://stats.nba.com/cvp.html?GameID=0021200939&GameEventID=382,4,,Portland Trail Blazers,MISS Lillard 25' 3PT Jump Shot,7:34
http://stats.nba.com/cvp.html?GameID=0021200939&GameEventID=383,4,,Portland Trail Blazers,Batum REBOUND (Off:1 Def:1),7:33
http://stats.nba.com/cvp.html?GameID=0021200939&GameEventID=384,4,,Portland Trail Blazers,MISS Lillard 10' Jump Shot,7:24
http://stats.nba.com/cvp.html?GameID=0021200939&GameEventID=385,4,,Portland Trail Blazers,Trail Blazers Rebound,7:23
http://stats.nba.com/cvp.html?GameID=0021200939&GameEventID=387,4,,Portland Trail Blazers,MISS Matthews 26' 3PT Jump Shot,7:11
http://stats.nba.com/cvp.html?GameID=0021200939&GameEventID=388,4,,New Orleans Hornets,Vasquez REBOUND (Off:2 Def:5),7:10
http://stats.nba.com/cvp.html?GameID=0021200939&GameEventID=389,4,[ 77 - 87 ],New Orleans Hornets,Vasquez 25' 3PT Jump Shot (20 PTS) (Miller 5 AST),6:53
http://stats.nba.com/cvp.html?GameID=0021200939&GameEventID=390,4,,Portland Trail Blazers,Trail Blazers Timeout: Regular (Reg.4 Short 1),6:53
http://stats.nba.com/cvp.html?GameID=0021200939&GameEventID=392,4,,Portland Trail Blazers,SUB: Aldridge FOR Maynor,6:53
http://stats.nba.com/cvp.html?GameID=0021200939&GameEventID=394,4,[ 79 - 87 ],Portland Trail Blazers,Lillard 15' Fadeaway Jumper (14 PTS),6:40
http://stats.nba.com/cvp.html?GameID=0021200939&GameEventID=395,4,,Portland Trail Blazers,Batum P.FOUL (P2.T1),6:27
http://stats.nba.com/cvp.html?GameID=0021200939&GameEventID=396,4,,New Orleans Hornets,MISS Anderson 18' Jump Shot,6:13
http://stats.nba.com/cvp.html?GameID=0021200939&GameEventID=397,4,,Portland Trail Blazers,Lillard REBOUND (Off:0 Def:2),6:10
http://stats.nba.com/cvp.html?GameID=0021200939&GameEventID=398,4,[ 82 - 87 ],Portland Trail Blazers,Lillard 26' 3PT Jump Shot (17 PTS),6:02
http://stats.nba.com/cvp.html?GameID=0021200939&GameEventID=399,4,,New Orleans Hornets,MISS Davis 9' Jump Shot,5:32
http://stats.nba.com/cvp.html?GameID=0021200939&GameEventID=400,4,,Portland Trail Blazers,Hickson REBOUND (Off:3 Def:10),5:30
http://stats.nba.com/cvp.html?GameID=0021200939&GameEventID=401,4,,New Orleans Hornets,Roberts STEAL (2 STL),5:21
http://stats.nba.com/cvp.html?GameID=0021200939&GameEventID=401,4,,Portland Trail Blazers,Lillard Bad Pass Turnover (P4.T11),5:21
http://stats.nba.com/cvp.html?GameID=0021200939&GameEventID=402,4,,New Orleans Hornets,MISS Vasquez 26' 3PT Jump Shot,5:01
http://stats.nba.com/cvp.html?GameID=0021200939&GameEventID=403,4,,Portland Trail Blazers,Hickson REBOUND (Off:3 Def:11),5:00
http://stats.nba.com/cvp.html?GameID=0021200939&GameEventID=404,4,[ 85 - 87 ],Portland Trail Blazers,Matthews  3PT Jump Shot (18 PTS) (Lillard 7 AST),4:49
http://stats.nba.com/cvp.html?GameID=0021200939&GameEventID=406,4,,New Orleans Hornets,HORNETS Timeout: Regular (Full 4 Short 0),4:48
http://stats.nba.com/cvp.html?GameID=0021200939&GameEventID=407,4,[ 85 - 90 ],New Orleans Hornets,Roberts 29' 3PT Jump Shot (9 PTS) (Vasquez 4 AST),4:26
http://stats.nba.com/cvp.html?GameID=0021200939&GameEventID=408,4,[ 88 - 90 ],Portland Trail Blazers,Matthews 26' 3PT Jump Shot (21 PTS) (Hickson 1 AST),4:02
http://stats.nba.com/cvp.html?GameID=0021200939&GameEventID=409,4,,New Orleans Hornets,Davis Lost Ball Turnover (P1.T13),3:35
http://stats.nba.com/cvp.html?GameID=0021200939&GameEventID=409,4,,Portland Trail Blazers,Hickson STEAL (3 STL),3:35
http://stats.nba.com/cvp.html?GameID=0021200939&GameEventID=410,4,,Portland Trail Blazers,MISS Aldridge 4' Jump Shot,3:24
http://stats.nba.com/cvp.html?GameID=0021200939&GameEventID=411,4,,New Orleans Hornets,HORNETS Rebound,3:23
http://stats.nba.com/cvp.html?GameID=0021200939&GameEventID=412,4,,New Orleans Hornets,MISS Roberts 17' Jump Shot,2:58
http://stats.nba.com/cvp.html?GameID=0021200939&GameEventID=413,4,,Portland Trail Blazers,Trail Blazers Rebound,2:56
http://stats.nba.com/cvp.html?GameID=0021200939&GameEventID=414,4,[ 91 - 90 ],Portland Trail Blazers,Matthews 25' 3PT Jump Shot (24 PTS) (Batum 3 AST),2:39
http://stats.nba.com/cvp.html?GameID=0021200939&GameEventID=415,4,,New Orleans Hornets,MISS Vasquez 20' Jump Shot,2:15
http://stats.nba.com/cvp.html?GameID=0021200939&GameEventID=417,4,,New Orleans Hornets,Davis REBOUND (Off:5 Def:3),2:14
http://stats.nba.com/cvp.html?GameID=0021200939&GameEventID=416,4,[ 91 - 92 ],New Orleans Hornets,Davis 2' Tip Shot (18 PTS),2:14
http://stats.nba.com/cvp.html?GameID=0021200939&GameEventID=418,4,,Portland Trail Blazers,MISS Matthews 5' Jump Shot,1:49
http://stats.nba.com/cvp.html?GameID=0021200939&GameEventID=419,4,,New Orleans Hornets,Davis REBOUND (Off:5 Def:4),1:48
http://stats.nba.com/cvp.html?GameID=0021200939&GameEventID=420,4,,New Orleans Hornets,Vasquez Traveling Turnover (P5.T14),1:32
http://stats.nba.com/cvp.html?GameID=0021200939&GameEventID=421,4,[ 93 - 92 ],Portland Trail Blazers,Batum 22' Step Back Jump Shot (11 PTS) (Lillard 8 AST),1:15
http://stats.nba.com/cvp.html?GameID=0021200939&GameEventID=423,4,,New Orleans Hornets,HORNETS Timeout: Regular (Full 5 Short 0),1:15
http://stats.nba.com/cvp.html?GameID=0021200939&GameEventID=424,4,,New Orleans Hornets,MISS Roberts 7' Driving Jump Shot,1:05
http://stats.nba.com/cvp.html?GameID=0021200939&GameEventID=425,4,,Portland Trail Blazers,Trail Blazers Rebound,1:05
http://stats.nba.com/cvp.html?GameID=0021200939&GameEventID=427,4,,Portland Trail Blazers,MISS Batum 25' 3PT Jump Shot,0:49
http://stats.nba.com/cvp.html?GameID=0021200939&GameEventID=428,4,,New Orleans Hornets,Anderson REBOUND (Off:2 Def:11),0:48
http://stats.nba.com/cvp.html?GameID=0021200939&GameEventID=429,4,,Portland Trail Blazers,Matthews P.FOUL (P2.T2),0:35
http://stats.nba.com/cvp.html?GameID=0021200939&GameEventID=430,4,,New Orleans Hornets,MISS Vasquez 6' Jump Shot,0:21
http://stats.nba.com/cvp.html?GameID=0021200939&GameEventID=431,4,,New Orleans Hornets,Davis REBOUND (Off:6 Def:4),0:19
http://stats.nba.com/cvp.html?GameID=0021200939&GameEventID=432,4,[ 93 - 95 ],New Orleans Hornets,Anderson 25' 3PT Jump Shot (17 PTS) (Roberts 9 AST),0:15
http://stats.nba.com/cvp.html?GameID=0021200939&GameEventID=433,4,,Portland Trail Blazers,Trail Blazers Timeout: Regular (Reg.5 Short 1),0:15
http://stats.nba.com/cvp.html?GameID=0021200939&GameEventID=436,4,,Portland Trail Blazers,SUB: Maynor FOR Hickson,0:15
http://stats.nba.com/cvp.html?GameID=0021200939&GameEventID=440,4,,New Orleans Hornets,SUB: Aminu FOR Roberts,0:15
http://stats.nba.com/cvp.html?GameID=0021200939&GameEventID=438,4,[ 96 - 95 ],Portland Trail Blazers,Lillard 26' 3PT Jump Shot (20 PTS) (Aldridge 1 AST),0:11
http://stats.nba.com/cvp.html?GameID=0021200939&GameEventID=439,4,,New Orleans Hornets,HORNETS Timeout: Short (Full 5 Short 1),0:11
http://stats.nba.com/cvp.html?GameID=0021200939&GameEventID=441,4,,Portland Trail Blazers,SUB: Hickson FOR Maynor,0:11
http://stats.nba.com/cvp.html?GameID=0021200939&GameEventID=442,4,,Portland Trail Blazers,SUB: Jeffries FOR Aldridge,0:11
http://stats.nba.com/cvp.html?GameID=0021200939&GameEventID=447,4,,New Orleans Hornets,SUB: Roberts FOR Aminu,0:11
http://stats.nba.com/cvp.html?GameID=0021200939&GameEventID=444,4,[ 96 - 97 ],New Orleans Hornets,Anderson 2' Layup (19 PTS) (Vasquez 5 AST),0:01
http://stats.nba.com/cvp.html?GameID=0021200939&GameEventID=445,4,,Portland Trail Blazers,Jeffries S.FOUL (P2.PN),0:01
http://stats.nba.com/cvp.html?GameID=0021200939&GameEventID=448,4,,New Orleans Hornets,SUB: Aminu FOR Roberts,0:01
http://stats.nba.com/cvp.html?GameID=0021200939&GameEventID=449,4,,New Orleans Hornets,SUB: Thomas FOR Miller,0:01
http://stats.nba.com/cvp.html?GameID=0021200939&GameEventID=450,4,[ 96 - 98 ],New Orleans Hornets,Anderson Free Throw 1 of 1 (20 PTS),0:01
http://stats.nba.com/cvp.html?GameID=0021200939&GameEventID=452,4,,Portland Trail Blazers,Trail Blazers Timeout: Short (Reg.5 Short 2),0:01
http://stats.nba.com/cvp.html?GameID=0021200939&GameEventID=454,4,,Portland Trail Blazers,SUB: Aldridge FOR Hickson,0:01
http://stats.nba.com/cvp.html?GameID=0021200939&GameEventID=455,4,,Portland Trail Blazers,MISS Matthews  3PT Jump Shot,0:00
http://stats.nba.com/cvp.html?GameID=0021200939&GameEventID=457,4,,Portland Trail Blazers,Trail Blazers Rebound,0:00
