http://stats.nba.com/cvp.html?GameID=0041200212&GameEventID=1,1,,New York Knicks,Jump Ball Chandler vs. Hibbert: Tip to Prigioni,12:00
http://stats.nba.com/cvp.html?GameID=0041200212&GameEventID=2,1,,New York Knicks,MISS Anthony 14' Jump Shot,11:45
http://stats.nba.com/cvp.html?GameID=0041200212&GameEventID=3,1,,Indiana Pacers,West REBOUND (Off:0 Def:1),11:44
http://stats.nba.com/cvp.html?GameID=0041200212&GameEventID=4,1,,Indiana Pacers,MISS Hibbert 6' Hook Shot,11:26
http://stats.nba.com/cvp.html?GameID=0041200212&GameEventID=5,1,,New York Knicks,Anthony REBOUND (Off:0 Def:1),11:25
http://stats.nba.com/cvp.html?GameID=0041200212&GameEventID=6,1,,New York Knicks,MISS Shumpert 25' 3PT Jump Shot,11:06
http://stats.nba.com/cvp.html?GameID=0041200212&GameEventID=7,1,,Indiana Pacers,George REBOUND (Off:0 Def:1),11:04
http://stats.nba.com/cvp.html?GameID=0041200212&GameEventID=8,1,,New York Knicks,Anthony STEAL (1 STL),10:57
http://stats.nba.com/cvp.html?GameID=0041200212&GameEventID=8,1,,Indiana Pacers,George Bad Pass Turnover (P1.T1),10:57
http://stats.nba.com/cvp.html?GameID=0041200212&GameEventID=10,1,[ 0 - 2 ],New York Knicks,Prigioni 11' Driving Jump Shot (2 PTS),10:43
http://stats.nba.com/cvp.html?GameID=0041200212&GameEventID=11,1,,Indiana Pacers,MISS George 19' Jump Shot,10:23
http://stats.nba.com/cvp.html?GameID=0041200212&GameEventID=12,1,,New York Knicks,Chandler REBOUND (Off:0 Def:1),10:22
http://stats.nba.com/cvp.html?GameID=0041200212&GameEventID=13,1,[ 0 - 4 ],New York Knicks,Felton 8' Floating Jump Shot (2 PTS),10:12
http://stats.nba.com/cvp.html?GameID=0041200212&GameEventID=14,1,,Indiana Pacers,West OFF.Foul (P1),9:59
http://stats.nba.com/cvp.html?GameID=0041200212&GameEventID=15,1,,Indiana Pacers,West Foul Turnover (P1.T2),9:59
http://stats.nba.com/cvp.html?GameID=0041200212&GameEventID=16,1,,Indiana Pacers,George S.FOUL (P1.T1),9:43
http://stats.nba.com/cvp.html?GameID=0041200212&GameEventID=17,1,[ 0 - 5 ],New York Knicks,Anthony Free Throw 1 of 2 (1 PTS),9:43
http://stats.nba.com/cvp.html?GameID=0041200212&GameEventID=19,1,[ 0 - 6 ],New York Knicks,Anthony Free Throw 2 of 2 (2 PTS),9:43
http://stats.nba.com/cvp.html?GameID=0041200212&GameEventID=21,1,[ 2 - 6 ],Indiana Pacers,Hill 2' Driving Reverse Layup (2 PTS),9:33
http://stats.nba.com/cvp.html?GameID=0041200212&GameEventID=22,1,[ 2 - 8 ],New York Knicks,Felton 17' Step Back Jump Shot (4 PTS),9:09
http://stats.nba.com/cvp.html?GameID=0041200212&GameEventID=23,1,,New York Knicks,Prigioni P.FOUL (P1.T1),8:48
http://stats.nba.com/cvp.html?GameID=0041200212&GameEventID=24,1,[ 4 - 8 ],Indiana Pacers,George 1' Alley Oop Layup (2 PTS) (Hill 1 AST),8:42
http://stats.nba.com/cvp.html?GameID=0041200212&GameEventID=25,1,,New York Knicks,MISS Anthony 2' Layup,8:16
http://stats.nba.com/cvp.html?GameID=0041200212&GameEventID=25,1,,Indiana Pacers,Hibbert BLOCK (1 BLK),8:16
http://stats.nba.com/cvp.html?GameID=0041200212&GameEventID=26,1,,New York Knicks,Anthony REBOUND (Off:1 Def:1),8:15
http://stats.nba.com/cvp.html?GameID=0041200212&GameEventID=27,1,,New York Knicks,KNICKS Turnover: Shot Clock (T#1),8:14
http://stats.nba.com/cvp.html?GameID=0041200212&GameEventID=28,1,[ 6 - 8 ],Indiana Pacers,George 1' Driving Layup (4 PTS),8:07
http://stats.nba.com/cvp.html?GameID=0041200212&GameEventID=29,1,,New York Knicks,MISS Chandler 2' Alley Oop Layup,7:57
http://stats.nba.com/cvp.html?GameID=0041200212&GameEventID=30,1,,New York Knicks,Felton REBOUND (Off:1 Def:0),7:56
http://stats.nba.com/cvp.html?GameID=0041200212&GameEventID=31,1,[ 6 - 11 ],New York Knicks,Shumpert  3PT Jump Shot (3 PTS) (Prigioni 1 AST),7:50
http://stats.nba.com/cvp.html?GameID=0041200212&GameEventID=32,1,,New York Knicks,Prigioni P.FOUL (P2.T2),7:30
http://stats.nba.com/cvp.html?GameID=0041200212&GameEventID=33,1,,Indiana Pacers,MISS Hill 19' Jump Shot,7:22
http://stats.nba.com/cvp.html?GameID=0041200212&GameEventID=34,1,,New York Knicks,Shumpert REBOUND (Off:0 Def:1),7:20
http://stats.nba.com/cvp.html?GameID=0041200212&GameEventID=35,1,,New York Knicks,MISS Shumpert 20' Jump Shot,7:14
http://stats.nba.com/cvp.html?GameID=0041200212&GameEventID=36,1,,Indiana Pacers,Hill REBOUND (Off:0 Def:1),7:13
http://stats.nba.com/cvp.html?GameID=0041200212&GameEventID=37,1,[ 9 - 11 ],Indiana Pacers,Hill 25' 3PT Jump Shot (5 PTS) (West 1 AST),7:04
http://stats.nba.com/cvp.html?GameID=0041200212&GameEventID=38,1,,New York Knicks,MISS Shumpert 16' Jump Shot,6:36
http://stats.nba.com/cvp.html?GameID=0041200212&GameEventID=39,1,,Indiana Pacers,West REBOUND (Off:0 Def:2),6:35
http://stats.nba.com/cvp.html?GameID=0041200212&GameEventID=40,1,[ 11 - 11 ],Indiana Pacers,Hill 2' Driving Layup (7 PTS),6:23
http://stats.nba.com/cvp.html?GameID=0041200212&GameEventID=41,1,[ 11 - 13 ],New York Knicks,Anthony 21' Jump Shot (4 PTS) (Felton 1 AST),6:03
http://stats.nba.com/cvp.html?GameID=0041200212&GameEventID=42,1,,Indiana Pacers,Stephenson OFF.Foul (P1),5:56
http://stats.nba.com/cvp.html?GameID=0041200212&GameEventID=43,1,,Indiana Pacers,Stephenson Foul Turnover (P1.T3),5:56
http://stats.nba.com/cvp.html?GameID=0041200212&GameEventID=44,1,,New York Knicks,KNICKS Timeout: Regular (Full 1 Short 0),5:56
http://stats.nba.com/cvp.html?GameID=0041200212&GameEventID=46,1,,New York Knicks,SUB: Smith FOR Prigioni,5:56
http://stats.nba.com/cvp.html?GameID=0041200212&GameEventID=48,1,[ 11 - 16 ],New York Knicks,Felton 24' 3PT Jump Shot (7 PTS) (Anthony 1 AST),5:43
http://stats.nba.com/cvp.html?GameID=0041200212&GameEventID=49,1,,New York Knicks,Smith STEAL (1 STL),5:23
http://stats.nba.com/cvp.html?GameID=0041200212&GameEventID=49,1,,Indiana Pacers,Hill Bad Pass Turnover (P1.T4),5:23
http://stats.nba.com/cvp.html?GameID=0041200212&GameEventID=50,1,,New York Knicks,MISS Smith 2' Driving Layup,5:20
http://stats.nba.com/cvp.html?GameID=0041200212&GameEventID=51,1,,New York Knicks,Felton REBOUND (Off:2 Def:0),5:19
http://stats.nba.com/cvp.html?GameID=0041200212&GameEventID=52,1,,Indiana Pacers,Hill P.FOUL (P1.T2),5:18
http://stats.nba.com/cvp.html?GameID=0041200212&GameEventID=53,1,,New York Knicks,MISS Anthony 17' Jump Shot,5:11
http://stats.nba.com/cvp.html?GameID=0041200212&GameEventID=54,1,,New York Knicks,KNICKS Rebound,5:10
http://stats.nba.com/cvp.html?GameID=0041200212&GameEventID=55,1,[ 11 - 18 ],New York Knicks,Chandler 1' Slam Dunk (2 PTS) (Shumpert 1 AST),4:59
http://stats.nba.com/cvp.html?GameID=0041200212&GameEventID=56,1,[ 14 - 18 ],Indiana Pacers,George 26' 3PT Jump Shot (7 PTS) (Hill 2 AST),4:34
http://stats.nba.com/cvp.html?GameID=0041200212&GameEventID=57,1,[ 14 - 20 ],New York Knicks,Felton 2' Driving Layup (9 PTS),4:20
http://stats.nba.com/cvp.html?GameID=0041200212&GameEventID=58,1,,New York Knicks,Anthony P.FOUL (P1.T3),4:10
http://stats.nba.com/cvp.html?GameID=0041200212&GameEventID=59,1,,New York Knicks,SUB: Kidd FOR Shumpert,4:10
http://stats.nba.com/cvp.html?GameID=0041200212&GameEventID=60,1,,Indiana Pacers,MISS Hill 26' 3PT Jump Shot,3:55
http://stats.nba.com/cvp.html?GameID=0041200212&GameEventID=61,1,,Indiana Pacers,Stephenson REBOUND (Off:1 Def:0),3:53
http://stats.nba.com/cvp.html?GameID=0041200212&GameEventID=62,1,[ 16 - 20 ],Indiana Pacers,Stephenson 2' Layup (2 PTS),3:52
http://stats.nba.com/cvp.html?GameID=0041200212&GameEventID=63,1,[ 16 - 22 ],New York Knicks,Smith 5' Turnaround Hook Shot (2 PTS),3:34
http://stats.nba.com/cvp.html?GameID=0041200212&GameEventID=64,1,,Indiana Pacers,MISS George 13' Jump Shot,3:17
http://stats.nba.com/cvp.html?GameID=0041200212&GameEventID=65,1,,Indiana Pacers,Hibbert REBOUND (Off:1 Def:0),3:15
http://stats.nba.com/cvp.html?GameID=0041200212&GameEventID=66,1,[ 18 - 22 ],Indiana Pacers,West 2' Layup (2 PTS) (Hibbert 1 AST),3:14
http://stats.nba.com/cvp.html?GameID=0041200212&GameEventID=67,1,,New York Knicks,MISS Kidd 24' 3PT Jump Shot,3:00
http://stats.nba.com/cvp.html?GameID=0041200212&GameEventID=68,1,,Indiana Pacers,Hibbert REBOUND (Off:1 Def:1),2:58
http://stats.nba.com/cvp.html?GameID=0041200212&GameEventID=69,1,,Indiana Pacers,George Traveling Turnover (P2.T5),2:55
http://stats.nba.com/cvp.html?GameID=0041200212&GameEventID=70,1,,Indiana Pacers,Pacers Timeout: Regular (Reg.1 Short 0),2:55
http://stats.nba.com/cvp.html?GameID=0041200212&GameEventID=72,1,,New York Knicks,SUB: Martin FOR Felton,2:55
http://stats.nba.com/cvp.html?GameID=0041200212&GameEventID=73,1,,Indiana Pacers,SUB: Hansbrough FOR West,2:55
http://stats.nba.com/cvp.html?GameID=0041200212&GameEventID=74,1,[ 18 - 24 ],New York Knicks,Anthony 15' Jump Shot (6 PTS),2:41
http://stats.nba.com/cvp.html?GameID=0041200212&GameEventID=75,1,,Indiana Pacers,Hill Out of Bounds Lost Ball Turnover (P2.T6),2:18
http://stats.nba.com/cvp.html?GameID=0041200212&GameEventID=76,1,[ 18 - 27 ],New York Knicks,Smith  3PT Jump Shot (5 PTS) (Anthony 2 AST),2:06
http://stats.nba.com/cvp.html?GameID=0041200212&GameEventID=77,1,,Indiana Pacers,MISS Stephenson 27' 3PT Jump Shot,1:52
http://stats.nba.com/cvp.html?GameID=0041200212&GameEventID=78,1,,New York Knicks,Anthony REBOUND (Off:1 Def:2),1:50
http://stats.nba.com/cvp.html?GameID=0041200212&GameEventID=79,1,,New York Knicks,MISS Anthony 12' Jump Shot,1:44
http://stats.nba.com/cvp.html?GameID=0041200212&GameEventID=80,1,,Indiana Pacers,Hill REBOUND (Off:0 Def:2),1:43
http://stats.nba.com/cvp.html?GameID=0041200212&GameEventID=84,1,,Indiana Pacers,SUB: Young FOR Stephenson,1:27
http://stats.nba.com/cvp.html?GameID=0041200212&GameEventID=87,1,,New York Knicks,Martin STEAL (1 STL),1:27
http://stats.nba.com/cvp.html?GameID=0041200212&GameEventID=87,1,,Indiana Pacers,Hibbert Lost Ball Turnover (P1.T7),1:27
http://stats.nba.com/cvp.html?GameID=0041200212&GameEventID=85,1,,New York Knicks,Jump Ball Kidd vs. Hibbert: Tip to Martin,1:27
http://stats.nba.com/cvp.html?GameID=0041200212&GameEventID=86,1,,New York Knicks,Smith Traveling Turnover (P1.T2),1:14
http://stats.nba.com/cvp.html?GameID=0041200212&GameEventID=88,1,,New York Knicks,KNICKS Violation: Delay of game Violation,1:14
http://stats.nba.com/cvp.html?GameID=0041200212&GameEventID=89,1,[ 20 - 27 ],Indiana Pacers,Hibbert 2' Layup (2 PTS) (Young 1 AST),0:52
http://stats.nba.com/cvp.html?GameID=0041200212&GameEventID=90,1,,New York Knicks,MISS Smith 10' Floating Jump Shot,0:35
http://stats.nba.com/cvp.html?GameID=0041200212&GameEventID=91,1,,Indiana Pacers,Hansbrough REBOUND (Off:0 Def:1),0:34
http://stats.nba.com/cvp.html?GameID=0041200212&GameEventID=92,1,,Indiana Pacers,MISS George 25' 3PT Jump Shot,0:29
http://stats.nba.com/cvp.html?GameID=0041200212&GameEventID=93,1,,New York Knicks,KNICKS Rebound,0:26
http://stats.nba.com/cvp.html?GameID=0041200212&GameEventID=94,1,,Indiana Pacers,SUB: Augustin FOR Hill,0:26
http://stats.nba.com/cvp.html?GameID=0041200212&GameEventID=98,1,,New York Knicks,KNICKS Timeout: Short (Full 1 Short 1),0:04
http://stats.nba.com/cvp.html?GameID=0041200212&GameEventID=101,1,[ 20 - 29 ],New York Knicks,Anthony 17' Jump Shot (8 PTS) (Chandler 1 AST),0:01
http://stats.nba.com/cvp.html?GameID=0041200212&GameEventID=102,1,,Indiana Pacers,MISS George 59' 3PT Jump Shot,0:00
http://stats.nba.com/cvp.html?GameID=0041200212&GameEventID=103,1,,Indiana Pacers,Pacers Rebound,0:00
http://stats.nba.com/cvp.html?GameID=0041200212&GameEventID=107,2,,New York Knicks,Martin BLOCK (1 BLK),11:41
http://stats.nba.com/cvp.html?GameID=0041200212&GameEventID=107,2,,Indiana Pacers,MISS Augustin 1' Driving Layup,11:41
http://stats.nba.com/cvp.html?GameID=0041200212&GameEventID=108,2,,Indiana Pacers,Pacers Rebound,11:41
http://stats.nba.com/cvp.html?GameID=0041200212&GameEventID=109,2,,Indiana Pacers,Hansbrough Out of Bounds Lost Ball Turnover (P1.T8),11:38
http://stats.nba.com/cvp.html?GameID=0041200212&GameEventID=110,2,[ 20 - 31 ],New York Knicks,Martin 19' Jump Shot (2 PTS) (Smith 1 AST),11:21
http://stats.nba.com/cvp.html?GameID=0041200212&GameEventID=111,2,[ 22 - 31 ],Indiana Pacers,Young 2' Driving Reverse Layup (2 PTS),10:56
http://stats.nba.com/cvp.html?GameID=0041200212&GameEventID=112,2,,New York Knicks,MISS Smith 22' Step Back Jump Shot,10:38
http://stats.nba.com/cvp.html?GameID=0041200212&GameEventID=113,2,,Indiana Pacers,George REBOUND (Off:0 Def:2),10:36
http://stats.nba.com/cvp.html?GameID=0041200212&GameEventID=114,2,,New York Knicks,Smith BLOCK (1 BLK),10:23
http://stats.nba.com/cvp.html?GameID=0041200212&GameEventID=114,2,,Indiana Pacers,MISS Hibbert 5' Jump Shot,10:23
http://stats.nba.com/cvp.html?GameID=0041200212&GameEventID=115,2,,New York Knicks,Smith REBOUND (Off:0 Def:1),10:21
http://stats.nba.com/cvp.html?GameID=0041200212&GameEventID=116,2,,New York Knicks,MISS Copeland 25' 3PT Jump Shot,10:11
http://stats.nba.com/cvp.html?GameID=0041200212&GameEventID=117,2,,Indiana Pacers,Hibbert REBOUND (Off:1 Def:2),10:09
http://stats.nba.com/cvp.html?GameID=0041200212&GameEventID=118,2,[ 24 - 31 ],Indiana Pacers,George 1' Driving Layup (9 PTS),10:04
http://stats.nba.com/cvp.html?GameID=0041200212&GameEventID=119,2,,New York Knicks,Copeland S.FOUL (P1.T1),10:04
http://stats.nba.com/cvp.html?GameID=0041200212&GameEventID=120,2,,Indiana Pacers,MISS George Free Throw 1 of 1,10:04
http://stats.nba.com/cvp.html?GameID=0041200212&GameEventID=122,2,,New York Knicks,Smith REBOUND (Off:0 Def:2),10:03
http://stats.nba.com/cvp.html?GameID=0041200212&GameEventID=123,2,[ 24 - 33 ],New York Knicks,Smith 1' Driving Dunk (7 PTS) (Martin 1 AST),9:52
http://stats.nba.com/cvp.html?GameID=0041200212&GameEventID=124,2,,Indiana Pacers,Augustin Bad Pass Turnover (P1.T9),9:23
http://stats.nba.com/cvp.html?GameID=0041200212&GameEventID=125,2,[ 24 - 35 ],New York Knicks,Shumpert 4' Driving Bank Hook Shot (5 PTS),9:09
http://stats.nba.com/cvp.html?GameID=0041200212&GameEventID=126,2,,Indiana Pacers,Pacers Timeout: Regular (Reg.2 Short 0),9:06
http://stats.nba.com/cvp.html?GameID=0041200212&GameEventID=129,2,,Indiana Pacers,SUB: West FOR George,9:06
http://stats.nba.com/cvp.html?GameID=0041200212&GameEventID=130,2,,Indiana Pacers,SUB: Stephenson FOR Hansbrough,9:06
http://stats.nba.com/cvp.html?GameID=0041200212&GameEventID=131,2,,Indiana Pacers,SUB: Mahinmi FOR Hibbert,9:06
http://stats.nba.com/cvp.html?GameID=0041200212&GameEventID=133,2,,New York Knicks,Copeland P.FOUL (P2.T2),8:51
http://stats.nba.com/cvp.html?GameID=0041200212&GameEventID=134,2,[ 26 - 35 ],Indiana Pacers,Stephenson 2' Dunk (4 PTS) (West 2 AST),8:43
http://stats.nba.com/cvp.html?GameID=0041200212&GameEventID=135,2,,New York Knicks,MISS Copeland 25' 3PT Jump Shot,8:26
http://stats.nba.com/cvp.html?GameID=0041200212&GameEventID=137,2,,New York Knicks,Shumpert REBOUND (Off:1 Def:1),8:23
http://stats.nba.com/cvp.html?GameID=0041200212&GameEventID=136,2,[ 26 - 37 ],New York Knicks,Shumpert 1' Putback Dunk (7 PTS),8:23
http://stats.nba.com/cvp.html?GameID=0041200212&GameEventID=138,2,[ 28 - 37 ],Indiana Pacers,Augustin 2' Driving Layup (2 PTS),8:09
http://stats.nba.com/cvp.html?GameID=0041200212&GameEventID=139,2,[ 28 - 39 ],New York Knicks,Shumpert 2' Driving Reverse Layup (9 PTS) (Kidd 1 AST),7:50
http://stats.nba.com/cvp.html?GameID=0041200212&GameEventID=140,2,,Indiana Pacers,MISS Stephenson 25' 3PT Jump Shot,7:34
http://stats.nba.com/cvp.html?GameID=0041200212&GameEventID=141,2,,New York Knicks,KNICKS Rebound,7:32
http://stats.nba.com/cvp.html?GameID=0041200212&GameEventID=142,2,,New York Knicks,MISS Smith 25' 3PT Jump Shot,7:15
http://stats.nba.com/cvp.html?GameID=0041200212&GameEventID=143,2,,Indiana Pacers,West REBOUND (Off:0 Def:3),7:13
http://stats.nba.com/cvp.html?GameID=0041200212&GameEventID=144,2,[ 30 - 39 ],Indiana Pacers,West 6' Driving Bank Shot (4 PTS) (Augustin 1 AST),6:56
http://stats.nba.com/cvp.html?GameID=0041200212&GameEventID=145,2,,Indiana Pacers,Young P.FOUL (P1.T1),6:42
http://stats.nba.com/cvp.html?GameID=0041200212&GameEventID=160,2,,Indiana Pacers,SUB: Hill FOR Young,6:42
http://stats.nba.com/cvp.html?GameID=0041200212&GameEventID=146,2,,New York Knicks,SUB: Felton FOR Kidd,6:42
http://stats.nba.com/cvp.html?GameID=0041200212&GameEventID=147,2,,New York Knicks,SUB: Anthony FOR Copeland,6:42
http://stats.nba.com/cvp.html?GameID=0041200212&GameEventID=148,2,,New York Knicks,Smith Bad Pass Turnover (P2.T3),6:35
http://stats.nba.com/cvp.html?GameID=0041200212&GameEventID=148,2,,Indiana Pacers,Augustin STEAL (1 STL),6:35
http://stats.nba.com/cvp.html?GameID=0041200212&GameEventID=149,2,[ 32 - 39 ],Indiana Pacers,Augustin 2' Driving Reverse Layup (4 PTS),6:31
http://stats.nba.com/cvp.html?GameID=0041200212&GameEventID=150,2,,New York Knicks,MISS Anthony 18' Jump Shot,6:20
http://stats.nba.com/cvp.html?GameID=0041200212&GameEventID=151,2,,Indiana Pacers,Stephenson REBOUND (Off:1 Def:1),6:19
http://stats.nba.com/cvp.html?GameID=0041200212&GameEventID=152,2,,New York Knicks,Smith P.FOUL (P1.T3),6:12
http://stats.nba.com/cvp.html?GameID=0041200212&GameEventID=153,2,,New York Knicks,Felton S.FOUL (P1.T4),6:02
http://stats.nba.com/cvp.html?GameID=0041200212&GameEventID=154,2,[ 33 - 39 ],Indiana Pacers,Hill Free Throw 1 of 3 (8 PTS),6:02
http://stats.nba.com/cvp.html?GameID=0041200212&GameEventID=156,2,,Indiana Pacers,MISS Hill Free Throw 2 of 3,6:02
http://stats.nba.com/cvp.html?GameID=0041200212&GameEventID=157,2,,Indiana Pacers,Pacers Rebound,6:02
http://stats.nba.com/cvp.html?GameID=0041200212&GameEventID=158,2,[ 34 - 39 ],Indiana Pacers,Hill Free Throw 3 of 3 (9 PTS),6:02
http://stats.nba.com/cvp.html?GameID=0041200212&GameEventID=161,2,[ 34 - 41 ],New York Knicks,Martin 2' Layup (4 PTS) (Shumpert 2 AST),5:49
http://stats.nba.com/cvp.html?GameID=0041200212&GameEventID=162,2,,Indiana Pacers,Mahinmi Bad Pass Turnover (P1.T10),5:27
http://stats.nba.com/cvp.html?GameID=0041200212&GameEventID=167,2,,New York Knicks,Smith Lost Ball Turnover (P3.T4),5:10
http://stats.nba.com/cvp.html?GameID=0041200212&GameEventID=167,2,,Indiana Pacers,Stephenson STEAL (1 STL),5:10
http://stats.nba.com/cvp.html?GameID=0041200212&GameEventID=168,2,,Indiana Pacers,MISS Stephenson 2' Driving Layup,5:03
http://stats.nba.com/cvp.html?GameID=0041200212&GameEventID=169,2,,New York Knicks,Smith REBOUND (Off:0 Def:3),5:02
http://stats.nba.com/cvp.html?GameID=0041200212&GameEventID=170,2,,Indiana Pacers,Augustin P.FOUL (P1.T2),5:01
http://stats.nba.com/cvp.html?GameID=0041200212&GameEventID=171,2,,Indiana Pacers,SUB: George FOR Augustin,5:01
http://stats.nba.com/cvp.html?GameID=0041200212&GameEventID=172,2,[ 34 - 43 ],New York Knicks,Martin 1' Driving Layup (6 PTS),4:51
http://stats.nba.com/cvp.html?GameID=0041200212&GameEventID=173,2,,New York Knicks,Felton STEAL (1 STL),4:37
http://stats.nba.com/cvp.html?GameID=0041200212&GameEventID=173,2,,Indiana Pacers,George Bad Pass Turnover (P3.T11),4:37
http://stats.nba.com/cvp.html?GameID=0041200212&GameEventID=174,2,,New York Knicks,MISS Anthony 1' Layup,4:30
http://stats.nba.com/cvp.html?GameID=0041200212&GameEventID=176,2,,New York Knicks,Anthony REBOUND (Off:2 Def:2),4:29
http://stats.nba.com/cvp.html?GameID=0041200212&GameEventID=175,2,[ 34 - 45 ],New York Knicks,Anthony 2' Putback Layup (10 PTS),4:29
http://stats.nba.com/cvp.html?GameID=0041200212&GameEventID=177,2,,Indiana Pacers,Pacers Timeout: Short (Reg.2 Short 1),4:24
http://stats.nba.com/cvp.html?GameID=0041200212&GameEventID=180,2,,Indiana Pacers,SUB: Hibbert FOR Mahinmi,4:24
http://stats.nba.com/cvp.html?GameID=0041200212&GameEventID=181,2,,New York Knicks,Martin BLOCK (2 BLK),4:07
http://stats.nba.com/cvp.html?GameID=0041200212&GameEventID=181,2,,Indiana Pacers,MISS West 13' Jump Shot,4:07
http://stats.nba.com/cvp.html?GameID=0041200212&GameEventID=182,2,,New York Knicks,Martin REBOUND (Off:0 Def:1),4:04
http://stats.nba.com/cvp.html?GameID=0041200212&GameEventID=183,2,[ 34 - 47 ],New York Knicks,Shumpert 20' Jump Shot (11 PTS),3:46
http://stats.nba.com/cvp.html?GameID=0041200212&GameEventID=184,2,[ 36 - 47 ],Indiana Pacers,West 5' Hook Shot (6 PTS) (Hill 3 AST),3:21
http://stats.nba.com/cvp.html?GameID=0041200212&GameEventID=185,2,,New York Knicks,MISS Martin 5' Jump Shot,3:00
http://stats.nba.com/cvp.html?GameID=0041200212&GameEventID=186,2,,Indiana Pacers,Hibbert REBOUND (Off:1 Def:3),2:58
http://stats.nba.com/cvp.html?GameID=0041200212&GameEventID=187,2,,New York Knicks,Shumpert P.FOUL (P1.PN),2:46
http://stats.nba.com/cvp.html?GameID=0041200212&GameEventID=188,2,,New York Knicks,KNICKS Timeout: Regular (Full 2 Short 1),2:46
http://stats.nba.com/cvp.html?GameID=0041200212&GameEventID=190,2,,New York Knicks,SUB: Chandler FOR Martin,2:46
http://stats.nba.com/cvp.html?GameID=0041200212&GameEventID=192,2,[ 37 - 47 ],Indiana Pacers,George Free Throw 1 of 2 (10 PTS),2:46
http://stats.nba.com/cvp.html?GameID=0041200212&GameEventID=194,2,,Indiana Pacers,MISS George Free Throw 2 of 2,2:46
http://stats.nba.com/cvp.html?GameID=0041200212&GameEventID=196,2,,New York Knicks,KNICKS Rebound,2:45
http://stats.nba.com/cvp.html?GameID=0041200212&GameEventID=197,2,,Indiana Pacers,George P.FOUL (P2.T3),2:33
http://stats.nba.com/cvp.html?GameID=0041200212&GameEventID=198,2,,New York Knicks,MISS Smith 25' 3PT Jump Shot,2:25
http://stats.nba.com/cvp.html?GameID=0041200212&GameEventID=199,2,,Indiana Pacers,George REBOUND (Off:0 Def:3),2:23
http://stats.nba.com/cvp.html?GameID=0041200212&GameEventID=200,2,,Indiana Pacers,Pacers Timeout: Regular (Reg.3 Short 1),2:05
http://stats.nba.com/cvp.html?GameID=0041200212&GameEventID=204,2,[ 39 - 47 ],Indiana Pacers,George 1' Alley Oop Dunk (12 PTS) (Stephenson 1 AST),2:05
http://stats.nba.com/cvp.html?GameID=0041200212&GameEventID=205,2,,New York Knicks,MISS Smith 6' Driving Jump Shot,1:38
http://stats.nba.com/cvp.html?GameID=0041200212&GameEventID=206,2,,Indiana Pacers,Stephenson REBOUND (Off:1 Def:2),1:36
http://stats.nba.com/cvp.html?GameID=0041200212&GameEventID=207,2,[ 42 - 47 ],Indiana Pacers,George 25' 3PT Jump Shot (15 PTS) (West 3 AST),1:16
http://stats.nba.com/cvp.html?GameID=0041200212&GameEventID=209,2,,New York Knicks,SUB: Kidd FOR Smith,1:03
http://stats.nba.com/cvp.html?GameID=0041200212&GameEventID=210,2,,New York Knicks,MISS Felton 17' Jump Shot,0:53
http://stats.nba.com/cvp.html?GameID=0041200212&GameEventID=211,2,,Indiana Pacers,Hibbert REBOUND (Off:1 Def:4),0:52
http://stats.nba.com/cvp.html?GameID=0041200212&GameEventID=212,2,,Indiana Pacers,MISS Stephenson  3PT Jump Shot,0:37
http://stats.nba.com/cvp.html?GameID=0041200212&GameEventID=213,2,,Indiana Pacers,Hibbert REBOUND (Off:2 Def:4),0:36
http://stats.nba.com/cvp.html?GameID=0041200212&GameEventID=214,2,,Indiana Pacers,MISS George 25' 3PT Jump Shot,0:33
http://stats.nba.com/cvp.html?GameID=0041200212&GameEventID=215,2,,New York Knicks,Anthony REBOUND (Off:2 Def:3),0:32
http://stats.nba.com/cvp.html?GameID=0041200212&GameEventID=216,2,,New York Knicks,MISS Anthony 25' 3PT Jump Shot,0:24
http://stats.nba.com/cvp.html?GameID=0041200212&GameEventID=217,2,,Indiana Pacers,West REBOUND (Off:0 Def:4),0:22
http://stats.nba.com/cvp.html?GameID=0041200212&GameEventID=218,2,,Indiana Pacers,Hibbert OFF.Foul (P1),0:04
http://stats.nba.com/cvp.html?GameID=0041200212&GameEventID=219,2,,Indiana Pacers,Hibbert Foul Turnover (P2.T12),0:04
http://stats.nba.com/cvp.html?GameID=0041200212&GameEventID=220,2,,New York Knicks,SUB: Smith FOR Chandler,0:04
http://stats.nba.com/cvp.html?GameID=0041200212&GameEventID=221,2,,Indiana Pacers,SUB: Young FOR George,0:04
http://stats.nba.com/cvp.html?GameID=0041200212&GameEventID=222,2,,Indiana Pacers,SUB: Augustin FOR Hibbert,0:04
http://stats.nba.com/cvp.html?GameID=0041200212&GameEventID=223,2,,New York Knicks,MISS Smith 28' 3PT Jump Shot,0:00
http://stats.nba.com/cvp.html?GameID=0041200212&GameEventID=224,2,,New York Knicks,KNICKS Rebound,0:00
http://stats.nba.com/cvp.html?GameID=0041200212&GameEventID=228,3,,New York Knicks,Prigioni P.FOUL (P3.T1),11:48
http://stats.nba.com/cvp.html?GameID=0041200212&GameEventID=229,3,,Indiana Pacers,MISS Hill 12' Jump Shot,11:43
http://stats.nba.com/cvp.html?GameID=0041200212&GameEventID=230,3,,New York Knicks,Shumpert REBOUND (Off:1 Def:2),11:41
http://stats.nba.com/cvp.html?GameID=0041200212&GameEventID=231,3,,New York Knicks,Felton Bad Pass Turnover (P1.T5),11:27
http://stats.nba.com/cvp.html?GameID=0041200212&GameEventID=231,3,,Indiana Pacers,George STEAL (1 STL),11:27
http://stats.nba.com/cvp.html?GameID=0041200212&GameEventID=232,3,,Indiana Pacers,MISS Hill 15' Jump Shot,11:22
http://stats.nba.com/cvp.html?GameID=0041200212&GameEventID=235,3,,Indiana Pacers,Hibbert REBOUND (Off:3 Def:4),11:21
http://stats.nba.com/cvp.html?GameID=0041200212&GameEventID=236,3,,New York Knicks,Chandler P.FOUL (P1.T2),11:21
http://stats.nba.com/cvp.html?GameID=0041200212&GameEventID=237,3,,Indiana Pacers,MISS Hill 2' Driving Layup,11:10
http://stats.nba.com/cvp.html?GameID=0041200212&GameEventID=238,3,,New York Knicks,Shumpert REBOUND (Off:1 Def:3),11:08
http://stats.nba.com/cvp.html?GameID=0041200212&GameEventID=239,3,,New York Knicks,MISS Shumpert 25' 3PT Jump Shot,11:03
http://stats.nba.com/cvp.html?GameID=0041200212&GameEventID=240,3,,Indiana Pacers,Hibbert REBOUND (Off:3 Def:5),11:01
http://stats.nba.com/cvp.html?GameID=0041200212&GameEventID=241,3,,Indiana Pacers,MISS Stephenson 25' 3PT Jump Shot,10:47
http://stats.nba.com/cvp.html?GameID=0041200212&GameEventID=242,3,,New York Knicks,Shumpert REBOUND (Off:1 Def:4),10:45
http://stats.nba.com/cvp.html?GameID=0041200212&GameEventID=243,3,[ 42 - 49 ],New York Knicks,Anthony 1' Dunk (12 PTS) (Felton 2 AST),10:25
http://stats.nba.com/cvp.html?GameID=0041200212&GameEventID=244,3,,Indiana Pacers,MISS Stephenson 2' Layup,9:58
http://stats.nba.com/cvp.html?GameID=0041200212&GameEventID=246,3,,Indiana Pacers,Hibbert REBOUND (Off:4 Def:5),9:56
http://stats.nba.com/cvp.html?GameID=0041200212&GameEventID=245,3,[ 44 - 49 ],Indiana Pacers,Hibbert 2' Tip Shot (4 PTS),9:56
http://stats.nba.com/cvp.html?GameID=0041200212&GameEventID=247,3,,New York Knicks,MISS Felton 17' Jump Shot,9:35
http://stats.nba.com/cvp.html?GameID=0041200212&GameEventID=248,3,,Indiana Pacers,Pacers Rebound,9:33
http://stats.nba.com/cvp.html?GameID=0041200212&GameEventID=249,3,[ 47 - 49 ],Indiana Pacers,George 25' 3PT Jump Shot (18 PTS) (Hill 4 AST),9:22
http://stats.nba.com/cvp.html?GameID=0041200212&GameEventID=250,3,,New York Knicks,MISS Anthony 1' Layup,9:04
http://stats.nba.com/cvp.html?GameID=0041200212&GameEventID=250,3,,Indiana Pacers,Hibbert BLOCK (2 BLK),9:04
http://stats.nba.com/cvp.html?GameID=0041200212&GameEventID=251,3,,New York Knicks,Shumpert REBOUND (Off:2 Def:4),9:03
http://stats.nba.com/cvp.html?GameID=0041200212&GameEventID=252,3,[ 47 - 51 ],New York Knicks,Shumpert  Layup (13 PTS),9:02
http://stats.nba.com/cvp.html?GameID=0041200212&GameEventID=253,3,,New York Knicks,Shumpert P.FOUL (P2.T3),8:48
http://stats.nba.com/cvp.html?GameID=0041200212&GameEventID=254,3,[ 49 - 51 ],Indiana Pacers,Stephenson 1' Layup (6 PTS) (West 4 AST),8:37
http://stats.nba.com/cvp.html?GameID=0041200212&GameEventID=255,3,,Indiana Pacers,West S.FOUL (P2.T1),8:27
http://stats.nba.com/cvp.html?GameID=0041200212&GameEventID=256,3,[ 49 - 52 ],New York Knicks,Felton Free Throw 1 of 2 (10 PTS),8:27
http://stats.nba.com/cvp.html?GameID=0041200212&GameEventID=258,3,,New York Knicks,SUB: Kidd FOR Prigioni,8:27
http://stats.nba.com/cvp.html?GameID=0041200212&GameEventID=259,3,[ 49 - 53 ],New York Knicks,Felton Free Throw 2 of 2 (11 PTS),8:27
http://stats.nba.com/cvp.html?GameID=0041200212&GameEventID=261,3,[ 51 - 53 ],Indiana Pacers,George 2' Driving Layup (20 PTS) (Hill 5 AST),8:14
http://stats.nba.com/cvp.html?GameID=0041200212&GameEventID=262,3,,New York Knicks,MISS Anthony 2' Driving Layup,7:57
http://stats.nba.com/cvp.html?GameID=0041200212&GameEventID=262,3,,Indiana Pacers,Hibbert BLOCK (3 BLK),7:57
http://stats.nba.com/cvp.html?GameID=0041200212&GameEventID=263,3,,New York Knicks,KNICKS Rebound,7:56
http://stats.nba.com/cvp.html?GameID=0041200212&GameEventID=264,3,[ 51 - 55 ],New York Knicks,Anthony 11' Jump Shot (14 PTS) (Shumpert 3 AST),7:53
http://stats.nba.com/cvp.html?GameID=0041200212&GameEventID=265,3,,New York Knicks,Kidd STEAL (1 STL),7:37
http://stats.nba.com/cvp.html?GameID=0041200212&GameEventID=265,3,,Indiana Pacers,West Bad Pass Turnover (P2.T13),7:37
http://stats.nba.com/cvp.html?GameID=0041200212&GameEventID=266,3,,New York Knicks,MISS Felton 2' Layup,7:34
http://stats.nba.com/cvp.html?GameID=0041200212&GameEventID=266,3,,Indiana Pacers,Hill BLOCK (1 BLK),7:34
http://stats.nba.com/cvp.html?GameID=0041200212&GameEventID=267,3,,New York Knicks,Chandler REBOUND (Off:1 Def:1),7:32
http://stats.nba.com/cvp.html?GameID=0041200212&GameEventID=268,3,,New York Knicks,MISS Kidd 25' 3PT Jump Shot,7:26
http://stats.nba.com/cvp.html?GameID=0041200212&GameEventID=269,3,,Indiana Pacers,Stephenson REBOUND (Off:1 Def:3),7:24
http://stats.nba.com/cvp.html?GameID=0041200212&GameEventID=270,3,,Indiana Pacers,MISS Stephenson 17' Jump Shot,7:14
http://stats.nba.com/cvp.html?GameID=0041200212&GameEventID=271,3,,New York Knicks,Kidd REBOUND (Off:0 Def:1),7:13
http://stats.nba.com/cvp.html?GameID=0041200212&GameEventID=272,3,,New York Knicks,Kidd Bad Pass Turnover (P1.T6),7:10
http://stats.nba.com/cvp.html?GameID=0041200212&GameEventID=272,3,,Indiana Pacers,Stephenson STEAL (2 STL),7:10
http://stats.nba.com/cvp.html?GameID=0041200212&GameEventID=273,3,,New York Knicks,Shumpert STEAL (1 STL),7:03
http://stats.nba.com/cvp.html?GameID=0041200212&GameEventID=273,3,,Indiana Pacers,George Bad Pass Turnover (P4.T14),7:03
http://stats.nba.com/cvp.html?GameID=0041200212&GameEventID=274,3,,New York Knicks,MISS Anthony 25' 3PT Jump Shot,6:54
http://stats.nba.com/cvp.html?GameID=0041200212&GameEventID=275,3,,Indiana Pacers,Hill REBOUND (Off:0 Def:3),6:53
http://stats.nba.com/cvp.html?GameID=0041200212&GameEventID=276,3,[ 53 - 55 ],Indiana Pacers,West 2' Layup (8 PTS) (Hill 6 AST),6:46
http://stats.nba.com/cvp.html?GameID=0041200212&GameEventID=277,3,,New York Knicks,Anthony S.FOUL (P2.T4),6:46
http://stats.nba.com/cvp.html?GameID=0041200212&GameEventID=278,3,[ 54 - 55 ],Indiana Pacers,West Free Throw 1 of 1 (9 PTS),6:46
http://stats.nba.com/cvp.html?GameID=0041200212&GameEventID=280,3,[ 54 - 58 ],New York Knicks,Felton  3PT Jump Shot (14 PTS) (Anthony 3 AST),6:26
http://stats.nba.com/cvp.html?GameID=0041200212&GameEventID=281,3,,New York Knicks,Shumpert P.FOUL (P3.PN),6:07
http://stats.nba.com/cvp.html?GameID=0041200212&GameEventID=282,3,[ 55 - 58 ],Indiana Pacers,West Free Throw 1 of 2 (10 PTS),6:07
http://stats.nba.com/cvp.html?GameID=0041200212&GameEventID=284,3,,New York Knicks,SUB: Smith FOR Shumpert,6:07
http://stats.nba.com/cvp.html?GameID=0041200212&GameEventID=285,3,[ 56 - 58 ],Indiana Pacers,West Free Throw 2 of 2 (11 PTS),6:07
http://stats.nba.com/cvp.html?GameID=0041200212&GameEventID=287,3,,Indiana Pacers,West P.FOUL (P3.T2),5:56
http://stats.nba.com/cvp.html?GameID=0041200212&GameEventID=288,3,,New York Knicks,KNICKS Timeout: Regular (Full 3 Short 1),5:56
http://stats.nba.com/cvp.html?GameID=0041200212&GameEventID=292,3,,New York Knicks,MISS Smith 19' Jump Shot,5:46
http://stats.nba.com/cvp.html?GameID=0041200212&GameEventID=293,3,,Indiana Pacers,Hibbert REBOUND (Off:4 Def:6),5:44
http://stats.nba.com/cvp.html?GameID=0041200212&GameEventID=294,3,[ 58 - 58 ],Indiana Pacers,Hibbert 7' Hook Shot (6 PTS) (George 1 AST),5:24
http://stats.nba.com/cvp.html?GameID=0041200212&GameEventID=295,3,,New York Knicks,MISS Smith 1' Driving Layup,5:08
http://stats.nba.com/cvp.html?GameID=0041200212&GameEventID=295,3,,Indiana Pacers,Hibbert BLOCK (4 BLK),5:08
http://stats.nba.com/cvp.html?GameID=0041200212&GameEventID=296,3,,Indiana Pacers,West REBOUND (Off:0 Def:5),5:06
http://stats.nba.com/cvp.html?GameID=0041200212&GameEventID=297,3,,New York Knicks,Smith STEAL (2 STL),4:51
http://stats.nba.com/cvp.html?GameID=0041200212&GameEventID=297,3,,Indiana Pacers,George Bad Pass Turnover (P5.T15),4:51
http://stats.nba.com/cvp.html?GameID=0041200212&GameEventID=298,3,,New York Knicks,MISS Felton 5' Jump Shot,4:44
http://stats.nba.com/cvp.html?GameID=0041200212&GameEventID=300,3,,New York Knicks,Anthony REBOUND (Off:3 Def:3),4:43
http://stats.nba.com/cvp.html?GameID=0041200212&GameEventID=299,3,[ 58 - 60 ],New York Knicks,Anthony 2' Tip Shot (16 PTS),4:43
http://stats.nba.com/cvp.html?GameID=0041200212&GameEventID=301,3,[ 61 - 60 ],Indiana Pacers,Stephenson 25' 3PT Jump Shot (9 PTS) (Hill 7 AST),4:20
http://stats.nba.com/cvp.html?GameID=0041200212&GameEventID=302,3,,Indiana Pacers,Hill P.FOUL (P2.T3),4:10
http://stats.nba.com/cvp.html?GameID=0041200212&GameEventID=303,3,,New York Knicks,SUB: Martin FOR Chandler,4:10
http://stats.nba.com/cvp.html?GameID=0041200212&GameEventID=304,3,[ 61 - 62 ],New York Knicks,Martin 3' Layup (8 PTS) (Kidd 2 AST),3:54
http://stats.nba.com/cvp.html?GameID=0041200212&GameEventID=305,3,[ 64 - 62 ],Indiana Pacers,Hill 24' 3PT Jump Shot (12 PTS) (Stephenson 2 AST),3:28
http://stats.nba.com/cvp.html?GameID=0041200212&GameEventID=306,3,,New York Knicks,MISS Anthony 25' 3PT Jump Shot,3:11
http://stats.nba.com/cvp.html?GameID=0041200212&GameEventID=307,3,,Indiana Pacers,West REBOUND (Off:0 Def:6),3:09
http://stats.nba.com/cvp.html?GameID=0041200212&GameEventID=308,3,,Indiana Pacers,Pacers Timeout: Regular (Reg.4 Short 1),3:05
http://stats.nba.com/cvp.html?GameID=0041200212&GameEventID=310,3,,Indiana Pacers,SUB: Pendergraph FOR Hibbert,3:05
http://stats.nba.com/cvp.html?GameID=0041200212&GameEventID=312,3,,New York Knicks,Anthony STEAL (2 STL),3:01
http://stats.nba.com/cvp.html?GameID=0041200212&GameEventID=312,3,,Indiana Pacers,George Lost Ball Turnover (P6.T16),3:01
http://stats.nba.com/cvp.html?GameID=0041200212&GameEventID=313,3,[ 64 - 64 ],New York Knicks,Anthony 2' Driving Layup (18 PTS),2:42
http://stats.nba.com/cvp.html?GameID=0041200212&GameEventID=314,3,,Indiana Pacers,MISS West 3' Driving Hook Shot,2:25
http://stats.nba.com/cvp.html?GameID=0041200212&GameEventID=315,3,,New York Knicks,Anthony REBOUND (Off:3 Def:4),2:24
http://stats.nba.com/cvp.html?GameID=0041200212&GameEventID=316,3,[ 64 - 66 ],New York Knicks,Anthony 2' Driving Slam Dunk (20 PTS),2:09
http://stats.nba.com/cvp.html?GameID=0041200212&GameEventID=317,3,,Indiana Pacers,Pendergraph S.FOUL (P1.T4),2:09
http://stats.nba.com/cvp.html?GameID=0041200212&GameEventID=318,3,[ 64 - 67 ],New York Knicks,Anthony Free Throw 1 of 1 (21 PTS),2:09
http://stats.nba.com/cvp.html?GameID=0041200212&GameEventID=320,3,,Indiana Pacers,Pendergraph OFF.Foul (P2),1:50
http://stats.nba.com/cvp.html?GameID=0041200212&GameEventID=321,3,,Indiana Pacers,Pendergraph Foul Turnover (P1.T17),1:50
http://stats.nba.com/cvp.html?GameID=0041200212&GameEventID=322,3,,Indiana Pacers,SUB: Hibbert FOR Pendergraph,1:50
http://stats.nba.com/cvp.html?GameID=0041200212&GameEventID=323,3,,Indiana Pacers,Hibbert S.FOUL (P2.PN),1:32
http://stats.nba.com/cvp.html?GameID=0041200212&GameEventID=324,3,,New York Knicks,MISS Martin Free Throw 1 of 2,1:32
http://stats.nba.com/cvp.html?GameID=0041200212&GameEventID=325,3,,New York Knicks,KNICKS Rebound,1:32
http://stats.nba.com/cvp.html?GameID=0041200212&GameEventID=326,3,,New York Knicks,MISS Martin Free Throw 2 of 2,1:32
http://stats.nba.com/cvp.html?GameID=0041200212&GameEventID=328,3,,Indiana Pacers,George REBOUND (Off:0 Def:4),1:31
http://stats.nba.com/cvp.html?GameID=0041200212&GameEventID=329,3,,New York Knicks,Martin STEAL (2 STL),1:19
http://stats.nba.com/cvp.html?GameID=0041200212&GameEventID=329,3,,Indiana Pacers,Hill Lost Ball Turnover (P3.T18),1:19
http://stats.nba.com/cvp.html?GameID=0041200212&GameEventID=330,3,[ 64 - 69 ],New York Knicks,Martin 2' Alley Oop Dunk (10 PTS) (Felton 3 AST),1:15
http://stats.nba.com/cvp.html?GameID=0041200212&GameEventID=331,3,,New York Knicks,Anthony S.FOUL (P3.PN),0:55
http://stats.nba.com/cvp.html?GameID=0041200212&GameEventID=332,3,[ 65 - 69 ],Indiana Pacers,West Free Throw 1 of 2 (12 PTS),0:55
http://stats.nba.com/cvp.html?GameID=0041200212&GameEventID=334,3,,New York Knicks,SUB: Shumpert FOR Felton,0:55
http://stats.nba.com/cvp.html?GameID=0041200212&GameEventID=335,3,,New York Knicks,SUB: Chandler FOR Anthony,0:55
http://stats.nba.com/cvp.html?GameID=0041200212&GameEventID=336,3,[ 66 - 69 ],Indiana Pacers,West Free Throw 2 of 2 (13 PTS),0:55
http://stats.nba.com/cvp.html?GameID=0041200212&GameEventID=338,3,,Indiana Pacers,George S.FOUL (P3.PN),0:42
http://stats.nba.com/cvp.html?GameID=0041200212&GameEventID=339,3,,New York Knicks,MISS Smith Free Throw 1 of 2,0:42
http://stats.nba.com/cvp.html?GameID=0041200212&GameEventID=340,3,,New York Knicks,KNICKS Rebound,0:42
http://stats.nba.com/cvp.html?GameID=0041200212&GameEventID=341,3,,Indiana Pacers,SUB: Augustin FOR Hill,0:42
http://stats.nba.com/cvp.html?GameID=0041200212&GameEventID=342,3,,New York Knicks,SUB: Prigioni FOR Shumpert,0:42
http://stats.nba.com/cvp.html?GameID=0041200212&GameEventID=343,3,[ 66 - 70 ],New York Knicks,Smith Free Throw 2 of 2 (8 PTS),0:42
http://stats.nba.com/cvp.html?GameID=0041200212&GameEventID=345,3,,Indiana Pacers,MISS West 19' Jump Shot,0:29
http://stats.nba.com/cvp.html?GameID=0041200212&GameEventID=346,3,,New York Knicks,Prigioni REBOUND (Off:0 Def:1),0:27
http://stats.nba.com/cvp.html?GameID=0041200212&GameEventID=347,3,,New York Knicks,MISS Smith 26' 3PT Jump Shot,0:04
http://stats.nba.com/cvp.html?GameID=0041200212&GameEventID=348,3,,New York Knicks,Kidd REBOUND (Off:1 Def:1),0:03
http://stats.nba.com/cvp.html?GameID=0041200212&GameEventID=349,3,[ 66 - 72 ],New York Knicks,Chandler 2' Slam Dunk (4 PTS) (Kidd 3 AST),0:02
http://stats.nba.com/cvp.html?GameID=0041200212&GameEventID=350,3,,Indiana Pacers,MISS Stephenson 58' 3PT Jump Shot,0:00
http://stats.nba.com/cvp.html?GameID=0041200212&GameEventID=351,3,,Indiana Pacers,Pacers Rebound,0:00
http://stats.nba.com/cvp.html?GameID=0041200212&GameEventID=356,4,,New York Knicks,Kidd Bad Pass Turnover (P2.T7),12:00
http://stats.nba.com/cvp.html?GameID=0041200212&GameEventID=357,4,,Indiana Pacers,MISS George 25' 3PT Jump Shot,11:32
http://stats.nba.com/cvp.html?GameID=0041200212&GameEventID=358,4,,New York Knicks,Prigioni REBOUND (Off:0 Def:2),11:30
http://stats.nba.com/cvp.html?GameID=0041200212&GameEventID=359,4,,New York Knicks,MISS Smith 25' 3PT Jump Shot,11:14
http://stats.nba.com/cvp.html?GameID=0041200212&GameEventID=360,4,,Indiana Pacers,Augustin REBOUND (Off:0 Def:1),11:12
http://stats.nba.com/cvp.html?GameID=0041200212&GameEventID=361,4,,Indiana Pacers,MISS Hibbert 17' Jump Shot,10:59
http://stats.nba.com/cvp.html?GameID=0041200212&GameEventID=362,4,,New York Knicks,Chandler REBOUND (Off:1 Def:2),10:58
http://stats.nba.com/cvp.html?GameID=0041200212&GameEventID=363,4,[ 66 - 75 ],New York Knicks,Prigioni 24' 3PT Jump Shot (5 PTS),10:43
http://stats.nba.com/cvp.html?GameID=0041200212&GameEventID=364,4,,Indiana Pacers,MISS Hibbert 4' Hook Shot,10:23
http://stats.nba.com/cvp.html?GameID=0041200212&GameEventID=365,4,,Indiana Pacers,Hansbrough REBOUND (Off:1 Def:1),10:23
http://stats.nba.com/cvp.html?GameID=0041200212&GameEventID=366,4,,New York Knicks,Martin S.FOUL (P1.T1),10:23
http://stats.nba.com/cvp.html?GameID=0041200212&GameEventID=367,4,,Indiana Pacers,MISS Hansbrough Free Throw 1 of 2,10:23
http://stats.nba.com/cvp.html?GameID=0041200212&GameEventID=368,4,,Indiana Pacers,Pacers Rebound,10:23
http://stats.nba.com/cvp.html?GameID=0041200212&GameEventID=369,4,,New York Knicks,SUB: Anthony FOR Martin,10:23
http://stats.nba.com/cvp.html?GameID=0041200212&GameEventID=370,4,,Indiana Pacers,SUB: Hill FOR Stephenson,10:23
http://stats.nba.com/cvp.html?GameID=0041200212&GameEventID=371,4,,Indiana Pacers,MISS Hansbrough Free Throw 2 of 2,10:23
http://stats.nba.com/cvp.html?GameID=0041200212&GameEventID=372,4,,New York Knicks,Anthony REBOUND (Off:3 Def:5),10:22
http://stats.nba.com/cvp.html?GameID=0041200212&GameEventID=373,4,[ 66 - 77 ],New York Knicks,Prigioni 8' Floating Jump Shot (7 PTS),10:11
http://stats.nba.com/cvp.html?GameID=0041200212&GameEventID=374,4,,Indiana Pacers,Pacers Timeout: Regular (Reg.5 Short 1),10:09
http://stats.nba.com/cvp.html?GameID=0041200212&GameEventID=377,4,,Indiana Pacers,MISS Hill 24' 3PT Jump Shot,9:46
http://stats.nba.com/cvp.html?GameID=0041200212&GameEventID=378,4,,New York Knicks,Prigioni REBOUND (Off:0 Def:3),9:44
http://stats.nba.com/cvp.html?GameID=0041200212&GameEventID=379,4,,Indiana Pacers,Hibbert P.FOUL (P3.T1),9:27
http://stats.nba.com/cvp.html?GameID=0041200212&GameEventID=380,4,,New York Knicks,MISS Smith 25' 3PT Jump Shot,9:17
http://stats.nba.com/cvp.html?GameID=0041200212&GameEventID=381,4,,New York Knicks,KNICKS Rebound,9:17
http://stats.nba.com/cvp.html?GameID=0041200212&GameEventID=382,4,,Indiana Pacers,George L.B.FOUL (P4.T2),9:17
http://stats.nba.com/cvp.html?GameID=0041200212&GameEventID=383,4,,Indiana Pacers,SUB: West FOR Hansbrough,9:17
http://stats.nba.com/cvp.html?GameID=0041200212&GameEventID=384,4,[ 66 - 79 ],New York Knicks,Anthony 16' Jump Shot (23 PTS) (Kidd 4 AST),9:07
http://stats.nba.com/cvp.html?GameID=0041200212&GameEventID=385,4,,Indiana Pacers,MISS Hill 25' 3PT Jump Shot,8:41
http://stats.nba.com/cvp.html?GameID=0041200212&GameEventID=386,4,,New York Knicks,Smith REBOUND (Off:0 Def:4),8:31
http://stats.nba.com/cvp.html?GameID=0041200212&GameEventID=387,4,[ 66 - 82 ],New York Knicks,Anthony 25' 3PT Jump Shot (26 PTS) (Prigioni 2 AST),8:29
http://stats.nba.com/cvp.html?GameID=0041200212&GameEventID=388,4,,Indiana Pacers,Pacers Timeout: Short (Reg.5 Short 2),8:28
http://stats.nba.com/cvp.html?GameID=0041200212&GameEventID=390,4,,New York Knicks,Chandler P.FOUL (P2.T2),8:15
http://stats.nba.com/cvp.html?GameID=0041200212&GameEventID=391,4,,New York Knicks,Prigioni BLOCK (1 BLK),8:00
http://stats.nba.com/cvp.html?GameID=0041200212&GameEventID=391,4,,Indiana Pacers,MISS George  3PT Jump Shot,8:00
http://stats.nba.com/cvp.html?GameID=0041200212&GameEventID=392,4,,New York Knicks,Prigioni REBOUND (Off:0 Def:4),7:58
http://stats.nba.com/cvp.html?GameID=0041200212&GameEventID=393,4,,New York Knicks,MISS Anthony 1' Driving Reverse Layup,7:39
http://stats.nba.com/cvp.html?GameID=0041200212&GameEventID=395,4,,New York Knicks,Chandler REBOUND (Off:2 Def:2),7:37
http://stats.nba.com/cvp.html?GameID=0041200212&GameEventID=394,4,[ 66 - 84 ],New York Knicks,Chandler 1' Putback Slam Dunk (6 PTS),7:37
http://stats.nba.com/cvp.html?GameID=0041200212&GameEventID=396,4,,Indiana Pacers,MISS George 25' 3PT Jump Shot,7:28
http://stats.nba.com/cvp.html?GameID=0041200212&GameEventID=397,4,,New York Knicks,Smith REBOUND (Off:0 Def:5),7:26
http://stats.nba.com/cvp.html?GameID=0041200212&GameEventID=398,4,,New York Knicks,MISS Anthony 10' Fadeaway Jumper,7:11
http://stats.nba.com/cvp.html?GameID=0041200212&GameEventID=399,4,,Indiana Pacers,Hibbert REBOUND (Off:4 Def:7),7:10
http://stats.nba.com/cvp.html?GameID=0041200212&GameEventID=400,4,,New York Knicks,Kidd STEAL (2 STL),7:00
http://stats.nba.com/cvp.html?GameID=0041200212&GameEventID=400,4,,Indiana Pacers,Hill Lost Ball Turnover (P4.T19),7:00
http://stats.nba.com/cvp.html?GameID=0041200212&GameEventID=401,4,,New York Knicks,MISS Kidd  3PT Jump Shot,6:51
http://stats.nba.com/cvp.html?GameID=0041200212&GameEventID=402,4,,New York Knicks,Smith REBOUND (Off:1 Def:5),6:49
http://stats.nba.com/cvp.html?GameID=0041200212&GameEventID=403,4,[ 66 - 86 ],New York Knicks,Anthony 5' Turnaround Jump Shot (28 PTS),6:33
http://stats.nba.com/cvp.html?GameID=0041200212&GameEventID=404,4,,Indiana Pacers,Hill S.FOUL (P3.T3),6:33
http://stats.nba.com/cvp.html?GameID=0041200212&GameEventID=405,4,,Indiana Pacers,SUB: Stephenson FOR Augustin,6:33
http://stats.nba.com/cvp.html?GameID=0041200212&GameEventID=407,4,,New York Knicks,SUB: Shumpert FOR Kidd,6:33
http://stats.nba.com/cvp.html?GameID=0041200212&GameEventID=408,4,[ 66 - 87 ],New York Knicks,Anthony Free Throw 1 of 1 (29 PTS),6:33
http://stats.nba.com/cvp.html?GameID=0041200212&GameEventID=409,4,,Indiana Pacers,MISS Stephenson 25' 3PT Jump Shot,6:23
http://stats.nba.com/cvp.html?GameID=0041200212&GameEventID=411,4,,Indiana Pacers,Hibbert REBOUND (Off:5 Def:7),6:22
http://stats.nba.com/cvp.html?GameID=0041200212&GameEventID=413,4,,New York Knicks,Chandler L.B.FOUL (P3.T3),6:21
http://stats.nba.com/cvp.html?GameID=0041200212&GameEventID=414,4,,New York Knicks,Chandler T.FOUL (P3.T3),6:21
http://stats.nba.com/cvp.html?GameID=0041200212&GameEventID=415,4,,Indiana Pacers,MISS Hill Free Throw Technical,6:21
http://stats.nba.com/cvp.html?GameID=0041200212&GameEventID=416,4,,Indiana Pacers,Pacers Rebound,6:21
http://stats.nba.com/cvp.html?GameID=0041200212&GameEventID=417,4,,Indiana Pacers,George Out of Bounds Lost Ball Turnover (P7.T20),6:16
http://stats.nba.com/cvp.html?GameID=0041200212&GameEventID=418,4,[ 66 - 90 ],New York Knicks,Anthony 25' 3PT Jump Shot (32 PTS),6:03
http://stats.nba.com/cvp.html?GameID=0041200212&GameEventID=419,4,,Indiana Pacers,Pacers Timeout: Regular (Reg.6 Short 2),6:02
http://stats.nba.com/cvp.html?GameID=0041200212&GameEventID=421,4,,Indiana Pacers,SUB: Hansbrough FOR George,6:02
http://stats.nba.com/cvp.html?GameID=0041200212&GameEventID=422,4,,Indiana Pacers,SUB: Green FOR West,6:02
http://stats.nba.com/cvp.html?GameID=0041200212&GameEventID=423,4,,Indiana Pacers,SUB: Hansbrough FOR Hibbert,6:02
http://stats.nba.com/cvp.html?GameID=0041200212&GameEventID=424,4,,Indiana Pacers,SUB: Johnson FOR Hill,6:02
http://stats.nba.com/cvp.html?GameID=0041200212&GameEventID=425,4,,Indiana Pacers,SUB: Pendergraph FOR Stephenson,6:02
http://stats.nba.com/cvp.html?GameID=0041200212&GameEventID=426,4,,Indiana Pacers,MISS Green 5' Floating Jump Shot,5:38
http://stats.nba.com/cvp.html?GameID=0041200212&GameEventID=427,4,,New York Knicks,Anthony REBOUND (Off:3 Def:6),5:36
http://stats.nba.com/cvp.html?GameID=0041200212&GameEventID=428,4,[ 66 - 92 ],New York Knicks,Chandler 1' Alley Oop Dunk (8 PTS) (Prigioni 3 AST),5:17
http://stats.nba.com/cvp.html?GameID=0041200212&GameEventID=429,4,,New York Knicks,Anthony P.FOUL (P4.T4),4:55
http://stats.nba.com/cvp.html?GameID=0041200212&GameEventID=430,4,,New York Knicks,SUB: Novak FOR Anthony,4:55
http://stats.nba.com/cvp.html?GameID=0041200212&GameEventID=431,4,,New York Knicks,SUB: Copeland FOR Shumpert,4:55
http://stats.nba.com/cvp.html?GameID=0041200212&GameEventID=432,4,,New York Knicks,SUB: Richardson FOR Chandler,4:55
http://stats.nba.com/cvp.html?GameID=0041200212&GameEventID=433,4,,New York Knicks,SUB: White FOR Smith,4:55
http://stats.nba.com/cvp.html?GameID=0041200212&GameEventID=434,4,,Indiana Pacers,MISS Hansbrough 25' 3PT Jump Shot,4:48
http://stats.nba.com/cvp.html?GameID=0041200212&GameEventID=435,4,,Indiana Pacers,Pacers Rebound,4:48
http://stats.nba.com/cvp.html?GameID=0041200212&GameEventID=436,4,,New York Knicks,White L.B.FOUL (P1.PN),4:48
http://stats.nba.com/cvp.html?GameID=0041200212&GameEventID=437,4,[ 67 - 92 ],Indiana Pacers,Hansbrough Free Throw 1 of 2 (1 PTS),4:48
http://stats.nba.com/cvp.html?GameID=0041200212&GameEventID=439,4,[ 68 - 92 ],Indiana Pacers,Hansbrough Free Throw 2 of 2 (2 PTS),4:48
http://stats.nba.com/cvp.html?GameID=0041200212&GameEventID=441,4,,New York Knicks,MISS Copeland 24' 3PT Jump Shot,4:32
http://stats.nba.com/cvp.html?GameID=0041200212&GameEventID=442,4,,New York Knicks,Richardson REBOUND (Off:1 Def:0),4:30
http://stats.nba.com/cvp.html?GameID=0041200212&GameEventID=443,4,[ 68 - 95 ],New York Knicks,Richardson  3PT Jump Shot (3 PTS) (Prigioni 4 AST),4:14
http://stats.nba.com/cvp.html?GameID=0041200212&GameEventID=444,4,,Indiana Pacers,MISS Johnson 18' Jump Shot,3:48
http://stats.nba.com/cvp.html?GameID=0041200212&GameEventID=445,4,,New York Knicks,White REBOUND (Off:0 Def:1),3:47
http://stats.nba.com/cvp.html?GameID=0041200212&GameEventID=446,4,[ 68 - 98 ],New York Knicks,Richardson 24' 3PT Jump Shot (6 PTS),3:30
http://stats.nba.com/cvp.html?GameID=0041200212&GameEventID=447,4,[ 71 - 98 ],Indiana Pacers,Johnson  3PT Jump Shot (3 PTS) (Hansbrough 1 AST),3:09
http://stats.nba.com/cvp.html?GameID=0041200212&GameEventID=452,4,,New York Knicks,MISS White 25' 3PT Jump Shot,2:43
http://stats.nba.com/cvp.html?GameID=0041200212&GameEventID=453,4,,Indiana Pacers,Pendergraph REBOUND (Off:0 Def:1),2:41
http://stats.nba.com/cvp.html?GameID=0041200212&GameEventID=454,4,,New York Knicks,Copeland STEAL (1 STL),2:33
http://stats.nba.com/cvp.html?GameID=0041200212&GameEventID=454,4,,Indiana Pacers,Hansbrough Bad Pass Turnover (P1.T21),2:33
http://stats.nba.com/cvp.html?GameID=0041200212&GameEventID=455,4,,New York Knicks,MISS Novak 25' 3PT Jump Shot,2:22
http://stats.nba.com/cvp.html?GameID=0041200212&GameEventID=456,4,,Indiana Pacers,Green REBOUND (Off:0 Def:1),2:19
http://stats.nba.com/cvp.html?GameID=0041200212&GameEventID=457,4,[ 73 - 98 ],Indiana Pacers,Green 19' Jump Shot (2 PTS),2:13
http://stats.nba.com/cvp.html?GameID=0041200212&GameEventID=458,4,[ 73 - 101 ],New York Knicks,Prigioni 25' 3PT Jump Shot (10 PTS),1:57
http://stats.nba.com/cvp.html?GameID=0041200212&GameEventID=459,4,[ 76 - 101 ],Indiana Pacers,Green 25' 3PT Jump Shot (5 PTS) (Hansbrough 2 AST),1:45
http://stats.nba.com/cvp.html?GameID=0041200212&GameEventID=460,4,,New York Knicks,MISS Richardson  3PT Jump Shot,1:32
http://stats.nba.com/cvp.html?GameID=0041200212&GameEventID=462,4,,New York Knicks,White REBOUND (Off:1 Def:1),1:31
http://stats.nba.com/cvp.html?GameID=0041200212&GameEventID=461,4,[ 76 - 103 ],New York Knicks,White 2' Tip Shot (2 PTS),1:31
http://stats.nba.com/cvp.html?GameID=0041200212&GameEventID=463,4,,New York Knicks,Richardson P.FOUL (P1.PN),1:24
http://stats.nba.com/cvp.html?GameID=0041200212&GameEventID=464,4,,Indiana Pacers,MISS Johnson Free Throw 1 of 2,1:24
http://stats.nba.com/cvp.html?GameID=0041200212&GameEventID=465,4,,Indiana Pacers,Pacers Rebound,1:24
http://stats.nba.com/cvp.html?GameID=0041200212&GameEventID=467,4,,New York Knicks,SUB: Shumpert FOR Prigioni,1:24
http://stats.nba.com/cvp.html?GameID=0041200212&GameEventID=468,4,[ 77 - 103 ],Indiana Pacers,Johnson Free Throw 2 of 2 (4 PTS),1:24
http://stats.nba.com/cvp.html?GameID=0041200212&GameEventID=470,4,,New York Knicks,MISS Copeland 1' Driving Layup,1:02
http://stats.nba.com/cvp.html?GameID=0041200212&GameEventID=471,4,,Indiana Pacers,Pendergraph REBOUND (Off:0 Def:2),0:59
http://stats.nba.com/cvp.html?GameID=0041200212&GameEventID=472,4,[ 79 - 103 ],Indiana Pacers,Green 22' Jump Shot (7 PTS),0:53
http://stats.nba.com/cvp.html?GameID=0041200212&GameEventID=474,4,,Indiana Pacers,Pendergraph Violation:Defensive Goaltending,0:32
http://stats.nba.com/cvp.html?GameID=0041200212&GameEventID=473,4,[ 79 - 105 ],New York Knicks,Shumpert 2' Driving Layup (15 PTS),0:32
http://stats.nba.com/cvp.html?GameID=0041200212&GameEventID=475,4,,Indiana Pacers,MISS Green  3PT Jump Shot,0:21
http://stats.nba.com/cvp.html?GameID=0041200212&GameEventID=476,4,,New York Knicks,KNICKS Rebound,0:20
