http://stats.nba.com/cvp.html?GameID=0021200845&GameEventID=1,1,,Miami Heat,Jump Ball Bosh vs. Thompson: Tip to James,12:00
http://stats.nba.com/cvp.html?GameID=0021200845&GameEventID=2,1,[ 0 - 2 ],Miami Heat,Haslem 1' Layup (2 PTS) (Wade 1 AST),11:40
http://stats.nba.com/cvp.html?GameID=0021200845&GameEventID=3,1,[ 3 - 2 ],Sacramento Kings,Evans 25' 3PT Jump Shot (3 PTS) (Salmons 1 AST),11:16
http://stats.nba.com/cvp.html?GameID=0021200845&GameEventID=4,1,,Miami Heat,MISS Chalmers 24' 3PT Jump Shot,10:48
http://stats.nba.com/cvp.html?GameID=0021200845&GameEventID=5,1,,Sacramento Kings,Cousins REBOUND (Off:0 Def:1),10:47
http://stats.nba.com/cvp.html?GameID=0021200845&GameEventID=6,1,[ 5 - 2 ],Sacramento Kings,Cousins  Driving Layup (2 PTS),10:42
http://stats.nba.com/cvp.html?GameID=0021200845&GameEventID=8,1,,Miami Heat,MISS Bosh 1' Driving Layup,10:19
http://stats.nba.com/cvp.html?GameID=0021200845&GameEventID=9,1,,Sacramento Kings,Thompson REBOUND (Off:0 Def:1),10:18
http://stats.nba.com/cvp.html?GameID=0021200845&GameEventID=10,1,,Sacramento Kings,MISS Evans  3PT Jump Shot,10:06
http://stats.nba.com/cvp.html?GameID=0021200845&GameEventID=11,1,,Miami Heat,Haslem REBOUND (Off:0 Def:1),10:05
http://stats.nba.com/cvp.html?GameID=0021200845&GameEventID=12,1,[ 5 - 4 ],Miami Heat,Wade 16' Fadeaway Jumper (2 PTS),9:56
http://stats.nba.com/cvp.html?GameID=0021200845&GameEventID=13,1,[ 7 - 4 ],Sacramento Kings,Thomas 13' Floating Jump Shot (2 PTS) (Salmons 2 AST),9:31
http://stats.nba.com/cvp.html?GameID=0021200845&GameEventID=14,1,[ 7 - 6 ],Miami Heat,Bosh 19' Jump Shot (2 PTS) (James 1 AST),9:07
http://stats.nba.com/cvp.html?GameID=0021200845&GameEventID=15,1,[ 9 - 6 ],Sacramento Kings,Cousins 1' Driving Layup (4 PTS) (Salmons 3 AST),8:54
http://stats.nba.com/cvp.html?GameID=0021200845&GameEventID=16,1,,Miami Heat,Wade Lost Ball Turnover (P1.T1),8:36
http://stats.nba.com/cvp.html?GameID=0021200845&GameEventID=16,1,,Sacramento Kings,Cousins STEAL (1 STL),8:36
http://stats.nba.com/cvp.html?GameID=0021200845&GameEventID=17,1,,Miami Heat,Haslem P.FOUL (P1.T1),8:35
http://stats.nba.com/cvp.html?GameID=0021200845&GameEventID=18,1,[ 11 - 6 ],Sacramento Kings,Thomas 20' Jump Shot (4 PTS) (Evans 1 AST),8:15
http://stats.nba.com/cvp.html?GameID=0021200845&GameEventID=19,1,,Miami Heat,MISS Wade 24' 3PT Jump Shot,7:46
http://stats.nba.com/cvp.html?GameID=0021200845&GameEventID=20,1,,Sacramento Kings,Thompson REBOUND (Off:0 Def:2),7:45
http://stats.nba.com/cvp.html?GameID=0021200845&GameEventID=21,1,,Miami Heat,Chalmers S.FOUL (P1.T2),7:24
http://stats.nba.com/cvp.html?GameID=0021200845&GameEventID=22,1,[ 12 - 6 ],Sacramento Kings,Evans Free Throw 1 of 2 (4 PTS),7:24
http://stats.nba.com/cvp.html?GameID=0021200845&GameEventID=24,1,,Sacramento Kings,MISS Evans Free Throw 2 of 2,7:24
http://stats.nba.com/cvp.html?GameID=0021200845&GameEventID=26,1,,Sacramento Kings,Cousins REBOUND (Off:1 Def:1),7:22
http://stats.nba.com/cvp.html?GameID=0021200845&GameEventID=27,1,,Sacramento Kings,MISS Thomas  3PT Jump Shot,7:04
http://stats.nba.com/cvp.html?GameID=0021200845&GameEventID=28,1,,Sacramento Kings,Cousins REBOUND (Off:2 Def:1),7:03
http://stats.nba.com/cvp.html?GameID=0021200845&GameEventID=29,1,[ 14 - 6 ],Sacramento Kings,Cousins 1' Layup (6 PTS),7:02
http://stats.nba.com/cvp.html?GameID=0021200845&GameEventID=30,1,,Miami Heat,HEAT Timeout: Regular (Full 1 Short 0),7:01
http://stats.nba.com/cvp.html?GameID=0021200845&GameEventID=34,1,[ 14 - 8 ],Miami Heat,Bosh 13' Hook Shot (4 PTS),6:44
http://stats.nba.com/cvp.html?GameID=0021200845&GameEventID=35,1,,Sacramento Kings,Cousins 3 Second Violation Turnover (P1.T1),6:31
http://stats.nba.com/cvp.html?GameID=0021200845&GameEventID=36,1,,Miami Heat,MISS Bosh 24' 3PT Jump Shot,6:16
http://stats.nba.com/cvp.html?GameID=0021200845&GameEventID=37,1,,Sacramento Kings,Thomas REBOUND (Off:0 Def:1),6:15
http://stats.nba.com/cvp.html?GameID=0021200845&GameEventID=38,1,[ 16 - 8 ],Sacramento Kings,Evans 1' Reverse Layup (6 PTS) (Cousins 1 AST),6:02
http://stats.nba.com/cvp.html?GameID=0021200845&GameEventID=39,1,,Miami Heat,MISS Wade 11' Turnaround Jump Shot,5:46
http://stats.nba.com/cvp.html?GameID=0021200845&GameEventID=40,1,,Miami Heat,HEAT Rebound,5:45
http://stats.nba.com/cvp.html?GameID=0021200845&GameEventID=41,1,,Sacramento Kings,Cousins L.B.FOUL (P1.T1),5:45
http://stats.nba.com/cvp.html?GameID=0021200845&GameEventID=42,1,[ 16 - 10 ],Miami Heat,James 10' Jump Bank Shot (2 PTS) (Chalmers 1 AST),5:35
http://stats.nba.com/cvp.html?GameID=0021200845&GameEventID=43,1,,Miami Heat,Bosh STEAL (1 STL),5:19
http://stats.nba.com/cvp.html?GameID=0021200845&GameEventID=43,1,,Sacramento Kings,Thompson Bad Pass Turnover (P1.T2),5:19
http://stats.nba.com/cvp.html?GameID=0021200845&GameEventID=44,1,[ 16 - 12 ],Miami Heat,Wade 1' Layup (4 PTS) (James 2 AST),5:15
http://stats.nba.com/cvp.html?GameID=0021200845&GameEventID=45,1,,Miami Heat,Wade STEAL (1 STL),5:00
http://stats.nba.com/cvp.html?GameID=0021200845&GameEventID=45,1,,Sacramento Kings,Cousins Bad Pass Turnover (P2.T3),5:00
http://stats.nba.com/cvp.html?GameID=0021200845&GameEventID=46,1,,Miami Heat,MISS Wade 1' Layup,4:54
http://stats.nba.com/cvp.html?GameID=0021200845&GameEventID=47,1,,Miami Heat,James REBOUND (Off:1 Def:0),4:52
http://stats.nba.com/cvp.html?GameID=0021200845&GameEventID=48,1,,Sacramento Kings,Evans P.FOUL (P1.T2),4:52
http://stats.nba.com/cvp.html?GameID=0021200845&GameEventID=49,1,,Sacramento Kings,Kings Timeout: Regular (Reg.1 Short 0),4:52
http://stats.nba.com/cvp.html?GameID=0021200845&GameEventID=53,1,[ 16 - 14 ],Miami Heat,James 18' Jump Shot (4 PTS),4:35
http://stats.nba.com/cvp.html?GameID=0021200845&GameEventID=55,1,,Miami Heat,Bosh BLOCK (1 BLK),4:11
http://stats.nba.com/cvp.html?GameID=0021200845&GameEventID=55,1,,Sacramento Kings,MISS Thomas 1' Driving Layup,4:11
http://stats.nba.com/cvp.html?GameID=0021200845&GameEventID=56,1,,Miami Heat,James REBOUND (Off:1 Def:1),4:10
http://stats.nba.com/cvp.html?GameID=0021200845&GameEventID=57,1,,Miami Heat,MISS James 18' Jump Shot,3:59
http://stats.nba.com/cvp.html?GameID=0021200845&GameEventID=58,1,,Miami Heat,Wade REBOUND (Off:1 Def:0),3:58
http://stats.nba.com/cvp.html?GameID=0021200845&GameEventID=59,1,[ 16 - 16 ],Miami Heat,Wade 3' Jump Bank Shot (6 PTS),3:55
http://stats.nba.com/cvp.html?GameID=0021200845&GameEventID=60,1,,Sacramento Kings,Salmons Bad Pass Turnover (P1.T4),3:29
http://stats.nba.com/cvp.html?GameID=0021200845&GameEventID=61,1,,Miami Heat,SUB: Allen FOR Wade,3:29
http://stats.nba.com/cvp.html?GameID=0021200845&GameEventID=62,1,,Miami Heat,SUB: Andersen FOR Bosh,3:29
http://stats.nba.com/cvp.html?GameID=0021200845&GameEventID=63,1,[ 16 - 18 ],Miami Heat,James 1' Dunk (6 PTS) (Chalmers 2 AST),3:24
http://stats.nba.com/cvp.html?GameID=0021200845&GameEventID=64,1,,Miami Heat,James BLOCK (1 BLK),3:07
http://stats.nba.com/cvp.html?GameID=0021200845&GameEventID=64,1,,Sacramento Kings,MISS Thompson  Layup,3:07
http://stats.nba.com/cvp.html?GameID=0021200845&GameEventID=65,1,,Sacramento Kings,Cousins REBOUND (Off:3 Def:1),3:05
http://stats.nba.com/cvp.html?GameID=0021200845&GameEventID=66,1,,Miami Heat,James P.FOUL (P1.T3),3:05
http://stats.nba.com/cvp.html?GameID=0021200845&GameEventID=67,1,,Sacramento Kings,SUB: Thornton FOR Evans,3:05
http://stats.nba.com/cvp.html?GameID=0021200845&GameEventID=68,1,,Miami Heat,SUB: Lewis FOR Haslem,3:05
http://stats.nba.com/cvp.html?GameID=0021200845&GameEventID=69,1,,Sacramento Kings,MISS Thompson 3' Driving Jump Shot,2:52
http://stats.nba.com/cvp.html?GameID=0021200845&GameEventID=71,1,,Sacramento Kings,Thompson REBOUND (Off:1 Def:2),2:50
http://stats.nba.com/cvp.html?GameID=0021200845&GameEventID=70,1,,Sacramento Kings,MISS Thompson 2' Tip Shot,2:49
http://stats.nba.com/cvp.html?GameID=0021200845&GameEventID=72,1,,Miami Heat,Lewis REBOUND (Off:0 Def:1),2:48
http://stats.nba.com/cvp.html?GameID=0021200845&GameEventID=73,1,,Miami Heat,Lewis Bad Pass Turnover (P1.T2),2:34
http://stats.nba.com/cvp.html?GameID=0021200845&GameEventID=73,1,,Sacramento Kings,Thomas STEAL (1 STL),2:34
http://stats.nba.com/cvp.html?GameID=0021200845&GameEventID=74,1,,Miami Heat,Chalmers S.FOUL (P2.T4),2:32
http://stats.nba.com/cvp.html?GameID=0021200845&GameEventID=75,1,[ 17 - 18 ],Sacramento Kings,Thornton Free Throw 1 of 2 (1 PTS),2:32
http://stats.nba.com/cvp.html?GameID=0021200845&GameEventID=78,1,,Sacramento Kings,SUB: Patterson FOR Thompson,2:32
http://stats.nba.com/cvp.html?GameID=0021200845&GameEventID=79,1,,Miami Heat,SUB: Cole FOR Chalmers,2:32
http://stats.nba.com/cvp.html?GameID=0021200845&GameEventID=80,1,,Sacramento Kings,MISS Thornton Free Throw 2 of 2,2:32
http://stats.nba.com/cvp.html?GameID=0021200845&GameEventID=82,1,,Miami Heat,Andersen REBOUND (Off:0 Def:1),2:31
http://stats.nba.com/cvp.html?GameID=0021200845&GameEventID=83,1,[ 17 - 21 ],Miami Heat,Lewis 24' 3PT Jump Shot (3 PTS) (James 3 AST),2:15
http://stats.nba.com/cvp.html?GameID=0021200845&GameEventID=84,1,,Miami Heat,James STEAL (1 STL),2:05
http://stats.nba.com/cvp.html?GameID=0021200845&GameEventID=84,1,,Sacramento Kings,Salmons Bad Pass Turnover (P2.T5),2:05
http://stats.nba.com/cvp.html?GameID=0021200845&GameEventID=85,1,[ 17 - 23 ],Miami Heat,Cole  Layup (2 PTS),1:59
http://stats.nba.com/cvp.html?GameID=0021200845&GameEventID=86,1,,Sacramento Kings,MISS Thornton 25' 3PT Jump Shot,1:40
http://stats.nba.com/cvp.html?GameID=0021200845&GameEventID=87,1,,Miami Heat,Cole REBOUND (Off:0 Def:1),1:39
http://stats.nba.com/cvp.html?GameID=0021200845&GameEventID=88,1,[ 17 - 25 ],Miami Heat,Andersen 1' Alley Oop Dunk (2 PTS) (James 4 AST),1:32
http://stats.nba.com/cvp.html?GameID=0021200845&GameEventID=89,1,,Sacramento Kings,MISS Cousins 20' Jump Shot,1:10
http://stats.nba.com/cvp.html?GameID=0021200845&GameEventID=90,1,,Miami Heat,Allen REBOUND (Off:0 Def:1),1:09
http://stats.nba.com/cvp.html?GameID=0021200845&GameEventID=91,1,[ 17 - 27 ],Miami Heat,Allen 16' Jump Shot (2 PTS),1:02
http://stats.nba.com/cvp.html?GameID=0021200845&GameEventID=92,1,[ 20 - 27 ],Sacramento Kings,Thornton 25' 3PT Jump Shot (4 PTS) (Thomas 1 AST),0:50
http://stats.nba.com/cvp.html?GameID=0021200845&GameEventID=94,1,,Miami Heat,MISS Allen 25' 3PT Jump Shot,0:33
http://stats.nba.com/cvp.html?GameID=0021200845&GameEventID=95,1,,Sacramento Kings,Salmons REBOUND (Off:0 Def:1),0:32
http://stats.nba.com/cvp.html?GameID=0021200845&GameEventID=96,1,[ 22 - 27 ],Sacramento Kings,Thornton 1' Layup (6 PTS) (Thomas 2 AST),0:29
http://stats.nba.com/cvp.html?GameID=0021200845&GameEventID=97,1,,Sacramento Kings,Salmons P.FOUL (P1.T3),0:12
http://stats.nba.com/cvp.html?GameID=0021200845&GameEventID=98,1,,Miami Heat,MISS Lewis 24' 3PT Jump Shot,0:02
http://stats.nba.com/cvp.html?GameID=0021200845&GameEventID=99,1,,Sacramento Kings,Cousins REBOUND (Off:3 Def:2),0:01
http://stats.nba.com/cvp.html?GameID=0021200845&GameEventID=100,1,,Sacramento Kings,MISS Cousins 41' 3PT Jump Shot,0:00
http://stats.nba.com/cvp.html?GameID=0021200845&GameEventID=101,1,,Sacramento Kings,Kings Rebound,0:00
http://stats.nba.com/cvp.html?GameID=0021200845&GameEventID=105,2,,Miami Heat,Andersen BLOCK (1 BLK),11:38
http://stats.nba.com/cvp.html?GameID=0021200845&GameEventID=105,2,,Sacramento Kings,MISS Brooks 2' Driving Layup,11:38
http://stats.nba.com/cvp.html?GameID=0021200845&GameEventID=106,2,,Miami Heat,Cole REBOUND (Off:0 Def:2),11:37
http://stats.nba.com/cvp.html?GameID=0021200845&GameEventID=107,2,[ 22 - 29 ],Miami Heat,Wade 1' Running Dunk (8 PTS) (Cole 1 AST),11:31
http://stats.nba.com/cvp.html?GameID=0021200845&GameEventID=108,2,[ 24 - 29 ],Sacramento Kings,Cousins 1' Dunk (8 PTS) (Salmons 4 AST),11:15
http://stats.nba.com/cvp.html?GameID=0021200845&GameEventID=109,2,,Miami Heat,Cole Bad Pass Turnover (P1.T3),11:00
http://stats.nba.com/cvp.html?GameID=0021200845&GameEventID=109,2,,Sacramento Kings,Salmons STEAL (1 STL),11:00
http://stats.nba.com/cvp.html?GameID=0021200845&GameEventID=110,2,[ 26 - 29 ],Sacramento Kings,Salmons 1' Driving Layup (2 PTS),10:55
http://stats.nba.com/cvp.html?GameID=0021200845&GameEventID=111,2,,Miami Heat,MISS Andersen  Alley Oop Dunk,10:36
http://stats.nba.com/cvp.html?GameID=0021200845&GameEventID=112,2,,Sacramento Kings,Cousins REBOUND (Off:3 Def:3),10:35
http://stats.nba.com/cvp.html?GameID=0021200845&GameEventID=113,2,,Sacramento Kings,MISS Salmons 19' Jump Shot,10:26
http://stats.nba.com/cvp.html?GameID=0021200845&GameEventID=114,2,,Miami Heat,Andersen REBOUND (Off:0 Def:2),10:25
http://stats.nba.com/cvp.html?GameID=0021200845&GameEventID=115,2,,Miami Heat,MISS Lewis 18' Jump Shot,10:15
http://stats.nba.com/cvp.html?GameID=0021200845&GameEventID=116,2,,Sacramento Kings,Cousins REBOUND (Off:3 Def:4),10:14
http://stats.nba.com/cvp.html?GameID=0021200845&GameEventID=117,2,,Miami Heat,Lewis S.FOUL (P1.T1),10:08
http://stats.nba.com/cvp.html?GameID=0021200845&GameEventID=118,2,[ 27 - 29 ],Sacramento Kings,Cousins Free Throw 1 of 2 (9 PTS),10:08
http://stats.nba.com/cvp.html?GameID=0021200845&GameEventID=120,2,,Sacramento Kings,SUB: Outlaw FOR Salmons,10:08
http://stats.nba.com/cvp.html?GameID=0021200845&GameEventID=121,2,[ 28 - 29 ],Sacramento Kings,Cousins Free Throw 2 of 2 (10 PTS),10:08
http://stats.nba.com/cvp.html?GameID=0021200845&GameEventID=123,2,[ 28 - 31 ],Miami Heat,Wade 1' Driving Layup (10 PTS),9:51
http://stats.nba.com/cvp.html?GameID=0021200845&GameEventID=124,2,[ 31 - 31 ],Sacramento Kings,Thornton 25' 3PT Jump Shot (9 PTS) (Brooks 1 AST),9:27
http://stats.nba.com/cvp.html?GameID=0021200845&GameEventID=125,2,[ 31 - 34 ],Miami Heat,Wade 25' 3PT Jump Shot (13 PTS),9:05
http://stats.nba.com/cvp.html?GameID=0021200845&GameEventID=126,2,,Miami Heat,Lewis P.FOUL (P2.T2),8:57
http://stats.nba.com/cvp.html?GameID=0021200845&GameEventID=129,2,,Sacramento Kings,SUB: Hayes FOR Cousins,8:57
http://stats.nba.com/cvp.html?GameID=0021200845&GameEventID=131,2,,Miami Heat,Cole STEAL (1 STL),8:46
http://stats.nba.com/cvp.html?GameID=0021200845&GameEventID=131,2,,Sacramento Kings,Patterson Lost Ball Turnover (P1.T6),8:46
http://stats.nba.com/cvp.html?GameID=0021200845&GameEventID=132,2,,Miami Heat,Cole Lost Ball Turnover (P2.T4),8:43
http://stats.nba.com/cvp.html?GameID=0021200845&GameEventID=132,2,,Sacramento Kings,Brooks STEAL (1 STL),8:43
http://stats.nba.com/cvp.html?GameID=0021200845&GameEventID=133,2,,Miami Heat,Andersen S.FOUL (P1.T3),8:35
http://stats.nba.com/cvp.html?GameID=0021200845&GameEventID=134,2,[ 32 - 34 ],Sacramento Kings,Outlaw Free Throw 1 of 2 (1 PTS),8:35
http://stats.nba.com/cvp.html?GameID=0021200845&GameEventID=136,2,[ 33 - 34 ],Sacramento Kings,Outlaw Free Throw 2 of 2 (2 PTS),8:35
http://stats.nba.com/cvp.html?GameID=0021200845&GameEventID=138,2,,Miami Heat,MISS Allen 18' Jump Shot,8:18
http://stats.nba.com/cvp.html?GameID=0021200845&GameEventID=139,2,,Sacramento Kings,Patterson REBOUND (Off:0 Def:1),8:17
http://stats.nba.com/cvp.html?GameID=0021200845&GameEventID=140,2,,Sacramento Kings,MISS Thornton 24' 3PT Jump Shot,8:11
http://stats.nba.com/cvp.html?GameID=0021200845&GameEventID=141,2,,Miami Heat,Allen REBOUND (Off:0 Def:2),8:10
http://stats.nba.com/cvp.html?GameID=0021200845&GameEventID=142,2,[ 33 - 36 ],Miami Heat,Wade 1' Driving Layup (15 PTS),8:04
http://stats.nba.com/cvp.html?GameID=0021200845&GameEventID=143,2,,Sacramento Kings,MISS Brooks  3PT Jump Shot,7:46
http://stats.nba.com/cvp.html?GameID=0021200845&GameEventID=144,2,,Miami Heat,Wade REBOUND (Off:1 Def:1),7:45
http://stats.nba.com/cvp.html?GameID=0021200845&GameEventID=145,2,,Sacramento Kings,Brooks P.FOUL (P1.T1),7:32
http://stats.nba.com/cvp.html?GameID=0021200845&GameEventID=146,2,,Miami Heat,SUB: Bosh FOR Andersen,7:32
http://stats.nba.com/cvp.html?GameID=0021200845&GameEventID=147,2,[ 33 - 38 ],Miami Heat,Wade 6' Driving Bank Shot (17 PTS),7:21
http://stats.nba.com/cvp.html?GameID=0021200845&GameEventID=148,2,,Sacramento Kings,MISS Brooks 16' Jump Shot,6:58
http://stats.nba.com/cvp.html?GameID=0021200845&GameEventID=150,2,,Sacramento Kings,Thornton REBOUND (Off:1 Def:0),6:57
http://stats.nba.com/cvp.html?GameID=0021200845&GameEventID=149,2,[ 35 - 38 ],Sacramento Kings,Thornton 1' Tip Shot (11 PTS),6:56
http://stats.nba.com/cvp.html?GameID=0021200845&GameEventID=151,2,,Sacramento Kings,Hayes P.FOUL (P1.T2),6:38
http://stats.nba.com/cvp.html?GameID=0021200845&GameEventID=152,2,,Sacramento Kings,SUB: Thompson FOR Patterson,6:38
http://stats.nba.com/cvp.html?GameID=0021200845&GameEventID=153,2,,Miami Heat,MISS Bosh 4' Jump Shot,6:29
http://stats.nba.com/cvp.html?GameID=0021200845&GameEventID=154,2,,Miami Heat,Bosh REBOUND (Off:1 Def:0),6:28
http://stats.nba.com/cvp.html?GameID=0021200845&GameEventID=155,2,,Miami Heat,MISS Lewis 15' Jump Shot,6:27
http://stats.nba.com/cvp.html?GameID=0021200845&GameEventID=156,2,,Sacramento Kings,Hayes REBOUND (Off:0 Def:1),6:26
http://stats.nba.com/cvp.html?GameID=0021200845&GameEventID=157,2,,Sacramento Kings,Brooks Bad Pass Turnover (P1.T7),6:21
http://stats.nba.com/cvp.html?GameID=0021200845&GameEventID=158,2,,Miami Heat,MISS Cole 21' Jump Shot,6:05
http://stats.nba.com/cvp.html?GameID=0021200845&GameEventID=159,2,,Sacramento Kings,Hayes REBOUND (Off:0 Def:2),6:04
http://stats.nba.com/cvp.html?GameID=0021200845&GameEventID=160,2,,Miami Heat,Lewis S.FOUL (P3.T4),5:46
http://stats.nba.com/cvp.html?GameID=0021200845&GameEventID=161,2,,Miami Heat,HEAT Timeout: Regular (Full 2 Short 0),5:46
http://stats.nba.com/cvp.html?GameID=0021200845&GameEventID=164,2,,Miami Heat,SUB: Haslem FOR Allen,5:46
http://stats.nba.com/cvp.html?GameID=0021200845&GameEventID=165,2,,Miami Heat,SUB: Chalmers FOR Lewis,5:46
http://stats.nba.com/cvp.html?GameID=0021200845&GameEventID=166,2,,Miami Heat,SUB: James FOR Cole,5:46
http://stats.nba.com/cvp.html?GameID=0021200845&GameEventID=167,2,[ 36 - 38 ],Sacramento Kings,Thornton Free Throw 1 of 2 (12 PTS),5:46
http://stats.nba.com/cvp.html?GameID=0021200845&GameEventID=169,2,[ 37 - 38 ],Sacramento Kings,Thornton Free Throw 2 of 2 (13 PTS),5:46
http://stats.nba.com/cvp.html?GameID=0021200845&GameEventID=171,2,,Sacramento Kings,Outlaw S.FOUL (P1.T3),5:36
http://stats.nba.com/cvp.html?GameID=0021200845&GameEventID=172,2,[ 37 - 39 ],Miami Heat,James Free Throw 1 of 2 (7 PTS),5:36
http://stats.nba.com/cvp.html?GameID=0021200845&GameEventID=174,2,,Sacramento Kings,SUB: Salmons FOR Outlaw,5:36
http://stats.nba.com/cvp.html?GameID=0021200845&GameEventID=175,2,[ 37 - 40 ],Miami Heat,James Free Throw 2 of 2 (8 PTS),5:36
http://stats.nba.com/cvp.html?GameID=0021200845&GameEventID=177,2,[ 39 - 40 ],Sacramento Kings,Hayes 12' Jump Shot (2 PTS) (Salmons 5 AST),5:13
http://stats.nba.com/cvp.html?GameID=0021200845&GameEventID=178,2,,Miami Heat,MISS Bosh 19' Jump Shot,4:59
http://stats.nba.com/cvp.html?GameID=0021200845&GameEventID=179,2,,Sacramento Kings,Brooks REBOUND (Off:0 Def:1),4:58
http://stats.nba.com/cvp.html?GameID=0021200845&GameEventID=180,2,,Sacramento Kings,MISS Thompson 15' Jump Shot,4:47
http://stats.nba.com/cvp.html?GameID=0021200845&GameEventID=181,2,,Sacramento Kings,Thornton REBOUND (Off:2 Def:0),4:46
http://stats.nba.com/cvp.html?GameID=0021200845&GameEventID=182,2,,Miami Heat,Haslem P.FOUL (P2.PN),4:46
http://stats.nba.com/cvp.html?GameID=0021200845&GameEventID=183,2,[ 40 - 40 ],Sacramento Kings,Thornton Free Throw 1 of 2 (14 PTS),4:46
http://stats.nba.com/cvp.html?GameID=0021200845&GameEventID=184,2,,Miami Heat,SUB: Allen FOR Wade,4:46
http://stats.nba.com/cvp.html?GameID=0021200845&GameEventID=185,2,[ 41 - 40 ],Sacramento Kings,Thornton Free Throw 2 of 2 (15 PTS),4:46
http://stats.nba.com/cvp.html?GameID=0021200845&GameEventID=187,2,,Miami Heat,MISS Chalmers 25' 3PT Jump Shot,4:29
http://stats.nba.com/cvp.html?GameID=0021200845&GameEventID=188,2,,Sacramento Kings,Hayes REBOUND (Off:0 Def:3),4:28
http://stats.nba.com/cvp.html?GameID=0021200845&GameEventID=189,2,[ 43 - 40 ],Sacramento Kings,Thornton 1' Layup (17 PTS) (Hayes 1 AST),4:19
http://stats.nba.com/cvp.html?GameID=0021200845&GameEventID=190,2,,Sacramento Kings,Thornton S.FOUL (P1.T4),4:04
http://stats.nba.com/cvp.html?GameID=0021200845&GameEventID=191,2,,Miami Heat,MISS Bosh Free Throw 1 of 2,4:04
http://stats.nba.com/cvp.html?GameID=0021200845&GameEventID=193,2,,Miami Heat,HEAT Rebound,4:04
http://stats.nba.com/cvp.html?GameID=0021200845&GameEventID=192,2,[ 43 - 41 ],Miami Heat,Bosh Free Throw 2 of 2 (5 PTS),4:04
http://stats.nba.com/cvp.html?GameID=0021200845&GameEventID=195,2,,Sacramento Kings,MISS Brooks 25' 3PT Jump Shot,3:48
http://stats.nba.com/cvp.html?GameID=0021200845&GameEventID=196,2,,Miami Heat,Haslem REBOUND (Off:0 Def:2),3:47
http://stats.nba.com/cvp.html?GameID=0021200845&GameEventID=197,2,,Miami Heat,MISS Chalmers 2' Driving Layup,3:31
http://stats.nba.com/cvp.html?GameID=0021200845&GameEventID=197,2,,Sacramento Kings,Hayes BLOCK (1 BLK),3:31
http://stats.nba.com/cvp.html?GameID=0021200845&GameEventID=205,2,,Sacramento Kings,Hayes REBOUND (Off:0 Def:4),3:30
http://stats.nba.com/cvp.html?GameID=0021200845&GameEventID=198,2,,Miami Heat,Allen P.FOUL (P1.PN),3:28
http://stats.nba.com/cvp.html?GameID=0021200845&GameEventID=199,2,,Sacramento Kings,MISS Thornton Free Throw 1 of 2,3:28
http://stats.nba.com/cvp.html?GameID=0021200845&GameEventID=200,2,,Sacramento Kings,Kings Rebound,3:28
http://stats.nba.com/cvp.html?GameID=0021200845&GameEventID=201,2,[ 44 - 41 ],Sacramento Kings,Thornton Free Throw 2 of 2 (18 PTS),3:28
http://stats.nba.com/cvp.html?GameID=0021200845&GameEventID=203,2,,Miami Heat,MISS Bosh 1' Layup,3:15
http://stats.nba.com/cvp.html?GameID=0021200845&GameEventID=203,2,,Sacramento Kings,Brooks BLOCK (1 BLK),3:15
http://stats.nba.com/cvp.html?GameID=0021200845&GameEventID=206,2,,Miami Heat,HEAT Rebound,3:13
http://stats.nba.com/cvp.html?GameID=0021200845&GameEventID=207,2,,Sacramento Kings,Kings Timeout: Regular (Reg.2 Short 0),3:13
http://stats.nba.com/cvp.html?GameID=0021200845&GameEventID=211,2,,Miami Heat,MISS James 21' Jump Shot,3:02
http://stats.nba.com/cvp.html?GameID=0021200845&GameEventID=212,2,,Miami Heat,Haslem REBOUND (Off:1 Def:2),3:00
http://stats.nba.com/cvp.html?GameID=0021200845&GameEventID=213,2,[ 44 - 44 ],Miami Heat,Allen 25' 3PT Jump Shot (5 PTS) (Haslem 1 AST),2:54
http://stats.nba.com/cvp.html?GameID=0021200845&GameEventID=214,2,,Miami Heat,Haslem STEAL (1 STL),2:38
http://stats.nba.com/cvp.html?GameID=0021200845&GameEventID=214,2,,Sacramento Kings,Salmons Bad Pass Turnover (P3.T8),2:38
http://stats.nba.com/cvp.html?GameID=0021200845&GameEventID=216,2,,Sacramento Kings,Thompson S.FOUL (P1.PN),2:21
http://stats.nba.com/cvp.html?GameID=0021200845&GameEventID=218,2,[ 44 - 45 ],Miami Heat,Bosh Free Throw 1 of 2 (6 PTS),2:21
http://stats.nba.com/cvp.html?GameID=0021200845&GameEventID=220,2,,Sacramento Kings,SUB: Thomas FOR Brooks,2:21
http://stats.nba.com/cvp.html?GameID=0021200845&GameEventID=221,2,[ 44 - 46 ],Miami Heat,Bosh Free Throw 2 of 2 (7 PTS),2:21
http://stats.nba.com/cvp.html?GameID=0021200845&GameEventID=224,2,[ 46 - 46 ],Sacramento Kings,Salmons 19' Jump Shot (4 PTS) (Hayes 2 AST),2:01
http://stats.nba.com/cvp.html?GameID=0021200845&GameEventID=225,2,[ 46 - 48 ],Miami Heat,Haslem 14' Jump Shot (4 PTS) (James 5 AST),1:41
http://stats.nba.com/cvp.html?GameID=0021200845&GameEventID=226,2,[ 49 - 48 ],Sacramento Kings,Salmons 25' 3PT Jump Shot (7 PTS) (Thornton 1 AST),1:22
http://stats.nba.com/cvp.html?GameID=0021200845&GameEventID=227,2,[ 49 - 51 ],Miami Heat,Allen 24' 3PT Jump Shot (8 PTS) (Chalmers 3 AST),1:06
http://stats.nba.com/cvp.html?GameID=0021200845&GameEventID=228,2,[ 51 - 51 ],Sacramento Kings,Hayes 1' Layup (4 PTS) (Thompson 1 AST),0:52
http://stats.nba.com/cvp.html?GameID=0021200845&GameEventID=230,2,,Miami Heat,Allen Bad Pass Turnover (P1.T5),0:43
http://stats.nba.com/cvp.html?GameID=0021200845&GameEventID=230,2,,Sacramento Kings,Thompson STEAL (1 STL),0:43
http://stats.nba.com/cvp.html?GameID=0021200845&GameEventID=231,2,[ 53 - 51 ],Sacramento Kings,Thomas 1' Layup (6 PTS) (Thompson 2 AST),0:39
http://stats.nba.com/cvp.html?GameID=0021200845&GameEventID=232,2,,Miami Heat,HEAT Timeout: Short (Full 2 Short 1),0:35
http://stats.nba.com/cvp.html?GameID=0021200845&GameEventID=235,2,,Miami Heat,SUB: Wade FOR Chalmers,0:35
http://stats.nba.com/cvp.html?GameID=0021200845&GameEventID=236,2,,Miami Heat,MISS Wade 9' Running Hook Shot,0:18
http://stats.nba.com/cvp.html?GameID=0021200845&GameEventID=237,2,,Sacramento Kings,Salmons REBOUND (Off:0 Def:2),0:17
http://stats.nba.com/cvp.html?GameID=0021200845&GameEventID=238,2,,Sacramento Kings,MISS Thompson 2' Layup,0:01
http://stats.nba.com/cvp.html?GameID=0021200845&GameEventID=239,2,,Miami Heat,Bosh REBOUND (Off:1 Def:1),0:00
http://stats.nba.com/cvp.html?GameID=0021200845&GameEventID=243,3,,Miami Heat,Wade STEAL (2 STL),11:41
http://stats.nba.com/cvp.html?GameID=0021200845&GameEventID=243,3,,Sacramento Kings,Thompson Bad Pass Turnover (P2.T9),11:41
http://stats.nba.com/cvp.html?GameID=0021200845&GameEventID=244,3,,Miami Heat,MISS Wade 3' Driving Jump Shot,11:35
http://stats.nba.com/cvp.html?GameID=0021200845&GameEventID=245,3,,Sacramento Kings,Thompson REBOUND (Off:1 Def:3),11:34
http://stats.nba.com/cvp.html?GameID=0021200845&GameEventID=246,3,[ 55 - 51 ],Sacramento Kings,Salmons 1' Driving Layup (9 PTS),11:24
http://stats.nba.com/cvp.html?GameID=0021200845&GameEventID=247,3,,Miami Heat,MISS Wade 4' Hook Shot,11:04
http://stats.nba.com/cvp.html?GameID=0021200845&GameEventID=248,3,,Miami Heat,Haslem REBOUND (Off:2 Def:2),11:03
http://stats.nba.com/cvp.html?GameID=0021200845&GameEventID=249,3,,Sacramento Kings,Cousins P.FOUL (P2.T1),11:03
http://stats.nba.com/cvp.html?GameID=0021200845&GameEventID=250,3,,Miami Heat,MISS Haslem 14' Jump Shot,10:53
http://stats.nba.com/cvp.html?GameID=0021200845&GameEventID=251,3,,Sacramento Kings,Cousins REBOUND (Off:3 Def:5),10:52
http://stats.nba.com/cvp.html?GameID=0021200845&GameEventID=252,3,,Miami Heat,James STEAL (2 STL),10:41
http://stats.nba.com/cvp.html?GameID=0021200845&GameEventID=252,3,,Sacramento Kings,Evans Lost Ball Turnover (P1.T10),10:41
http://stats.nba.com/cvp.html?GameID=0021200845&GameEventID=253,3,,Sacramento Kings,Thomas S.FOUL (P1.T2),10:39
http://stats.nba.com/cvp.html?GameID=0021200845&GameEventID=254,3,[ 55 - 52 ],Miami Heat,James Free Throw 1 of 2 (9 PTS),10:39
http://stats.nba.com/cvp.html?GameID=0021200845&GameEventID=256,3,[ 55 - 53 ],Miami Heat,James Free Throw 2 of 2 (10 PTS),10:39
http://stats.nba.com/cvp.html?GameID=0021200845&GameEventID=258,3,[ 57 - 53 ],Sacramento Kings,Evans 2' Driving Layup (8 PTS) (Cousins 2 AST),10:21
http://stats.nba.com/cvp.html?GameID=0021200845&GameEventID=259,3,,Miami Heat,MISS Bosh 20' Jump Shot,10:06
http://stats.nba.com/cvp.html?GameID=0021200845&GameEventID=260,3,,Sacramento Kings,Cousins REBOUND (Off:3 Def:6),10:05
http://stats.nba.com/cvp.html?GameID=0021200845&GameEventID=261,3,,Miami Heat,Bosh BLOCK (2 BLK),9:56
http://stats.nba.com/cvp.html?GameID=0021200845&GameEventID=261,3,,Sacramento Kings,MISS Cousins 1' Layup,9:56
http://stats.nba.com/cvp.html?GameID=0021200845&GameEventID=262,3,,Miami Heat,Wade REBOUND (Off:1 Def:2),9:55
http://stats.nba.com/cvp.html?GameID=0021200845&GameEventID=263,3,[ 57 - 56 ],Miami Heat,Chalmers  3PT Jump Shot (3 PTS) (James 6 AST),9:42
http://stats.nba.com/cvp.html?GameID=0021200845&GameEventID=264,3,,Miami Heat,Chalmers S.FOUL (P3.T1),9:28
http://stats.nba.com/cvp.html?GameID=0021200845&GameEventID=265,3,[ 58 - 56 ],Sacramento Kings,Thompson Free Throw 1 of 2 (1 PTS),9:28
http://stats.nba.com/cvp.html?GameID=0021200845&GameEventID=267,3,[ 59 - 56 ],Sacramento Kings,Thompson Free Throw 2 of 2 (2 PTS),9:28
http://stats.nba.com/cvp.html?GameID=0021200845&GameEventID=269,3,[ 59 - 58 ],Miami Heat,Wade 1' Layup (19 PTS) (Haslem 2 AST),9:14
http://stats.nba.com/cvp.html?GameID=0021200845&GameEventID=270,3,,Sacramento Kings,MISS Cousins 8' Turnaround Jump Shot,8:53
http://stats.nba.com/cvp.html?GameID=0021200845&GameEventID=272,3,,Sacramento Kings,Evans REBOUND (Off:1 Def:0),8:52
http://stats.nba.com/cvp.html?GameID=0021200845&GameEventID=271,3,,Sacramento Kings,MISS Evans 1' Layup,8:51
http://stats.nba.com/cvp.html?GameID=0021200845&GameEventID=291,3,,Sacramento Kings,Thompson REBOUND (Off:2 Def:3),8:51
http://stats.nba.com/cvp.html?GameID=0021200845&GameEventID=277,3,,Sacramento Kings,MISS Thompson 2' Tip Shot,8:50
http://stats.nba.com/cvp.html?GameID=0021200845&GameEventID=273,3,,Miami Heat,Bosh REBOUND (Off:1 Def:2),8:49
http://stats.nba.com/cvp.html?GameID=0021200845&GameEventID=274,3,[ 59 - 61 ],Miami Heat,Chalmers 24' 3PT Jump Shot (6 PTS) (James 7 AST),8:40
http://stats.nba.com/cvp.html?GameID=0021200845&GameEventID=275,3,,Sacramento Kings,Kings Timeout: Regular (Reg.3 Short 0),8:40
http://stats.nba.com/cvp.html?GameID=0021200845&GameEventID=281,3,,Sacramento Kings,MISS Salmons 14' Jump Shot,8:24
http://stats.nba.com/cvp.html?GameID=0021200845&GameEventID=282,3,,Miami Heat,Bosh REBOUND (Off:1 Def:3),8:23
http://stats.nba.com/cvp.html?GameID=0021200845&GameEventID=283,3,,Miami Heat,MISS Chalmers 1' Driving Layup,8:12
http://stats.nba.com/cvp.html?GameID=0021200845&GameEventID=285,3,,Miami Heat,Wade REBOUND (Off:2 Def:2),8:10
http://stats.nba.com/cvp.html?GameID=0021200845&GameEventID=284,3,[ 59 - 63 ],Miami Heat,Wade 1' Tip Shot (21 PTS),8:09
http://stats.nba.com/cvp.html?GameID=0021200845&GameEventID=286,3,,Miami Heat,Bosh STEAL (2 STL),8:01
http://stats.nba.com/cvp.html?GameID=0021200845&GameEventID=286,3,,Sacramento Kings,Thompson Bad Pass Turnover (P3.T11),8:01
http://stats.nba.com/cvp.html?GameID=0021200845&GameEventID=287,3,[ 59 - 65 ],Miami Heat,James  Alley Oop Dunk (12 PTS) (Wade 2 AST),7:56
http://stats.nba.com/cvp.html?GameID=0021200845&GameEventID=288,3,[ 61 - 65 ],Sacramento Kings,Evans 1' Driving Layup (10 PTS),7:35
http://stats.nba.com/cvp.html?GameID=0021200845&GameEventID=290,3,,Sacramento Kings,Cousins S.FOUL (P3.T3),7:13
http://stats.nba.com/cvp.html?GameID=0021200845&GameEventID=292,3,,Miami Heat,MISS Haslem Free Throw 1 of 2,7:13
http://stats.nba.com/cvp.html?GameID=0021200845&GameEventID=293,3,,Miami Heat,HEAT Rebound,7:13
http://stats.nba.com/cvp.html?GameID=0021200845&GameEventID=294,3,[ 61 - 66 ],Miami Heat,Haslem Free Throw 2 of 2 (5 PTS),7:13
http://stats.nba.com/cvp.html?GameID=0021200845&GameEventID=296,3,,Miami Heat,Bosh STEAL (3 STL),7:10
http://stats.nba.com/cvp.html?GameID=0021200845&GameEventID=296,3,,Sacramento Kings,Thompson Bad Pass Turnover (P4.T12),7:10
http://stats.nba.com/cvp.html?GameID=0021200845&GameEventID=297,3,[ 61 - 68 ],Miami Heat,James 18' Fadeaway Jumper (14 PTS),6:58
http://stats.nba.com/cvp.html?GameID=0021200845&GameEventID=299,3,,Miami Heat,Haslem P.FOUL (P3.T2),6:42
http://stats.nba.com/cvp.html?GameID=0021200845&GameEventID=301,3,[ 64 - 68 ],Sacramento Kings,Salmons  3PT Jump Shot (12 PTS) (Thomas 3 AST),6:29
http://stats.nba.com/cvp.html?GameID=0021200845&GameEventID=302,3,[ 64 - 70 ],Miami Heat,Wade 3' Layup (23 PTS) (Bosh 1 AST),6:10
http://stats.nba.com/cvp.html?GameID=0021200845&GameEventID=303,3,,Miami Heat,Bosh P.FOUL (P1.T3),6:02
http://stats.nba.com/cvp.html?GameID=0021200845&GameEventID=304,3,,Sacramento Kings,MISS Salmons  3PT Jump Shot,5:54
http://stats.nba.com/cvp.html?GameID=0021200845&GameEventID=305,3,,Sacramento Kings,Kings Rebound,5:53
http://stats.nba.com/cvp.html?GameID=0021200845&GameEventID=306,3,,Miami Heat,Bosh L.B.FOUL (P2.T4),5:53
http://stats.nba.com/cvp.html?GameID=0021200845&GameEventID=307,3,[ 66 - 70 ],Sacramento Kings,Thompson 4' Jump Shot (4 PTS) (Thomas 4 AST),5:44
http://stats.nba.com/cvp.html?GameID=0021200845&GameEventID=308,3,,Miami Heat,MISS Chalmers  3PT Jump Shot,5:28
http://stats.nba.com/cvp.html?GameID=0021200845&GameEventID=309,3,,Miami Heat,HEAT Rebound,5:27
http://stats.nba.com/cvp.html?GameID=0021200845&GameEventID=310,3,,Miami Heat,Bosh Bad Pass Turnover (P1.T6),5:22
http://stats.nba.com/cvp.html?GameID=0021200845&GameEventID=310,3,,Sacramento Kings,Evans STEAL (1 STL),5:22
http://stats.nba.com/cvp.html?GameID=0021200845&GameEventID=311,3,,Miami Heat,Wade S.FOUL (P1.PN),5:20
http://stats.nba.com/cvp.html?GameID=0021200845&GameEventID=312,3,[ 67 - 70 ],Sacramento Kings,Evans Free Throw 1 of 2 (11 PTS),5:20
http://stats.nba.com/cvp.html?GameID=0021200845&GameEventID=313,3,[ 68 - 70 ],Sacramento Kings,Evans Free Throw 2 of 2 (12 PTS),5:20
http://stats.nba.com/cvp.html?GameID=0021200845&GameEventID=315,3,[ 68 - 72 ],Miami Heat,Wade 1' Reverse Layup (25 PTS) (Chalmers 4 AST),5:10
http://stats.nba.com/cvp.html?GameID=0021200845&GameEventID=316,3,,Miami Heat,Chalmers P.FOUL (P4.PN),5:02
http://stats.nba.com/cvp.html?GameID=0021200845&GameEventID=317,3,[ 69 - 72 ],Sacramento Kings,Thomas Free Throw 1 of 2 (7 PTS),5:02
http://stats.nba.com/cvp.html?GameID=0021200845&GameEventID=319,3,,Miami Heat,SUB: Cole FOR Chalmers,5:02
http://stats.nba.com/cvp.html?GameID=0021200845&GameEventID=320,3,[ 70 - 72 ],Sacramento Kings,Thomas Free Throw 2 of 2 (8 PTS),5:02
http://stats.nba.com/cvp.html?GameID=0021200845&GameEventID=322,3,,Miami Heat,Wade Lost Ball Turnover (P2.T7),4:47
http://stats.nba.com/cvp.html?GameID=0021200845&GameEventID=322,3,,Sacramento Kings,Evans STEAL (2 STL),4:47
http://stats.nba.com/cvp.html?GameID=0021200845&GameEventID=323,3,[ 72 - 72 ],Sacramento Kings,Evans 1' Layup (14 PTS) (Cousins 3 AST),4:43
http://stats.nba.com/cvp.html?GameID=0021200845&GameEventID=324,3,,Miami Heat,HEAT Timeout: Regular (Full 3 Short 1),4:43
http://stats.nba.com/cvp.html?GameID=0021200845&GameEventID=327,3,,Miami Heat,SUB: Allen FOR Haslem,4:43
http://stats.nba.com/cvp.html?GameID=0021200845&GameEventID=328,3,[ 72 - 74 ],Miami Heat,James 1' Layup (16 PTS) (Wade 3 AST),4:31
http://stats.nba.com/cvp.html?GameID=0021200845&GameEventID=329,3,,Miami Heat,Wade BLOCK (1 BLK),4:05
http://stats.nba.com/cvp.html?GameID=0021200845&GameEventID=329,3,,Sacramento Kings,MISS Thomas 5' Jump Shot,4:05
http://stats.nba.com/cvp.html?GameID=0021200845&GameEventID=330,3,,Sacramento Kings,Thompson REBOUND (Off:3 Def:3),4:03
http://stats.nba.com/cvp.html?GameID=0021200845&GameEventID=331,3,,Sacramento Kings,MISS Evans 25' 3PT Jump Shot,4:02
http://stats.nba.com/cvp.html?GameID=0021200845&GameEventID=332,3,,Sacramento Kings,Cousins REBOUND (Off:4 Def:6),4:01
http://stats.nba.com/cvp.html?GameID=0021200845&GameEventID=333,3,[ 74 - 74 ],Sacramento Kings,Cousins  Layup (12 PTS),4:00
http://stats.nba.com/cvp.html?GameID=0021200845&GameEventID=334,3,,Miami Heat,MISS Bosh 25' 3PT Jump Shot,3:41
http://stats.nba.com/cvp.html?GameID=0021200845&GameEventID=335,3,,Sacramento Kings,Salmons REBOUND (Off:0 Def:3),3:40
http://stats.nba.com/cvp.html?GameID=0021200845&GameEventID=336,3,[ 76 - 74 ],Sacramento Kings,Thompson 7' Turnaround Jump Shot (6 PTS) (Salmons 6 AST),3:31
http://stats.nba.com/cvp.html?GameID=0021200845&GameEventID=337,3,,Miami Heat,MISS Wade 19' Jump Shot,3:21
http://stats.nba.com/cvp.html?GameID=0021200845&GameEventID=338,3,,Sacramento Kings,Thomas REBOUND (Off:0 Def:2),3:20
http://stats.nba.com/cvp.html?GameID=0021200845&GameEventID=339,3,[ 78 - 74 ],Sacramento Kings,Evans 1' Layup (16 PTS) (Thomas 5 AST),3:17
http://stats.nba.com/cvp.html?GameID=0021200845&GameEventID=340,3,,Sacramento Kings,Thomas P.FOUL (P2.T4),2:58
http://stats.nba.com/cvp.html?GameID=0021200845&GameEventID=348,3,,Sacramento Kings,SUB: Thornton FOR Thompson,2:58
http://stats.nba.com/cvp.html?GameID=0021200845&GameEventID=341,3,,Miami Heat,SUB: Andersen FOR Bosh,2:58
http://stats.nba.com/cvp.html?GameID=0021200845&GameEventID=342,3,,Miami Heat,SUB: Lewis FOR Wade,2:58
http://stats.nba.com/cvp.html?GameID=0021200845&GameEventID=343,3,,Miami Heat,MISS Lewis 7' Floating Jump Shot,2:47
http://stats.nba.com/cvp.html?GameID=0021200845&GameEventID=344,3,,Miami Heat,HEAT Rebound,2:46
http://stats.nba.com/cvp.html?GameID=0021200845&GameEventID=345,3,,Sacramento Kings,Thornton P.FOUL (P2.PN),2:46
http://stats.nba.com/cvp.html?GameID=0021200845&GameEventID=346,3,[ 78 - 75 ],Miami Heat,Andersen Free Throw 1 of 2 (3 PTS),2:46
http://stats.nba.com/cvp.html?GameID=0021200845&GameEventID=349,3,[ 78 - 76 ],Miami Heat,Andersen Free Throw 2 of 2 (4 PTS),2:46
http://stats.nba.com/cvp.html?GameID=0021200845&GameEventID=351,3,,Sacramento Kings,MISS Cousins 1' Driving Layup,2:28
http://stats.nba.com/cvp.html?GameID=0021200845&GameEventID=352,3,,Miami Heat,James REBOUND (Off:1 Def:2),2:27
http://stats.nba.com/cvp.html?GameID=0021200845&GameEventID=354,3,[ 78 - 78 ],Miami Heat,Allen 1' Layup (10 PTS) (James 8 AST),2:21
http://stats.nba.com/cvp.html?GameID=0021200845&GameEventID=356,3,,Miami Heat,Andersen P.FOUL (P2.PN),1:57
http://stats.nba.com/cvp.html?GameID=0021200845&GameEventID=359,3,,Sacramento Kings,MISS Cousins Free Throw 1 of 2,1:57
http://stats.nba.com/cvp.html?GameID=0021200845&GameEventID=362,3,,Sacramento Kings,Kings Rebound,1:57
http://stats.nba.com/cvp.html?GameID=0021200845&GameEventID=363,3,[ 79 - 78 ],Sacramento Kings,Cousins Free Throw 2 of 2 (13 PTS),1:57
http://stats.nba.com/cvp.html?GameID=0021200845&GameEventID=365,3,,Miami Heat,MISS James 26' 3PT Jump Shot,1:33
http://stats.nba.com/cvp.html?GameID=0021200845&GameEventID=366,3,,Sacramento Kings,Evans REBOUND (Off:1 Def:1),1:33
http://stats.nba.com/cvp.html?GameID=0021200845&GameEventID=367,3,,Sacramento Kings,MISS Cousins 1' Driving Layup,1:21
http://stats.nba.com/cvp.html?GameID=0021200845&GameEventID=368,3,,Miami Heat,Lewis REBOUND (Off:0 Def:2),1:20
http://stats.nba.com/cvp.html?GameID=0021200845&GameEventID=369,3,,Miami Heat,MISS James 1' Driving Layup,1:14
http://stats.nba.com/cvp.html?GameID=0021200845&GameEventID=369,3,,Sacramento Kings,Thornton BLOCK (1 BLK),1:14
http://stats.nba.com/cvp.html?GameID=0021200845&GameEventID=370,3,,Miami Heat,James REBOUND (Off:2 Def:2),1:13
http://stats.nba.com/cvp.html?GameID=0021200845&GameEventID=371,3,[ 79 - 80 ],Miami Heat,James 1' Layup (18 PTS),1:12
http://stats.nba.com/cvp.html?GameID=0021200845&GameEventID=372,3,[ 82 - 80 ],Sacramento Kings,Thornton 25' 3PT Jump Shot (21 PTS) (Cousins 4 AST),0:56
http://stats.nba.com/cvp.html?GameID=0021200845&GameEventID=373,3,[ 82 - 82 ],Miami Heat,Andersen  Dunk (6 PTS) (Allen 1 AST),0:39
http://stats.nba.com/cvp.html?GameID=0021200845&GameEventID=374,3,[ 85 - 82 ],Sacramento Kings,Salmons 25' 3PT Jump Shot (15 PTS) (Thomas 6 AST),0:32
http://stats.nba.com/cvp.html?GameID=0021200845&GameEventID=375,3,[ 85 - 84 ],Miami Heat,James 2' Driving Layup (20 PTS),0:13
http://stats.nba.com/cvp.html?GameID=0021200845&GameEventID=376,3,,Miami Heat,Cole STEAL (2 STL),0:02
http://stats.nba.com/cvp.html?GameID=0021200845&GameEventID=376,3,,Sacramento Kings,Thomas Bad Pass Turnover (P1.T13),0:02
http://stats.nba.com/cvp.html?GameID=0021200845&GameEventID=377,3,,Miami Heat,MISS Allen 36' 3PT Jump Shot,0:00
http://stats.nba.com/cvp.html?GameID=0021200845&GameEventID=378,3,,Miami Heat,HEAT Rebound,0:00
http://stats.nba.com/cvp.html?GameID=0021200845&GameEventID=382,4,,Miami Heat,James Bad Pass Turnover (P1.T8),11:39
http://stats.nba.com/cvp.html?GameID=0021200845&GameEventID=382,4,,Sacramento Kings,Evans STEAL (3 STL),11:39
http://stats.nba.com/cvp.html?GameID=0021200845&GameEventID=384,4,[ 88 - 84 ],Sacramento Kings,Thomas 26' 3PT Jump Shot (11 PTS) (Evans 2 AST),11:19
http://stats.nba.com/cvp.html?GameID=0021200845&GameEventID=385,4,,Miami Heat,MISS James 14' Jump Shot,11:01
http://stats.nba.com/cvp.html?GameID=0021200845&GameEventID=386,4,,Sacramento Kings,Kings Rebound,11:01
http://stats.nba.com/cvp.html?GameID=0021200845&GameEventID=387,4,,Sacramento Kings,MISS Thomas  3PT Jump Shot,10:38
http://stats.nba.com/cvp.html?GameID=0021200845&GameEventID=388,4,,Miami Heat,Lewis REBOUND (Off:0 Def:3),10:37
http://stats.nba.com/cvp.html?GameID=0021200845&GameEventID=389,4,[ 88 - 87 ],Miami Heat,Allen  3PT Jump Shot (13 PTS) (James 9 AST),10:27
http://stats.nba.com/cvp.html?GameID=0021200845&GameEventID=390,4,,Miami Heat,Cole P.FOUL (P1.T1),10:06
http://stats.nba.com/cvp.html?GameID=0021200845&GameEventID=391,4,,Miami Heat,Cole P.FOUL (P2.T2),10:06
http://stats.nba.com/cvp.html?GameID=0021200845&GameEventID=392,4,,Miami Heat,SUB: Wade FOR James,10:06
http://stats.nba.com/cvp.html?GameID=0021200845&GameEventID=393,4,,Sacramento Kings,MISS Evans 1' Layup,9:50
http://stats.nba.com/cvp.html?GameID=0021200845&GameEventID=394,4,,Sacramento Kings,Evans REBOUND (Off:2 Def:1),9:49
http://stats.nba.com/cvp.html?GameID=0021200845&GameEventID=395,4,,Miami Heat,Lewis BLOCK (1 BLK),9:39
http://stats.nba.com/cvp.html?GameID=0021200845&GameEventID=395,4,,Sacramento Kings,MISS Salmons 1' Layup,9:39
http://stats.nba.com/cvp.html?GameID=0021200845&GameEventID=396,4,,Sacramento Kings,Evans REBOUND (Off:3 Def:1),9:35
http://stats.nba.com/cvp.html?GameID=0021200845&GameEventID=397,4,[ 90 - 87 ],Sacramento Kings,Evans 1' Layup (18 PTS),9:33
http://stats.nba.com/cvp.html?GameID=0021200845&GameEventID=398,4,[ 90 - 90 ],Miami Heat,Allen 25' 3PT Jump Shot (16 PTS) (Wade 4 AST),9:28
http://stats.nba.com/cvp.html?GameID=0021200845&GameEventID=399,4,[ 92 - 90 ],Sacramento Kings,Cousins 1' Dunk (15 PTS) (Thornton 2 AST),9:11
http://stats.nba.com/cvp.html?GameID=0021200845&GameEventID=400,4,[ 92 - 92 ],Miami Heat,Andersen 1' Alley Oop Dunk (8 PTS) (Wade 5 AST),8:52
http://stats.nba.com/cvp.html?GameID=0021200845&GameEventID=401,4,,Sacramento Kings,MISS Evans 5' Driving Jump Shot,8:26
http://stats.nba.com/cvp.html?GameID=0021200845&GameEventID=402,4,,Miami Heat,Andersen REBOUND (Off:0 Def:3),8:25
http://stats.nba.com/cvp.html?GameID=0021200845&GameEventID=403,4,,Miami Heat,MISS Allen 24' 3PT Jump Shot,8:19
http://stats.nba.com/cvp.html?GameID=0021200845&GameEventID=404,4,,Sacramento Kings,Salmons REBOUND (Off:0 Def:4),8:18
http://stats.nba.com/cvp.html?GameID=0021200845&GameEventID=405,4,,Sacramento Kings,Cousins Offensive Charge Foul (P4.T1),8:03
http://stats.nba.com/cvp.html?GameID=0021200845&GameEventID=406,4,,Sacramento Kings,Cousins Foul Turnover (P3.T14),8:03
http://stats.nba.com/cvp.html?GameID=0021200845&GameEventID=411,4,[ 92 - 94 ],Miami Heat,Wade 19' Fadeaway Jumper (27 PTS),7:45
http://stats.nba.com/cvp.html?GameID=0021200845&GameEventID=412,4,,Miami Heat,Cole STEAL (3 STL),7:27
http://stats.nba.com/cvp.html?GameID=0021200845&GameEventID=412,4,,Sacramento Kings,Salmons Bad Pass Turnover (P4.T15),7:27
http://stats.nba.com/cvp.html?GameID=0021200845&GameEventID=413,4,,Sacramento Kings,Evans P.FOUL (P2.T2),7:26
http://stats.nba.com/cvp.html?GameID=0021200845&GameEventID=414,4,,Sacramento Kings,SUB: Patterson FOR Salmons,7:26
http://stats.nba.com/cvp.html?GameID=0021200845&GameEventID=415,4,,Miami Heat,MISS Allen 24' 3PT Jump Shot,7:11
http://stats.nba.com/cvp.html?GameID=0021200845&GameEventID=416,4,,Miami Heat,HEAT Rebound,7:10
http://stats.nba.com/cvp.html?GameID=0021200845&GameEventID=417,4,,Sacramento Kings,Patterson L.B.FOUL (P1.T3),7:10
http://stats.nba.com/cvp.html?GameID=0021200845&GameEventID=418,4,[ 92 - 96 ],Miami Heat,Andersen  Dunk (10 PTS) (Allen 2 AST),6:54
http://stats.nba.com/cvp.html?GameID=0021200845&GameEventID=419,4,,Sacramento Kings,Thornton Poss Lost Ball Turnover (P1.T16),6:31
http://stats.nba.com/cvp.html?GameID=0021200845&GameEventID=420,4,,Miami Heat,MISS Wade 18' Jump Shot,6:21
http://stats.nba.com/cvp.html?GameID=0021200845&GameEventID=421,4,,Sacramento Kings,Cousins REBOUND (Off:4 Def:7),6:20
http://stats.nba.com/cvp.html?GameID=0021200845&GameEventID=422,4,,Sacramento Kings,MISS Thornton  3PT Jump Shot,6:06
http://stats.nba.com/cvp.html?GameID=0021200845&GameEventID=423,4,,Sacramento Kings,Kings Rebound,6:05
http://stats.nba.com/cvp.html?GameID=0021200845&GameEventID=424,4,,Miami Heat,SUB: Bosh FOR Andersen,6:05
http://stats.nba.com/cvp.html?GameID=0021200845&GameEventID=425,4,,Miami Heat,SUB: James FOR Lewis,6:05
http://stats.nba.com/cvp.html?GameID=0021200845&GameEventID=426,4,[ 94 - 96 ],Sacramento Kings,Cousins 1' Layup (17 PTS),5:56
http://stats.nba.com/cvp.html?GameID=0021200845&GameEventID=427,4,[ 94 - 98 ],Miami Heat,Allen 1' Dunk (18 PTS) (Wade 6 AST),5:35
http://stats.nba.com/cvp.html?GameID=0021200845&GameEventID=428,4,,Sacramento Kings,Kings Timeout: Regular (Reg.4 Short 0),5:34
http://stats.nba.com/cvp.html?GameID=0021200845&GameEventID=432,4,,Sacramento Kings,MISS Patterson 21' Jump Shot,5:17
http://stats.nba.com/cvp.html?GameID=0021200845&GameEventID=433,4,,Miami Heat,Wade REBOUND (Off:2 Def:3),5:16
http://stats.nba.com/cvp.html?GameID=0021200845&GameEventID=434,4,[ 94 - 100 ],Miami Heat,James 1' Driving Layup (22 PTS),5:07
http://stats.nba.com/cvp.html?GameID=0021200845&GameEventID=435,4,,Sacramento Kings,Evans S.FOUL (P3.T4),5:07
http://stats.nba.com/cvp.html?GameID=0021200845&GameEventID=436,4,,Sacramento Kings,SUB: Thompson FOR Patterson,5:07
http://stats.nba.com/cvp.html?GameID=0021200845&GameEventID=437,4,[ 94 - 101 ],Miami Heat,James Free Throw 1 of 1 (23 PTS),5:07
http://stats.nba.com/cvp.html?GameID=0021200845&GameEventID=439,4,[ 96 - 101 ],Sacramento Kings,Thompson 9' Hook Shot (8 PTS) (Evans 3 AST),4:52
http://stats.nba.com/cvp.html?GameID=0021200845&GameEventID=440,4,,Miami Heat,Cole S.FOUL (P3.T3),4:52
http://stats.nba.com/cvp.html?GameID=0021200845&GameEventID=441,4,,Sacramento Kings,MISS Thompson Free Throw 1 of 1,4:52
http://stats.nba.com/cvp.html?GameID=0021200845&GameEventID=443,4,,Miami Heat,Wade REBOUND (Off:2 Def:4),4:51
http://stats.nba.com/cvp.html?GameID=0021200845&GameEventID=444,4,[ 96 - 103 ],Miami Heat,Wade 1' Layup (29 PTS) (James 10 AST),4:30
http://stats.nba.com/cvp.html?GameID=0021200845&GameEventID=445,4,,Miami Heat,Bosh BLOCK (3 BLK),4:09
http://stats.nba.com/cvp.html?GameID=0021200845&GameEventID=445,4,,Sacramento Kings,MISS Thompson 12' Turnaround Jump Shot,4:09
http://stats.nba.com/cvp.html?GameID=0021200845&GameEventID=446,4,,Miami Heat,Wade REBOUND (Off:2 Def:5),4:08
http://stats.nba.com/cvp.html?GameID=0021200845&GameEventID=447,4,[ 96 - 105 ],Miami Heat,Wade 15' Pullup Jump Shot (31 PTS),4:01
http://stats.nba.com/cvp.html?GameID=0021200845&GameEventID=448,4,,Sacramento Kings,Kings Timeout: Regular (Reg.5 Short 0),4:01
http://stats.nba.com/cvp.html?GameID=0021200845&GameEventID=450,4,,Sacramento Kings,SUB: Salmons FOR Thompson,4:01
http://stats.nba.com/cvp.html?GameID=0021200845&GameEventID=452,4,,Miami Heat,Cole S.FOUL (P4.T4),3:43
http://stats.nba.com/cvp.html?GameID=0021200845&GameEventID=453,4,[ 97 - 105 ],Sacramento Kings,Cousins Free Throw 1 of 2 (18 PTS),3:43
http://stats.nba.com/cvp.html?GameID=0021200845&GameEventID=455,4,,Sacramento Kings,MISS Cousins Free Throw 2 of 2,3:43
http://stats.nba.com/cvp.html?GameID=0021200845&GameEventID=457,4,,Miami Heat,Bosh REBOUND (Off:1 Def:4),3:42
http://stats.nba.com/cvp.html?GameID=0021200845&GameEventID=458,4,,Miami Heat,Wade Bad Pass Turnover (P3.T9),3:22
http://stats.nba.com/cvp.html?GameID=0021200845&GameEventID=458,4,,Sacramento Kings,Evans STEAL (4 STL),3:22
http://stats.nba.com/cvp.html?GameID=0021200845&GameEventID=459,4,[ 99 - 105 ],Sacramento Kings,Evans 1' Driving Layup (20 PTS),3:14
http://stats.nba.com/cvp.html?GameID=0021200845&GameEventID=460,4,[ 99 - 108 ],Miami Heat,Allen 24' 3PT Jump Shot (21 PTS) (James 11 AST),2:45
http://stats.nba.com/cvp.html?GameID=0021200845&GameEventID=461,4,[ 101 - 108 ],Sacramento Kings,Cousins 1' Dunk (20 PTS) (Salmons 7 AST),2:36
http://stats.nba.com/cvp.html?GameID=0021200845&GameEventID=462,4,[ 101 - 110 ],Miami Heat,Wade 1' Driving Finger Roll Layup (33 PTS),2:20
http://stats.nba.com/cvp.html?GameID=0021200845&GameEventID=463,4,[ 104 - 110 ],Sacramento Kings,Thornton 24' 3PT Jump Shot (24 PTS) (Evans 4 AST),2:04
http://stats.nba.com/cvp.html?GameID=0021200845&GameEventID=464,4,[ 104 - 112 ],Miami Heat,James 8' Jump Bank Shot (25 PTS),1:39
http://stats.nba.com/cvp.html?GameID=0021200845&GameEventID=465,4,,Sacramento Kings,MISS Evans 6' Driving Jump Shot,1:26
http://stats.nba.com/cvp.html?GameID=0021200845&GameEventID=466,4,,Miami Heat,Bosh REBOUND (Off:1 Def:5),1:25
http://stats.nba.com/cvp.html?GameID=0021200845&GameEventID=467,4,,Miami Heat,James Lost Ball Turnover (P2.T10),1:12
http://stats.nba.com/cvp.html?GameID=0021200845&GameEventID=467,4,,Sacramento Kings,Cousins STEAL (2 STL),1:12
http://stats.nba.com/cvp.html?GameID=0021200845&GameEventID=468,4,[ 107 - 112 ],Sacramento Kings,Thornton 26' 3PT Jump Shot (27 PTS) (Cousins 5 AST),1:06
http://stats.nba.com/cvp.html?GameID=0021200845&GameEventID=469,4,,Miami Heat,HEAT Timeout: Regular (Full 4 Short 1),1:06
http://stats.nba.com/cvp.html?GameID=0021200845&GameEventID=472,4,,Miami Heat,SUB: Chalmers FOR Cole,1:06
http://stats.nba.com/cvp.html?GameID=0021200845&GameEventID=473,4,,Sacramento Kings,Salmons P.FOUL (P2.PN),0:48
http://stats.nba.com/cvp.html?GameID=0021200845&GameEventID=474,4,,Miami Heat,MISS James 20' Jump Shot,0:34
http://stats.nba.com/cvp.html?GameID=0021200845&GameEventID=475,4,,Sacramento Kings,Cousins REBOUND (Off:4 Def:8),0:33
http://stats.nba.com/cvp.html?GameID=0021200845&GameEventID=476,4,[ 110 - 112 ],Sacramento Kings,Thornton 25' 3PT Jump Shot (30 PTS) (Thomas 7 AST),0:23
http://stats.nba.com/cvp.html?GameID=0021200845&GameEventID=477,4,,Sacramento Kings,Evans P.FOUL (P4.PN),0:20
http://stats.nba.com/cvp.html?GameID=0021200845&GameEventID=478,4,,Miami Heat,MISS Wade Free Throw 1 of 2,0:20
http://stats.nba.com/cvp.html?GameID=0021200845&GameEventID=479,4,,Miami Heat,HEAT Rebound,0:20
http://stats.nba.com/cvp.html?GameID=0021200845&GameEventID=480,4,,Sacramento Kings,SUB: Thompson FOR Thomas,0:20
http://stats.nba.com/cvp.html?GameID=0021200845&GameEventID=481,4,,Miami Heat,SUB: Cole FOR Chalmers,0:20
http://stats.nba.com/cvp.html?GameID=0021200845&GameEventID=482,4,,Miami Heat,MISS Wade Free Throw 2 of 2,0:20
http://stats.nba.com/cvp.html?GameID=0021200845&GameEventID=484,4,,Sacramento Kings,Cousins REBOUND (Off:4 Def:9),0:19
http://stats.nba.com/cvp.html?GameID=0021200845&GameEventID=485,4,,Sacramento Kings,Kings Timeout: Regular (Reg.6 Short 0),0:19
http://stats.nba.com/cvp.html?GameID=0021200845&GameEventID=487,4,,Sacramento Kings,SUB: Thomas FOR Thompson,0:19
http://stats.nba.com/cvp.html?GameID=0021200845&GameEventID=489,4,,Sacramento Kings,MISS Thomas 4' Driving Layup,0:09
http://stats.nba.com/cvp.html?GameID=0021200845&GameEventID=490,4,,Sacramento Kings,Cousins REBOUND (Off:5 Def:9),0:09
http://stats.nba.com/cvp.html?GameID=0021200845&GameEventID=491,4,[ 112 - 112 ],Sacramento Kings,Cousins 1' Layup (22 PTS),0:08
http://stats.nba.com/cvp.html?GameID=0021200845&GameEventID=492,4,,Miami Heat,HEAT Timeout: Short (Full 4 Short 2),0:08
http://stats.nba.com/cvp.html?GameID=0021200845&GameEventID=495,4,,Miami Heat,SUB: Chalmers FOR Cole,0:08
http://stats.nba.com/cvp.html?GameID=0021200845&GameEventID=496,4,,Miami Heat,MISS Wade 21' Jump Shot,0:00
http://stats.nba.com/cvp.html?GameID=0021200845&GameEventID=497,4,,Miami Heat,HEAT Rebound,0:00
http://stats.nba.com/cvp.html?GameID=0021200845&GameEventID=501,5,,Miami Heat,Jump Ball Bosh vs. Cousins: Tip to James,5:00
http://stats.nba.com/cvp.html?GameID=0021200845&GameEventID=502,5,,Miami Heat,MISS James 5' Hook Shot,4:47
http://stats.nba.com/cvp.html?GameID=0021200845&GameEventID=502,5,,Sacramento Kings,Salmons BLOCK (1 BLK),4:47
http://stats.nba.com/cvp.html?GameID=0021200845&GameEventID=503,5,,Miami Heat,HEAT Rebound,4:46
http://stats.nba.com/cvp.html?GameID=0021200845&GameEventID=504,5,,Sacramento Kings,Evans P.FOUL (P5.T1),4:40
http://stats.nba.com/cvp.html?GameID=0021200845&GameEventID=505,5,,Miami Heat,HEAT Turnover: Shot Clock (T#11),4:26
http://stats.nba.com/cvp.html?GameID=0021200845&GameEventID=506,5,,Sacramento Kings,MISS Cousins 1' Driving Dunk,4:07
http://stats.nba.com/cvp.html?GameID=0021200845&GameEventID=507,5,,Miami Heat,Bosh REBOUND (Off:1 Def:6),4:06
http://stats.nba.com/cvp.html?GameID=0021200845&GameEventID=508,5,[ 112 - 114 ],Miami Heat,James 1' Layup (27 PTS) (Bosh 2 AST),4:02
http://stats.nba.com/cvp.html?GameID=0021200845&GameEventID=509,5,,Sacramento Kings,Thomas S.FOUL (P3.T2),4:02
http://stats.nba.com/cvp.html?GameID=0021200845&GameEventID=510,5,[ 112 - 115 ],Miami Heat,James Free Throw 1 of 1 (28 PTS),4:02
http://stats.nba.com/cvp.html?GameID=0021200845&GameEventID=512,5,,Sacramento Kings,MISS Salmons 20' Step Back Jump Shot,3:49
http://stats.nba.com/cvp.html?GameID=0021200845&GameEventID=513,5,,Sacramento Kings,Cousins REBOUND (Off:6 Def:9),3:48
http://stats.nba.com/cvp.html?GameID=0021200845&GameEventID=514,5,[ 114 - 115 ],Sacramento Kings,Cousins 1' Layup (24 PTS),3:47
http://stats.nba.com/cvp.html?GameID=0021200845&GameEventID=515,5,,Miami Heat,Bosh S.FOUL (P3.T1),3:47
http://stats.nba.com/cvp.html?GameID=0021200845&GameEventID=516,5,,Sacramento Kings,MISS Cousins Free Throw 1 of 1,3:47
http://stats.nba.com/cvp.html?GameID=0021200845&GameEventID=518,5,,Miami Heat,James REBOUND (Off:2 Def:3),3:46
http://stats.nba.com/cvp.html?GameID=0021200845&GameEventID=519,5,,Sacramento Kings,Salmons S.FOUL (P3.T3),3:25
http://stats.nba.com/cvp.html?GameID=0021200845&GameEventID=520,5,[ 114 - 116 ],Miami Heat,Bosh Free Throw 1 of 2 (8 PTS),3:25
http://stats.nba.com/cvp.html?GameID=0021200845&GameEventID=522,5,[ 114 - 117 ],Miami Heat,Bosh Free Throw 2 of 2 (9 PTS),3:25
http://stats.nba.com/cvp.html?GameID=0021200845&GameEventID=524,5,[ 116 - 117 ],Sacramento Kings,Evans 4' Driving Jump Shot (22 PTS),3:18
http://stats.nba.com/cvp.html?GameID=0021200845&GameEventID=525,5,,Miami Heat,MISS Allen 25' 3PT Jump Shot,3:00
http://stats.nba.com/cvp.html?GameID=0021200845&GameEventID=526,5,,Sacramento Kings,Salmons REBOUND (Off:0 Def:5),2:59
http://stats.nba.com/cvp.html?GameID=0021200845&GameEventID=527,5,,Sacramento Kings,Evans Traveling Turnover (P2.T17),2:57
http://stats.nba.com/cvp.html?GameID=0021200845&GameEventID=528,5,[ 116 - 119 ],Miami Heat,Bosh 20' Jump Shot (11 PTS) (James 12 AST),2:42
http://stats.nba.com/cvp.html?GameID=0021200845&GameEventID=529,5,[ 118 - 119 ],Sacramento Kings,Evans 18' Jump Shot (24 PTS),2:20
http://stats.nba.com/cvp.html?GameID=0021200845&GameEventID=530,5,[ 118 - 121 ],Miami Heat,Bosh  Dunk (13 PTS) (James 13 AST),2:04
http://stats.nba.com/cvp.html?GameID=0021200845&GameEventID=531,5,,Sacramento Kings,Kings Timeout: Regular (Reg.7 Short 0),1:53
http://stats.nba.com/cvp.html?GameID=0021200845&GameEventID=535,5,[ 121 - 121 ],Sacramento Kings,Thornton 25' 3PT Jump Shot (33 PTS) (Thomas 8 AST),1:41
http://stats.nba.com/cvp.html?GameID=0021200845&GameEventID=536,5,[ 121 - 123 ],Miami Heat,Wade 15' Turnaround Jump Shot (35 PTS),1:20
http://stats.nba.com/cvp.html?GameID=0021200845&GameEventID=537,5,[ 124 - 123 ],Sacramento Kings,Thomas 25' 3PT Jump Shot (14 PTS) (Thornton 3 AST),1:07
http://stats.nba.com/cvp.html?GameID=0021200845&GameEventID=538,5,,Miami Heat,MISS James 21' Jump Shot,0:43
http://stats.nba.com/cvp.html?GameID=0021200845&GameEventID=539,5,,Miami Heat,HEAT Rebound,0:43
http://stats.nba.com/cvp.html?GameID=0021200845&GameEventID=540,5,,Sacramento Kings,Cousins S.FOUL (P5.PN),0:29
http://stats.nba.com/cvp.html?GameID=0021200845&GameEventID=541,5,,Miami Heat,MISS James Free Throw 1 of 2,0:29
http://stats.nba.com/cvp.html?GameID=0021200845&GameEventID=542,5,,Miami Heat,HEAT Rebound,0:29
http://stats.nba.com/cvp.html?GameID=0021200845&GameEventID=543,5,,Sacramento Kings,SUB: Thompson FOR Thomas,0:29
http://stats.nba.com/cvp.html?GameID=0021200845&GameEventID=544,5,[ 124 - 124 ],Miami Heat,James Free Throw 2 of 2 (29 PTS),0:29
http://stats.nba.com/cvp.html?GameID=0021200845&GameEventID=546,5,,Sacramento Kings,Kings Timeout: Short (Reg.7 Short 1),0:29
http://stats.nba.com/cvp.html?GameID=0021200845&GameEventID=547,5,,Sacramento Kings,SUB: Thomas FOR Thompson,0:29
http://stats.nba.com/cvp.html?GameID=0021200845&GameEventID=549,5,,Miami Heat,Bosh BLOCK (4 BLK),0:08
http://stats.nba.com/cvp.html?GameID=0021200845&GameEventID=549,5,,Sacramento Kings,MISS Thomas 1' Layup,0:08
http://stats.nba.com/cvp.html?GameID=0021200845&GameEventID=550,5,,Miami Heat,Allen REBOUND (Off:0 Def:3),0:06
http://stats.nba.com/cvp.html?GameID=0021200845&GameEventID=551,5,,Miami Heat,HEAT Timeout: Regular (Full 5 Short 2),0:05
http://stats.nba.com/cvp.html?GameID=0021200845&GameEventID=554,5,,Miami Heat,MISS James  Layup,0:02
http://stats.nba.com/cvp.html?GameID=0021200845&GameEventID=554,5,,Sacramento Kings,Salmons BLOCK (2 BLK),0:02
http://stats.nba.com/cvp.html?GameID=0021200845&GameEventID=555,5,,Miami Heat,HEAT Rebound,0:00
http://stats.nba.com/cvp.html?GameID=0021200845&GameEventID=558,5,,Miami Heat,HEAT Timeout: Short (Full 5 Short 3),0:00
http://stats.nba.com/cvp.html?GameID=0021200845&GameEventID=559,5,,Sacramento Kings,SUB: Thompson FOR Thomas,0:00
http://stats.nba.com/cvp.html?GameID=0021200845&GameEventID=562,5,,Miami Heat,MISS Bosh 19' Jump Shot,0:00
http://stats.nba.com/cvp.html?GameID=0021200845&GameEventID=563,5,,Miami Heat,HEAT Rebound,0:00
http://stats.nba.com/cvp.html?GameID=0021200845&GameEventID=567,6,,Miami Heat,Jump Ball Bosh vs. Cousins: Tip to Chalmers,5:00
http://stats.nba.com/cvp.html?GameID=0021200845&GameEventID=568,6,,Miami Heat,MISS Chalmers 12' Jump Shot,4:37
http://stats.nba.com/cvp.html?GameID=0021200845&GameEventID=569,6,,Miami Heat,James REBOUND (Off:3 Def:3),4:36
http://stats.nba.com/cvp.html?GameID=0021200845&GameEventID=570,6,[ 124 - 126 ],Miami Heat,James 2' Layup (31 PTS),4:35
http://stats.nba.com/cvp.html?GameID=0021200845&GameEventID=571,6,,Miami Heat,HEAT Violation: Delay of game Violation,4:35
http://stats.nba.com/cvp.html?GameID=0021200845&GameEventID=572,6,,Miami Heat,Chalmers STEAL (1 STL),4:17
http://stats.nba.com/cvp.html?GameID=0021200845&GameEventID=572,6,,Sacramento Kings,Cousins Bad Pass Turnover (P4.T18),4:17
http://stats.nba.com/cvp.html?GameID=0021200845&GameEventID=573,6,[ 124 - 128 ],Miami Heat,Wade 1' Running Dunk (37 PTS) (James 14 AST),4:12
http://stats.nba.com/cvp.html?GameID=0021200845&GameEventID=574,6,[ 127 - 128 ],Sacramento Kings,Thornton 24' 3PT Jump Shot (36 PTS) (Thomas 9 AST),3:50
http://stats.nba.com/cvp.html?GameID=0021200845&GameEventID=575,6,,Miami Heat,Chalmers Bad Pass Turnover (P1.T12),3:24
http://stats.nba.com/cvp.html?GameID=0021200845&GameEventID=575,6,,Sacramento Kings,Thornton STEAL (1 STL),3:24
http://stats.nba.com/cvp.html?GameID=0021200845&GameEventID=576,6,,Miami Heat,Wade BLOCK (2 BLK),3:21
http://stats.nba.com/cvp.html?GameID=0021200845&GameEventID=576,6,,Sacramento Kings,MISS Thornton 2' Driving Layup,3:21
http://stats.nba.com/cvp.html?GameID=0021200845&GameEventID=577,6,,Miami Heat,Allen REBOUND (Off:0 Def:4),3:20
http://stats.nba.com/cvp.html?GameID=0021200845&GameEventID=578,6,[ 127 - 131 ],Miami Heat,James 25' 3PT Jump Shot (34 PTS) (Wade 7 AST),3:14
http://stats.nba.com/cvp.html?GameID=0021200845&GameEventID=579,6,,Sacramento Kings,MISS Thornton 22' Jump Shot,2:46
http://stats.nba.com/cvp.html?GameID=0021200845&GameEventID=580,6,,Miami Heat,Bosh REBOUND (Off:1 Def:7),2:45
http://stats.nba.com/cvp.html?GameID=0021200845&GameEventID=581,6,[ 127 - 133 ],Miami Heat,James 20' Jump Shot (36 PTS) (Allen 3 AST),2:23
http://stats.nba.com/cvp.html?GameID=0021200845&GameEventID=582,6,,Miami Heat,Wade STEAL (3 STL),2:07
http://stats.nba.com/cvp.html?GameID=0021200845&GameEventID=582,6,,Sacramento Kings,Thomas Bad Pass Turnover (P2.T19),2:07
http://stats.nba.com/cvp.html?GameID=0021200845&GameEventID=583,6,,Sacramento Kings,Thornton S.FOUL (P3.T1),2:03
http://stats.nba.com/cvp.html?GameID=0021200845&GameEventID=584,6,[ 127 - 134 ],Miami Heat,James Free Throw 1 of 2 (37 PTS),2:03
http://stats.nba.com/cvp.html?GameID=0021200845&GameEventID=586,6,[ 127 - 135 ],Miami Heat,James Free Throw 2 of 2 (38 PTS),2:03
http://stats.nba.com/cvp.html?GameID=0021200845&GameEventID=588,6,,Sacramento Kings,MISS Thornton 1' Layup,1:53
http://stats.nba.com/cvp.html?GameID=0021200845&GameEventID=589,6,,Miami Heat,James REBOUND (Off:3 Def:4),1:52
http://stats.nba.com/cvp.html?GameID=0021200845&GameEventID=590,6,[ 127 - 137 ],Miami Heat,Bosh  Dunk (15 PTS) (James 15 AST),1:29
http://stats.nba.com/cvp.html?GameID=0021200845&GameEventID=591,6,,Sacramento Kings,Kings Timeout: Regular (Reg.8 Short 1),1:29
http://stats.nba.com/cvp.html?GameID=0021200845&GameEventID=596,6,[ 129 - 137 ],Sacramento Kings,Evans 1' Layup (26 PTS),1:23
http://stats.nba.com/cvp.html?GameID=0021200845&GameEventID=597,6,[ 129 - 139 ],Miami Heat,Wade 1' Driving Layup (39 PTS) (James 16 AST),1:01
http://stats.nba.com/cvp.html?GameID=0021200845&GameEventID=598,6,,Sacramento Kings,MISS Evans 25' 3PT Jump Shot,0:47
http://stats.nba.com/cvp.html?GameID=0021200845&GameEventID=599,6,,Miami Heat,Chalmers REBOUND (Off:0 Def:1),0:46
http://stats.nba.com/cvp.html?GameID=0021200845&GameEventID=600,6,,Sacramento Kings,Salmons S.FOUL (P4.T2),0:25
http://stats.nba.com/cvp.html?GameID=0021200845&GameEventID=601,6,[ 129 - 140 ],Miami Heat,James Free Throw 1 of 2 (39 PTS),0:25
http://stats.nba.com/cvp.html?GameID=0021200845&GameEventID=603,6,[ 129 - 141 ],Miami Heat,James Free Throw 2 of 2 (40 PTS),0:25
http://stats.nba.com/cvp.html?GameID=0021200845&GameEventID=605,6,,Sacramento Kings,MISS Thornton 25' 3PT Jump Shot,0:18
http://stats.nba.com/cvp.html?GameID=0021200845&GameEventID=606,6,,Miami Heat,Wade REBOUND (Off:2 Def:6),0:17
http://stats.nba.com/cvp.html?GameID=0021200845&GameEventID=607,6,,Miami Heat,Wade Lost Ball Turnover (P4.T13),0:12
http://stats.nba.com/cvp.html?GameID=0021200845&GameEventID=607,6,,Sacramento Kings,Evans STEAL (5 STL),0:12
http://stats.nba.com/cvp.html?GameID=0021200845&GameEventID=608,6,,Sacramento Kings,MISS Evans  Driving Layup,0:08
http://stats.nba.com/cvp.html?GameID=0021200845&GameEventID=609,6,,Miami Heat,James REBOUND (Off:3 Def:5),0:06
