http://stats.nba.com/cvp.html?GameID=0021200862&GameEventID=1,1,,Chicago Bulls,Jump Ball Noah vs. Hawes: Tip to Hinrich,12:00
http://stats.nba.com/cvp.html?GameID=0021200862&GameEventID=2,1,[ 0 - 2 ],Chicago Bulls,Deng 19' Jump Shot (2 PTS) (Boozer 1 AST),11:43
http://stats.nba.com/cvp.html?GameID=0021200862&GameEventID=3,1,,Philadelphia 76ers,MISS Hawes 17' Jump Shot,11:24
http://stats.nba.com/cvp.html?GameID=0021200862&GameEventID=4,1,,Philadelphia 76ers,Young REBOUND (Off:1 Def:0),11:23
http://stats.nba.com/cvp.html?GameID=0021200862&GameEventID=5,1,,Philadelphia 76ers,MISS Young 2' Putback Layup,11:21
http://stats.nba.com/cvp.html?GameID=0021200862&GameEventID=6,1,,Philadelphia 76ers,Young REBOUND (Off:2 Def:0),11:20
http://stats.nba.com/cvp.html?GameID=0021200862&GameEventID=7,1,[ 2 - 2 ],Philadelphia 76ers,Young 6' Hook Shot (2 PTS),11:18
http://stats.nba.com/cvp.html?GameID=0021200862&GameEventID=8,1,,Chicago Bulls,MISS Hinrich 24' 3PT Jump Shot,10:58
http://stats.nba.com/cvp.html?GameID=0021200862&GameEventID=9,1,,Philadelphia 76ers,Hawes REBOUND (Off:0 Def:1),10:57
http://stats.nba.com/cvp.html?GameID=0021200862&GameEventID=10,1,[ 4 - 2 ],Philadelphia 76ers,Turner 1' Dunk (2 PTS) (Hawes 1 AST),10:48
http://stats.nba.com/cvp.html?GameID=0021200862&GameEventID=11,1,,Chicago Bulls,MISS Belinelli 20' Jump Shot,10:28
http://stats.nba.com/cvp.html?GameID=0021200862&GameEventID=12,1,,Philadelphia 76ers,Young REBOUND (Off:2 Def:1),10:27
http://stats.nba.com/cvp.html?GameID=0021200862&GameEventID=13,1,,Philadelphia 76ers,MISS Turner 22' Jump Shot,10:11
http://stats.nba.com/cvp.html?GameID=0021200862&GameEventID=14,1,,Chicago Bulls,Deng REBOUND (Off:0 Def:1),10:10
http://stats.nba.com/cvp.html?GameID=0021200862&GameEventID=15,1,[ 4 - 4 ],Chicago Bulls,Belinelli 1' Driving Layup (2 PTS) (Deng 1 AST),9:59
http://stats.nba.com/cvp.html?GameID=0021200862&GameEventID=16,1,,Chicago Bulls,Noah BLOCK (1 BLK),9:37
http://stats.nba.com/cvp.html?GameID=0021200862&GameEventID=16,1,,Philadelphia 76ers,MISS Young 2' Driving Layup,9:37
http://stats.nba.com/cvp.html?GameID=0021200862&GameEventID=17,1,,Chicago Bulls,BULLS Rebound,9:37
http://stats.nba.com/cvp.html?GameID=0021200862&GameEventID=18,1,[ 4 - 6 ],Chicago Bulls,Deng 14' Jump Shot (4 PTS) (Hinrich 1 AST),9:20
http://stats.nba.com/cvp.html?GameID=0021200862&GameEventID=19,1,[ 6 - 6 ],Philadelphia 76ers,Turner 11' Running Jump Shot (4 PTS),9:05
http://stats.nba.com/cvp.html?GameID=0021200862&GameEventID=20,1,,Chicago Bulls,Boozer S.FOUL (P1.T1),9:05
http://stats.nba.com/cvp.html?GameID=0021200862&GameEventID=21,1,,Philadelphia 76ers,MISS Turner Free Throw 1 of 1,9:05
http://stats.nba.com/cvp.html?GameID=0021200862&GameEventID=23,1,,Chicago Bulls,Boozer REBOUND (Off:0 Def:1),9:03
http://stats.nba.com/cvp.html?GameID=0021200862&GameEventID=24,1,[ 6 - 8 ],Chicago Bulls,Boozer 12' Fadeaway Bank Shot (2 PTS) (Belinelli 1 AST),8:47
http://stats.nba.com/cvp.html?GameID=0021200862&GameEventID=25,1,[ 8 - 8 ],Philadelphia 76ers,Turner 12' Jump Shot (6 PTS),8:35
http://stats.nba.com/cvp.html?GameID=0021200862&GameEventID=26,1,,Chicago Bulls,MISS Belinelli 2' Layup,8:18
http://stats.nba.com/cvp.html?GameID=0021200862&GameEventID=28,1,,Chicago Bulls,Noah REBOUND (Off:1 Def:0),8:16
http://stats.nba.com/cvp.html?GameID=0021200862&GameEventID=27,1,[ 8 - 10 ],Chicago Bulls,Noah 1' Tip Shot (2 PTS),8:16
http://stats.nba.com/cvp.html?GameID=0021200862&GameEventID=29,1,[ 10 - 10 ],Philadelphia 76ers,Hawes 17' Jump Shot (2 PTS) (Turner 1 AST),8:03
http://stats.nba.com/cvp.html?GameID=0021200862&GameEventID=30,1,,Philadelphia 76ers,Turner P.FOUL (P1.T1),7:52
http://stats.nba.com/cvp.html?GameID=0021200862&GameEventID=31,1,,Chicago Bulls,MISS Hinrich 2' Reverse Layup,7:43
http://stats.nba.com/cvp.html?GameID=0021200862&GameEventID=31,1,,Philadelphia 76ers,Hawes BLOCK (1 BLK),7:43
http://stats.nba.com/cvp.html?GameID=0021200862&GameEventID=33,1,,Chicago Bulls,Noah REBOUND (Off:2 Def:0),7:41
http://stats.nba.com/cvp.html?GameID=0021200862&GameEventID=32,1,,Chicago Bulls,MISS Noah 2' Tip Shot,7:41
http://stats.nba.com/cvp.html?GameID=0021200862&GameEventID=34,1,,Chicago Bulls,Noah REBOUND (Off:3 Def:0),7:38
http://stats.nba.com/cvp.html?GameID=0021200862&GameEventID=35,1,,Chicago Bulls,MISS Hinrich 24' 3PT Jump Shot,7:35
http://stats.nba.com/cvp.html?GameID=0021200862&GameEventID=36,1,,Philadelphia 76ers,Turner REBOUND (Off:0 Def:1),7:34
http://stats.nba.com/cvp.html?GameID=0021200862&GameEventID=37,1,,Chicago Bulls,Noah BLOCK (2 BLK),7:25
http://stats.nba.com/cvp.html?GameID=0021200862&GameEventID=37,1,,Philadelphia 76ers,MISS Young 2' Layup,7:25
http://stats.nba.com/cvp.html?GameID=0021200862&GameEventID=38,1,,Chicago Bulls,BULLS Rebound,7:25
http://stats.nba.com/cvp.html?GameID=0021200862&GameEventID=39,1,[ 10 - 12 ],Chicago Bulls,Deng 21' Jump Shot (6 PTS),7:08
http://stats.nba.com/cvp.html?GameID=0021200862&GameEventID=40,1,,Chicago Bulls,Noah STEAL (1 STL),6:51
http://stats.nba.com/cvp.html?GameID=0021200862&GameEventID=40,1,,Philadelphia 76ers,Holiday Lost Ball Turnover (P1.T1),6:51
http://stats.nba.com/cvp.html?GameID=0021200862&GameEventID=41,1,,Chicago Bulls,MISS Boozer 17' Jump Shot,6:36
http://stats.nba.com/cvp.html?GameID=0021200862&GameEventID=43,1,,Chicago Bulls,Deng REBOUND (Off:1 Def:1),6:35
http://stats.nba.com/cvp.html?GameID=0021200862&GameEventID=42,1,,Chicago Bulls,MISS Deng 2' Tip Shot,6:35
http://stats.nba.com/cvp.html?GameID=0021200862&GameEventID=44,1,,Philadelphia 76ers,Young REBOUND (Off:0 Def:1),6:32
http://stats.nba.com/cvp.html?GameID=0021200862&GameEventID=45,1,[ 12 - 12 ],Philadelphia 76ers,Turner 10' Jump Shot (8 PTS),6:26
http://stats.nba.com/cvp.html?GameID=0021200862&GameEventID=47,1,,Philadelphia 76ers,Hawes S.FOUL (P1.T2),6:06
http://stats.nba.com/cvp.html?GameID=0021200862&GameEventID=48,1,[ 12 - 13 ],Chicago Bulls,Noah Free Throw 1 of 2 (3 PTS),6:06
http://stats.nba.com/cvp.html?GameID=0021200862&GameEventID=50,1,,Chicago Bulls,MISS Noah Free Throw 2 of 2,6:06
http://stats.nba.com/cvp.html?GameID=0021200862&GameEventID=52,1,,Philadelphia 76ers,Hawes REBOUND (Off:0 Def:2),6:05
http://stats.nba.com/cvp.html?GameID=0021200862&GameEventID=53,1,,Philadelphia 76ers,MISS Hawes 16' Jump Shot,5:45
http://stats.nba.com/cvp.html?GameID=0021200862&GameEventID=54,1,,Chicago Bulls,Noah REBOUND (Off:3 Def:1),5:43
http://stats.nba.com/cvp.html?GameID=0021200862&GameEventID=55,1,[ 12 - 15 ],Chicago Bulls,Boozer 12' Fadeaway Jumper (4 PTS),5:27
http://stats.nba.com/cvp.html?GameID=0021200862&GameEventID=56,1,,Chicago Bulls,Hinrich BLOCK (1 BLK),5:14
http://stats.nba.com/cvp.html?GameID=0021200862&GameEventID=56,1,,Philadelphia 76ers,MISS Holiday 11' Jump Shot,5:14
http://stats.nba.com/cvp.html?GameID=0021200862&GameEventID=57,1,,Chicago Bulls,Noah REBOUND (Off:3 Def:2),5:13
http://stats.nba.com/cvp.html?GameID=0021200862&GameEventID=58,1,,Chicago Bulls,Noah Bad Pass Turnover (P1.T1),5:11
http://stats.nba.com/cvp.html?GameID=0021200862&GameEventID=58,1,,Philadelphia 76ers,Turner STEAL (1 STL),5:11
http://stats.nba.com/cvp.html?GameID=0021200862&GameEventID=59,1,,Chicago Bulls,Noah BLOCK (3 BLK),5:04
http://stats.nba.com/cvp.html?GameID=0021200862&GameEventID=59,1,,Philadelphia 76ers,MISS Hawes 2' Layup,5:04
http://stats.nba.com/cvp.html?GameID=0021200862&GameEventID=60,1,,Chicago Bulls,Boozer REBOUND (Off:0 Def:2),5:03
http://stats.nba.com/cvp.html?GameID=0021200862&GameEventID=61,1,,Philadelphia 76ers,Turner Violation:Kicked Ball,5:03
http://stats.nba.com/cvp.html?GameID=0021200862&GameEventID=62,1,,Chicago Bulls,BULLS Timeout: Regular (Full 1 Short 0),5:03
http://stats.nba.com/cvp.html?GameID=0021200862&GameEventID=63,1,,Philadelphia 76ers,Young S.FOUL (P1.T3),4:48
http://stats.nba.com/cvp.html?GameID=0021200862&GameEventID=64,1,[ 12 - 16 ],Chicago Bulls,Boozer Free Throw 1 of 2 (5 PTS),4:48
http://stats.nba.com/cvp.html?GameID=0021200862&GameEventID=66,1,[ 12 - 17 ],Chicago Bulls,Boozer Free Throw 2 of 2 (6 PTS),4:48
http://stats.nba.com/cvp.html?GameID=0021200862&GameEventID=68,1,[ 14 - 17 ],Philadelphia 76ers,Holiday 22' Jump Shot (2 PTS),4:31
http://stats.nba.com/cvp.html?GameID=0021200862&GameEventID=69,1,,Chicago Bulls,MISS Boozer 17' Pullup Jump Shot,4:14
http://stats.nba.com/cvp.html?GameID=0021200862&GameEventID=70,1,,Philadelphia 76ers,Hawes REBOUND (Off:0 Def:3),4:13
http://stats.nba.com/cvp.html?GameID=0021200862&GameEventID=71,1,[ 16 - 17 ],Philadelphia 76ers,Holiday 16' Jump Shot (4 PTS),4:05
http://stats.nba.com/cvp.html?GameID=0021200862&GameEventID=72,1,,Chicago Bulls,MISS Deng 19' Jump Shot,3:43
http://stats.nba.com/cvp.html?GameID=0021200862&GameEventID=73,1,,Chicago Bulls,Boozer REBOUND (Off:1 Def:2),3:41
http://stats.nba.com/cvp.html?GameID=0021200862&GameEventID=74,1,[ 16 - 19 ],Chicago Bulls,Boozer 1' Driving Layup (8 PTS),3:35
http://stats.nba.com/cvp.html?GameID=0021200862&GameEventID=75,1,,Philadelphia 76ers,Young Bad Pass Turnover (P1.T2),3:14
http://stats.nba.com/cvp.html?GameID=0021200862&GameEventID=76,1,,Philadelphia 76ers,SUB: Wright FOR Young,3:14
http://stats.nba.com/cvp.html?GameID=0021200862&GameEventID=77,1,,Philadelphia 76ers,SUB: Allen FOR Young,3:14
http://stats.nba.com/cvp.html?GameID=0021200862&GameEventID=78,1,,Chicago Bulls,Noah Bad Pass Turnover (P2.T2),2:55
http://stats.nba.com/cvp.html?GameID=0021200862&GameEventID=79,1,,Philadelphia 76ers,76ers Timeout: Regular (Reg.1 Short 0),2:55
http://stats.nba.com/cvp.html?GameID=0021200862&GameEventID=80,1,[ 18 - 19 ],Philadelphia 76ers,Turner 22' Jump Shot (10 PTS),2:44
http://stats.nba.com/cvp.html?GameID=0021200862&GameEventID=81,1,,Chicago Bulls,Boozer Lost Ball Turnover (P1.T3),2:29
http://stats.nba.com/cvp.html?GameID=0021200862&GameEventID=81,1,,Philadelphia 76ers,Holiday STEAL (1 STL),2:29
http://stats.nba.com/cvp.html?GameID=0021200862&GameEventID=82,1,,Philadelphia 76ers,Wright Bad Pass Turnover (P1.T3),2:25
http://stats.nba.com/cvp.html?GameID=0021200862&GameEventID=83,1,,Chicago Bulls,MISS Deng 20' Jump Shot,2:12
http://stats.nba.com/cvp.html?GameID=0021200862&GameEventID=84,1,,Philadelphia 76ers,Allen REBOUND (Off:0 Def:1),2:11
http://stats.nba.com/cvp.html?GameID=0021200862&GameEventID=85,1,,Chicago Bulls,Deng BLOCK (1 BLK),2:02
http://stats.nba.com/cvp.html?GameID=0021200862&GameEventID=85,1,,Philadelphia 76ers,MISS Turner 18' Jump Shot,2:02
http://stats.nba.com/cvp.html?GameID=0021200862&GameEventID=86,1,,Chicago Bulls,Belinelli REBOUND (Off:0 Def:1),2:00
http://stats.nba.com/cvp.html?GameID=0021200862&GameEventID=87,1,,Chicago Bulls,MISS Belinelli 25' 3PT Jump Shot,1:49
http://stats.nba.com/cvp.html?GameID=0021200862&GameEventID=88,1,,Philadelphia 76ers,Turner REBOUND (Off:0 Def:2),1:48
http://stats.nba.com/cvp.html?GameID=0021200862&GameEventID=89,1,[ 20 - 19 ],Philadelphia 76ers,Hawes 2' Layup (4 PTS) (Allen 1 AST),1:34
http://stats.nba.com/cvp.html?GameID=0021200862&GameEventID=90,1,[ 20 - 21 ],Chicago Bulls,Belinelli 16' Jump Shot (4 PTS) (Hinrich 2 AST),1:17
http://stats.nba.com/cvp.html?GameID=0021200862&GameEventID=91,1,[ 22 - 21 ],Philadelphia 76ers,Holiday 19' Jump Shot (6 PTS),1:00
http://stats.nba.com/cvp.html?GameID=0021200862&GameEventID=92,1,,Chicago Bulls,MISS Deng 3' Layup,0:39
http://stats.nba.com/cvp.html?GameID=0021200862&GameEventID=92,1,,Philadelphia 76ers,Allen BLOCK (1 BLK),0:39
http://stats.nba.com/cvp.html?GameID=0021200862&GameEventID=93,1,,Philadelphia 76ers,Hawes REBOUND (Off:0 Def:4),0:37
http://stats.nba.com/cvp.html?GameID=0021200862&GameEventID=94,1,,Philadelphia 76ers,MISS Holiday 25' 3PT Jump Shot,0:31
http://stats.nba.com/cvp.html?GameID=0021200862&GameEventID=95,1,,Chicago Bulls,Belinelli REBOUND (Off:0 Def:2),0:30
http://stats.nba.com/cvp.html?GameID=0021200862&GameEventID=97,1,,Philadelphia 76ers,Allen S.FOUL (P1.T4),0:15
http://stats.nba.com/cvp.html?GameID=0021200862&GameEventID=98,1,[ 22 - 22 ],Chicago Bulls,Boozer Free Throw 1 of 2 (9 PTS),0:15
http://stats.nba.com/cvp.html?GameID=0021200862&GameEventID=100,1,,Philadelphia 76ers,SUB: Young FOR Turner,0:15
http://stats.nba.com/cvp.html?GameID=0021200862&GameEventID=101,1,,Chicago Bulls,SUB: Butler FOR Belinelli,0:15
http://stats.nba.com/cvp.html?GameID=0021200862&GameEventID=102,1,[ 22 - 23 ],Chicago Bulls,Boozer Free Throw 2 of 2 (10 PTS),0:15
http://stats.nba.com/cvp.html?GameID=0021200862&GameEventID=104,1,,Chicago Bulls,Hinrich P.FOUL (P1.T2),0:03
http://stats.nba.com/cvp.html?GameID=0021200862&GameEventID=105,1,,Philadelphia 76ers,MISS Wright 26' 3PT Jump Shot,0:00
http://stats.nba.com/cvp.html?GameID=0021200862&GameEventID=107,1,,Philadelphia 76ers,76ers Rebound,0:00
http://stats.nba.com/cvp.html?GameID=0021200862&GameEventID=110,2,,Chicago Bulls,Noah BLOCK (4 BLK),11:41
http://stats.nba.com/cvp.html?GameID=0021200862&GameEventID=110,2,,Philadelphia 76ers,MISS Young 7' Jump Shot,11:41
http://stats.nba.com/cvp.html?GameID=0021200862&GameEventID=111,2,,Philadelphia 76ers,76ers Rebound,11:41
http://stats.nba.com/cvp.html?GameID=0021200862&GameEventID=112,2,[ 24 - 23 ],Philadelphia 76ers,Holiday 15' Jump Shot (8 PTS),11:34
http://stats.nba.com/cvp.html?GameID=0021200862&GameEventID=113,2,,Chicago Bulls,MISS Deng 3' Layup,11:06
http://stats.nba.com/cvp.html?GameID=0021200862&GameEventID=113,2,,Philadelphia 76ers,Young BLOCK (1 BLK),11:06
http://stats.nba.com/cvp.html?GameID=0021200862&GameEventID=115,2,,Philadelphia 76ers,76ers Rebound,11:06
http://stats.nba.com/cvp.html?GameID=0021200862&GameEventID=114,2,,Chicago Bulls,Jump Ball Deng vs. Young: Tip to Allen,11:06
http://stats.nba.com/cvp.html?GameID=0021200862&GameEventID=116,2,,Philadelphia 76ers,MISS Allen 6' Jump Shot,10:50
http://stats.nba.com/cvp.html?GameID=0021200862&GameEventID=117,2,,Chicago Bulls,Deng REBOUND (Off:1 Def:2),10:49
http://stats.nba.com/cvp.html?GameID=0021200862&GameEventID=119,2,,Chicago Bulls,MISS Noah 4' Hook Shot,10:26
http://stats.nba.com/cvp.html?GameID=0021200862&GameEventID=121,2,,Chicago Bulls,Butler REBOUND (Off:1 Def:0),10:25
http://stats.nba.com/cvp.html?GameID=0021200862&GameEventID=120,2,[ 24 - 25 ],Chicago Bulls,Butler 2' Tip Shot (2 PTS),10:25
http://stats.nba.com/cvp.html?GameID=0021200862&GameEventID=122,2,,Philadelphia 76ers,MISS Pargo 19' Jump Shot,10:07
http://stats.nba.com/cvp.html?GameID=0021200862&GameEventID=123,2,,Chicago Bulls,Butler REBOUND (Off:1 Def:1),10:05
http://stats.nba.com/cvp.html?GameID=0021200862&GameEventID=124,2,,Philadelphia 76ers,Allen P.FOUL (P2.T1),10:01
http://stats.nba.com/cvp.html?GameID=0021200862&GameEventID=125,2,[ 24 - 27 ],Chicago Bulls,Noah 2' Driving Slam Dunk (5 PTS) (Robinson 1 AST),9:56
http://stats.nba.com/cvp.html?GameID=0021200862&GameEventID=127,2,,Philadelphia 76ers,SUB: Hawes FOR Allen,9:43
http://stats.nba.com/cvp.html?GameID=0021200862&GameEventID=128,2,[ 26 - 27 ],Philadelphia 76ers,Holiday 6' Jump Shot (10 PTS) (Pargo 1 AST),9:35
http://stats.nba.com/cvp.html?GameID=0021200862&GameEventID=129,2,,Chicago Bulls,MISS Robinson 18' Jump Shot,9:18
http://stats.nba.com/cvp.html?GameID=0021200862&GameEventID=131,2,,Chicago Bulls,Noah REBOUND (Off:4 Def:2),9:17
http://stats.nba.com/cvp.html?GameID=0021200862&GameEventID=130,2,[ 26 - 29 ],Chicago Bulls,Noah 1' Putback Layup (7 PTS),9:17
http://stats.nba.com/cvp.html?GameID=0021200862&GameEventID=132,2,,Philadelphia 76ers,Hawes S.FOUL (P2.T2),9:17
http://stats.nba.com/cvp.html?GameID=0021200862&GameEventID=133,2,[ 26 - 30 ],Chicago Bulls,Noah Free Throw 1 of 1 (8 PTS),9:17
http://stats.nba.com/cvp.html?GameID=0021200862&GameEventID=135,2,,Chicago Bulls,Noah STEAL (2 STL),9:03
http://stats.nba.com/cvp.html?GameID=0021200862&GameEventID=135,2,,Philadelphia 76ers,Young Bad Pass Turnover (P2.T4),9:03
http://stats.nba.com/cvp.html?GameID=0021200862&GameEventID=136,2,,Philadelphia 76ers,Pargo Violation:Kicked Ball,8:59
http://stats.nba.com/cvp.html?GameID=0021200862&GameEventID=138,2,,Chicago Bulls,SUB: Mohammed FOR Noah,8:59
http://stats.nba.com/cvp.html?GameID=0021200862&GameEventID=139,2,,Philadelphia 76ers,SUB: Moultrie FOR Hawes,8:59
http://stats.nba.com/cvp.html?GameID=0021200862&GameEventID=140,2,[ 26 - 32 ],Chicago Bulls,Deng 2' Layup (8 PTS) (Mohammed 1 AST),8:51
http://stats.nba.com/cvp.html?GameID=0021200862&GameEventID=141,2,[ 29 - 32 ],Philadelphia 76ers,Wright 25' 3PT Jump Shot (3 PTS) (Pargo 2 AST),8:31
http://stats.nba.com/cvp.html?GameID=0021200862&GameEventID=142,2,,Chicago Bulls,MISS Mohammed 2' Layup,8:10
http://stats.nba.com/cvp.html?GameID=0021200862&GameEventID=142,2,,Philadelphia 76ers,Wright BLOCK (1 BLK),8:10
http://stats.nba.com/cvp.html?GameID=0021200862&GameEventID=143,2,,Philadelphia 76ers,Wright REBOUND (Off:0 Def:1),8:09
http://stats.nba.com/cvp.html?GameID=0021200862&GameEventID=144,2,,Chicago Bulls,Butler STEAL (1 STL),8:01
http://stats.nba.com/cvp.html?GameID=0021200862&GameEventID=144,2,,Philadelphia 76ers,Wright Bad Pass Turnover (P2.T5),8:01
http://stats.nba.com/cvp.html?GameID=0021200862&GameEventID=145,2,[ 29 - 34 ],Chicago Bulls,Butler 2' Dunk (4 PTS) (Deng 2 AST),7:57
http://stats.nba.com/cvp.html?GameID=0021200862&GameEventID=146,2,[ 31 - 34 ],Philadelphia 76ers,Holiday 20' Jump Shot (12 PTS),7:41
http://stats.nba.com/cvp.html?GameID=0021200862&GameEventID=147,2,,Chicago Bulls,MISS Robinson 2' Layup,7:20
http://stats.nba.com/cvp.html?GameID=0021200862&GameEventID=149,2,,Chicago Bulls,Mohammed REBOUND (Off:1 Def:0),7:19
http://stats.nba.com/cvp.html?GameID=0021200862&GameEventID=148,2,[ 31 - 36 ],Chicago Bulls,Mohammed 1' Tip Shot (2 PTS),7:19
http://stats.nba.com/cvp.html?GameID=0021200862&GameEventID=150,2,,Philadelphia 76ers,MISS Young 7' Hook Shot,7:09
http://stats.nba.com/cvp.html?GameID=0021200862&GameEventID=151,2,,Chicago Bulls,Mohammed REBOUND (Off:1 Def:1),7:08
http://stats.nba.com/cvp.html?GameID=0021200862&GameEventID=152,2,,Chicago Bulls,Mohammed Out of Bounds Lost Ball Turnover (P1.T4),7:01
http://stats.nba.com/cvp.html?GameID=0021200862&GameEventID=153,2,,Philadelphia 76ers,SUB: Turner FOR Holiday,7:01
http://stats.nba.com/cvp.html?GameID=0021200862&GameEventID=154,2,[ 33 - 36 ],Philadelphia 76ers,Moultrie 18' Jump Shot (2 PTS) (Turner 2 AST),6:48
http://stats.nba.com/cvp.html?GameID=0021200862&GameEventID=155,2,,Chicago Bulls,Robinson Discontinue Dribble Turnover (P1.T5),6:32
http://stats.nba.com/cvp.html?GameID=0021200862&GameEventID=156,2,,Philadelphia 76ers,Turner Discontinue Dribble Turnover (P1.T6),6:21
http://stats.nba.com/cvp.html?GameID=0021200862&GameEventID=157,2,,Chicago Bulls,SUB: Boozer FOR Deng,6:21
http://stats.nba.com/cvp.html?GameID=0021200862&GameEventID=158,2,,Chicago Bulls,MISS Robinson 24' 3PT Jump Shot,6:08
http://stats.nba.com/cvp.html?GameID=0021200862&GameEventID=159,2,,Philadelphia 76ers,Young REBOUND (Off:2 Def:2),6:07
http://stats.nba.com/cvp.html?GameID=0021200862&GameEventID=160,2,,Chicago Bulls,Mohammed S.FOUL (P1.T1),5:59
http://stats.nba.com/cvp.html?GameID=0021200862&GameEventID=161,2,,Chicago Bulls,BULLS Timeout: Regular (Full 2 Short 0),5:59
http://stats.nba.com/cvp.html?GameID=0021200862&GameEventID=162,2,,Chicago Bulls,SUB: Noah FOR Mohammed,5:59
http://stats.nba.com/cvp.html?GameID=0021200862&GameEventID=163,2,,Philadelphia 76ers,MISS Pargo Free Throw 1 of 2,5:59
http://stats.nba.com/cvp.html?GameID=0021200862&GameEventID=164,2,,Philadelphia 76ers,76ers Rebound,5:59
http://stats.nba.com/cvp.html?GameID=0021200862&GameEventID=165,2,[ 34 - 36 ],Philadelphia 76ers,Pargo Free Throw 2 of 2 (1 PTS),5:59
http://stats.nba.com/cvp.html?GameID=0021200862&GameEventID=167,2,,Chicago Bulls,MISS Boozer 3' Layup,5:43
http://stats.nba.com/cvp.html?GameID=0021200862&GameEventID=167,2,,Philadelphia 76ers,Young BLOCK (2 BLK),5:43
http://stats.nba.com/cvp.html?GameID=0021200862&GameEventID=168,2,,Philadelphia 76ers,Young REBOUND (Off:2 Def:3),5:42
http://stats.nba.com/cvp.html?GameID=0021200862&GameEventID=169,2,,Philadelphia 76ers,MISS Turner 20' Jump Shot,5:35
http://stats.nba.com/cvp.html?GameID=0021200862&GameEventID=170,2,,Chicago Bulls,Noah REBOUND (Off:4 Def:3),5:34
http://stats.nba.com/cvp.html?GameID=0021200862&GameEventID=171,2,,Chicago Bulls,MISS Cook 20' Jump Shot,5:18
http://stats.nba.com/cvp.html?GameID=0021200862&GameEventID=172,2,,Philadelphia 76ers,Turner REBOUND (Off:0 Def:3),5:17
http://stats.nba.com/cvp.html?GameID=0021200862&GameEventID=173,2,[ 36 - 36 ],Philadelphia 76ers,Moultrie 1' Alley Oop Dunk (4 PTS) (Turner 3 AST),5:12
http://stats.nba.com/cvp.html?GameID=0021200862&GameEventID=174,2,,Chicago Bulls,MISS Robinson 3' Layup,4:47
http://stats.nba.com/cvp.html?GameID=0021200862&GameEventID=175,2,,Chicago Bulls,Noah REBOUND (Off:5 Def:3),4:45
http://stats.nba.com/cvp.html?GameID=0021200862&GameEventID=176,2,,Chicago Bulls,MISS Noah 2' Layup,4:44
http://stats.nba.com/cvp.html?GameID=0021200862&GameEventID=176,2,,Philadelphia 76ers,Wright BLOCK (2 BLK),4:44
http://stats.nba.com/cvp.html?GameID=0021200862&GameEventID=177,2,,Philadelphia 76ers,76ers Rebound,4:43
http://stats.nba.com/cvp.html?GameID=0021200862&GameEventID=178,2,,Chicago Bulls,SUB: Belinelli FOR Butler,4:43
http://stats.nba.com/cvp.html?GameID=0021200862&GameEventID=179,2,,Chicago Bulls,SUB: Deng FOR Cook,4:43
http://stats.nba.com/cvp.html?GameID=0021200862&GameEventID=180,2,,Philadelphia 76ers,MISS Young 14' Jump Shot,4:33
http://stats.nba.com/cvp.html?GameID=0021200862&GameEventID=181,2,,Chicago Bulls,Deng REBOUND (Off:1 Def:3),4:32
http://stats.nba.com/cvp.html?GameID=0021200862&GameEventID=183,2,[ 36 - 38 ],Chicago Bulls,Belinelli 2' Driving Layup (6 PTS) (Deng 3 AST),4:17
http://stats.nba.com/cvp.html?GameID=0021200862&GameEventID=184,2,,Philadelphia 76ers,Turner Out of Bounds Lost Ball Turnover (P2.T7),3:54
http://stats.nba.com/cvp.html?GameID=0021200862&GameEventID=185,2,,Chicago Bulls,SUB: Hinrich FOR Robinson,3:54
http://stats.nba.com/cvp.html?GameID=0021200862&GameEventID=186,2,,Philadelphia 76ers,SUB: Holiday FOR Pargo,3:54
http://stats.nba.com/cvp.html?GameID=0021200862&GameEventID=187,2,,Chicago Bulls,MISS Boozer 14' Jump Shot,3:42
http://stats.nba.com/cvp.html?GameID=0021200862&GameEventID=188,2,,Philadelphia 76ers,Wright REBOUND (Off:0 Def:2),3:41
http://stats.nba.com/cvp.html?GameID=0021200862&GameEventID=189,2,,Chicago Bulls,Noah BLOCK (5 BLK),3:21
http://stats.nba.com/cvp.html?GameID=0021200862&GameEventID=189,2,,Philadelphia 76ers,MISS Young 2' Layup,3:21
http://stats.nba.com/cvp.html?GameID=0021200862&GameEventID=190,2,,Chicago Bulls,Boozer REBOUND (Off:1 Def:3),3:19
http://stats.nba.com/cvp.html?GameID=0021200862&GameEventID=191,2,,Chicago Bulls,MISS Belinelli 24' 3PT Jump Shot,3:13
http://stats.nba.com/cvp.html?GameID=0021200862&GameEventID=192,2,,Philadelphia 76ers,Young REBOUND (Off:2 Def:4),3:11
http://stats.nba.com/cvp.html?GameID=0021200862&GameEventID=193,2,,Philadelphia 76ers,MISS Holiday 18' Jump Shot,2:56
http://stats.nba.com/cvp.html?GameID=0021200862&GameEventID=194,2,,Chicago Bulls,Boozer REBOUND (Off:1 Def:4),2:54
http://stats.nba.com/cvp.html?GameID=0021200862&GameEventID=195,2,,Philadelphia 76ers,Moultrie S.FOUL (P1.T3),2:43
http://stats.nba.com/cvp.html?GameID=0021200862&GameEventID=196,2,,Philadelphia 76ers,76ers Timeout: Regular (Reg.2 Short 0),2:43
http://stats.nba.com/cvp.html?GameID=0021200862&GameEventID=197,2,,Philadelphia 76ers,SUB: Allen FOR Moultrie,2:43
http://stats.nba.com/cvp.html?GameID=0021200862&GameEventID=198,2,[ 36 - 39 ],Chicago Bulls,Boozer Free Throw 1 of 2 (11 PTS),2:43
http://stats.nba.com/cvp.html?GameID=0021200862&GameEventID=200,2,[ 36 - 40 ],Chicago Bulls,Boozer Free Throw 2 of 2 (12 PTS),2:43
http://stats.nba.com/cvp.html?GameID=0021200862&GameEventID=202,2,,Philadelphia 76ers,MISS Young 6' Hook Shot,2:21
http://stats.nba.com/cvp.html?GameID=0021200862&GameEventID=203,2,,Chicago Bulls,Boozer REBOUND (Off:1 Def:5),2:19
http://stats.nba.com/cvp.html?GameID=0021200862&GameEventID=204,2,,Chicago Bulls,MISS Boozer 18' Jump Shot,2:06
http://stats.nba.com/cvp.html?GameID=0021200862&GameEventID=205,2,,Philadelphia 76ers,Allen REBOUND (Off:0 Def:2),2:05
http://stats.nba.com/cvp.html?GameID=0021200862&GameEventID=206,2,[ 38 - 40 ],Philadelphia 76ers,Allen 7' Jump Bank Shot (2 PTS) (Holiday 1 AST),1:55
http://stats.nba.com/cvp.html?GameID=0021200862&GameEventID=207,2,[ 38 - 42 ],Chicago Bulls,Noah 6' Hook Shot (10 PTS),1:37
http://stats.nba.com/cvp.html?GameID=0021200862&GameEventID=208,2,,Chicago Bulls,Belinelli STEAL (1 STL),1:21
http://stats.nba.com/cvp.html?GameID=0021200862&GameEventID=208,2,,Philadelphia 76ers,Holiday Lost Ball Turnover (P2.T8),1:21
http://stats.nba.com/cvp.html?GameID=0021200862&GameEventID=209,2,,Chicago Bulls,MISS Deng 24' 3PT Jump Shot,1:14
http://stats.nba.com/cvp.html?GameID=0021200862&GameEventID=210,2,,Philadelphia 76ers,Wright REBOUND (Off:0 Def:3),1:13
http://stats.nba.com/cvp.html?GameID=0021200862&GameEventID=211,2,,Chicago Bulls,Deng S.FOUL (P1.T2),1:09
http://stats.nba.com/cvp.html?GameID=0021200862&GameEventID=212,2,,Philadelphia 76ers,MISS Holiday Free Throw 1 of 2,1:09
http://stats.nba.com/cvp.html?GameID=0021200862&GameEventID=213,2,,Philadelphia 76ers,76ers Rebound,1:09
http://stats.nba.com/cvp.html?GameID=0021200862&GameEventID=214,2,[ 39 - 42 ],Philadelphia 76ers,Holiday Free Throw 2 of 2 (13 PTS),1:09
http://stats.nba.com/cvp.html?GameID=0021200862&GameEventID=216,2,,Chicago Bulls,MISS Deng 5' Hook Shot,0:55
http://stats.nba.com/cvp.html?GameID=0021200862&GameEventID=217,2,,Philadelphia 76ers,Allen REBOUND (Off:0 Def:3),0:54
http://stats.nba.com/cvp.html?GameID=0021200862&GameEventID=218,2,,Philadelphia 76ers,MISS Young 3' Layup,0:43
http://stats.nba.com/cvp.html?GameID=0021200862&GameEventID=219,2,,Chicago Bulls,Deng REBOUND (Off:1 Def:4),0:41
http://stats.nba.com/cvp.html?GameID=0021200862&GameEventID=220,2,,Chicago Bulls,MISS Hinrich 24' 3PT Jump Shot,0:31
http://stats.nba.com/cvp.html?GameID=0021200862&GameEventID=221,2,,Philadelphia 76ers,Turner REBOUND (Off:0 Def:4),0:30
http://stats.nba.com/cvp.html?GameID=0021200862&GameEventID=222,2,,Philadelphia 76ers,MISS Holiday 16' Jump Shot,0:08
http://stats.nba.com/cvp.html?GameID=0021200862&GameEventID=223,2,,Chicago Bulls,Boozer REBOUND (Off:1 Def:6),0:07
http://stats.nba.com/cvp.html?GameID=0021200862&GameEventID=224,2,[ 39 - 44 ],Chicago Bulls,Deng 2' Layup (10 PTS) (Hinrich 3 AST),0:03
http://stats.nba.com/cvp.html?GameID=0021200862&GameEventID=225,2,,Philadelphia 76ers,Turner S.FOUL (P2.T4),0:03
http://stats.nba.com/cvp.html?GameID=0021200862&GameEventID=227,2,,Chicago Bulls,SUB: Butler FOR Boozer,0:03
http://stats.nba.com/cvp.html?GameID=0021200862&GameEventID=228,2,[ 39 - 45 ],Chicago Bulls,Deng Free Throw 1 of 1 (11 PTS),0:03
http://stats.nba.com/cvp.html?GameID=0021200862&GameEventID=235,3,,Philadelphia 76ers,MISS Young 21' Jump Shot,11:45
http://stats.nba.com/cvp.html?GameID=0021200862&GameEventID=236,3,,Philadelphia 76ers,Hawes REBOUND (Off:1 Def:4),11:44
http://stats.nba.com/cvp.html?GameID=0021200862&GameEventID=237,3,,Philadelphia 76ers,MISS Hawes 19' Jump Shot,11:38
http://stats.nba.com/cvp.html?GameID=0021200862&GameEventID=238,3,,Chicago Bulls,Belinelli REBOUND (Off:0 Def:3),11:37
http://stats.nba.com/cvp.html?GameID=0021200862&GameEventID=239,3,,Chicago Bulls,MISS Deng 7' Jump Shot,11:19
http://stats.nba.com/cvp.html?GameID=0021200862&GameEventID=240,3,,Philadelphia 76ers,Hawes REBOUND (Off:1 Def:5),11:18
http://stats.nba.com/cvp.html?GameID=0021200862&GameEventID=241,3,,Chicago Bulls,Noah STEAL (3 STL),11:14
http://stats.nba.com/cvp.html?GameID=0021200862&GameEventID=241,3,,Philadelphia 76ers,Holiday Bad Pass Turnover (P3.T9),11:14
http://stats.nba.com/cvp.html?GameID=0021200862&GameEventID=242,3,,Philadelphia 76ers,Holiday S.FOUL (P1.T1),11:10
http://stats.nba.com/cvp.html?GameID=0021200862&GameEventID=243,3,,Chicago Bulls,MISS Deng Free Throw 1 of 2,11:10
http://stats.nba.com/cvp.html?GameID=0021200862&GameEventID=244,3,,Chicago Bulls,BULLS Rebound,11:10
http://stats.nba.com/cvp.html?GameID=0021200862&GameEventID=245,3,[ 39 - 46 ],Chicago Bulls,Deng Free Throw 2 of 2 (12 PTS),11:10
http://stats.nba.com/cvp.html?GameID=0021200862&GameEventID=247,3,,Chicago Bulls,Noah BLOCK (6 BLK),10:46
http://stats.nba.com/cvp.html?GameID=0021200862&GameEventID=247,3,,Philadelphia 76ers,MISS Hawes 20' Jump Shot,10:46
http://stats.nba.com/cvp.html?GameID=0021200862&GameEventID=248,3,,Chicago Bulls,Boozer REBOUND (Off:1 Def:7),10:44
http://stats.nba.com/cvp.html?GameID=0021200862&GameEventID=249,3,[ 39 - 48 ],Chicago Bulls,Hinrich 20' Jump Shot (2 PTS),10:32
http://stats.nba.com/cvp.html?GameID=0021200862&GameEventID=250,3,,Chicago Bulls,Hinrich BLOCK (2 BLK),10:18
http://stats.nba.com/cvp.html?GameID=0021200862&GameEventID=250,3,,Philadelphia 76ers,MISS Holiday 12' Jump Shot,10:18
http://stats.nba.com/cvp.html?GameID=0021200862&GameEventID=251,3,,Philadelphia 76ers,Holiday REBOUND (Off:1 Def:0),10:17
http://stats.nba.com/cvp.html?GameID=0021200862&GameEventID=252,3,,Chicago Bulls,Deng S.FOUL (P2.T1),10:07
http://stats.nba.com/cvp.html?GameID=0021200862&GameEventID=253,3,[ 40 - 48 ],Philadelphia 76ers,Young Free Throw 1 of 2 (3 PTS),10:07
http://stats.nba.com/cvp.html?GameID=0021200862&GameEventID=255,3,,Philadelphia 76ers,MISS Young Free Throw 2 of 2,10:07
http://stats.nba.com/cvp.html?GameID=0021200862&GameEventID=257,3,,Chicago Bulls,Noah REBOUND (Off:5 Def:4),10:05
http://stats.nba.com/cvp.html?GameID=0021200862&GameEventID=258,3,,Chicago Bulls,MISS Hinrich 21' Jump Shot,9:49
http://stats.nba.com/cvp.html?GameID=0021200862&GameEventID=259,3,,Philadelphia 76ers,Holiday REBOUND (Off:1 Def:1),9:48
http://stats.nba.com/cvp.html?GameID=0021200862&GameEventID=260,3,[ 42 - 48 ],Philadelphia 76ers,Young 2' Layup (5 PTS) (Holiday 2 AST),9:45
http://stats.nba.com/cvp.html?GameID=0021200862&GameEventID=262,3,[ 42 - 50 ],Chicago Bulls,Hinrich 23' Jump Shot (4 PTS) (Noah 1 AST),9:20
http://stats.nba.com/cvp.html?GameID=0021200862&GameEventID=263,3,,Philadelphia 76ers,MISS Young 2' Layup,9:00
http://stats.nba.com/cvp.html?GameID=0021200862&GameEventID=264,3,,Chicago Bulls,Noah REBOUND (Off:5 Def:5),8:59
http://stats.nba.com/cvp.html?GameID=0021200862&GameEventID=265,3,,Chicago Bulls,MISS Hinrich 25' 3PT Jump Shot,8:52
http://stats.nba.com/cvp.html?GameID=0021200862&GameEventID=266,3,,Philadelphia 76ers,76ers Rebound,8:51
http://stats.nba.com/cvp.html?GameID=0021200862&GameEventID=267,3,,Chicago Bulls,Noah BLOCK (7 BLK),8:41
http://stats.nba.com/cvp.html?GameID=0021200862&GameEventID=267,3,,Philadelphia 76ers,MISS Young 4' Jump Shot,8:41
http://stats.nba.com/cvp.html?GameID=0021200862&GameEventID=268,3,,Philadelphia 76ers,Young REBOUND (Off:1 Def:1),8:39
http://stats.nba.com/cvp.html?GameID=0021200862&GameEventID=269,3,,Chicago Bulls,Deng BLOCK (2 BLK),8:33
http://stats.nba.com/cvp.html?GameID=0021200862&GameEventID=269,3,,Philadelphia 76ers,MISS Turner 16' Jump Shot,8:33
http://stats.nba.com/cvp.html?GameID=0021200862&GameEventID=270,3,,Philadelphia 76ers,Hawes REBOUND (Off:2 Def:5),8:31
http://stats.nba.com/cvp.html?GameID=0021200862&GameEventID=271,3,,Philadelphia 76ers,MISS Hawes 2' Putback Layup,8:29
http://stats.nba.com/cvp.html?GameID=0021200862&GameEventID=272,3,,Chicago Bulls,Noah REBOUND (Off:5 Def:6),8:28
http://stats.nba.com/cvp.html?GameID=0021200862&GameEventID=273,3,,Chicago Bulls,MISS Boozer 12' Jump Shot,8:09
http://stats.nba.com/cvp.html?GameID=0021200862&GameEventID=274,3,,Chicago Bulls,Deng REBOUND (Off:2 Def:4),8:08
http://stats.nba.com/cvp.html?GameID=0021200862&GameEventID=275,3,,Chicago Bulls,Deng Bad Pass Turnover (P1.T6),7:55
http://stats.nba.com/cvp.html?GameID=0021200862&GameEventID=275,3,,Philadelphia 76ers,Turner STEAL (2 STL),7:55
http://stats.nba.com/cvp.html?GameID=0021200862&GameEventID=276,3,,Chicago Bulls,Belinelli S.FOUL (P1.T2),7:52
http://stats.nba.com/cvp.html?GameID=0021200862&GameEventID=277,3,,Philadelphia 76ers,MISS Young Free Throw 1 of 2,7:52
http://stats.nba.com/cvp.html?GameID=0021200862&GameEventID=278,3,,Philadelphia 76ers,76ers Rebound,7:52
http://stats.nba.com/cvp.html?GameID=0021200862&GameEventID=279,3,,Philadelphia 76ers,MISS Young Free Throw 2 of 2,7:52
http://stats.nba.com/cvp.html?GameID=0021200862&GameEventID=281,3,,Chicago Bulls,Noah REBOUND (Off:5 Def:7),7:48
http://stats.nba.com/cvp.html?GameID=0021200862&GameEventID=282,3,,Philadelphia 76ers,Young P.FOUL (P2.T2),7:33
http://stats.nba.com/cvp.html?GameID=0021200862&GameEventID=283,3,[ 42 - 52 ],Chicago Bulls,Noah 2' Driving Layup (12 PTS) (Hinrich 4 AST),7:29
http://stats.nba.com/cvp.html?GameID=0021200862&GameEventID=284,3,,Philadelphia 76ers,Hawes S.FOUL (P3.T3),7:29
http://stats.nba.com/cvp.html?GameID=0021200862&GameEventID=285,3,[ 42 - 53 ],Chicago Bulls,Noah Free Throw 1 of 1 (13 PTS),7:29
http://stats.nba.com/cvp.html?GameID=0021200862&GameEventID=287,3,,Chicago Bulls,Belinelli S.FOUL (P2.T3),7:15
http://stats.nba.com/cvp.html?GameID=0021200862&GameEventID=288,3,[ 43 - 53 ],Philadelphia 76ers,Young Free Throw 1 of 2 (1 PTS),7:15
http://stats.nba.com/cvp.html?GameID=0021200862&GameEventID=290,3,[ 44 - 53 ],Philadelphia 76ers,Young Free Throw 2 of 2 (2 PTS),7:15
http://stats.nba.com/cvp.html?GameID=0021200862&GameEventID=292,3,,Chicago Bulls,MISS Belinelli 20' Jump Shot,7:04
http://stats.nba.com/cvp.html?GameID=0021200862&GameEventID=293,3,,Chicago Bulls,Boozer REBOUND (Off:2 Def:7),7:03
http://stats.nba.com/cvp.html?GameID=0021200862&GameEventID=294,3,,Philadelphia 76ers,Young S.FOUL (P3.T4),7:02
http://stats.nba.com/cvp.html?GameID=0021200862&GameEventID=295,3,[ 44 - 54 ],Chicago Bulls,Boozer Free Throw 1 of 2 (13 PTS),7:02
http://stats.nba.com/cvp.html?GameID=0021200862&GameEventID=297,3,[ 44 - 55 ],Chicago Bulls,Boozer Free Throw 2 of 2 (14 PTS),7:02
http://stats.nba.com/cvp.html?GameID=0021200862&GameEventID=299,3,[ 46 - 55 ],Philadelphia 76ers,Young 2' Layup (7 PTS) (Young 1 AST),6:43
http://stats.nba.com/cvp.html?GameID=0021200862&GameEventID=300,3,[ 46 - 57 ],Chicago Bulls,Hinrich 8' Driving Bank Shot (6 PTS),6:26
http://stats.nba.com/cvp.html?GameID=0021200862&GameEventID=301,3,,Philadelphia 76ers,Holiday S.FOUL (P2.PN),6:26
http://stats.nba.com/cvp.html?GameID=0021200862&GameEventID=302,3,,Chicago Bulls,MISS Hinrich Free Throw 1 of 1,6:26
http://stats.nba.com/cvp.html?GameID=0021200862&GameEventID=304,3,,Philadelphia 76ers,Young REBOUND (Off:2 Def:5),6:24
http://stats.nba.com/cvp.html?GameID=0021200862&GameEventID=305,3,,Philadelphia 76ers,MISS Turner 10' Jump Shot,6:02
http://stats.nba.com/cvp.html?GameID=0021200862&GameEventID=306,3,,Philadelphia 76ers,Hawes REBOUND (Off:3 Def:5),6:01
http://stats.nba.com/cvp.html?GameID=0021200862&GameEventID=307,3,,Philadelphia 76ers,MISS Hawes 4' Hook Shot,6:00
http://stats.nba.com/cvp.html?GameID=0021200862&GameEventID=308,3,,Chicago Bulls,Boozer REBOUND (Off:2 Def:8),5:59
http://stats.nba.com/cvp.html?GameID=0021200862&GameEventID=309,3,,Philadelphia 76ers,Young P.FOUL (P4.PN),5:59
http://stats.nba.com/cvp.html?GameID=0021200862&GameEventID=310,3,,Chicago Bulls,BULLS Timeout: Regular (Full 3 Short 0),5:59
http://stats.nba.com/cvp.html?GameID=0021200862&GameEventID=311,3,,Philadelphia 76ers,SUB: Allen FOR Young,5:59
http://stats.nba.com/cvp.html?GameID=0021200862&GameEventID=312,3,[ 46 - 58 ],Chicago Bulls,Boozer Free Throw 1 of 2 (15 PTS),5:59
http://stats.nba.com/cvp.html?GameID=0021200862&GameEventID=314,3,,Chicago Bulls,MISS Boozer Free Throw 2 of 2,5:59
http://stats.nba.com/cvp.html?GameID=0021200862&GameEventID=316,3,,Philadelphia 76ers,Turner REBOUND (Off:0 Def:5),5:58
http://stats.nba.com/cvp.html?GameID=0021200862&GameEventID=317,3,,Chicago Bulls,Belinelli STEAL (2 STL),5:39
http://stats.nba.com/cvp.html?GameID=0021200862&GameEventID=317,3,,Philadelphia 76ers,Holiday Bad Pass Turnover (P4.T10),5:39
http://stats.nba.com/cvp.html?GameID=0021200862&GameEventID=318,3,,Chicago Bulls,MISS Belinelli 2' Layup,5:20
http://stats.nba.com/cvp.html?GameID=0021200862&GameEventID=319,3,,Philadelphia 76ers,Hawes REBOUND (Off:3 Def:6),5:18
http://stats.nba.com/cvp.html?GameID=0021200862&GameEventID=320,3,,Philadelphia 76ers,MISS Turner 13' Jump Shot,5:05
http://stats.nba.com/cvp.html?GameID=0021200862&GameEventID=322,3,,Philadelphia 76ers,Allen REBOUND (Off:1 Def:3),5:04
http://stats.nba.com/cvp.html?GameID=0021200862&GameEventID=321,3,,Philadelphia 76ers,MISS Allen 2' Tip Shot,5:04
http://stats.nba.com/cvp.html?GameID=0021200862&GameEventID=323,3,,Chicago Bulls,Noah REBOUND (Off:5 Def:8),5:03
http://stats.nba.com/cvp.html?GameID=0021200862&GameEventID=324,3,,Philadelphia 76ers,Holiday S.FOUL (P3.PN),4:54
http://stats.nba.com/cvp.html?GameID=0021200862&GameEventID=325,3,[ 46 - 59 ],Chicago Bulls,Noah Free Throw 1 of 2 (14 PTS),4:54
http://stats.nba.com/cvp.html?GameID=0021200862&GameEventID=327,3,,Chicago Bulls,MISS Noah Free Throw 2 of 2,4:54
http://stats.nba.com/cvp.html?GameID=0021200862&GameEventID=329,3,,Philadelphia 76ers,Hawes REBOUND (Off:3 Def:7),4:53
http://stats.nba.com/cvp.html?GameID=0021200862&GameEventID=330,3,,Philadelphia 76ers,MISS Hawes 16' Jump Shot,4:37
http://stats.nba.com/cvp.html?GameID=0021200862&GameEventID=331,3,,Chicago Bulls,Boozer REBOUND (Off:2 Def:9),4:36
http://stats.nba.com/cvp.html?GameID=0021200862&GameEventID=332,3,,Philadelphia 76ers,Allen S.FOUL (P3.PN),4:23
http://stats.nba.com/cvp.html?GameID=0021200862&GameEventID=333,3,[ 46 - 60 ],Chicago Bulls,Boozer Free Throw 1 of 2 (16 PTS),4:23
http://stats.nba.com/cvp.html?GameID=0021200862&GameEventID=335,3,[ 46 - 61 ],Chicago Bulls,Boozer Free Throw 2 of 2 (17 PTS),4:23
http://stats.nba.com/cvp.html?GameID=0021200862&GameEventID=337,3,[ 48 - 61 ],Philadelphia 76ers,Hawes 17' Jump Shot (6 PTS) (Turner 4 AST),4:06
http://stats.nba.com/cvp.html?GameID=0021200862&GameEventID=338,3,[ 48 - 64 ],Chicago Bulls,Hinrich 24' 3PT Jump Shot (9 PTS) (Belinelli 2 AST),3:46
http://stats.nba.com/cvp.html?GameID=0021200862&GameEventID=339,3,[ 50 - 64 ],Philadelphia 76ers,Holiday 16' Jump Shot (15 PTS),3:29
http://stats.nba.com/cvp.html?GameID=0021200862&GameEventID=340,3,,Chicago Bulls,MISS Belinelli 24' 3PT Jump Shot,3:11
http://stats.nba.com/cvp.html?GameID=0021200862&GameEventID=341,3,,Philadelphia 76ers,Turner REBOUND (Off:0 Def:6),3:10
http://stats.nba.com/cvp.html?GameID=0021200862&GameEventID=342,3,[ 53 - 64 ],Philadelphia 76ers,Holiday 25' 3PT Jump Shot (18 PTS) (Young 2 AST),3:02
http://stats.nba.com/cvp.html?GameID=0021200862&GameEventID=343,3,,Chicago Bulls,MISS Hinrich 14' Jump Shot,2:39
http://stats.nba.com/cvp.html?GameID=0021200862&GameEventID=345,3,,Chicago Bulls,Noah REBOUND (Off:6 Def:8),2:37
http://stats.nba.com/cvp.html?GameID=0021200862&GameEventID=344,3,[ 53 - 66 ],Chicago Bulls,Noah 2' Tip Shot (16 PTS),2:37
http://stats.nba.com/cvp.html?GameID=0021200862&GameEventID=346,3,[ 55 - 66 ],Philadelphia 76ers,Holiday 16' Running Jump Shot (20 PTS),2:16
http://stats.nba.com/cvp.html?GameID=0021200862&GameEventID=347,3,,Chicago Bulls,Hinrich S.FOUL (P2.T4),2:16
http://stats.nba.com/cvp.html?GameID=0021200862&GameEventID=348,3,,Philadelphia 76ers,76ers Timeout: Regular (Reg.3 Short 0),2:16
http://stats.nba.com/cvp.html?GameID=0021200862&GameEventID=350,3,,Philadelphia 76ers,MISS Holiday Free Throw 1 of 1,2:16
http://stats.nba.com/cvp.html?GameID=0021200862&GameEventID=352,3,,Philadelphia 76ers,Allen REBOUND (Off:2 Def:3),2:15
http://stats.nba.com/cvp.html?GameID=0021200862&GameEventID=353,3,,Philadelphia 76ers,MISS Allen 4' Hook Shot,2:14
http://stats.nba.com/cvp.html?GameID=0021200862&GameEventID=354,3,,Philadelphia 76ers,76ers Rebound,2:12
http://stats.nba.com/cvp.html?GameID=0021200862&GameEventID=355,3,,Chicago Bulls,SUB: Butler FOR Belinelli,2:12
http://stats.nba.com/cvp.html?GameID=0021200862&GameEventID=356,3,,Philadelphia 76ers,MISS Young 11' Jump Shot,2:10
http://stats.nba.com/cvp.html?GameID=0021200862&GameEventID=357,3,,Chicago Bulls,Hinrich REBOUND (Off:0 Def:1),2:08
http://stats.nba.com/cvp.html?GameID=0021200862&GameEventID=358,3,,Chicago Bulls,MISS Boozer 5' Jump Shot,1:50
http://stats.nba.com/cvp.html?GameID=0021200862&GameEventID=359,3,,Chicago Bulls,Noah REBOUND (Off:7 Def:8),1:49
http://stats.nba.com/cvp.html?GameID=0021200862&GameEventID=360,3,,Chicago Bulls,Noah Bad Pass Turnover (P3.T7),1:47
http://stats.nba.com/cvp.html?GameID=0021200862&GameEventID=360,3,,Philadelphia 76ers,Holiday STEAL (2 STL),1:47
http://stats.nba.com/cvp.html?GameID=0021200862&GameEventID=361,3,,Chicago Bulls,Noah P.FOUL (P1.PN),1:39
http://stats.nba.com/cvp.html?GameID=0021200862&GameEventID=362,3,[ 56 - 66 ],Philadelphia 76ers,Hawes Free Throw 1 of 2 (7 PTS),1:39
http://stats.nba.com/cvp.html?GameID=0021200862&GameEventID=364,3,,Philadelphia 76ers,SUB: Wright FOR Turner,1:39
http://stats.nba.com/cvp.html?GameID=0021200862&GameEventID=365,3,[ 57 - 66 ],Philadelphia 76ers,Hawes Free Throw 2 of 2 (8 PTS),1:39
http://stats.nba.com/cvp.html?GameID=0021200862&GameEventID=367,3,[ 57 - 68 ],Chicago Bulls,Boozer 19' Jump Shot (19 PTS) (Hinrich 5 AST),1:28
http://stats.nba.com/cvp.html?GameID=0021200862&GameEventID=368,3,[ 60 - 68 ],Philadelphia 76ers,Wright 25' 3PT Jump Shot (6 PTS) (Holiday 3 AST),1:20
http://stats.nba.com/cvp.html?GameID=0021200862&GameEventID=369,3,,Chicago Bulls,MISS Noah 5' Hook Shot,0:57
http://stats.nba.com/cvp.html?GameID=0021200862&GameEventID=370,3,,Philadelphia 76ers,Hawes REBOUND (Off:3 Def:8),0:56
http://stats.nba.com/cvp.html?GameID=0021200862&GameEventID=371,3,,Chicago Bulls,Hinrich P.FOUL (P3.PN),0:50
http://stats.nba.com/cvp.html?GameID=0021200862&GameEventID=372,3,[ 61 - 68 ],Philadelphia 76ers,Hawes Free Throw 1 of 2 (9 PTS),0:50
http://stats.nba.com/cvp.html?GameID=0021200862&GameEventID=374,3,[ 62 - 68 ],Philadelphia 76ers,Hawes Free Throw 2 of 2 (10 PTS),0:50
http://stats.nba.com/cvp.html?GameID=0021200862&GameEventID=376,3,,Chicago Bulls,MISS Boozer 2' Layup,0:33
http://stats.nba.com/cvp.html?GameID=0021200862&GameEventID=376,3,,Philadelphia 76ers,Hawes BLOCK (2 BLK),0:33
http://stats.nba.com/cvp.html?GameID=0021200862&GameEventID=377,3,,Philadelphia 76ers,Young REBOUND (Off:1 Def:2),0:31
http://stats.nba.com/cvp.html?GameID=0021200862&GameEventID=378,3,,Philadelphia 76ers,Allen OFF.Foul (P4),0:22
http://stats.nba.com/cvp.html?GameID=0021200862&GameEventID=379,3,,Philadelphia 76ers,Allen Foul Turnover (P1.T11),0:22
http://stats.nba.com/cvp.html?GameID=0021200862&GameEventID=380,3,,Chicago Bulls,SUB: Belinelli FOR Butler,0:22
http://stats.nba.com/cvp.html?GameID=0021200862&GameEventID=381,3,,Philadelphia 76ers,SUB: Moultrie FOR Allen,0:22
http://stats.nba.com/cvp.html?GameID=0021200862&GameEventID=383,3,,Chicago Bulls,MISS Hinrich 9' Jump Shot,0:02
http://stats.nba.com/cvp.html?GameID=0021200862&GameEventID=383,3,,Philadelphia 76ers,Holiday BLOCK (1 BLK),0:02
http://stats.nba.com/cvp.html?GameID=0021200862&GameEventID=384,3,,Philadelphia 76ers,76ers Rebound,0:02
http://stats.nba.com/cvp.html?GameID=0021200862&GameEventID=387,4,,Chicago Bulls,Robinson Lost Ball Turnover (P2.T8),11:39
http://stats.nba.com/cvp.html?GameID=0021200862&GameEventID=387,4,,Philadelphia 76ers,Holiday STEAL (3 STL),11:39
http://stats.nba.com/cvp.html?GameID=0021200862&GameEventID=388,4,,Chicago Bulls,Noah BLOCK (8 BLK),11:34
http://stats.nba.com/cvp.html?GameID=0021200862&GameEventID=388,4,,Philadelphia 76ers,MISS Young 2' Layup,11:34
http://stats.nba.com/cvp.html?GameID=0021200862&GameEventID=389,4,,Chicago Bulls,Noah REBOUND (Off:7 Def:9),11:33
http://stats.nba.com/cvp.html?GameID=0021200862&GameEventID=390,4,[ 62 - 70 ],Chicago Bulls,Boozer 18' Jump Shot (21 PTS) (Robinson 2 AST),11:13
http://stats.nba.com/cvp.html?GameID=0021200862&GameEventID=392,4,,Chicago Bulls,Boozer S.FOUL (P2.T1),10:51
http://stats.nba.com/cvp.html?GameID=0021200862&GameEventID=393,4,[ 63 - 70 ],Philadelphia 76ers,Hawes Free Throw 1 of 2 (11 PTS),10:51
http://stats.nba.com/cvp.html?GameID=0021200862&GameEventID=395,4,,Philadelphia 76ers,SUB: Pargo FOR Young,10:51
http://stats.nba.com/cvp.html?GameID=0021200862&GameEventID=396,4,[ 64 - 70 ],Philadelphia 76ers,Hawes Free Throw 2 of 2 (12 PTS),10:51
http://stats.nba.com/cvp.html?GameID=0021200862&GameEventID=398,4,[ 64 - 73 ],Chicago Bulls,Robinson  3PT Jump Shot (3 PTS) (Hinrich 6 AST),10:37
http://stats.nba.com/cvp.html?GameID=0021200862&GameEventID=399,4,,Philadelphia 76ers,MISS Wright 24' 3PT Jump Shot,10:22
http://stats.nba.com/cvp.html?GameID=0021200862&GameEventID=400,4,,Chicago Bulls,BULLS Rebound,10:22
http://stats.nba.com/cvp.html?GameID=0021200862&GameEventID=402,4,,Chicago Bulls,MISS Hinrich 9' Jump Shot,10:08
http://stats.nba.com/cvp.html?GameID=0021200862&GameEventID=403,4,,Philadelphia 76ers,Holiday REBOUND (Off:1 Def:2),10:06
http://stats.nba.com/cvp.html?GameID=0021200862&GameEventID=404,4,,Philadelphia 76ers,MISS Hawes 25' 3PT Jump Shot,9:49
http://stats.nba.com/cvp.html?GameID=0021200862&GameEventID=405,4,,Philadelphia 76ers,Young REBOUND (Off:3 Def:5),9:48
http://stats.nba.com/cvp.html?GameID=0021200862&GameEventID=406,4,,Chicago Bulls,Hinrich S.FOUL (P4.T2),9:46
http://stats.nba.com/cvp.html?GameID=0021200862&GameEventID=407,4,,Philadelphia 76ers,MISS Wright Free Throw 1 of 3,9:46
http://stats.nba.com/cvp.html?GameID=0021200862&GameEventID=408,4,,Philadelphia 76ers,76ers Rebound,9:46
http://stats.nba.com/cvp.html?GameID=0021200862&GameEventID=409,4,,Philadelphia 76ers,SUB: Turner FOR Holiday,9:46
http://stats.nba.com/cvp.html?GameID=0021200862&GameEventID=410,4,[ 65 - 73 ],Philadelphia 76ers,Wright Free Throw 2 of 3 (7 PTS),9:46
http://stats.nba.com/cvp.html?GameID=0021200862&GameEventID=412,4,,Philadelphia 76ers,MISS Wright Free Throw 3 of 3,9:46
http://stats.nba.com/cvp.html?GameID=0021200862&GameEventID=414,4,,Chicago Bulls,Boozer REBOUND (Off:2 Def:10),9:44
http://stats.nba.com/cvp.html?GameID=0021200862&GameEventID=416,4,[ 65 - 75 ],Chicago Bulls,Noah 1' Layup (18 PTS) (Robinson 3 AST),9:18
http://stats.nba.com/cvp.html?GameID=0021200862&GameEventID=417,4,[ 67 - 75 ],Philadelphia 76ers,Young 19' Jump Shot (9 PTS),9:00
http://stats.nba.com/cvp.html?GameID=0021200862&GameEventID=418,4,,Chicago Bulls,MISS Hinrich 21' Jump Shot,8:42
http://stats.nba.com/cvp.html?GameID=0021200862&GameEventID=419,4,,Chicago Bulls,Noah REBOUND (Off:8 Def:9),8:41
http://stats.nba.com/cvp.html?GameID=0021200862&GameEventID=420,4,,Chicago Bulls,MISS Robinson 7' Jump Shot,8:29
http://stats.nba.com/cvp.html?GameID=0021200862&GameEventID=421,4,,Philadelphia 76ers,Young REBOUND (Off:3 Def:6),8:28
http://stats.nba.com/cvp.html?GameID=0021200862&GameEventID=422,4,,Philadelphia 76ers,MISS Pargo 1' Layup,8:15
http://stats.nba.com/cvp.html?GameID=0021200862&GameEventID=424,4,,Philadelphia 76ers,Hawes REBOUND (Off:4 Def:8),8:12
http://stats.nba.com/cvp.html?GameID=0021200862&GameEventID=423,4,[ 69 - 75 ],Philadelphia 76ers,Hawes 3' Tip Shot (14 PTS),8:12
http://stats.nba.com/cvp.html?GameID=0021200862&GameEventID=426,4,,Chicago Bulls,Boozer Traveling Turnover (P2.T9),7:53
http://stats.nba.com/cvp.html?GameID=0021200862&GameEventID=428,4,,Chicago Bulls,SUB: Deng FOR Boozer,7:53
http://stats.nba.com/cvp.html?GameID=0021200862&GameEventID=430,4,,Philadelphia 76ers,MISS Hawes 20' Jump Shot,7:39
http://stats.nba.com/cvp.html?GameID=0021200862&GameEventID=431,4,,Chicago Bulls,Butler REBOUND (Off:1 Def:2),7:37
http://stats.nba.com/cvp.html?GameID=0021200862&GameEventID=432,4,,Chicago Bulls,Robinson Out of Bounds Lost Ball Turnover (P3.T10),7:27
http://stats.nba.com/cvp.html?GameID=0021200862&GameEventID=433,4,[ 71 - 75 ],Philadelphia 76ers,Hawes 2' Dunk (16 PTS) (Young 1 AST),7:07
http://stats.nba.com/cvp.html?GameID=0021200862&GameEventID=434,4,[ 71 - 77 ],Chicago Bulls,Robinson 12' Running Jump Shot (5 PTS),6:40
http://stats.nba.com/cvp.html?GameID=0021200862&GameEventID=435,4,,Chicago Bulls,Noah BLOCK (9 BLK),6:25
http://stats.nba.com/cvp.html?GameID=0021200862&GameEventID=435,4,,Philadelphia 76ers,MISS Pargo 2' Layup,6:25
http://stats.nba.com/cvp.html?GameID=0021200862&GameEventID=436,4,,Chicago Bulls,Noah REBOUND (Off:8 Def:10),6:23
http://stats.nba.com/cvp.html?GameID=0021200862&GameEventID=437,4,[ 71 - 80 ],Chicago Bulls,Robinson 24' 3PT Jump Shot (8 PTS) (Deng 4 AST),6:17
http://stats.nba.com/cvp.html?GameID=0021200862&GameEventID=438,4,,Philadelphia 76ers,76ers Timeout: Regular (Reg.4 Short 0),6:13
http://stats.nba.com/cvp.html?GameID=0021200862&GameEventID=440,4,,Philadelphia 76ers,SUB: Holiday FOR Pargo,6:13
http://stats.nba.com/cvp.html?GameID=0021200862&GameEventID=441,4,,Chicago Bulls,Noah BLOCK (10 BLK),6:02
http://stats.nba.com/cvp.html?GameID=0021200862&GameEventID=441,4,,Philadelphia 76ers,MISS Hawes 1' Layup,6:02
http://stats.nba.com/cvp.html?GameID=0021200862&GameEventID=442,4,,Chicago Bulls,Noah REBOUND (Off:8 Def:11),6:00
http://stats.nba.com/cvp.html?GameID=0021200862&GameEventID=443,4,,Chicago Bulls,MISS Deng 25' 3PT Jump Shot,5:46
http://stats.nba.com/cvp.html?GameID=0021200862&GameEventID=444,4,,Philadelphia 76ers,Wright REBOUND (Off:0 Def:4),5:45
http://stats.nba.com/cvp.html?GameID=0021200862&GameEventID=445,4,,Chicago Bulls,Noah BLOCK (11 BLK),5:35
http://stats.nba.com/cvp.html?GameID=0021200862&GameEventID=445,4,,Philadelphia 76ers,MISS Turner 1' Layup,5:35
http://stats.nba.com/cvp.html?GameID=0021200862&GameEventID=446,4,,Chicago Bulls,Robinson REBOUND (Off:0 Def:1),5:32
http://stats.nba.com/cvp.html?GameID=0021200862&GameEventID=447,4,,Chicago Bulls,MISS Robinson 17' Jump Shot,5:27
http://stats.nba.com/cvp.html?GameID=0021200862&GameEventID=448,4,,Philadelphia 76ers,Hawes REBOUND (Off:4 Def:9),5:26
http://stats.nba.com/cvp.html?GameID=0021200862&GameEventID=449,4,,Philadelphia 76ers,MISS Turner 25' 3PT Jump Shot,5:11
http://stats.nba.com/cvp.html?GameID=0021200862&GameEventID=450,4,,Chicago Bulls,Hinrich REBOUND (Off:0 Def:2),5:10
http://stats.nba.com/cvp.html?GameID=0021200862&GameEventID=451,4,[ 71 - 82 ],Chicago Bulls,Noah 2' Reverse Layup (20 PTS) (Butler 1 AST),4:47
http://stats.nba.com/cvp.html?GameID=0021200862&GameEventID=452,4,,Philadelphia 76ers,Turner S.FOUL (P3.T1),4:47
http://stats.nba.com/cvp.html?GameID=0021200862&GameEventID=453,4,,Philadelphia 76ers,SUB: Young FOR Wright,4:47
http://stats.nba.com/cvp.html?GameID=0021200862&GameEventID=454,4,[ 71 - 83 ],Chicago Bulls,Noah Free Throw 1 of 1 (21 PTS),4:47
http://stats.nba.com/cvp.html?GameID=0021200862&GameEventID=456,4,,Philadelphia 76ers,MISS Holiday 18' Jump Shot,4:33
http://stats.nba.com/cvp.html?GameID=0021200862&GameEventID=457,4,,Chicago Bulls,Noah REBOUND (Off:8 Def:12),4:32
http://stats.nba.com/cvp.html?GameID=0021200862&GameEventID=458,4,,Chicago Bulls,MISS Robinson 8' Fadeaway Jumper,4:10
http://stats.nba.com/cvp.html?GameID=0021200862&GameEventID=459,4,,Philadelphia 76ers,Hawes REBOUND (Off:4 Def:10),4:09
http://stats.nba.com/cvp.html?GameID=0021200862&GameEventID=460,4,[ 73 - 83 ],Philadelphia 76ers,Turner 14' Jump Shot (12 PTS) (Young 3 AST),4:01
http://stats.nba.com/cvp.html?GameID=0021200862&GameEventID=461,4,,Chicago Bulls,MISS Butler 2' Layup,3:33
http://stats.nba.com/cvp.html?GameID=0021200862&GameEventID=462,4,,Chicago Bulls,BULLS Rebound,3:33
http://stats.nba.com/cvp.html?GameID=0021200862&GameEventID=464,4,,Chicago Bulls,MISS Butler  3PT Jump Shot,3:20
http://stats.nba.com/cvp.html?GameID=0021200862&GameEventID=465,4,,Philadelphia 76ers,Turner REBOUND (Off:0 Def:7),3:18
http://stats.nba.com/cvp.html?GameID=0021200862&GameEventID=466,4,,Philadelphia 76ers,MISS Turner 2' Reverse Layup,3:11
http://stats.nba.com/cvp.html?GameID=0021200862&GameEventID=468,4,,Philadelphia 76ers,Hawes REBOUND (Off:5 Def:10),3:10
http://stats.nba.com/cvp.html?GameID=0021200862&GameEventID=467,4,[ 75 - 83 ],Philadelphia 76ers,Hawes 1' Tip Shot (18 PTS),3:10
http://stats.nba.com/cvp.html?GameID=0021200862&GameEventID=469,4,,Philadelphia 76ers,Turner S.FOUL (P4.T2),2:54
http://stats.nba.com/cvp.html?GameID=0021200862&GameEventID=470,4,,Chicago Bulls,BULLS Timeout: Regular (Full 4 Short 0),2:54
http://stats.nba.com/cvp.html?GameID=0021200862&GameEventID=471,4,[ 75 - 84 ],Chicago Bulls,Noah Free Throw 1 of 2 (22 PTS),2:54
http://stats.nba.com/cvp.html?GameID=0021200862&GameEventID=473,4,[ 75 - 85 ],Chicago Bulls,Noah Free Throw 2 of 2 (23 PTS),2:54
http://stats.nba.com/cvp.html?GameID=0021200862&GameEventID=475,4,,Philadelphia 76ers,MISS Turner 18' Jump Shot,2:45
http://stats.nba.com/cvp.html?GameID=0021200862&GameEventID=476,4,,Chicago Bulls,Deng REBOUND (Off:2 Def:5),2:44
http://stats.nba.com/cvp.html?GameID=0021200862&GameEventID=477,4,,Chicago Bulls,MISS Robinson 3' Layup,2:24
http://stats.nba.com/cvp.html?GameID=0021200862&GameEventID=478,4,,Philadelphia 76ers,Turner REBOUND (Off:0 Def:8),2:22
http://stats.nba.com/cvp.html?GameID=0021200862&GameEventID=479,4,,Philadelphia 76ers,MISS Holiday 25' 3PT Jump Shot,2:14
http://stats.nba.com/cvp.html?GameID=0021200862&GameEventID=480,4,,Chicago Bulls,Hinrich REBOUND (Off:0 Def:3),2:13
http://stats.nba.com/cvp.html?GameID=0021200862&GameEventID=481,4,[ 75 - 87 ],Chicago Bulls,Hinrich 5' Running Jump Shot (11 PTS),1:59
http://stats.nba.com/cvp.html?GameID=0021200862&GameEventID=482,4,[ 78 - 87 ],Philadelphia 76ers,Young 25' 3PT Jump Shot (5 PTS),1:50
http://stats.nba.com/cvp.html?GameID=0021200862&GameEventID=484,4,,Chicago Bulls,Butler 3 Second Violation Turnover (P1.T11),1:29
http://stats.nba.com/cvp.html?GameID=0021200862&GameEventID=486,4,[ 80 - 87 ],Philadelphia 76ers,Holiday 6' Floating Jump Shot (22 PTS),1:19
http://stats.nba.com/cvp.html?GameID=0021200862&GameEventID=487,4,,Chicago Bulls,MISS Butler 20' Jump Shot,1:06
http://stats.nba.com/cvp.html?GameID=0021200862&GameEventID=488,4,,Chicago Bulls,Deng REBOUND (Off:3 Def:5),1:05
http://stats.nba.com/cvp.html?GameID=0021200862&GameEventID=489,4,,Philadelphia 76ers,Young S.FOUL (P1.T3),0:45
http://stats.nba.com/cvp.html?GameID=0021200862&GameEventID=491,4,[ 80 - 88 ],Chicago Bulls,Hinrich Free Throw 1 of 2 (12 PTS),0:45
http://stats.nba.com/cvp.html?GameID=0021200862&GameEventID=493,4,[ 80 - 89 ],Chicago Bulls,Hinrich Free Throw 2 of 2 (13 PTS),0:45
http://stats.nba.com/cvp.html?GameID=0021200862&GameEventID=495,4,,Philadelphia 76ers,76ers Timeout: Regular (Reg.5 Short 0),0:45
http://stats.nba.com/cvp.html?GameID=0021200862&GameEventID=499,4,,Philadelphia 76ers,Turner Offensive Charge Foul (P5.PN),0:36
http://stats.nba.com/cvp.html?GameID=0021200862&GameEventID=500,4,,Philadelphia 76ers,Turner Foul Turnover (P3.T12),0:36
http://stats.nba.com/cvp.html?GameID=0021200862&GameEventID=502,4,,Philadelphia 76ers,Hawes Personal Take Foul (P4.PN),0:29
http://stats.nba.com/cvp.html?GameID=0021200862&GameEventID=503,4,,Chicago Bulls,MISS Robinson Free Throw 1 of 2,0:29
http://stats.nba.com/cvp.html?GameID=0021200862&GameEventID=504,4,,Chicago Bulls,BULLS Rebound,0:29
http://stats.nba.com/cvp.html?GameID=0021200862&GameEventID=505,4,[ 80 - 90 ],Chicago Bulls,Robinson Free Throw 2 of 2 (9 PTS),0:29
http://stats.nba.com/cvp.html?GameID=0021200862&GameEventID=507,4,,Philadelphia 76ers,76ers Timeout: Short (Reg.5 Short 1),0:29
http://stats.nba.com/cvp.html?GameID=0021200862&GameEventID=509,4,,Philadelphia 76ers,SUB: Wright FOR Young,0:29
http://stats.nba.com/cvp.html?GameID=0021200862&GameEventID=508,4,[ 82 - 90 ],Philadelphia 76ers,Hawes 2' Layup (20 PTS) (Wright 1 AST),0:26
http://stats.nba.com/cvp.html?GameID=0021200862&GameEventID=511,4,,Philadelphia 76ers,SUB: Pargo FOR Hawes,0:26
http://stats.nba.com/cvp.html?GameID=0021200862&GameEventID=512,4,,Philadelphia 76ers,SUB: Young FOR Young,0:26
http://stats.nba.com/cvp.html?GameID=0021200862&GameEventID=513,4,,Chicago Bulls,SUB: Belinelli FOR Deng,0:26
http://stats.nba.com/cvp.html?GameID=0021200862&GameEventID=515,4,,Philadelphia 76ers,Wright Personal Take Foul (P1.PN),0:25
http://stats.nba.com/cvp.html?GameID=0021200862&GameEventID=516,4,,Chicago Bulls,MISS Butler Free Throw 1 of 2,0:25
http://stats.nba.com/cvp.html?GameID=0021200862&GameEventID=517,4,,Chicago Bulls,BULLS Rebound,0:25
http://stats.nba.com/cvp.html?GameID=0021200862&GameEventID=518,4,,Philadelphia 76ers,SUB: Hawes FOR Pargo,0:25
http://stats.nba.com/cvp.html?GameID=0021200862&GameEventID=519,4,[ 82 - 91 ],Chicago Bulls,Butler Free Throw 2 of 2 (5 PTS),0:25
http://stats.nba.com/cvp.html?GameID=0021200862&GameEventID=521,4,,Philadelphia 76ers,MISS Holiday 25' 3PT Jump Shot,0:14
http://stats.nba.com/cvp.html?GameID=0021200862&GameEventID=522,4,,Chicago Bulls,BULLS Rebound,0:14
http://stats.nba.com/cvp.html?GameID=0021200862&GameEventID=523,4,,Philadelphia 76ers,Hawes L.B.FOUL (P5.PN),0:14
http://stats.nba.com/cvp.html?GameID=0021200862&GameEventID=524,4,[ 82 - 92 ],Chicago Bulls,Hinrich Free Throw 1 of 2 (14 PTS),0:14
http://stats.nba.com/cvp.html?GameID=0021200862&GameEventID=526,4,[ 82 - 93 ],Chicago Bulls,Hinrich Free Throw 2 of 2 (15 PTS),0:14
http://stats.nba.com/cvp.html?GameID=0021200862&GameEventID=529,4,,Philadelphia 76ers,MISS Holiday 7' Jump Shot,0:03
http://stats.nba.com/cvp.html?GameID=0021200862&GameEventID=530,4,,Chicago Bulls,Noah REBOUND (Off:8 Def:13),0:02
