http://stats.nba.com/cvp.html?GameID=0021200362&GameEventID=2,1,,Dallas Mavericks,Jump Ball Kaman vs. Brown: Tip to Marion,12:00
http://stats.nba.com/cvp.html?GameID=0021200362&GameEventID=3,1,,Dallas Mavericks,MISS Marion 9' Turnaround Jump Shot,11:37
http://stats.nba.com/cvp.html?GameID=0021200362&GameEventID=4,1,,Philadelphia 76ers,Brown REBOUND (Off:0 Def:1),11:35
http://stats.nba.com/cvp.html?GameID=0021200362&GameEventID=5,1,[ 2 - 0 ],Philadelphia 76ers,Young 22' Jump Shot (2 PTS) (Brown 1 AST),11:21
http://stats.nba.com/cvp.html?GameID=0021200362&GameEventID=6,1,[ 2 - 2 ],Dallas Mavericks,Fisher 8' Driving Bank Shot (2 PTS) (Marion 1 AST),11:08
http://stats.nba.com/cvp.html?GameID=0021200362&GameEventID=7,1,,Dallas Mavericks,Marion BLOCK (1 BLK),10:50
http://stats.nba.com/cvp.html?GameID=0021200362&GameEventID=7,1,,Philadelphia 76ers,MISS Young 9' Jump Shot,10:50
http://stats.nba.com/cvp.html?GameID=0021200362&GameEventID=8,1,,Dallas Mavericks,Mayo REBOUND (Off:0 Def:1),10:47
http://stats.nba.com/cvp.html?GameID=0021200362&GameEventID=9,1,[ 2 - 4 ],Dallas Mavericks,Marion 5' Jump Bank Shot (2 PTS) (Mayo 1 AST),10:43
http://stats.nba.com/cvp.html?GameID=0021200362&GameEventID=10,1,,Dallas Mavericks,Marion STEAL (1 STL),10:27
http://stats.nba.com/cvp.html?GameID=0021200362&GameEventID=10,1,,Philadelphia 76ers,Turner Bad Pass Turnover (P1.T1),10:27
http://stats.nba.com/cvp.html?GameID=0021200362&GameEventID=11,1,[ 2 - 6 ],Dallas Mavericks,Jones 4' Jump Shot (2 PTS) (Fisher 1 AST),10:22
http://stats.nba.com/cvp.html?GameID=0021200362&GameEventID=13,1,,Philadelphia 76ers,MISS Turner 15' Jump Shot,10:00
http://stats.nba.com/cvp.html?GameID=0021200362&GameEventID=14,1,,Dallas Mavericks,Jones REBOUND (Off:0 Def:1),9:59
http://stats.nba.com/cvp.html?GameID=0021200362&GameEventID=15,1,[ 2 - 9 ],Dallas Mavericks,Mayo 25' 3PT Jump Shot (3 PTS),9:39
http://stats.nba.com/cvp.html?GameID=0021200362&GameEventID=16,1,,Philadelphia 76ers,MISS Richardson 25' 3PT Jump Shot,9:13
http://stats.nba.com/cvp.html?GameID=0021200362&GameEventID=17,1,,Dallas Mavericks,Marion REBOUND (Off:0 Def:1),9:13
http://stats.nba.com/cvp.html?GameID=0021200362&GameEventID=18,1,[ 2 - 11 ],Dallas Mavericks,Kaman 15' Jump Shot (2 PTS) (Mayo 2 AST),9:04
http://stats.nba.com/cvp.html?GameID=0021200362&GameEventID=19,1,,Philadelphia 76ers,76ers Timeout: Regular (Reg.1 Short 0),8:55
http://stats.nba.com/cvp.html?GameID=0021200362&GameEventID=23,1,[ 5 - 11 ],Philadelphia 76ers,Young 24' 3PT Jump Shot (5 PTS) (Richardson 1 AST),8:45
http://stats.nba.com/cvp.html?GameID=0021200362&GameEventID=24,1,,Dallas Mavericks,Jones S.FOUL (P1.T1),8:45
http://stats.nba.com/cvp.html?GameID=0021200362&GameEventID=25,1,[ 6 - 11 ],Philadelphia 76ers,Young Free Throw 1 of 1 (6 PTS),8:45
http://stats.nba.com/cvp.html?GameID=0021200362&GameEventID=27,1,[ 6 - 13 ],Dallas Mavericks,Jones 16' Step Back Jump Shot (4 PTS),8:30
http://stats.nba.com/cvp.html?GameID=0021200362&GameEventID=28,1,[ 9 - 13 ],Philadelphia 76ers,Turner 24' 3PT Jump Shot (3 PTS) (Young 1 AST),8:14
http://stats.nba.com/cvp.html?GameID=0021200362&GameEventID=29,1,,Dallas Mavericks,MISS Fisher 1' Driving Layup,8:04
http://stats.nba.com/cvp.html?GameID=0021200362&GameEventID=30,1,,Philadelphia 76ers,Turner REBOUND (Off:0 Def:1),8:02
http://stats.nba.com/cvp.html?GameID=0021200362&GameEventID=31,1,[ 11 - 13 ],Philadelphia 76ers,Turner 10' Turnaround Fadeaway (5 PTS),7:53
http://stats.nba.com/cvp.html?GameID=0021200362&GameEventID=32,1,[ 11 - 15 ],Dallas Mavericks,Marion 7' Jump Bank Shot (4 PTS) (Jones 1 AST),7:41
http://stats.nba.com/cvp.html?GameID=0021200362&GameEventID=33,1,,Philadelphia 76ers,MISS Young 6' Jump Shot,7:25
http://stats.nba.com/cvp.html?GameID=0021200362&GameEventID=35,1,,Philadelphia 76ers,Young REBOUND (Off:1 Def:0),7:23
http://stats.nba.com/cvp.html?GameID=0021200362&GameEventID=34,1,,Philadelphia 76ers,MISS Young 2' Layup,7:23
http://stats.nba.com/cvp.html?GameID=0021200362&GameEventID=36,1,,Philadelphia 76ers,Brown REBOUND (Off:1 Def:1),7:22
http://stats.nba.com/cvp.html?GameID=0021200362&GameEventID=37,1,[ 13 - 15 ],Philadelphia 76ers,Brown 1' Layup (2 PTS),7:20
http://stats.nba.com/cvp.html?GameID=0021200362&GameEventID=38,1,,Dallas Mavericks,MISS Fisher 3' Layup,7:00
http://stats.nba.com/cvp.html?GameID=0021200362&GameEventID=38,1,,Philadelphia 76ers,Turner BLOCK (1 BLK),7:00
http://stats.nba.com/cvp.html?GameID=0021200362&GameEventID=39,1,,Philadelphia 76ers,Turner REBOUND (Off:0 Def:2),6:58
http://stats.nba.com/cvp.html?GameID=0021200362&GameEventID=40,1,,Philadelphia 76ers,MISS Richardson  3PT Jump Shot,6:53
http://stats.nba.com/cvp.html?GameID=0021200362&GameEventID=41,1,,Dallas Mavericks,Jones REBOUND (Off:0 Def:2),6:52
http://stats.nba.com/cvp.html?GameID=0021200362&GameEventID=42,1,,Dallas Mavericks,MAVERICKS Timeout: Regular (Full 1 Short 0),6:51
http://stats.nba.com/cvp.html?GameID=0021200362&GameEventID=43,1,,Dallas Mavericks,SUB: Collison FOR Fisher,6:51
http://stats.nba.com/cvp.html?GameID=0021200362&GameEventID=45,1,,Dallas Mavericks,MISS Kaman 18' Jump Shot,6:40
http://stats.nba.com/cvp.html?GameID=0021200362&GameEventID=46,1,,Philadelphia 76ers,Turner REBOUND (Off:0 Def:3),6:39
http://stats.nba.com/cvp.html?GameID=0021200362&GameEventID=47,1,,Dallas Mavericks,Jones P.FOUL (P2.T2),6:29
http://stats.nba.com/cvp.html?GameID=0021200362&GameEventID=48,1,,Dallas Mavericks,SUB: Carter FOR Jones,6:29
http://stats.nba.com/cvp.html?GameID=0021200362&GameEventID=49,1,,Philadelphia 76ers,Turner Bad Pass Turnover (P2.T2),6:23
http://stats.nba.com/cvp.html?GameID=0021200362&GameEventID=50,1,,Dallas Mavericks,MISS Kaman 18' Jump Shot,6:08
http://stats.nba.com/cvp.html?GameID=0021200362&GameEventID=51,1,,Dallas Mavericks,Marion REBOUND (Off:1 Def:1),6:06
http://stats.nba.com/cvp.html?GameID=0021200362&GameEventID=53,1,,Philadelphia 76ers,Young Violation:Defensive Goaltending,6:06
http://stats.nba.com/cvp.html?GameID=0021200362&GameEventID=52,1,[ 13 - 17 ],Dallas Mavericks,Marion 2' Layup (6 PTS),6:06
http://stats.nba.com/cvp.html?GameID=0021200362&GameEventID=54,1,[ 16 - 17 ],Philadelphia 76ers,Turner 25' 3PT Jump Shot (8 PTS) (Richardson 2 AST),5:42
http://stats.nba.com/cvp.html?GameID=0021200362&GameEventID=55,1,,Dallas Mavericks,Kaman Traveling Turnover (P1.T1),5:26
http://stats.nba.com/cvp.html?GameID=0021200362&GameEventID=56,1,,Dallas Mavericks,Mayo STEAL (1 STL),5:17
http://stats.nba.com/cvp.html?GameID=0021200362&GameEventID=56,1,,Philadelphia 76ers,Richardson Bad Pass Turnover (P1.T3),5:17
http://stats.nba.com/cvp.html?GameID=0021200362&GameEventID=57,1,,Dallas Mavericks,Mayo Lost Ball Turnover (P1.T2),5:15
http://stats.nba.com/cvp.html?GameID=0021200362&GameEventID=57,1,,Philadelphia 76ers,Richardson STEAL (1 STL),5:15
http://stats.nba.com/cvp.html?GameID=0021200362&GameEventID=58,1,,Dallas Mavericks,Mayo P.FOUL (P1.T3),5:15
http://stats.nba.com/cvp.html?GameID=0021200362&GameEventID=59,1,,Philadelphia 76ers,SUB: Wright FOR Richardson,5:15
http://stats.nba.com/cvp.html?GameID=0021200362&GameEventID=60,1,,Dallas Mavericks,Kaman P.FOUL (P1.T4),5:09
http://stats.nba.com/cvp.html?GameID=0021200362&GameEventID=61,1,,Philadelphia 76ers,Brown 3 Second Violation Turnover (P1.T4),5:01
http://stats.nba.com/cvp.html?GameID=0021200362&GameEventID=62,1,[ 16 - 20 ],Dallas Mavericks,Carter 25' 3PT Jump Shot (3 PTS),4:47
http://stats.nba.com/cvp.html?GameID=0021200362&GameEventID=64,1,,Dallas Mavericks,Marion STEAL (2 STL),4:27
http://stats.nba.com/cvp.html?GameID=0021200362&GameEventID=64,1,,Philadelphia 76ers,Young Lost Ball Turnover (P1.T5),4:27
http://stats.nba.com/cvp.html?GameID=0021200362&GameEventID=65,1,,Dallas Mavericks,Marion Offensive Goaltending Turnover (P1.T3),4:23
http://stats.nba.com/cvp.html?GameID=0021200362&GameEventID=66,1,,Philadelphia 76ers,MISS Young 20' Jump Shot,4:04
http://stats.nba.com/cvp.html?GameID=0021200362&GameEventID=67,1,,Dallas Mavericks,Collison REBOUND (Off:0 Def:1),4:03
http://stats.nba.com/cvp.html?GameID=0021200362&GameEventID=68,1,[ 16 - 22 ],Dallas Mavericks,Marion 1' Layup (8 PTS) (Mayo 3 AST),3:53
http://stats.nba.com/cvp.html?GameID=0021200362&GameEventID=69,1,,Philadelphia 76ers,MISS Young  3PT Jump Shot,3:30
http://stats.nba.com/cvp.html?GameID=0021200362&GameEventID=70,1,,Dallas Mavericks,Kaman REBOUND (Off:0 Def:1),3:29
http://stats.nba.com/cvp.html?GameID=0021200362&GameEventID=71,1,,Dallas Mavericks,MISS Marion 8' Jump Shot,3:22
http://stats.nba.com/cvp.html?GameID=0021200362&GameEventID=72,1,,Dallas Mavericks,MAVERICKS Rebound,3:21
http://stats.nba.com/cvp.html?GameID=0021200362&GameEventID=73,1,,Philadelphia 76ers,SUB: Hawes FOR Brown,3:21
http://stats.nba.com/cvp.html?GameID=0021200362&GameEventID=74,1,,Dallas Mavericks,SUB: Wright FOR Kaman,3:21
http://stats.nba.com/cvp.html?GameID=0021200362&GameEventID=75,1,,Dallas Mavericks,MISS Mayo 21' Jump Shot,3:19
http://stats.nba.com/cvp.html?GameID=0021200362&GameEventID=76,1,,Philadelphia 76ers,Hawes REBOUND (Off:0 Def:1),3:18
http://stats.nba.com/cvp.html?GameID=0021200362&GameEventID=77,1,[ 18 - 22 ],Philadelphia 76ers,Turner 15' Pullup Jump Shot (10 PTS),2:57
http://stats.nba.com/cvp.html?GameID=0021200362&GameEventID=78,1,,Dallas Mavericks,MISS Collison 18' Step Back Jump Shot,2:46
http://stats.nba.com/cvp.html?GameID=0021200362&GameEventID=79,1,,Philadelphia 76ers,76ers Rebound,2:45
http://stats.nba.com/cvp.html?GameID=0021200362&GameEventID=80,1,,Dallas Mavericks,Wright Violation:Kicked Ball,2:34
http://stats.nba.com/cvp.html?GameID=0021200362&GameEventID=81,1,,Dallas Mavericks,SUB: Crowder FOR Marion,2:34
http://stats.nba.com/cvp.html?GameID=0021200362&GameEventID=82,1,,Dallas Mavericks,Mayo STEAL (2 STL),2:23
http://stats.nba.com/cvp.html?GameID=0021200362&GameEventID=82,1,,Philadelphia 76ers,Wright Lost Ball Turnover (P1.T6),2:23
http://stats.nba.com/cvp.html?GameID=0021200362&GameEventID=83,1,[ 18 - 24 ],Dallas Mavericks,Mayo 1' Dunk (5 PTS),2:17
http://stats.nba.com/cvp.html?GameID=0021200362&GameEventID=84,1,,Dallas Mavericks,Crowder S.FOUL (P1.PN),2:03
http://stats.nba.com/cvp.html?GameID=0021200362&GameEventID=85,1,[ 19 - 24 ],Philadelphia 76ers,Hawes Free Throw 1 of 2 (1 PTS),2:03
http://stats.nba.com/cvp.html?GameID=0021200362&GameEventID=87,1,,Philadelphia 76ers,SUB: Ivey FOR Turner,2:03
http://stats.nba.com/cvp.html?GameID=0021200362&GameEventID=88,1,,Dallas Mavericks,SUB: Jones FOR Mayo,2:03
http://stats.nba.com/cvp.html?GameID=0021200362&GameEventID=89,1,[ 20 - 24 ],Philadelphia 76ers,Hawes Free Throw 2 of 2 (2 PTS),2:03
http://stats.nba.com/cvp.html?GameID=0021200362&GameEventID=91,1,[ 20 - 26 ],Dallas Mavericks,Wright  Slam Dunk (2 PTS) (Carter 1 AST),1:48
http://stats.nba.com/cvp.html?GameID=0021200362&GameEventID=92,1,,Philadelphia 76ers,MISS Wright 16' Jump Shot,1:29
http://stats.nba.com/cvp.html?GameID=0021200362&GameEventID=93,1,,Dallas Mavericks,Crowder REBOUND (Off:0 Def:1),1:28
http://stats.nba.com/cvp.html?GameID=0021200362&GameEventID=94,1,,Philadelphia 76ers,Young S.FOUL (P1.T1),1:22
http://stats.nba.com/cvp.html?GameID=0021200362&GameEventID=95,1,[ 20 - 27 ],Dallas Mavericks,Jones Free Throw 1 of 2 (1 PTS),1:22
http://stats.nba.com/cvp.html?GameID=0021200362&GameEventID=97,1,,Philadelphia 76ers,SUB: Richardson FOR Young,1:22
http://stats.nba.com/cvp.html?GameID=0021200362&GameEventID=98,1,[ 20 - 28 ],Dallas Mavericks,Jones Free Throw 2 of 2 (2 PTS),1:22
http://stats.nba.com/cvp.html?GameID=0021200362&GameEventID=100,1,[ 22 - 28 ],Philadelphia 76ers,Richardson 13' Pullup Jump Shot (2 PTS),0:59
http://stats.nba.com/cvp.html?GameID=0021200362&GameEventID=101,1,,Dallas Mavericks,MISS Wright 11' Jump Shot,0:43
http://stats.nba.com/cvp.html?GameID=0021200362&GameEventID=101,1,,Philadelphia 76ers,Hawes BLOCK (1 BLK),0:43
http://stats.nba.com/cvp.html?GameID=0021200362&GameEventID=102,1,,Philadelphia 76ers,Wright REBOUND (Off:0 Def:1),0:41
http://stats.nba.com/cvp.html?GameID=0021200362&GameEventID=103,1,,Dallas Mavericks,Crowder S.FOUL (P2.PN),0:31
http://stats.nba.com/cvp.html?GameID=0021200362&GameEventID=104,1,[ 23 - 28 ],Philadelphia 76ers,Young Free Throw 1 of 2 (1 PTS),0:31
http://stats.nba.com/cvp.html?GameID=0021200362&GameEventID=106,1,,Philadelphia 76ers,SUB: Allen FOR Hawes,0:31
http://stats.nba.com/cvp.html?GameID=0021200362&GameEventID=107,1,,Philadelphia 76ers,MISS Young Free Throw 2 of 2,0:31
http://stats.nba.com/cvp.html?GameID=0021200362&GameEventID=109,1,,Dallas Mavericks,Collison REBOUND (Off:0 Def:2),0:29
http://stats.nba.com/cvp.html?GameID=0021200362&GameEventID=110,1,,Dallas Mavericks,Crowder Lost Ball Turnover (P1.T4),0:19
http://stats.nba.com/cvp.html?GameID=0021200362&GameEventID=110,1,,Philadelphia 76ers,Young STEAL (1 STL),0:19
http://stats.nba.com/cvp.html?GameID=0021200362&GameEventID=111,1,,Philadelphia 76ers,MISS Ivey 25' 3PT Jump Shot,0:00
http://stats.nba.com/cvp.html?GameID=0021200362&GameEventID=112,1,,Dallas Mavericks,Carter REBOUND (Off:0 Def:1),0:00
http://stats.nba.com/cvp.html?GameID=0021200362&GameEventID=113,1,,Dallas Mavericks,MISS Carter 77' 3PT Jump Shot,0:00
http://stats.nba.com/cvp.html?GameID=0021200362&GameEventID=114,1,,Dallas Mavericks,MAVERICKS Rebound,0:00
http://stats.nba.com/cvp.html?GameID=0021200362&GameEventID=118,2,,Philadelphia 76ers,MISS Richardson  3PT Jump Shot,11:37
http://stats.nba.com/cvp.html?GameID=0021200362&GameEventID=119,2,,Philadelphia 76ers,Hawes REBOUND (Off:1 Def:1),11:37
http://stats.nba.com/cvp.html?GameID=0021200362&GameEventID=120,2,,Dallas Mavericks,Collison S.FOUL (P1.T1),11:37
http://stats.nba.com/cvp.html?GameID=0021200362&GameEventID=121,2,[ 24 - 28 ],Philadelphia 76ers,Hawes Free Throw 1 of 2 (3 PTS),11:37
http://stats.nba.com/cvp.html?GameID=0021200362&GameEventID=123,2,[ 25 - 28 ],Philadelphia 76ers,Hawes Free Throw 2 of 2 (4 PTS),11:37
http://stats.nba.com/cvp.html?GameID=0021200362&GameEventID=125,2,[ 25 - 30 ],Dallas Mavericks,Jones 5' Driving Jump Shot (4 PTS),11:13
http://stats.nba.com/cvp.html?GameID=0021200362&GameEventID=127,2,[ 27 - 30 ],Philadelphia 76ers,Richardson 16' Jump Shot (4 PTS) (Wright 1 AST),10:47
http://stats.nba.com/cvp.html?GameID=0021200362&GameEventID=128,2,,Philadelphia 76ers,Ivey S.FOUL (P1.T1),10:37
http://stats.nba.com/cvp.html?GameID=0021200362&GameEventID=129,2,[ 27 - 31 ],Dallas Mavericks,Collison Free Throw 1 of 2 (1 PTS),10:37
http://stats.nba.com/cvp.html?GameID=0021200362&GameEventID=131,2,,Philadelphia 76ers,SUB: Wayns FOR Ivey,10:37
http://stats.nba.com/cvp.html?GameID=0021200362&GameEventID=132,2,[ 27 - 32 ],Dallas Mavericks,Collison Free Throw 2 of 2 (2 PTS),10:37
http://stats.nba.com/cvp.html?GameID=0021200362&GameEventID=134,2,,Philadelphia 76ers,MISS Wright 24' 3PT Jump Shot,10:21
http://stats.nba.com/cvp.html?GameID=0021200362&GameEventID=135,2,,Philadelphia 76ers,Allen REBOUND (Off:1 Def:0),10:20
http://stats.nba.com/cvp.html?GameID=0021200362&GameEventID=136,2,[ 30 - 32 ],Philadelphia 76ers,Wright 25' 3PT Jump Shot (3 PTS) (Richardson 3 AST),10:15
http://stats.nba.com/cvp.html?GameID=0021200362&GameEventID=137,2,,Dallas Mavericks,MISS Jones 9' Jump Shot,10:03
http://stats.nba.com/cvp.html?GameID=0021200362&GameEventID=138,2,,Philadelphia 76ers,Wright REBOUND (Off:0 Def:2),10:02
http://stats.nba.com/cvp.html?GameID=0021200362&GameEventID=140,2,,Dallas Mavericks,SUB: Beaubois FOR Collison,10:01
http://stats.nba.com/cvp.html?GameID=0021200362&GameEventID=141,2,,Dallas Mavericks,Jump Ball Crowder vs. Wright: Tip to Allen,10:01
http://stats.nba.com/cvp.html?GameID=0021200362&GameEventID=142,2,,Philadelphia 76ers,MISS Wayns 3' Driving Layup,9:35
http://stats.nba.com/cvp.html?GameID=0021200362&GameEventID=143,2,,Philadelphia 76ers,Richardson REBOUND (Off:1 Def:0),9:34
http://stats.nba.com/cvp.html?GameID=0021200362&GameEventID=144,2,[ 32 - 32 ],Philadelphia 76ers,Richardson 5' Jump Shot (6 PTS),9:33
http://stats.nba.com/cvp.html?GameID=0021200362&GameEventID=145,2,,Dallas Mavericks,MISS Carter 26' 3PT Jump Shot,9:23
http://stats.nba.com/cvp.html?GameID=0021200362&GameEventID=146,2,,Philadelphia 76ers,Richardson REBOUND (Off:1 Def:1),9:22
http://stats.nba.com/cvp.html?GameID=0021200362&GameEventID=147,2,[ 34 - 32 ],Philadelphia 76ers,Allen 14' Jump Shot (2 PTS) (Wayns 1 AST),9:07
http://stats.nba.com/cvp.html?GameID=0021200362&GameEventID=148,2,,Dallas Mavericks,MAVERICKS Timeout: Regular (Full 2 Short 0),9:05
http://stats.nba.com/cvp.html?GameID=0021200362&GameEventID=151,2,,Dallas Mavericks,MISS Crowder 24' 3PT Jump Shot,8:51
http://stats.nba.com/cvp.html?GameID=0021200362&GameEventID=152,2,,Philadelphia 76ers,Richardson REBOUND (Off:1 Def:2),8:50
http://stats.nba.com/cvp.html?GameID=0021200362&GameEventID=153,2,,Philadelphia 76ers,MISS Richardson  3PT Jump Shot,8:27
http://stats.nba.com/cvp.html?GameID=0021200362&GameEventID=154,2,,Dallas Mavericks,Wright REBOUND (Off:0 Def:1),8:26
http://stats.nba.com/cvp.html?GameID=0021200362&GameEventID=155,2,[ 34 - 34 ],Dallas Mavericks,Wright 7' Jump Shot (4 PTS) (Jones 1 AST),8:11
http://stats.nba.com/cvp.html?GameID=0021200362&GameEventID=156,2,[ 37 - 34 ],Philadelphia 76ers,Wright 26' 3PT Jump Shot (6 PTS) (Wayns 2 AST),7:56
http://stats.nba.com/cvp.html?GameID=0021200362&GameEventID=157,2,,Philadelphia 76ers,Allen S.FOUL (P1.T2),7:40
http://stats.nba.com/cvp.html?GameID=0021200362&GameEventID=158,2,[ 37 - 35 ],Dallas Mavericks,Crowder Free Throw 1 of 2 (1 PTS),7:40
http://stats.nba.com/cvp.html?GameID=0021200362&GameEventID=160,2,,Dallas Mavericks,SUB: Kaman FOR Wright,7:40
http://stats.nba.com/cvp.html?GameID=0021200362&GameEventID=161,2,,Dallas Mavericks,SUB: Mayo FOR Beaubois,7:40
http://stats.nba.com/cvp.html?GameID=0021200362&GameEventID=162,2,,Philadelphia 76ers,SUB: Turner FOR Hawes,7:40
http://stats.nba.com/cvp.html?GameID=0021200362&GameEventID=163,2,[ 37 - 36 ],Dallas Mavericks,Crowder Free Throw 2 of 2 (2 PTS),7:40
http://stats.nba.com/cvp.html?GameID=0021200362&GameEventID=165,2,[ 39 - 36 ],Philadelphia 76ers,Wright 1' Finger Roll Layup (8 PTS) (Turner 1 AST),7:19
http://stats.nba.com/cvp.html?GameID=0021200362&GameEventID=166,2,,Philadelphia 76ers,Wayns P.FOUL (P1.T3),7:11
http://stats.nba.com/cvp.html?GameID=0021200362&GameEventID=167,2,,Dallas Mavericks,SUB: Collison FOR Jones,7:11
http://stats.nba.com/cvp.html?GameID=0021200362&GameEventID=168,2,,Dallas Mavericks,SUB: Marion FOR Crowder,7:11
http://stats.nba.com/cvp.html?GameID=0021200362&GameEventID=169,2,,Philadelphia 76ers,Allen P.FOUL (P2.T4),7:03
http://stats.nba.com/cvp.html?GameID=0021200362&GameEventID=170,2,,Philadelphia 76ers,Wright S.FOUL (P1.PN),6:54
http://stats.nba.com/cvp.html?GameID=0021200362&GameEventID=171,2,[ 39 - 37 ],Dallas Mavericks,Kaman Free Throw 1 of 2 (3 PTS),6:54
http://stats.nba.com/cvp.html?GameID=0021200362&GameEventID=173,2,,Philadelphia 76ers,SUB: Brown FOR Allen,6:54
http://stats.nba.com/cvp.html?GameID=0021200362&GameEventID=174,2,[ 39 - 38 ],Dallas Mavericks,Kaman Free Throw 2 of 2 (4 PTS),6:54
http://stats.nba.com/cvp.html?GameID=0021200362&GameEventID=176,2,,Dallas Mavericks,Kaman BLOCK (1 BLK),6:30
http://stats.nba.com/cvp.html?GameID=0021200362&GameEventID=176,2,,Philadelphia 76ers,MISS Turner 3' Running Layup,6:30
http://stats.nba.com/cvp.html?GameID=0021200362&GameEventID=177,2,,Dallas Mavericks,Kaman REBOUND (Off:0 Def:2),6:28
http://stats.nba.com/cvp.html?GameID=0021200362&GameEventID=178,2,,Philadelphia 76ers,Wayns Shooting Block Foul (P2.PN),6:25
http://stats.nba.com/cvp.html?GameID=0021200362&GameEventID=179,2,[ 39 - 39 ],Dallas Mavericks,Collison Free Throw 1 of 2 (3 PTS),6:25
http://stats.nba.com/cvp.html?GameID=0021200362&GameEventID=181,2,,Dallas Mavericks,SUB: Jones FOR Carter,6:25
http://stats.nba.com/cvp.html?GameID=0021200362&GameEventID=182,2,,Philadelphia 76ers,SUB: Young FOR Wright,6:25
http://stats.nba.com/cvp.html?GameID=0021200362&GameEventID=183,2,,Philadelphia 76ers,SUB: Young FOR Richardson,6:25
http://stats.nba.com/cvp.html?GameID=0021200362&GameEventID=184,2,,Dallas Mavericks,MISS Collison Free Throw 2 of 2,6:25
http://stats.nba.com/cvp.html?GameID=0021200362&GameEventID=186,2,,Philadelphia 76ers,Brown REBOUND (Off:1 Def:2),6:23
http://stats.nba.com/cvp.html?GameID=0021200362&GameEventID=187,2,,Philadelphia 76ers,MISS Brown 3' Layup,6:12
http://stats.nba.com/cvp.html?GameID=0021200362&GameEventID=188,2,,Dallas Mavericks,Marion REBOUND (Off:1 Def:2),6:10
http://stats.nba.com/cvp.html?GameID=0021200362&GameEventID=189,2,[ 39 - 41 ],Dallas Mavericks,Kaman 18' Jump Shot (6 PTS) (Jones 2 AST),5:56
http://stats.nba.com/cvp.html?GameID=0021200362&GameEventID=190,2,,Philadelphia 76ers,Turner OFF.Foul (P1),5:42
http://stats.nba.com/cvp.html?GameID=0021200362&GameEventID=191,2,,Philadelphia 76ers,Turner Foul Turnover (P3.T7),5:42
http://stats.nba.com/cvp.html?GameID=0021200362&GameEventID=195,2,[ 39 - 43 ],Dallas Mavericks,Mayo 2' Driving Layup (7 PTS) (Collison 1 AST),5:26
http://stats.nba.com/cvp.html?GameID=0021200362&GameEventID=196,2,,Philadelphia 76ers,MISS Young 5' Hook Shot,5:11
http://stats.nba.com/cvp.html?GameID=0021200362&GameEventID=197,2,,Dallas Mavericks,Kaman REBOUND (Off:0 Def:3),5:10
http://stats.nba.com/cvp.html?GameID=0021200362&GameEventID=198,2,,Dallas Mavericks,MISS Collison 6' Driving Jump Shot,4:55
http://stats.nba.com/cvp.html?GameID=0021200362&GameEventID=199,2,,Dallas Mavericks,Marion REBOUND (Off:2 Def:2),4:53
http://stats.nba.com/cvp.html?GameID=0021200362&GameEventID=200,2,[ 39 - 45 ],Dallas Mavericks,Kaman 2' Driving Layup (8 PTS),4:45
http://stats.nba.com/cvp.html?GameID=0021200362&GameEventID=201,2,[ 41 - 45 ],Philadelphia 76ers,Turner 9' Turnaround Fadeaway (12 PTS),4:22
http://stats.nba.com/cvp.html?GameID=0021200362&GameEventID=203,2,,Philadelphia 76ers,SUB: Hawes FOR Brown,4:16
http://stats.nba.com/cvp.html?GameID=0021200362&GameEventID=204,2,[ 41 - 47 ],Dallas Mavericks,Marion  Running Slam Dunk (10 PTS) (Jones 3 AST),4:14
http://stats.nba.com/cvp.html?GameID=0021200362&GameEventID=205,2,,Philadelphia 76ers,76ers Timeout: Regular (Reg.2 Short 0),4:05
http://stats.nba.com/cvp.html?GameID=0021200362&GameEventID=210,2,[ 43 - 47 ],Philadelphia 76ers,Young  Slam Dunk (3 PTS) (Wayns 3 AST),3:52
http://stats.nba.com/cvp.html?GameID=0021200362&GameEventID=211,2,,Philadelphia 76ers,Turner P.FOUL (P2.PN),3:35
http://stats.nba.com/cvp.html?GameID=0021200362&GameEventID=212,2,[ 43 - 48 ],Dallas Mavericks,Mayo Free Throw 1 of 2 (8 PTS),3:35
http://stats.nba.com/cvp.html?GameID=0021200362&GameEventID=214,2,[ 43 - 49 ],Dallas Mavericks,Mayo Free Throw 2 of 2 (9 PTS),3:35
http://stats.nba.com/cvp.html?GameID=0021200362&GameEventID=216,2,[ 46 - 49 ],Philadelphia 76ers,Wayns 25' 3PT Jump Shot (3 PTS) (Turner 2 AST),3:15
http://stats.nba.com/cvp.html?GameID=0021200362&GameEventID=217,2,[ 46 - 51 ],Dallas Mavericks,Kaman 1' Layup (10 PTS),2:59
http://stats.nba.com/cvp.html?GameID=0021200362&GameEventID=218,2,[ 48 - 51 ],Philadelphia 76ers,Young 7' Turnaround Bank Hook Shot (5 PTS),2:39
http://stats.nba.com/cvp.html?GameID=0021200362&GameEventID=219,2,,Dallas Mavericks,MISS Mayo 17' Pullup Jump Shot,2:22
http://stats.nba.com/cvp.html?GameID=0021200362&GameEventID=220,2,,Philadelphia 76ers,Young REBOUND (Off:1 Def:1),2:20
http://stats.nba.com/cvp.html?GameID=0021200362&GameEventID=221,2,,Dallas Mavericks,Mayo P.FOUL (P2.T2),2:11
http://stats.nba.com/cvp.html?GameID=0021200362&GameEventID=222,2,,Dallas Mavericks,Kaman S.FOUL (P2.T3),2:05
http://stats.nba.com/cvp.html?GameID=0021200362&GameEventID=223,2,[ 49 - 51 ],Philadelphia 76ers,Hawes Free Throw 1 of 2 (5 PTS),2:05
http://stats.nba.com/cvp.html?GameID=0021200362&GameEventID=225,2,,Philadelphia 76ers,SUB: Wright FOR Turner,2:05
http://stats.nba.com/cvp.html?GameID=0021200362&GameEventID=226,2,[ 50 - 51 ],Philadelphia 76ers,Hawes Free Throw 2 of 2 (6 PTS),2:05
http://stats.nba.com/cvp.html?GameID=0021200362&GameEventID=228,2,,Philadelphia 76ers,76ers T.Foul (Def. 3 Sec Hawes ),1:51
http://stats.nba.com/cvp.html?GameID=0021200362&GameEventID=229,2,[ 50 - 52 ],Dallas Mavericks,Mayo Free Throw Technical (10 PTS),1:51
http://stats.nba.com/cvp.html?GameID=0021200362&GameEventID=231,2,,Dallas Mavericks,MISS Collison 26' 3PT Jump Shot,1:43
http://stats.nba.com/cvp.html?GameID=0021200362&GameEventID=232,2,,Dallas Mavericks,Marion REBOUND (Off:3 Def:2),1:43
http://stats.nba.com/cvp.html?GameID=0021200362&GameEventID=233,2,,Dallas Mavericks,MISS Marion 6' Jump Shot,1:40
http://stats.nba.com/cvp.html?GameID=0021200362&GameEventID=234,2,,Philadelphia 76ers,Young REBOUND (Off:1 Def:2),1:39
http://stats.nba.com/cvp.html?GameID=0021200362&GameEventID=235,2,,Philadelphia 76ers,MISS Young 15' Jump Shot,1:26
http://stats.nba.com/cvp.html?GameID=0021200362&GameEventID=236,2,,Philadelphia 76ers,Hawes REBOUND (Off:2 Def:1),1:25
http://stats.nba.com/cvp.html?GameID=0021200362&GameEventID=237,2,,Philadelphia 76ers,MISS Wright 25' 3PT Jump Shot,1:20
http://stats.nba.com/cvp.html?GameID=0021200362&GameEventID=239,2,,Philadelphia 76ers,Young REBOUND (Off:2 Def:2),1:18
http://stats.nba.com/cvp.html?GameID=0021200362&GameEventID=238,2,[ 52 - 52 ],Philadelphia 76ers,Young 1' Tip Shot (7 PTS),1:18
http://stats.nba.com/cvp.html?GameID=0021200362&GameEventID=240,2,,Dallas Mavericks,MAVERICKS Timeout: Short (Full 2 Short 1),1:15
http://stats.nba.com/cvp.html?GameID=0021200362&GameEventID=241,2,,Dallas Mavericks,SUB: Carter FOR Jones,1:15
http://stats.nba.com/cvp.html?GameID=0021200362&GameEventID=243,2,[ 52 - 55 ],Dallas Mavericks,Collison  3PT Jump Shot (6 PTS) (Mayo 4 AST),0:59
http://stats.nba.com/cvp.html?GameID=0021200362&GameEventID=244,2,,Philadelphia 76ers,MISS Young 24' 3PT Jump Shot,0:38
http://stats.nba.com/cvp.html?GameID=0021200362&GameEventID=245,2,,Philadelphia 76ers,Young REBOUND (Off:3 Def:2),0:37
http://stats.nba.com/cvp.html?GameID=0021200362&GameEventID=246,2,,Dallas Mavericks,Carter BLOCK (1 BLK),0:34
http://stats.nba.com/cvp.html?GameID=0021200362&GameEventID=246,2,,Philadelphia 76ers,MISS Young 3' Layup,0:34
http://stats.nba.com/cvp.html?GameID=0021200362&GameEventID=247,2,,Philadelphia 76ers,76ers Rebound,0:34
http://stats.nba.com/cvp.html?GameID=0021200362&GameEventID=248,2,,Philadelphia 76ers,Hawes Bad Pass Turnover (P1.T8),0:21
http://stats.nba.com/cvp.html?GameID=0021200362&GameEventID=249,2,,Philadelphia 76ers,SUB: Wilkins FOR Young,0:21
http://stats.nba.com/cvp.html?GameID=0021200362&GameEventID=250,2,,Philadelphia 76ers,Wright S.FOUL (P2.PN),0:02
http://stats.nba.com/cvp.html?GameID=0021200362&GameEventID=251,2,[ 52 - 56 ],Dallas Mavericks,Collison Free Throw 1 of 2 (7 PTS),0:02
http://stats.nba.com/cvp.html?GameID=0021200362&GameEventID=253,2,,Dallas Mavericks,SUB: Jones FOR Mayo,0:02
http://stats.nba.com/cvp.html?GameID=0021200362&GameEventID=254,2,,Philadelphia 76ers,SUB: Richardson FOR Wilkins,0:02
http://stats.nba.com/cvp.html?GameID=0021200362&GameEventID=255,2,,Dallas Mavericks,SUB: Wright FOR Kaman,0:02
http://stats.nba.com/cvp.html?GameID=0021200362&GameEventID=256,2,[ 52 - 57 ],Dallas Mavericks,Collison Free Throw 2 of 2 (8 PTS),0:02
http://stats.nba.com/cvp.html?GameID=0021200362&GameEventID=257,2,,Philadelphia 76ers,MISS Wayns 57' 3PT Jump Shot,0:00
http://stats.nba.com/cvp.html?GameID=0021200362&GameEventID=258,2,,Philadelphia 76ers,76ers Rebound,0:00
http://stats.nba.com/cvp.html?GameID=0021200362&GameEventID=264,3,[ 54 - 57 ],Philadelphia 76ers,Turner 10' Jump Shot (14 PTS),11:38
http://stats.nba.com/cvp.html?GameID=0021200362&GameEventID=265,3,[ 54 - 59 ],Dallas Mavericks,Kaman 16' Jump Shot (12 PTS) (Collison 2 AST),11:20
http://stats.nba.com/cvp.html?GameID=0021200362&GameEventID=266,3,[ 56 - 59 ],Philadelphia 76ers,Young 15' Jump Shot (9 PTS) (Turner 3 AST),10:57
http://stats.nba.com/cvp.html?GameID=0021200362&GameEventID=267,3,[ 56 - 61 ],Dallas Mavericks,Collison 15' Jump Shot (10 PTS),10:32
http://stats.nba.com/cvp.html?GameID=0021200362&GameEventID=268,3,,Philadelphia 76ers,MISS Turner 14' Jump Shot,10:06
http://stats.nba.com/cvp.html?GameID=0021200362&GameEventID=269,3,,Dallas Mavericks,Kaman REBOUND (Off:0 Def:4),10:05
http://stats.nba.com/cvp.html?GameID=0021200362&GameEventID=270,3,,Dallas Mavericks,MISS Kaman 1' Reverse Layup,9:53
http://stats.nba.com/cvp.html?GameID=0021200362&GameEventID=271,3,,Philadelphia 76ers,Brown REBOUND (Off:1 Def:3),9:51
http://stats.nba.com/cvp.html?GameID=0021200362&GameEventID=272,3,,Philadelphia 76ers,MISS Young 17' Step Back Jump Shot,9:33
http://stats.nba.com/cvp.html?GameID=0021200362&GameEventID=273,3,,Dallas Mavericks,Kaman REBOUND (Off:0 Def:5),9:31
http://stats.nba.com/cvp.html?GameID=0021200362&GameEventID=274,3,,Dallas Mavericks,Mayo Bad Pass Turnover (P2.T5),9:16
http://stats.nba.com/cvp.html?GameID=0021200362&GameEventID=275,3,,Philadelphia 76ers,MISS Young 17' Pullup Jump Shot,9:00
http://stats.nba.com/cvp.html?GameID=0021200362&GameEventID=276,3,,Dallas Mavericks,Kaman REBOUND (Off:0 Def:6),8:58
http://stats.nba.com/cvp.html?GameID=0021200362&GameEventID=277,3,,Philadelphia 76ers,Brown S.FOUL (P1.T1),8:47
http://stats.nba.com/cvp.html?GameID=0021200362&GameEventID=278,3,,Dallas Mavericks,MISS Kaman Free Throw 1 of 2,8:47
http://stats.nba.com/cvp.html?GameID=0021200362&GameEventID=279,3,,Dallas Mavericks,MAVERICKS Rebound,8:47
http://stats.nba.com/cvp.html?GameID=0021200362&GameEventID=280,3,,Dallas Mavericks,MISS Kaman Free Throw 2 of 2,8:47
http://stats.nba.com/cvp.html?GameID=0021200362&GameEventID=282,3,,Dallas Mavericks,Marion REBOUND (Off:4 Def:2),8:46
http://stats.nba.com/cvp.html?GameID=0021200362&GameEventID=283,3,,Dallas Mavericks,MISS Kaman 13' Fadeaway Jumper,8:34
http://stats.nba.com/cvp.html?GameID=0021200362&GameEventID=285,3,,Philadelphia 76ers,Brown REBOUND (Off:1 Def:4),8:13
http://stats.nba.com/cvp.html?GameID=0021200362&GameEventID=284,3,[ 58 - 61 ],Philadelphia 76ers,Richardson 11' Jump Shot (8 PTS),8:13
http://stats.nba.com/cvp.html?GameID=0021200362&GameEventID=286,3,,Dallas Mavericks,MISS Jones  3PT Jump Shot,7:59
http://stats.nba.com/cvp.html?GameID=0021200362&GameEventID=287,3,,Philadelphia 76ers,Brown REBOUND (Off:1 Def:5),7:58
http://stats.nba.com/cvp.html?GameID=0021200362&GameEventID=288,3,,Philadelphia 76ers,MISS Richardson 24' 3PT Jump Shot,7:51
http://stats.nba.com/cvp.html?GameID=0021200362&GameEventID=289,3,,Dallas Mavericks,Kaman REBOUND (Off:0 Def:7),7:49
http://stats.nba.com/cvp.html?GameID=0021200362&GameEventID=290,3,,Dallas Mavericks,Kaman Lost Ball Turnover (P2.T6),7:39
http://stats.nba.com/cvp.html?GameID=0021200362&GameEventID=290,3,,Philadelphia 76ers,Brown STEAL (1 STL),7:39
http://stats.nba.com/cvp.html?GameID=0021200362&GameEventID=291,3,[ 60 - 61 ],Philadelphia 76ers,Young 1' Layup (8 PTS) (Richardson 4 AST),7:34
http://stats.nba.com/cvp.html?GameID=0021200362&GameEventID=292,3,,Dallas Mavericks,MISS Mayo 15' Step Back Jump Shot,7:16
http://stats.nba.com/cvp.html?GameID=0021200362&GameEventID=293,3,,Philadelphia 76ers,Brown REBOUND (Off:1 Def:6),7:14
http://stats.nba.com/cvp.html?GameID=0021200362&GameEventID=294,3,,Philadelphia 76ers,MISS Richardson 7' Jump Bank Shot,7:00
http://stats.nba.com/cvp.html?GameID=0021200362&GameEventID=295,3,,Dallas Mavericks,Marion REBOUND (Off:4 Def:3),6:58
http://stats.nba.com/cvp.html?GameID=0021200362&GameEventID=296,3,,Dallas Mavericks,Marion Lost Ball Turnover (P2.T7),6:57
http://stats.nba.com/cvp.html?GameID=0021200362&GameEventID=296,3,,Philadelphia 76ers,Richardson STEAL (2 STL),6:57
http://stats.nba.com/cvp.html?GameID=0021200362&GameEventID=297,3,[ 62 - 61 ],Philadelphia 76ers,Young 2' Layup (11 PTS),6:55
http://stats.nba.com/cvp.html?GameID=0021200362&GameEventID=298,3,,Dallas Mavericks,MAVERICKS Timeout: Regular (Full 3 Short 1),6:55
http://stats.nba.com/cvp.html?GameID=0021200362&GameEventID=302,3,[ 62 - 63 ],Dallas Mavericks,Marion 10' Running Bank Shot (12 PTS) (Mayo 5 AST),6:36
http://stats.nba.com/cvp.html?GameID=0021200362&GameEventID=303,3,,Philadelphia 76ers,MISS Turner 25' 3PT Jump Shot,6:13
http://stats.nba.com/cvp.html?GameID=0021200362&GameEventID=304,3,,Dallas Mavericks,MAVERICKS Rebound,6:12
http://stats.nba.com/cvp.html?GameID=0021200362&GameEventID=305,3,,Dallas Mavericks,Marion Bad Pass Turnover (P3.T8),5:54
http://stats.nba.com/cvp.html?GameID=0021200362&GameEventID=306,3,,Philadelphia 76ers,MISS Richardson 14' Pullup Jump Shot,5:36
http://stats.nba.com/cvp.html?GameID=0021200362&GameEventID=307,3,,Dallas Mavericks,MAVERICKS Rebound,5:35
http://stats.nba.com/cvp.html?GameID=0021200362&GameEventID=308,3,[ 62 - 65 ],Dallas Mavericks,Mayo 5' Turnaround Jump Shot (12 PTS),5:21
http://stats.nba.com/cvp.html?GameID=0021200362&GameEventID=310,3,,Philadelphia 76ers,MISS Turner 8' Jump Bank Shot,4:55
http://stats.nba.com/cvp.html?GameID=0021200362&GameEventID=311,3,,Dallas Mavericks,MAVERICKS Rebound,4:55
http://stats.nba.com/cvp.html?GameID=0021200362&GameEventID=312,3,,Philadelphia 76ers,Brown L.B.FOUL (P2.T2),4:55
http://stats.nba.com/cvp.html?GameID=0021200362&GameEventID=313,3,,Philadelphia 76ers,SUB: Wright FOR Young,4:55
http://stats.nba.com/cvp.html?GameID=0021200362&GameEventID=314,3,,Dallas Mavericks,MISS Kaman 11' Turnaround Fadeaway Shot,4:35
http://stats.nba.com/cvp.html?GameID=0021200362&GameEventID=315,3,,Philadelphia 76ers,Richardson REBOUND (Off:1 Def:3),4:32
http://stats.nba.com/cvp.html?GameID=0021200362&GameEventID=316,3,,Dallas Mavericks,Kaman P.FOUL (P3.T1),4:23
http://stats.nba.com/cvp.html?GameID=0021200362&GameEventID=317,3,,Philadelphia 76ers,SUB: Wayns FOR Richardson,4:23
http://stats.nba.com/cvp.html?GameID=0021200362&GameEventID=318,3,,Philadelphia 76ers,76ers Timeout: Regular (Reg.3 Short 0),4:23
http://stats.nba.com/cvp.html?GameID=0021200362&GameEventID=322,3,[ 64 - 65 ],Philadelphia 76ers,Brown 2' Layup (4 PTS) (Wright 2 AST),4:16
http://stats.nba.com/cvp.html?GameID=0021200362&GameEventID=324,3,,Dallas Mavericks,SUB: Wright FOR Kaman,4:01
http://stats.nba.com/cvp.html?GameID=0021200362&GameEventID=325,3,,Philadelphia 76ers,Brown S.FOUL (P3.T3),3:59
http://stats.nba.com/cvp.html?GameID=0021200362&GameEventID=326,3,[ 64 - 66 ],Dallas Mavericks,Jones Free Throw 1 of 2 (5 PTS),3:59
http://stats.nba.com/cvp.html?GameID=0021200362&GameEventID=328,3,,Philadelphia 76ers,SUB: Hawes FOR Brown,3:59
http://stats.nba.com/cvp.html?GameID=0021200362&GameEventID=329,3,,Dallas Mavericks,SUB: Jones FOR Collison,3:59
http://stats.nba.com/cvp.html?GameID=0021200362&GameEventID=330,3,[ 64 - 67 ],Dallas Mavericks,Jones Free Throw 2 of 2 (6 PTS),3:59
http://stats.nba.com/cvp.html?GameID=0021200362&GameEventID=332,3,,Philadelphia 76ers,MISS Wright 25' 3PT Jump Shot,3:37
http://stats.nba.com/cvp.html?GameID=0021200362&GameEventID=333,3,,Dallas Mavericks,Marion REBOUND (Off:4 Def:4),3:36
http://stats.nba.com/cvp.html?GameID=0021200362&GameEventID=334,3,,Dallas Mavericks,MISS Jones 6' Jump Shot,3:25
http://stats.nba.com/cvp.html?GameID=0021200362&GameEventID=335,3,,Philadelphia 76ers,Hawes REBOUND (Off:2 Def:2),3:25
http://stats.nba.com/cvp.html?GameID=0021200362&GameEventID=336,3,,Philadelphia 76ers,MISS Wayns 27' 3PT Jump Shot,3:15
http://stats.nba.com/cvp.html?GameID=0021200362&GameEventID=337,3,,Dallas Mavericks,Jones REBOUND (Off:0 Def:3),3:14
http://stats.nba.com/cvp.html?GameID=0021200362&GameEventID=338,3,[ 64 - 69 ],Dallas Mavericks,Marion 14' Turnaround Jump Shot (14 PTS),2:53
http://stats.nba.com/cvp.html?GameID=0021200362&GameEventID=339,3,[ 67 - 69 ],Philadelphia 76ers,Turner  3PT Jump Shot (17 PTS) (Wayns 4 AST),2:27
http://stats.nba.com/cvp.html?GameID=0021200362&GameEventID=340,3,,Dallas Mavericks,MISS Marion 8' Running Jump Shot,2:11
http://stats.nba.com/cvp.html?GameID=0021200362&GameEventID=341,3,,Philadelphia 76ers,76ers Rebound,2:09
http://stats.nba.com/cvp.html?GameID=0021200362&GameEventID=342,3,,Dallas Mavericks,SUB: Carter FOR Jones,2:09
http://stats.nba.com/cvp.html?GameID=0021200362&GameEventID=343,3,[ 69 - 69 ],Philadelphia 76ers,Hawes 12' Jump Shot (8 PTS) (Turner 4 AST),1:51
http://stats.nba.com/cvp.html?GameID=0021200362&GameEventID=344,3,[ 69 - 71 ],Dallas Mavericks,Jones 12' Jump Shot (6 PTS),1:39
http://stats.nba.com/cvp.html?GameID=0021200362&GameEventID=345,3,,Dallas Mavericks,Mayo STEAL (3 STL),1:21
http://stats.nba.com/cvp.html?GameID=0021200362&GameEventID=345,3,,Philadelphia 76ers,Hawes Bad Pass Turnover (P2.T9),1:21
http://stats.nba.com/cvp.html?GameID=0021200362&GameEventID=346,3,,Dallas Mavericks,MISS Mayo 3' Driving Layup,1:14
http://stats.nba.com/cvp.html?GameID=0021200362&GameEventID=347,3,,Philadelphia 76ers,Turner REBOUND (Off:0 Def:4),1:09
http://stats.nba.com/cvp.html?GameID=0021200362&GameEventID=348,3,,Dallas Mavericks,Carter Shooting Block Foul (P1.T2),1:09
http://stats.nba.com/cvp.html?GameID=0021200362&GameEventID=349,3,[ 70 - 71 ],Philadelphia 76ers,Wright Free Throw 1 of 2 (9 PTS),1:09
http://stats.nba.com/cvp.html?GameID=0021200362&GameEventID=351,3,,Philadelphia 76ers,SUB: Richardson FOR Turner,1:09
http://stats.nba.com/cvp.html?GameID=0021200362&GameEventID=352,3,,Dallas Mavericks,SUB: Crowder FOR Marion,1:09
http://stats.nba.com/cvp.html?GameID=0021200362&GameEventID=353,3,,Philadelphia 76ers,SUB: Wilkins FOR Young,1:09
http://stats.nba.com/cvp.html?GameID=0021200362&GameEventID=354,3,[ 71 - 71 ],Philadelphia 76ers,Wright Free Throw 2 of 2 (10 PTS),1:09
http://stats.nba.com/cvp.html?GameID=0021200362&GameEventID=356,3,,Dallas Mavericks,MISS Carter 6' Driving Jump Shot,0:56
http://stats.nba.com/cvp.html?GameID=0021200362&GameEventID=357,3,,Philadelphia 76ers,Hawes REBOUND (Off:2 Def:3),0:54
http://stats.nba.com/cvp.html?GameID=0021200362&GameEventID=358,3,[ 74 - 71 ],Philadelphia 76ers,Wright 25' 3PT Jump Shot (13 PTS) (Wayns 5 AST),0:50
http://stats.nba.com/cvp.html?GameID=0021200362&GameEventID=359,3,[ 74 - 74 ],Dallas Mavericks,Mayo 26' 3PT Jump Shot (15 PTS),0:38
http://stats.nba.com/cvp.html?GameID=0021200362&GameEventID=360,3,,Philadelphia 76ers,MISS Wayns 20' Pullup Jump Shot,0:22
http://stats.nba.com/cvp.html?GameID=0021200362&GameEventID=361,3,,Dallas Mavericks,Mayo REBOUND (Off:0 Def:2),0:22
http://stats.nba.com/cvp.html?GameID=0021200362&GameEventID=362,3,,Philadelphia 76ers,Richardson Personal Take Foul (P1.T4),0:09
http://stats.nba.com/cvp.html?GameID=0021200362&GameEventID=363,3,,Philadelphia 76ers,SUB: Ivey FOR Richardson,0:09
http://stats.nba.com/cvp.html?GameID=0021200362&GameEventID=364,3,,Dallas Mavericks,SUB: Beaubois FOR Jones,0:09
http://stats.nba.com/cvp.html?GameID=0021200362&GameEventID=365,3,,Philadelphia 76ers,SUB: Young FOR Hawes,0:09
http://stats.nba.com/cvp.html?GameID=0021200362&GameEventID=366,3,,Philadelphia 76ers,Young S.FOUL (P1.PN),0:03
http://stats.nba.com/cvp.html?GameID=0021200362&GameEventID=367,3,[ 74 - 75 ],Dallas Mavericks,Mayo Free Throw 1 of 2 (16 PTS),0:03
http://stats.nba.com/cvp.html?GameID=0021200362&GameEventID=369,3,,Dallas Mavericks,SUB: Jones FOR Beaubois,0:03
http://stats.nba.com/cvp.html?GameID=0021200362&GameEventID=370,3,,Philadelphia 76ers,SUB: Hawes FOR Wilkins,0:03
http://stats.nba.com/cvp.html?GameID=0021200362&GameEventID=371,3,[ 74 - 76 ],Dallas Mavericks,Mayo Free Throw 2 of 2 (17 PTS),0:03
http://stats.nba.com/cvp.html?GameID=0021200362&GameEventID=373,3,,Philadelphia 76ers,MISS Wayns 43' 3PT Jump Shot,0:00
http://stats.nba.com/cvp.html?GameID=0021200362&GameEventID=374,3,,Philadelphia 76ers,76ers Rebound,0:00
http://stats.nba.com/cvp.html?GameID=0021200362&GameEventID=378,4,,Dallas Mavericks,MISS Jones  3PT Jump Shot,11:39
http://stats.nba.com/cvp.html?GameID=0021200362&GameEventID=379,4,,Dallas Mavericks,Wright REBOUND (Off:1 Def:1),11:38
http://stats.nba.com/cvp.html?GameID=0021200362&GameEventID=380,4,,Dallas Mavericks,MISS Crowder 25' 3PT Jump Shot,11:28
http://stats.nba.com/cvp.html?GameID=0021200362&GameEventID=381,4,,Dallas Mavericks,Wright REBOUND (Off:2 Def:1),11:27
http://stats.nba.com/cvp.html?GameID=0021200362&GameEventID=382,4,,Philadelphia 76ers,Hawes P.FOUL (P1.T1),11:27
http://stats.nba.com/cvp.html?GameID=0021200362&GameEventID=383,4,[ 74 - 78 ],Dallas Mavericks,Jones 2' Driving Layup (8 PTS),11:10
http://stats.nba.com/cvp.html?GameID=0021200362&GameEventID=384,4,,Philadelphia 76ers,MISS Wayns 25' 3PT Jump Shot,10:48
http://stats.nba.com/cvp.html?GameID=0021200362&GameEventID=385,4,,Dallas Mavericks,Wright REBOUND (Off:2 Def:2),10:47
http://stats.nba.com/cvp.html?GameID=0021200362&GameEventID=386,4,,Dallas Mavericks,MISS Jones 2' Driving Layup,10:40
http://stats.nba.com/cvp.html?GameID=0021200362&GameEventID=387,4,,Philadelphia 76ers,Turner REBOUND (Off:0 Def:5),10:39
http://stats.nba.com/cvp.html?GameID=0021200362&GameEventID=388,4,,Philadelphia 76ers,MISS Wright 24' 3PT Jump Shot,10:36
http://stats.nba.com/cvp.html?GameID=0021200362&GameEventID=389,4,,Philadelphia 76ers,Hawes REBOUND (Off:3 Def:3),10:35
http://stats.nba.com/cvp.html?GameID=0021200362&GameEventID=390,4,,Dallas Mavericks,Carter BLOCK (2 BLK),10:33
http://stats.nba.com/cvp.html?GameID=0021200362&GameEventID=390,4,,Philadelphia 76ers,MISS Hawes 1' Layup,10:33
http://stats.nba.com/cvp.html?GameID=0021200362&GameEventID=391,4,,Philadelphia 76ers,76ers Rebound,10:33
http://stats.nba.com/cvp.html?GameID=0021200362&GameEventID=392,4,,Philadelphia 76ers,SUB: Richardson FOR Wayns,10:33
http://stats.nba.com/cvp.html?GameID=0021200362&GameEventID=394,4,,Dallas Mavericks,Wright Violation:Defensive Goaltending,10:27
http://stats.nba.com/cvp.html?GameID=0021200362&GameEventID=393,4,[ 76 - 78 ],Philadelphia 76ers,Hawes 5' Jump Shot (10 PTS),10:27
http://stats.nba.com/cvp.html?GameID=0021200362&GameEventID=395,4,[ 76 - 80 ],Dallas Mavericks,Jones 2' Driving Reverse Layup (8 PTS),10:07
http://stats.nba.com/cvp.html?GameID=0021200362&GameEventID=396,4,,Philadelphia 76ers,MISS Turner  3PT Jump Shot,9:49
http://stats.nba.com/cvp.html?GameID=0021200362&GameEventID=397,4,,Philadelphia 76ers,Wright REBOUND (Off:1 Def:2),9:48
http://stats.nba.com/cvp.html?GameID=0021200362&GameEventID=398,4,,Philadelphia 76ers,MISS Wright 4' Jump Shot,9:43
http://stats.nba.com/cvp.html?GameID=0021200362&GameEventID=400,4,,Philadelphia 76ers,Wright REBOUND (Off:2 Def:2),9:41
http://stats.nba.com/cvp.html?GameID=0021200362&GameEventID=399,4,,Philadelphia 76ers,MISS Wright 2' Layup,9:41
http://stats.nba.com/cvp.html?GameID=0021200362&GameEventID=402,4,,Philadelphia 76ers,Hawes REBOUND (Off:4 Def:3),9:39
http://stats.nba.com/cvp.html?GameID=0021200362&GameEventID=401,4,[ 78 - 80 ],Philadelphia 76ers,Hawes 3' Tip Shot (12 PTS),9:39
http://stats.nba.com/cvp.html?GameID=0021200362&GameEventID=403,4,[ 78 - 82 ],Dallas Mavericks,Wright 16' Jump Shot (6 PTS) (Jones 2 AST),9:30
http://stats.nba.com/cvp.html?GameID=0021200362&GameEventID=404,4,,Philadelphia 76ers,MISS Turner 16' Jump Shot,9:10
http://stats.nba.com/cvp.html?GameID=0021200362&GameEventID=405,4,,Dallas Mavericks,Carter REBOUND (Off:0 Def:2),9:09
http://stats.nba.com/cvp.html?GameID=0021200362&GameEventID=406,4,[ 78 - 84 ],Dallas Mavericks,Wright 16' Jump Shot (8 PTS) (Jones 3 AST),9:00
http://stats.nba.com/cvp.html?GameID=0021200362&GameEventID=407,4,,Dallas Mavericks,Wright STEAL (1 STL),8:31
http://stats.nba.com/cvp.html?GameID=0021200362&GameEventID=407,4,,Philadelphia 76ers,Turner Lost Ball Turnover (P4.T10),8:31
http://stats.nba.com/cvp.html?GameID=0021200362&GameEventID=408,4,,Dallas Mavericks,Jones Lost Ball Turnover (P1.T9),8:27
http://stats.nba.com/cvp.html?GameID=0021200362&GameEventID=408,4,,Philadelphia 76ers,Turner STEAL (1 STL),8:27
http://stats.nba.com/cvp.html?GameID=0021200362&GameEventID=409,4,,Dallas Mavericks,Carter Shooting Block Foul (P2.T1),8:22
http://stats.nba.com/cvp.html?GameID=0021200362&GameEventID=412,4,,Philadelphia 76ers,SUB: Young FOR Wilkins,8:22
http://stats.nba.com/cvp.html?GameID=0021200362&GameEventID=413,4,[ 79 - 84 ],Philadelphia 76ers,Hawes Free Throw 1 of 2 (13 PTS),8:22
http://stats.nba.com/cvp.html?GameID=0021200362&GameEventID=415,4,[ 80 - 84 ],Philadelphia 76ers,Hawes Free Throw 2 of 2 (14 PTS),8:22
http://stats.nba.com/cvp.html?GameID=0021200362&GameEventID=417,4,,Dallas Mavericks,Jones Lost Ball Turnover (P1.T10),8:06
http://stats.nba.com/cvp.html?GameID=0021200362&GameEventID=417,4,,Philadelphia 76ers,Richardson STEAL (3 STL),8:06
http://stats.nba.com/cvp.html?GameID=0021200362&GameEventID=418,4,,Philadelphia 76ers,MISS Richardson 18' Pullup Jump Shot,7:53
http://stats.nba.com/cvp.html?GameID=0021200362&GameEventID=419,4,,Dallas Mavericks,Wright REBOUND (Off:2 Def:3),7:50
http://stats.nba.com/cvp.html?GameID=0021200362&GameEventID=420,4,[ 80 - 86 ],Dallas Mavericks,Wright 6' Driving Hook Shot (10 PTS),7:41
http://stats.nba.com/cvp.html?GameID=0021200362&GameEventID=421,4,,Philadelphia 76ers,MISS Richardson 24' 3PT Jump Shot,7:19
http://stats.nba.com/cvp.html?GameID=0021200362&GameEventID=422,4,,Dallas Mavericks,Wright REBOUND (Off:2 Def:4),7:18
http://stats.nba.com/cvp.html?GameID=0021200362&GameEventID=423,4,,Dallas Mavericks,MISS Crowder 2' Driving Layup,7:05
http://stats.nba.com/cvp.html?GameID=0021200362&GameEventID=424,4,,Philadelphia 76ers,Young REBOUND (Off:3 Def:3),7:03
http://stats.nba.com/cvp.html?GameID=0021200362&GameEventID=425,4,,Philadelphia 76ers,MISS Turner 16' Jump Shot,6:43
http://stats.nba.com/cvp.html?GameID=0021200362&GameEventID=426,4,,Dallas Mavericks,Jones REBOUND (Off:0 Def:4),6:42
http://stats.nba.com/cvp.html?GameID=0021200362&GameEventID=427,4,,Philadelphia 76ers,Hawes S.FOUL (P2.T2),6:38
http://stats.nba.com/cvp.html?GameID=0021200362&GameEventID=428,4,[ 80 - 87 ],Dallas Mavericks,Crowder Free Throw 1 of 2 (3 PTS),6:38
http://stats.nba.com/cvp.html?GameID=0021200362&GameEventID=430,4,,Dallas Mavericks,SUB: Marion FOR Jones,6:38
http://stats.nba.com/cvp.html?GameID=0021200362&GameEventID=431,4,,Dallas Mavericks,SUB: Collison FOR Carter,6:38
http://stats.nba.com/cvp.html?GameID=0021200362&GameEventID=432,4,,Dallas Mavericks,SUB: Mayo FOR Jones,6:38
http://stats.nba.com/cvp.html?GameID=0021200362&GameEventID=433,4,[ 80 - 88 ],Dallas Mavericks,Crowder Free Throw 2 of 2 (4 PTS),6:38
http://stats.nba.com/cvp.html?GameID=0021200362&GameEventID=435,4,[ 82 - 88 ],Philadelphia 76ers,Hawes 3' Jump Shot (16 PTS) (Young 2 AST),6:17
http://stats.nba.com/cvp.html?GameID=0021200362&GameEventID=436,4,,Dallas Mavericks,MAVERICKS Timeout: Regular (Full 4 Short 1),6:17
http://stats.nba.com/cvp.html?GameID=0021200362&GameEventID=438,4,,Dallas Mavericks,SUB: Kaman FOR Wright,6:17
http://stats.nba.com/cvp.html?GameID=0021200362&GameEventID=440,4,[ 82 - 90 ],Dallas Mavericks,Mayo 22' Jump Shot (19 PTS),5:59
http://stats.nba.com/cvp.html?GameID=0021200362&GameEventID=441,4,,Philadelphia 76ers,MISS Wright 2' Driving Layup,5:36
http://stats.nba.com/cvp.html?GameID=0021200362&GameEventID=442,4,,Philadelphia 76ers,Wright REBOUND (Off:3 Def:2),5:34
http://stats.nba.com/cvp.html?GameID=0021200362&GameEventID=443,4,,Dallas Mavericks,Crowder STEAL (1 STL),5:33
http://stats.nba.com/cvp.html?GameID=0021200362&GameEventID=443,4,,Philadelphia 76ers,Wright Lost Ball Turnover (P2.T11),5:33
http://stats.nba.com/cvp.html?GameID=0021200362&GameEventID=444,4,[ 82 - 92 ],Dallas Mavericks,Kaman 17' Jump Shot (14 PTS) (Mayo 6 AST),5:26
http://stats.nba.com/cvp.html?GameID=0021200362&GameEventID=445,4,,Philadelphia 76ers,MISS Turner  3PT Jump Shot,5:03
http://stats.nba.com/cvp.html?GameID=0021200362&GameEventID=446,4,,Philadelphia 76ers,Young REBOUND (Off:4 Def:3),5:02
http://stats.nba.com/cvp.html?GameID=0021200362&GameEventID=447,4,,Dallas Mavericks,Collison STEAL (1 STL),5:01
http://stats.nba.com/cvp.html?GameID=0021200362&GameEventID=447,4,,Philadelphia 76ers,Young Lost Ball Turnover (P1.T12),5:01
http://stats.nba.com/cvp.html?GameID=0021200362&GameEventID=448,4,,Dallas Mavericks,MISS Collison 1' Driving Layup,4:55
http://stats.nba.com/cvp.html?GameID=0021200362&GameEventID=449,4,,Philadelphia 76ers,Richardson REBOUND (Off:1 Def:4),4:54
http://stats.nba.com/cvp.html?GameID=0021200362&GameEventID=451,4,,Philadelphia 76ers,76ers Turnover: Shot Clock (T#13),4:31
http://stats.nba.com/cvp.html?GameID=0021200362&GameEventID=452,4,,Philadelphia 76ers,SUB: Wayns FOR Richardson,4:31
http://stats.nba.com/cvp.html?GameID=0021200362&GameEventID=453,4,[ 82 - 94 ],Dallas Mavericks,Kaman 1' Driving Layup (16 PTS),4:16
http://stats.nba.com/cvp.html?GameID=0021200362&GameEventID=454,4,[ 84 - 94 ],Philadelphia 76ers,Hawes 15' Jump Shot (18 PTS),3:53
http://stats.nba.com/cvp.html?GameID=0021200362&GameEventID=455,4,[ 84 - 96 ],Dallas Mavericks,Kaman  Finger Roll Layup (18 PTS) (Mayo 7 AST),3:37
http://stats.nba.com/cvp.html?GameID=0021200362&GameEventID=456,4,[ 87 - 96 ],Philadelphia 76ers,Wright 24' 3PT Jump Shot (16 PTS) (Turner 5 AST),3:15
http://stats.nba.com/cvp.html?GameID=0021200362&GameEventID=457,4,,Dallas Mavericks,MISS Kaman 15' Jump Shot,2:56
http://stats.nba.com/cvp.html?GameID=0021200362&GameEventID=458,4,,Philadelphia 76ers,Wayns REBOUND (Off:0 Def:1),2:55
http://stats.nba.com/cvp.html?GameID=0021200362&GameEventID=459,4,[ 90 - 96 ],Philadelphia 76ers,Wright 28' 3PT Jump Shot (19 PTS) (Wayns 6 AST),2:49
http://stats.nba.com/cvp.html?GameID=0021200362&GameEventID=460,4,,Dallas Mavericks,MAVERICKS Timeout: Regular (Full 5 Short 1),2:49
http://stats.nba.com/cvp.html?GameID=0021200362&GameEventID=462,4,,Dallas Mavericks,SUB: Carter FOR Crowder,2:49
http://stats.nba.com/cvp.html?GameID=0021200362&GameEventID=464,4,[ 90 - 98 ],Dallas Mavericks,Mayo 2' Driving Finger Roll Layup (21 PTS),2:31
http://stats.nba.com/cvp.html?GameID=0021200362&GameEventID=465,4,,Philadelphia 76ers,MISS Hawes 19' Jump Shot,2:12
http://stats.nba.com/cvp.html?GameID=0021200362&GameEventID=466,4,,Dallas Mavericks,Mayo REBOUND (Off:0 Def:3),2:10
http://stats.nba.com/cvp.html?GameID=0021200362&GameEventID=467,4,[ 90 - 100 ],Dallas Mavericks,Mayo 1' Driving Layup (23 PTS),2:05
http://stats.nba.com/cvp.html?GameID=0021200362&GameEventID=468,4,,Dallas Mavericks,Kaman S.FOUL (P4.T2),1:53
http://stats.nba.com/cvp.html?GameID=0021200362&GameEventID=469,4,,Philadelphia 76ers,MISS Young Free Throw 1 of 2,1:53
http://stats.nba.com/cvp.html?GameID=0021200362&GameEventID=470,4,,Philadelphia 76ers,76ers Rebound,1:53
http://stats.nba.com/cvp.html?GameID=0021200362&GameEventID=471,4,,Philadelphia 76ers,SUB: Wilkins FOR Turner,1:53
http://stats.nba.com/cvp.html?GameID=0021200362&GameEventID=472,4,[ 91 - 100 ],Philadelphia 76ers,Young Free Throw 2 of 2 (12 PTS),1:53
http://stats.nba.com/cvp.html?GameID=0021200362&GameEventID=474,4,[ 91 - 102 ],Dallas Mavericks,Kaman 11' Jump Shot (20 PTS) (Mayo 8 AST),1:36
http://stats.nba.com/cvp.html?GameID=0021200362&GameEventID=475,4,,Philadelphia 76ers,76ers Timeout: Regular (Reg.4 Short 0),1:36
http://stats.nba.com/cvp.html?GameID=0021200362&GameEventID=478,4,,Philadelphia 76ers,SUB: Turner FOR Young,1:36
http://stats.nba.com/cvp.html?GameID=0021200362&GameEventID=479,4,,Philadelphia 76ers,SUB: Richardson FOR Wilkins,1:36
http://stats.nba.com/cvp.html?GameID=0021200362&GameEventID=480,4,[ 94 - 102 ],Philadelphia 76ers,Wright 24' 3PT Jump Shot (22 PTS) (Wayns 7 AST),1:31
http://stats.nba.com/cvp.html?GameID=0021200362&GameEventID=481,4,,Dallas Mavericks,Collison Palming Turnover (P1.T11),1:17
http://stats.nba.com/cvp.html?GameID=0021200362&GameEventID=482,4,,Dallas Mavericks,Collison STEAL (2 STL),1:06
http://stats.nba.com/cvp.html?GameID=0021200362&GameEventID=482,4,,Philadelphia 76ers,Wright Bad Pass Turnover (P3.T14),1:06
http://stats.nba.com/cvp.html?GameID=0021200362&GameEventID=483,4,,Dallas Mavericks,MISS Collison 22' Jump Shot,0:40
http://stats.nba.com/cvp.html?GameID=0021200362&GameEventID=484,4,,Philadelphia 76ers,Richardson REBOUND (Off:1 Def:5),0:40
http://stats.nba.com/cvp.html?GameID=0021200362&GameEventID=486,4,,Philadelphia 76ers,76ers Timeout: Short (Reg.4 Short 1),0:36
http://stats.nba.com/cvp.html?GameID=0021200362&GameEventID=488,4,,Philadelphia 76ers,SUB: Young FOR Richardson,0:36
http://stats.nba.com/cvp.html?GameID=0021200362&GameEventID=489,4,[ 97 - 102 ],Philadelphia 76ers,Wright 27' 3PT Jump Shot (25 PTS) (Wayns 8 AST),0:30
http://stats.nba.com/cvp.html?GameID=0021200362&GameEventID=490,4,,Philadelphia 76ers,Young Personal Take Foul (P2.T3),0:28
http://stats.nba.com/cvp.html?GameID=0021200362&GameEventID=491,4,,Philadelphia 76ers,SUB: Wilkins FOR Turner,0:28
http://stats.nba.com/cvp.html?GameID=0021200362&GameEventID=492,4,,Philadelphia 76ers,Wilkins Personal Take Foul (P1.PN),0:28
http://stats.nba.com/cvp.html?GameID=0021200362&GameEventID=493,4,[ 97 - 103 ],Dallas Mavericks,Mayo Free Throw 1 of 2 (24 PTS),0:28
http://stats.nba.com/cvp.html?GameID=0021200362&GameEventID=495,4,,Philadelphia 76ers,SUB: Turner FOR Wayns,0:28
http://stats.nba.com/cvp.html?GameID=0021200362&GameEventID=496,4,,Dallas Mavericks,SUB: Jones FOR Kaman,0:28
http://stats.nba.com/cvp.html?GameID=0021200362&GameEventID=497,4,,Dallas Mavericks,MISS Mayo Free Throw 2 of 2,0:28
http://stats.nba.com/cvp.html?GameID=0021200362&GameEventID=499,4,,Philadelphia 76ers,Wilkins REBOUND (Off:0 Def:1),0:26
http://stats.nba.com/cvp.html?GameID=0021200362&GameEventID=500,4,,Philadelphia 76ers,76ers Timeout: Short (Reg.4 Short 2),0:26
http://stats.nba.com/cvp.html?GameID=0021200362&GameEventID=502,4,,Philadelphia 76ers,SUB: Wayns FOR Wilkins,0:26
http://stats.nba.com/cvp.html?GameID=0021200362&GameEventID=503,4,,Philadelphia 76ers,MISS Wright 29' 3PT Jump Shot,0:17
http://stats.nba.com/cvp.html?GameID=0021200362&GameEventID=504,4,,Dallas Mavericks,Collison REBOUND (Off:0 Def:3),0:16
http://stats.nba.com/cvp.html?GameID=0021200362&GameEventID=505,4,,Philadelphia 76ers,Wayns Personal Take Foul (P3.PN),0:16
http://stats.nba.com/cvp.html?GameID=0021200362&GameEventID=506,4,[ 97 - 104 ],Dallas Mavericks,Collison Free Throw 1 of 2 (11 PTS),0:16
http://stats.nba.com/cvp.html?GameID=0021200362&GameEventID=508,4,,Philadelphia 76ers,SUB: Richardson FOR Young,0:16
http://stats.nba.com/cvp.html?GameID=0021200362&GameEventID=509,4,[ 97 - 105 ],Dallas Mavericks,Collison Free Throw 2 of 2 (12 PTS),0:16
http://stats.nba.com/cvp.html?GameID=0021200362&GameEventID=511,4,[ 100 - 105 ],Philadelphia 76ers,Richardson 26' 3PT Jump Shot (11 PTS) (Wayns 9 AST),0:06
http://stats.nba.com/cvp.html?GameID=0021200362&GameEventID=512,4,,Philadelphia 76ers,Wright Personal Take Foul (P3.PN),0:05
http://stats.nba.com/cvp.html?GameID=0021200362&GameEventID=513,4,[ 100 - 106 ],Dallas Mavericks,Mayo Free Throw 1 of 2 (25 PTS),0:05
http://stats.nba.com/cvp.html?GameID=0021200362&GameEventID=515,4,[ 100 - 107 ],Dallas Mavericks,Mayo Free Throw 2 of 2 (26 PTS),0:05
http://stats.nba.com/cvp.html?GameID=0021200362&GameEventID=517,4,,Philadelphia 76ers,MISS Wright 32' 3PT Jump Shot,0:00
http://stats.nba.com/cvp.html?GameID=0021200362&GameEventID=518,4,,Dallas Mavericks,Marion REBOUND (Off:4 Def:5),0:00
