http://stats.nba.com/cvp.html?GameID=0021201090&GameEventID=1,1,,Milwaukee Bucks,Jump Ball Sanders vs. Ibaka: Tip to Jennings,12:00
http://stats.nba.com/cvp.html?GameID=0021201090&GameEventID=2,1,[ 0 - 2 ],Milwaukee Bucks,Jennings 11' Jump Shot (2 PTS) (Ellis 1 AST),11:47
http://stats.nba.com/cvp.html?GameID=0021201090&GameEventID=3,1,[ 3 - 2 ],Oklahoma City Thunder,Sefolosha  3PT Jump Shot (3 PTS) (Westbrook 1 AST),11:31
http://stats.nba.com/cvp.html?GameID=0021201090&GameEventID=4,1,[ 3 - 4 ],Milwaukee Bucks,Ilyasova 22' Jump Shot (2 PTS) (Ellis 2 AST),11:17
http://stats.nba.com/cvp.html?GameID=0021201090&GameEventID=5,1,,Milwaukee Bucks,Ilyasova S.FOUL (P1.T1),11:09
http://stats.nba.com/cvp.html?GameID=0021201090&GameEventID=6,1,,Oklahoma City Thunder,MISS Westbrook Free Throw 1 of 2,11:09
http://stats.nba.com/cvp.html?GameID=0021201090&GameEventID=7,1,,Oklahoma City Thunder,Thunder Rebound,11:09
http://stats.nba.com/cvp.html?GameID=0021201090&GameEventID=8,1,,Oklahoma City Thunder,MISS Westbrook Free Throw 2 of 2,11:09
http://stats.nba.com/cvp.html?GameID=0021201090&GameEventID=10,1,,Milwaukee Bucks,Sanders REBOUND (Off:0 Def:1),11:07
http://stats.nba.com/cvp.html?GameID=0021201090&GameEventID=11,1,,Milwaukee Bucks,MISS Sanders 18' Jump Shot,10:52
http://stats.nba.com/cvp.html?GameID=0021201090&GameEventID=12,1,,Oklahoma City Thunder,Perkins REBOUND (Off:0 Def:1),10:51
http://stats.nba.com/cvp.html?GameID=0021201090&GameEventID=13,1,[ 5 - 4 ],Oklahoma City Thunder,Durant 16' Turnaround Jump Shot (2 PTS),10:35
http://stats.nba.com/cvp.html?GameID=0021201090&GameEventID=14,1,,Oklahoma City Thunder,Ibaka S.FOUL (P1.T1),10:20
http://stats.nba.com/cvp.html?GameID=0021201090&GameEventID=15,1,[ 5 - 5 ],Milwaukee Bucks,Daniels Free Throw 1 of 2 (1 PTS),10:20
http://stats.nba.com/cvp.html?GameID=0021201090&GameEventID=17,1,[ 5 - 6 ],Milwaukee Bucks,Daniels Free Throw 2 of 2 (2 PTS),10:20
http://stats.nba.com/cvp.html?GameID=0021201090&GameEventID=19,1,,Oklahoma City Thunder,MISS Durant 12' Turnaround Jump Shot,10:01
http://stats.nba.com/cvp.html?GameID=0021201090&GameEventID=20,1,,Milwaukee Bucks,Ilyasova REBOUND (Off:0 Def:1),9:59
http://stats.nba.com/cvp.html?GameID=0021201090&GameEventID=21,1,[ 5 - 9 ],Milwaukee Bucks,Ilyasova 24' 3PT Jump Shot (5 PTS) (Ellis 3 AST),9:47
http://stats.nba.com/cvp.html?GameID=0021201090&GameEventID=22,1,[ 7 - 9 ],Oklahoma City Thunder,Durant 17' Jump Shot (4 PTS) (Westbrook 2 AST),9:32
http://stats.nba.com/cvp.html?GameID=0021201090&GameEventID=24,1,,Milwaukee Bucks,MISS Ellis 1' Layup,9:15
http://stats.nba.com/cvp.html?GameID=0021201090&GameEventID=25,1,,Oklahoma City Thunder,Ibaka REBOUND (Off:0 Def:1),9:13
http://stats.nba.com/cvp.html?GameID=0021201090&GameEventID=26,1,[ 9 - 9 ],Oklahoma City Thunder,Ibaka 20' Jump Shot (2 PTS) (Sefolosha 1 AST),9:05
http://stats.nba.com/cvp.html?GameID=0021201090&GameEventID=27,1,,Milwaukee Bucks,MISS Ilyasova 22' Jump Shot,8:47
http://stats.nba.com/cvp.html?GameID=0021201090&GameEventID=28,1,,Oklahoma City Thunder,Westbrook REBOUND (Off:0 Def:1),8:46
http://stats.nba.com/cvp.html?GameID=0021201090&GameEventID=29,1,[ 11 - 9 ],Oklahoma City Thunder,Westbrook 15' Jump Shot (2 PTS),8:41
http://stats.nba.com/cvp.html?GameID=0021201090&GameEventID=30,1,[ 11 - 11 ],Milwaukee Bucks,Ilyasova 16' Jump Shot (7 PTS) (Jennings 1 AST),8:21
http://stats.nba.com/cvp.html?GameID=0021201090&GameEventID=31,1,[ 13 - 11 ],Oklahoma City Thunder,Westbrook 10' Jump Shot (4 PTS),7:51
http://stats.nba.com/cvp.html?GameID=0021201090&GameEventID=32,1,,Milwaukee Bucks,MISS Ilyasova 20' Jump Shot,7:25
http://stats.nba.com/cvp.html?GameID=0021201090&GameEventID=33,1,,Milwaukee Bucks,Daniels REBOUND (Off:1 Def:0),7:24
http://stats.nba.com/cvp.html?GameID=0021201090&GameEventID=34,1,,Milwaukee Bucks,MISS Daniels 25' 3PT Jump Shot,7:13
http://stats.nba.com/cvp.html?GameID=0021201090&GameEventID=35,1,,Oklahoma City Thunder,Westbrook REBOUND (Off:0 Def:2),7:12
http://stats.nba.com/cvp.html?GameID=0021201090&GameEventID=36,1,,Milwaukee Bucks,Daniels P.FOUL (P1.T2),7:04
http://stats.nba.com/cvp.html?GameID=0021201090&GameEventID=37,1,,Milwaukee Bucks,SUB: Mbah a Moute FOR Daniels,7:04
http://stats.nba.com/cvp.html?GameID=0021201090&GameEventID=38,1,,Milwaukee Bucks,Ellis S.FOUL (P1.T3),6:59
http://stats.nba.com/cvp.html?GameID=0021201090&GameEventID=39,1,[ 14 - 11 ],Oklahoma City Thunder,Westbrook Free Throw 1 of 2 (5 PTS),6:59
http://stats.nba.com/cvp.html?GameID=0021201090&GameEventID=41,1,[ 15 - 11 ],Oklahoma City Thunder,Westbrook Free Throw 2 of 2 (6 PTS),6:59
http://stats.nba.com/cvp.html?GameID=0021201090&GameEventID=43,1,,Milwaukee Bucks,MISS Sanders 14' Jump Shot,6:34
http://stats.nba.com/cvp.html?GameID=0021201090&GameEventID=44,1,,Oklahoma City Thunder,Perkins REBOUND (Off:0 Def:2),6:33
http://stats.nba.com/cvp.html?GameID=0021201090&GameEventID=45,1,[ 18 - 11 ],Oklahoma City Thunder,Westbrook 25' 3PT Jump Shot (9 PTS) (Durant 1 AST),6:21
http://stats.nba.com/cvp.html?GameID=0021201090&GameEventID=46,1,,Milwaukee Bucks,BUCKS Timeout: Regular (Full 1 Short 0),6:16
http://stats.nba.com/cvp.html?GameID=0021201090&GameEventID=48,1,,Milwaukee Bucks,Ilyasova Bad Pass Turnover (P1.T1),6:06
http://stats.nba.com/cvp.html?GameID=0021201090&GameEventID=49,1,[ 20 - 11 ],Oklahoma City Thunder,Perkins 1' Layup (2 PTS) (Westbrook 3 AST),5:50
http://stats.nba.com/cvp.html?GameID=0021201090&GameEventID=50,1,,Milwaukee Bucks,Jennings Bad Pass Turnover (P1.T2),5:37
http://stats.nba.com/cvp.html?GameID=0021201090&GameEventID=51,1,,Oklahoma City Thunder,MISS Westbrook 10' Jump Shot,5:24
http://stats.nba.com/cvp.html?GameID=0021201090&GameEventID=52,1,,Milwaukee Bucks,Sanders REBOUND (Off:0 Def:2),5:22
http://stats.nba.com/cvp.html?GameID=0021201090&GameEventID=53,1,,Oklahoma City Thunder,Perkins S.FOUL (P1.T2),5:16
http://stats.nba.com/cvp.html?GameID=0021201090&GameEventID=54,1,[ 20 - 12 ],Milwaukee Bucks,Sanders Free Throw 1 of 2 (1 PTS),5:16
http://stats.nba.com/cvp.html?GameID=0021201090&GameEventID=57,1,[ 20 - 13 ],Milwaukee Bucks,Sanders Free Throw 2 of 2 (2 PTS),5:16
http://stats.nba.com/cvp.html?GameID=0021201090&GameEventID=59,1,[ 22 - 13 ],Oklahoma City Thunder,Perkins 5' Hook Shot (4 PTS),4:55
http://stats.nba.com/cvp.html?GameID=0021201090&GameEventID=60,1,,Milwaukee Bucks,Jennings Lost Ball Turnover (P2.T3),4:44
http://stats.nba.com/cvp.html?GameID=0021201090&GameEventID=60,1,,Oklahoma City Thunder,Westbrook STEAL (1 STL),4:44
http://stats.nba.com/cvp.html?GameID=0021201090&GameEventID=61,1,,Oklahoma City Thunder,MISS Westbrook 2' Layup,4:35
http://stats.nba.com/cvp.html?GameID=0021201090&GameEventID=62,1,,Oklahoma City Thunder,Westbrook REBOUND (Off:1 Def:2),4:34
http://stats.nba.com/cvp.html?GameID=0021201090&GameEventID=63,1,,Milwaukee Bucks,Mbah a Moute STEAL (1 STL),4:32
http://stats.nba.com/cvp.html?GameID=0021201090&GameEventID=63,1,,Oklahoma City Thunder,Westbrook Lost Ball Turnover (P1.T1),4:32
http://stats.nba.com/cvp.html?GameID=0021201090&GameEventID=64,1,[ 22 - 16 ],Milwaukee Bucks,Mbah a Moute  3PT Jump Shot (3 PTS) (Ilyasova 1 AST),4:24
http://stats.nba.com/cvp.html?GameID=0021201090&GameEventID=65,1,[ 24 - 16 ],Oklahoma City Thunder,Durant 16' Jump Shot (6 PTS) (Sefolosha 2 AST),4:09
http://stats.nba.com/cvp.html?GameID=0021201090&GameEventID=66,1,,Milwaukee Bucks,Mbah a Moute S.FOUL (P1.T4),4:09
http://stats.nba.com/cvp.html?GameID=0021201090&GameEventID=67,1,,Oklahoma City Thunder,SUB: Martin FOR Sefolosha,4:09
http://stats.nba.com/cvp.html?GameID=0021201090&GameEventID=68,1,,Oklahoma City Thunder,MISS Ibaka Free Throw 1 of 1,4:09
http://stats.nba.com/cvp.html?GameID=0021201090&GameEventID=70,1,,Milwaukee Bucks,Ilyasova REBOUND (Off:0 Def:2),4:06
http://stats.nba.com/cvp.html?GameID=0021201090&GameEventID=71,1,,Milwaukee Bucks,MISS Mbah a Moute 24' 3PT Jump Shot,3:57
http://stats.nba.com/cvp.html?GameID=0021201090&GameEventID=72,1,,Oklahoma City Thunder,Durant REBOUND (Off:0 Def:1),3:55
http://stats.nba.com/cvp.html?GameID=0021201090&GameEventID=74,1,,Milwaukee Bucks,SUB: Udoh FOR Sanders,3:49
http://stats.nba.com/cvp.html?GameID=0021201090&GameEventID=75,1,,Oklahoma City Thunder,SUB: Collison FOR Ibaka,3:49
http://stats.nba.com/cvp.html?GameID=0021201090&GameEventID=76,1,,Oklahoma City Thunder,MISS Durant 9' Jump Shot,3:39
http://stats.nba.com/cvp.html?GameID=0021201090&GameEventID=77,1,,Milwaukee Bucks,Ilyasova REBOUND (Off:0 Def:3),3:38
http://stats.nba.com/cvp.html?GameID=0021201090&GameEventID=79,1,,Milwaukee Bucks,MISS Ellis 26' 3PT Jump Shot,3:28
http://stats.nba.com/cvp.html?GameID=0021201090&GameEventID=80,1,,Oklahoma City Thunder,Westbrook REBOUND (Off:1 Def:3),3:26
http://stats.nba.com/cvp.html?GameID=0021201090&GameEventID=81,1,,Milwaukee Bucks,Jennings S.FOUL (P1.PN),3:24
http://stats.nba.com/cvp.html?GameID=0021201090&GameEventID=82,1,[ 25 - 16 ],Oklahoma City Thunder,Westbrook Free Throw 1 of 2 (10 PTS),3:24
http://stats.nba.com/cvp.html?GameID=0021201090&GameEventID=84,1,,Milwaukee Bucks,SUB: Redick FOR Jennings,3:24
http://stats.nba.com/cvp.html?GameID=0021201090&GameEventID=85,1,[ 26 - 16 ],Oklahoma City Thunder,Westbrook Free Throw 2 of 2 (11 PTS),3:24
http://stats.nba.com/cvp.html?GameID=0021201090&GameEventID=88,1,,Milwaukee Bucks,MISS Ellis 1' Layup,3:09
http://stats.nba.com/cvp.html?GameID=0021201090&GameEventID=89,1,,Milwaukee Bucks,Ilyasova REBOUND (Off:1 Def:3),3:08
http://stats.nba.com/cvp.html?GameID=0021201090&GameEventID=90,1,[ 26 - 18 ],Milwaukee Bucks,Ilyasova 8' Jump Shot (9 PTS),3:08
http://stats.nba.com/cvp.html?GameID=0021201090&GameEventID=91,1,,Oklahoma City Thunder,Perkins S.FOUL (P2.T3),3:08
http://stats.nba.com/cvp.html?GameID=0021201090&GameEventID=92,1,[ 26 - 19 ],Milwaukee Bucks,Ilyasova Free Throw 1 of 1 (10 PTS),3:08
http://stats.nba.com/cvp.html?GameID=0021201090&GameEventID=94,1,,Oklahoma City Thunder,Thunder Timeout: Regular (Reg.1 Short 0),3:05
http://stats.nba.com/cvp.html?GameID=0021201090&GameEventID=96,1,,Oklahoma City Thunder,SUB: Brewer FOR Perkins,3:05
http://stats.nba.com/cvp.html?GameID=0021201090&GameEventID=97,1,,Oklahoma City Thunder,SUB: Fisher FOR Durant,3:05
http://stats.nba.com/cvp.html?GameID=0021201090&GameEventID=98,1,,Oklahoma City Thunder,MISS Westbrook 18' Jump Shot,2:53
http://stats.nba.com/cvp.html?GameID=0021201090&GameEventID=99,1,,Milwaukee Bucks,Ilyasova REBOUND (Off:1 Def:4),2:50
http://stats.nba.com/cvp.html?GameID=0021201090&GameEventID=100,1,[ 26 - 21 ],Milwaukee Bucks,Ilyasova 18' Jump Shot (12 PTS) (Udoh 1 AST),2:37
http://stats.nba.com/cvp.html?GameID=0021201090&GameEventID=101,1,[ 28 - 21 ],Oklahoma City Thunder,Martin 10' Jump Shot (2 PTS) (Westbrook 4 AST),2:22
http://stats.nba.com/cvp.html?GameID=0021201090&GameEventID=102,1,[ 28 - 24 ],Milwaukee Bucks,Redick 24' 3PT Jump Shot (3 PTS) (Ellis 4 AST),2:13
http://stats.nba.com/cvp.html?GameID=0021201090&GameEventID=104,1,[ 30 - 24 ],Oklahoma City Thunder,Collison 6' Jump Hook Shot (2 PTS) (Martin 1 AST),1:58
http://stats.nba.com/cvp.html?GameID=0021201090&GameEventID=105,1,[ 30 - 26 ],Milwaukee Bucks,Udoh  Layup (2 PTS) (Mbah a Moute 1 AST),1:44
http://stats.nba.com/cvp.html?GameID=0021201090&GameEventID=106,1,,Oklahoma City Thunder,MISS Westbrook 16' Jump Shot,1:31
http://stats.nba.com/cvp.html?GameID=0021201090&GameEventID=107,1,,Milwaukee Bucks,Ilyasova REBOUND (Off:1 Def:5),1:30
http://stats.nba.com/cvp.html?GameID=0021201090&GameEventID=108,1,,Milwaukee Bucks,MISS Redick 21' Jump Shot,1:15
http://stats.nba.com/cvp.html?GameID=0021201090&GameEventID=109,1,,Milwaukee Bucks,Udoh REBOUND (Off:1 Def:0),1:14
http://stats.nba.com/cvp.html?GameID=0021201090&GameEventID=110,1,[ 30 - 28 ],Milwaukee Bucks,Udoh  Layup (4 PTS),1:13
http://stats.nba.com/cvp.html?GameID=0021201090&GameEventID=111,1,[ 32 - 28 ],Oklahoma City Thunder,Martin 13' Pullup Jump Shot (4 PTS),0:53
http://stats.nba.com/cvp.html?GameID=0021201090&GameEventID=112,1,,Milwaukee Bucks,MISS Mbah a Moute 1' Layup,0:39
http://stats.nba.com/cvp.html?GameID=0021201090&GameEventID=113,1,,Milwaukee Bucks,Udoh REBOUND (Off:2 Def:0),0:38
http://stats.nba.com/cvp.html?GameID=0021201090&GameEventID=114,1,,Milwaukee Bucks,MISS Redick 26' 3PT Jump Shot,0:33
http://stats.nba.com/cvp.html?GameID=0021201090&GameEventID=115,1,,Oklahoma City Thunder,Westbrook REBOUND (Off:1 Def:4),0:32
http://stats.nba.com/cvp.html?GameID=0021201090&GameEventID=116,1,,Oklahoma City Thunder,Westbrook Offensive Charge Foul (P1.T4),0:29
http://stats.nba.com/cvp.html?GameID=0021201090&GameEventID=117,1,,Oklahoma City Thunder,Westbrook Foul Turnover (P2.T2),0:29
http://stats.nba.com/cvp.html?GameID=0021201090&GameEventID=118,1,,Milwaukee Bucks,SUB: Dunleavy FOR Ilyasova,0:29
http://stats.nba.com/cvp.html?GameID=0021201090&GameEventID=119,1,,Oklahoma City Thunder,SUB: Jackson FOR Westbrook,0:29
http://stats.nba.com/cvp.html?GameID=0021201090&GameEventID=120,1,,Oklahoma City Thunder,Collison P.FOUL (P1.PN),0:14
http://stats.nba.com/cvp.html?GameID=0021201090&GameEventID=121,1,,Milwaukee Bucks,MISS Ellis 6' Jump Shot,0:00
http://stats.nba.com/cvp.html?GameID=0021201090&GameEventID=122,1,,Milwaukee Bucks,BUCKS Rebound,0:00
http://stats.nba.com/cvp.html?GameID=0021201090&GameEventID=126,2,,Milwaukee Bucks,Mbah a Moute P.FOUL (P2.T1),11:46
http://stats.nba.com/cvp.html?GameID=0021201090&GameEventID=127,2,[ 34 - 28 ],Oklahoma City Thunder,Jackson 1' Layup (2 PTS) (Martin 2 AST),11:37
http://stats.nba.com/cvp.html?GameID=0021201090&GameEventID=128,2,,Milwaukee Bucks,MISS Redick 18' Jump Shot,11:21
http://stats.nba.com/cvp.html?GameID=0021201090&GameEventID=129,2,,Milwaukee Bucks,Udoh REBOUND (Off:3 Def:0),11:19
http://stats.nba.com/cvp.html?GameID=0021201090&GameEventID=130,2,,Milwaukee Bucks,MISS Udoh 1' Layup,11:17
http://stats.nba.com/cvp.html?GameID=0021201090&GameEventID=131,2,,Oklahoma City Thunder,Collison REBOUND (Off:0 Def:1),11:16
http://stats.nba.com/cvp.html?GameID=0021201090&GameEventID=132,2,[ 36 - 28 ],Oklahoma City Thunder,Martin 17' Jump Shot (6 PTS) (Collison 1 AST),11:05
http://stats.nba.com/cvp.html?GameID=0021201090&GameEventID=133,2,,Milwaukee Bucks,MISS Dunleavy 21' Jump Shot,10:50
http://stats.nba.com/cvp.html?GameID=0021201090&GameEventID=134,2,,Oklahoma City Thunder,Brewer REBOUND (Off:0 Def:1),10:49
http://stats.nba.com/cvp.html?GameID=0021201090&GameEventID=135,2,,Oklahoma City Thunder,MISS Martin  3PT Jump Shot,10:43
http://stats.nba.com/cvp.html?GameID=0021201090&GameEventID=136,2,,Milwaukee Bucks,Udoh REBOUND (Off:3 Def:1),10:41
http://stats.nba.com/cvp.html?GameID=0021201090&GameEventID=137,2,,Milwaukee Bucks,MISS Jennings 25' 3PT Jump Shot,10:27
http://stats.nba.com/cvp.html?GameID=0021201090&GameEventID=138,2,,Oklahoma City Thunder,Brewer REBOUND (Off:0 Def:2),10:26
http://stats.nba.com/cvp.html?GameID=0021201090&GameEventID=139,2,,Milwaukee Bucks,Mbah a Moute S.FOUL (P3.T2),10:21
http://stats.nba.com/cvp.html?GameID=0021201090&GameEventID=140,2,,Oklahoma City Thunder,MISS Martin Free Throw 1 of 2,10:21
http://stats.nba.com/cvp.html?GameID=0021201090&GameEventID=141,2,,Oklahoma City Thunder,Thunder Rebound,10:21
http://stats.nba.com/cvp.html?GameID=0021201090&GameEventID=142,2,,Milwaukee Bucks,SUB: Daniels FOR Mbah a Moute,10:21
http://stats.nba.com/cvp.html?GameID=0021201090&GameEventID=143,2,[ 37 - 28 ],Oklahoma City Thunder,Martin Free Throw 2 of 2 (7 PTS),10:21
http://stats.nba.com/cvp.html?GameID=0021201090&GameEventID=145,2,,Milwaukee Bucks,MISS Udoh 15' Jump Shot,10:00
http://stats.nba.com/cvp.html?GameID=0021201090&GameEventID=145,2,,Oklahoma City Thunder,Collison BLOCK (1 BLK),10:00
http://stats.nba.com/cvp.html?GameID=0021201090&GameEventID=146,2,,Milwaukee Bucks,Redick REBOUND (Off:1 Def:0),9:58
http://stats.nba.com/cvp.html?GameID=0021201090&GameEventID=147,2,[ 37 - 31 ],Milwaukee Bucks,Redick 24' 3PT Jump Shot (6 PTS),9:55
http://stats.nba.com/cvp.html?GameID=0021201090&GameEventID=148,2,,Oklahoma City Thunder,MISS Martin 25' 3PT Jump Shot,9:43
http://stats.nba.com/cvp.html?GameID=0021201090&GameEventID=149,2,,Milwaukee Bucks,Dunleavy REBOUND (Off:0 Def:1),9:41
http://stats.nba.com/cvp.html?GameID=0021201090&GameEventID=150,2,,Milwaukee Bucks,MISS Jennings 1' Layup,9:32
http://stats.nba.com/cvp.html?GameID=0021201090&GameEventID=152,2,,Milwaukee Bucks,Udoh REBOUND (Off:4 Def:1),9:30
http://stats.nba.com/cvp.html?GameID=0021201090&GameEventID=151,2,[ 37 - 33 ],Milwaukee Bucks,Udoh  Layup (6 PTS),9:30
http://stats.nba.com/cvp.html?GameID=0021201090&GameEventID=153,2,[ 39 - 33 ],Oklahoma City Thunder,Fisher 19' Jump Shot (2 PTS) (Brewer 1 AST),9:09
http://stats.nba.com/cvp.html?GameID=0021201090&GameEventID=154,2,[ 39 - 35 ],Milwaukee Bucks,Redick 1' Driving Layup (8 PTS),8:54
http://stats.nba.com/cvp.html?GameID=0021201090&GameEventID=155,2,[ 41 - 35 ],Oklahoma City Thunder,Martin  Layup (9 PTS) (Collison 2 AST),8:35
http://stats.nba.com/cvp.html?GameID=0021201090&GameEventID=156,2,,Oklahoma City Thunder,Martin S.FOUL (P1.T1),8:22
http://stats.nba.com/cvp.html?GameID=0021201090&GameEventID=159,2,,Oklahoma City Thunder,SUB: Durant FOR Brewer,8:22
http://stats.nba.com/cvp.html?GameID=0021201090&GameEventID=160,2,[ 41 - 36 ],Milwaukee Bucks,Udoh Free Throw 1 of 2 (7 PTS),8:22
http://stats.nba.com/cvp.html?GameID=0021201090&GameEventID=162,2,[ 41 - 37 ],Milwaukee Bucks,Udoh Free Throw 2 of 2 (8 PTS),8:22
http://stats.nba.com/cvp.html?GameID=0021201090&GameEventID=164,2,,Oklahoma City Thunder,MISS Collison 14' Jump Shot,8:04
http://stats.nba.com/cvp.html?GameID=0021201090&GameEventID=165,2,,Milwaukee Bucks,Udoh REBOUND (Off:4 Def:2),8:02
http://stats.nba.com/cvp.html?GameID=0021201090&GameEventID=166,2,,Milwaukee Bucks,MISS Dunleavy 19' Jump Shot,7:42
http://stats.nba.com/cvp.html?GameID=0021201090&GameEventID=167,2,,Oklahoma City Thunder,Martin REBOUND (Off:0 Def:1),7:41
http://stats.nba.com/cvp.html?GameID=0021201090&GameEventID=168,2,,Oklahoma City Thunder,MISS Durant 14' Jump Shot,7:20
http://stats.nba.com/cvp.html?GameID=0021201090&GameEventID=169,2,,Milwaukee Bucks,Udoh REBOUND (Off:4 Def:3),7:18
http://stats.nba.com/cvp.html?GameID=0021201090&GameEventID=170,2,[ 41 - 39 ],Milwaukee Bucks,Redick 21' Jump Shot (10 PTS) (Jennings 2 AST),7:11
http://stats.nba.com/cvp.html?GameID=0021201090&GameEventID=171,2,,Milwaukee Bucks,Daniels STEAL (1 STL),6:57
http://stats.nba.com/cvp.html?GameID=0021201090&GameEventID=171,2,,Oklahoma City Thunder,Jackson Bad Pass Turnover (P1.T3),6:57
http://stats.nba.com/cvp.html?GameID=0021201090&GameEventID=172,2,,Milwaukee Bucks,MISS Daniels  Layup,6:52
http://stats.nba.com/cvp.html?GameID=0021201090&GameEventID=173,2,,Oklahoma City Thunder,Martin REBOUND (Off:0 Def:2),6:50
http://stats.nba.com/cvp.html?GameID=0021201090&GameEventID=174,2,,Oklahoma City Thunder,MISS Durant 1' Layup,6:44
http://stats.nba.com/cvp.html?GameID=0021201090&GameEventID=176,2,,Oklahoma City Thunder,Durant REBOUND (Off:1 Def:1),6:42
http://stats.nba.com/cvp.html?GameID=0021201090&GameEventID=175,2,[ 43 - 39 ],Oklahoma City Thunder,Durant  Layup (8 PTS),6:42
http://stats.nba.com/cvp.html?GameID=0021201090&GameEventID=177,2,,Milwaukee Bucks,BUCKS Timeout: Regular (Full 2 Short 0),6:35
http://stats.nba.com/cvp.html?GameID=0021201090&GameEventID=179,2,,Milwaukee Bucks,SUB: Sanders FOR Udoh,6:35
http://stats.nba.com/cvp.html?GameID=0021201090&GameEventID=180,2,,Oklahoma City Thunder,SUB: Westbrook FOR Collison,6:35
http://stats.nba.com/cvp.html?GameID=0021201090&GameEventID=181,2,,Oklahoma City Thunder,SUB: Ibaka FOR Jackson,6:35
http://stats.nba.com/cvp.html?GameID=0021201090&GameEventID=182,2,[ 43 - 41 ],Milwaukee Bucks,Daniels  Layup (4 PTS) (Sanders 1 AST),6:22
http://stats.nba.com/cvp.html?GameID=0021201090&GameEventID=183,2,[ 46 - 41 ],Oklahoma City Thunder,Martin 24' 3PT Jump Shot (12 PTS) (Westbrook 5 AST),6:05
http://stats.nba.com/cvp.html?GameID=0021201090&GameEventID=184,2,,Oklahoma City Thunder,Martin P.FOUL (P2.T2),5:54
http://stats.nba.com/cvp.html?GameID=0021201090&GameEventID=185,2,,Milwaukee Bucks,SUB: Ellis FOR Dunleavy,5:54
http://stats.nba.com/cvp.html?GameID=0021201090&GameEventID=186,2,,Milwaukee Bucks,MISS Redick 26' 3PT Jump Shot,5:44
http://stats.nba.com/cvp.html?GameID=0021201090&GameEventID=187,2,,Oklahoma City Thunder,Westbrook REBOUND (Off:1 Def:5),5:42
http://stats.nba.com/cvp.html?GameID=0021201090&GameEventID=188,2,[ 48 - 41 ],Oklahoma City Thunder,Durant 1' Dunk (10 PTS) (Westbrook 6 AST),5:39
http://stats.nba.com/cvp.html?GameID=0021201090&GameEventID=189,2,,Milwaukee Bucks,MISS Jennings 10' Jump Shot,5:23
http://stats.nba.com/cvp.html?GameID=0021201090&GameEventID=190,2,,Oklahoma City Thunder,Westbrook REBOUND (Off:1 Def:6),5:22
http://stats.nba.com/cvp.html?GameID=0021201090&GameEventID=191,2,,Oklahoma City Thunder,MISS Westbrook 14' Turnaround Jump Shot,5:10
http://stats.nba.com/cvp.html?GameID=0021201090&GameEventID=192,2,,Milwaukee Bucks,Sanders REBOUND (Off:0 Def:3),5:09
http://stats.nba.com/cvp.html?GameID=0021201090&GameEventID=193,2,,Milwaukee Bucks,MISS Redick  Layup,5:02
http://stats.nba.com/cvp.html?GameID=0021201090&GameEventID=193,2,,Oklahoma City Thunder,Ibaka BLOCK (1 BLK),5:02
http://stats.nba.com/cvp.html?GameID=0021201090&GameEventID=194,2,,Milwaukee Bucks,Redick REBOUND (Off:2 Def:0),5:00
http://stats.nba.com/cvp.html?GameID=0021201090&GameEventID=195,2,,Milwaukee Bucks,MISS Ellis 3' Jump Shot,4:54
http://stats.nba.com/cvp.html?GameID=0021201090&GameEventID=195,2,,Oklahoma City Thunder,Ibaka BLOCK (2 BLK),4:54
http://stats.nba.com/cvp.html?GameID=0021201090&GameEventID=196,2,,Oklahoma City Thunder,Ibaka REBOUND (Off:0 Def:2),4:52
http://stats.nba.com/cvp.html?GameID=0021201090&GameEventID=197,2,,Milwaukee Bucks,Daniels S.FOUL (P2.T3),4:38
http://stats.nba.com/cvp.html?GameID=0021201090&GameEventID=198,2,[ 49 - 41 ],Oklahoma City Thunder,Durant Free Throw 1 of 2 (11 PTS),4:38
http://stats.nba.com/cvp.html?GameID=0021201090&GameEventID=200,2,,Milwaukee Bucks,SUB: Ilyasova FOR Redick,4:38
http://stats.nba.com/cvp.html?GameID=0021201090&GameEventID=201,2,,Oklahoma City Thunder,SUB: Perkins FOR Fisher,4:38
http://stats.nba.com/cvp.html?GameID=0021201090&GameEventID=202,2,[ 50 - 41 ],Oklahoma City Thunder,Durant Free Throw 2 of 2 (12 PTS),4:38
http://stats.nba.com/cvp.html?GameID=0021201090&GameEventID=204,2,,Milwaukee Bucks,MISS Daniels 24' 3PT Jump Shot,4:27
http://stats.nba.com/cvp.html?GameID=0021201090&GameEventID=205,2,,Oklahoma City Thunder,Martin REBOUND (Off:0 Def:3),4:26
http://stats.nba.com/cvp.html?GameID=0021201090&GameEventID=207,2,,Oklahoma City Thunder,MISS Westbrook 26' 3PT Jump Shot,4:05
http://stats.nba.com/cvp.html?GameID=0021201090&GameEventID=208,2,,Milwaukee Bucks,Ilyasova REBOUND (Off:1 Def:6),4:04
http://stats.nba.com/cvp.html?GameID=0021201090&GameEventID=209,2,,Milwaukee Bucks,MISS Ellis 25' 3PT Jump Shot,3:49
http://stats.nba.com/cvp.html?GameID=0021201090&GameEventID=210,2,,Oklahoma City Thunder,Durant REBOUND (Off:1 Def:2),3:48
http://stats.nba.com/cvp.html?GameID=0021201090&GameEventID=211,2,,Oklahoma City Thunder,MISS Perkins 1' Layup,3:29
http://stats.nba.com/cvp.html?GameID=0021201090&GameEventID=212,2,,Oklahoma City Thunder,Westbrook REBOUND (Off:2 Def:6),3:27
http://stats.nba.com/cvp.html?GameID=0021201090&GameEventID=213,2,[ 52 - 41 ],Oklahoma City Thunder,Westbrook  Layup (13 PTS),3:26
http://stats.nba.com/cvp.html?GameID=0021201090&GameEventID=214,2,,Milwaukee Bucks,MISS Ilyasova 1' Layup,3:15
http://stats.nba.com/cvp.html?GameID=0021201090&GameEventID=216,2,,Milwaukee Bucks,Sanders REBOUND (Off:1 Def:3),3:13
http://stats.nba.com/cvp.html?GameID=0021201090&GameEventID=215,2,[ 52 - 43 ],Milwaukee Bucks,Sanders 1' Tip Shot (4 PTS),3:13
http://stats.nba.com/cvp.html?GameID=0021201090&GameEventID=217,2,,Oklahoma City Thunder,MISS Martin 26' 3PT Jump Shot,2:59
http://stats.nba.com/cvp.html?GameID=0021201090&GameEventID=218,2,,Milwaukee Bucks,Sanders REBOUND (Off:1 Def:4),2:58
http://stats.nba.com/cvp.html?GameID=0021201090&GameEventID=219,2,,Milwaukee Bucks,MISS Ellis 2' Layup,2:51
http://stats.nba.com/cvp.html?GameID=0021201090&GameEventID=219,2,,Oklahoma City Thunder,Ibaka BLOCK (3 BLK),2:51
http://stats.nba.com/cvp.html?GameID=0021201090&GameEventID=220,2,,Milwaukee Bucks,Daniels REBOUND (Off:2 Def:0),2:50
http://stats.nba.com/cvp.html?GameID=0021201090&GameEventID=221,2,,Milwaukee Bucks,MISS Daniels 1' Layup,2:47
http://stats.nba.com/cvp.html?GameID=0021201090&GameEventID=221,2,,Oklahoma City Thunder,Ibaka BLOCK (4 BLK),2:47
http://stats.nba.com/cvp.html?GameID=0021201090&GameEventID=222,2,,Oklahoma City Thunder,Durant REBOUND (Off:1 Def:3),2:46
http://stats.nba.com/cvp.html?GameID=0021201090&GameEventID=223,2,,Oklahoma City Thunder,MISS Durant 1' Layup,2:44
http://stats.nba.com/cvp.html?GameID=0021201090&GameEventID=224,2,,Milwaukee Bucks,Sanders REBOUND (Off:1 Def:5),2:42
http://stats.nba.com/cvp.html?GameID=0021201090&GameEventID=225,2,[ 52 - 46 ],Milwaukee Bucks,Ilyasova 24' 3PT Jump Shot (15 PTS) (Daniels 1 AST),2:31
http://stats.nba.com/cvp.html?GameID=0021201090&GameEventID=226,2,,Oklahoma City Thunder,Thunder Timeout: Regular (Reg.2 Short 0),2:25
http://stats.nba.com/cvp.html?GameID=0021201090&GameEventID=227,2,,Milwaukee Bucks,Ellis T.FOUL (P1.T3),2:25
http://stats.nba.com/cvp.html?GameID=0021201090&GameEventID=229,2,,Oklahoma City Thunder,SUB: Sefolosha FOR Martin,2:25
http://stats.nba.com/cvp.html?GameID=0021201090&GameEventID=230,2,[ 53 - 46 ],Oklahoma City Thunder,Durant Free Throw Technical (13 PTS),2:25
http://stats.nba.com/cvp.html?GameID=0021201090&GameEventID=232,2,,Oklahoma City Thunder,MISS Westbrook 16' Jump Shot,2:16
http://stats.nba.com/cvp.html?GameID=0021201090&GameEventID=233,2,,Milwaukee Bucks,Ilyasova REBOUND (Off:1 Def:7),2:15
http://stats.nba.com/cvp.html?GameID=0021201090&GameEventID=234,2,,Milwaukee Bucks,MISS Ellis 21' Jump Shot,1:56
http://stats.nba.com/cvp.html?GameID=0021201090&GameEventID=235,2,,Oklahoma City Thunder,Ibaka REBOUND (Off:0 Def:3),1:55
http://stats.nba.com/cvp.html?GameID=0021201090&GameEventID=236,2,,Oklahoma City Thunder,MISS Perkins 4' Jump Hook Shot,1:46
http://stats.nba.com/cvp.html?GameID=0021201090&GameEventID=237,2,,Milwaukee Bucks,Jennings REBOUND (Off:0 Def:1),1:45
http://stats.nba.com/cvp.html?GameID=0021201090&GameEventID=238,2,,Milwaukee Bucks,MISS Jennings 26' 3PT Jump Shot,1:32
http://stats.nba.com/cvp.html?GameID=0021201090&GameEventID=239,2,,Milwaukee Bucks,Daniels REBOUND (Off:3 Def:0),1:30
http://stats.nba.com/cvp.html?GameID=0021201090&GameEventID=240,2,,Milwaukee Bucks,MISS Daniels  Layup,1:29
http://stats.nba.com/cvp.html?GameID=0021201090&GameEventID=242,2,,Milwaukee Bucks,Ilyasova REBOUND (Off:2 Def:7),1:28
http://stats.nba.com/cvp.html?GameID=0021201090&GameEventID=241,2,,Milwaukee Bucks,MISS Ilyasova  Tip Shot,1:28
http://stats.nba.com/cvp.html?GameID=0021201090&GameEventID=243,2,,Oklahoma City Thunder,Sefolosha REBOUND (Off:0 Def:1),1:27
http://stats.nba.com/cvp.html?GameID=0021201090&GameEventID=244,2,[ 55 - 46 ],Oklahoma City Thunder,Durant 2' Dunk (15 PTS) (Sefolosha 3 AST),1:22
http://stats.nba.com/cvp.html?GameID=0021201090&GameEventID=245,2,,Oklahoma City Thunder,Thunder Violation: Delay of game Violation,1:20
http://stats.nba.com/cvp.html?GameID=0021201090&GameEventID=246,2,,Milwaukee Bucks,MISS Sanders 14' Jump Shot,1:00
http://stats.nba.com/cvp.html?GameID=0021201090&GameEventID=247,2,,Oklahoma City Thunder,Perkins REBOUND (Off:0 Def:3),0:59
http://stats.nba.com/cvp.html?GameID=0021201090&GameEventID=248,2,,Oklahoma City Thunder,Ibaka Traveling Turnover (P1.T4),0:51
http://stats.nba.com/cvp.html?GameID=0021201090&GameEventID=249,2,,Milwaukee Bucks,SUB: Redick FOR Ellis,0:51
http://stats.nba.com/cvp.html?GameID=0021201090&GameEventID=250,2,,Milwaukee Bucks,MISS Jennings 2' Layup,0:34
http://stats.nba.com/cvp.html?GameID=0021201090&GameEventID=250,2,,Oklahoma City Thunder,Ibaka BLOCK (5 BLK),0:34
http://stats.nba.com/cvp.html?GameID=0021201090&GameEventID=251,2,,Oklahoma City Thunder,Durant REBOUND (Off:1 Def:4),0:32
http://stats.nba.com/cvp.html?GameID=0021201090&GameEventID=253,2,,Milwaukee Bucks,Jennings S.FOUL (P2.T4),0:18
http://stats.nba.com/cvp.html?GameID=0021201090&GameEventID=254,2,,Oklahoma City Thunder,MISS Westbrook Free Throw 1 of 2,0:18
http://stats.nba.com/cvp.html?GameID=0021201090&GameEventID=255,2,,Oklahoma City Thunder,Thunder Rebound,0:18
http://stats.nba.com/cvp.html?GameID=0021201090&GameEventID=256,2,[ 56 - 46 ],Oklahoma City Thunder,Westbrook Free Throw 2 of 2 (14 PTS),0:18
http://stats.nba.com/cvp.html?GameID=0021201090&GameEventID=258,2,,Milwaukee Bucks,MISS Ilyasova 20' Jump Shot,0:01
http://stats.nba.com/cvp.html?GameID=0021201090&GameEventID=259,2,,Oklahoma City Thunder,Westbrook REBOUND (Off:2 Def:7),0:00
http://stats.nba.com/cvp.html?GameID=0021201090&GameEventID=260,2,,Oklahoma City Thunder,MISS Westbrook 42' 3PT Jump Shot,0:00
http://stats.nba.com/cvp.html?GameID=0021201090&GameEventID=261,2,,Oklahoma City Thunder,Thunder Rebound,0:00
http://stats.nba.com/cvp.html?GameID=0021201090&GameEventID=265,3,,Oklahoma City Thunder,MISS Sefolosha 1' Layup,11:42
http://stats.nba.com/cvp.html?GameID=0021201090&GameEventID=266,3,,Milwaukee Bucks,Ilyasova REBOUND (Off:2 Def:8),11:41
http://stats.nba.com/cvp.html?GameID=0021201090&GameEventID=267,3,[ 56 - 48 ],Milwaukee Bucks,Daniels 2' Running Layup (6 PTS),11:22
http://stats.nba.com/cvp.html?GameID=0021201090&GameEventID=268,3,,Milwaukee Bucks,Daniels P.FOUL (P3.T1),11:07
http://stats.nba.com/cvp.html?GameID=0021201090&GameEventID=269,3,[ 58 - 48 ],Oklahoma City Thunder,Durant 10' Jump Shot (17 PTS),10:59
http://stats.nba.com/cvp.html?GameID=0021201090&GameEventID=270,3,,Oklahoma City Thunder,Westbrook S.FOUL (P2.T1),10:49
http://stats.nba.com/cvp.html?GameID=0021201090&GameEventID=271,3,,Milwaukee Bucks,MISS Daniels Free Throw 1 of 2,10:49
http://stats.nba.com/cvp.html?GameID=0021201090&GameEventID=272,3,,Milwaukee Bucks,BUCKS Rebound,10:49
http://stats.nba.com/cvp.html?GameID=0021201090&GameEventID=273,3,[ 58 - 49 ],Milwaukee Bucks,Daniels Free Throw 2 of 2 (7 PTS),10:49
http://stats.nba.com/cvp.html?GameID=0021201090&GameEventID=275,3,,Oklahoma City Thunder,Sefolosha OFF.Foul (P1),10:38
http://stats.nba.com/cvp.html?GameID=0021201090&GameEventID=276,3,,Oklahoma City Thunder,Sefolosha Foul Turnover (P1.T5),10:38
http://stats.nba.com/cvp.html?GameID=0021201090&GameEventID=277,3,[ 58 - 52 ],Milwaukee Bucks,Jennings 26' 3PT Jump Shot (5 PTS),10:24
http://stats.nba.com/cvp.html?GameID=0021201090&GameEventID=278,3,,Oklahoma City Thunder,MISS Durant 25' 3PT Jump Shot,10:08
http://stats.nba.com/cvp.html?GameID=0021201090&GameEventID=279,3,,Milwaukee Bucks,Ilyasova REBOUND (Off:2 Def:9),10:07
http://stats.nba.com/cvp.html?GameID=0021201090&GameEventID=280,3,,Milwaukee Bucks,MISS Sanders 1' Layup,9:53
http://stats.nba.com/cvp.html?GameID=0021201090&GameEventID=280,3,,Oklahoma City Thunder,Ibaka BLOCK (6 BLK),9:53
http://stats.nba.com/cvp.html?GameID=0021201090&GameEventID=281,3,,Milwaukee Bucks,Ilyasova REBOUND (Off:3 Def:9),9:51
http://stats.nba.com/cvp.html?GameID=0021201090&GameEventID=282,3,,Milwaukee Bucks,MISS Ilyasova 25' 3PT Jump Shot,9:47
http://stats.nba.com/cvp.html?GameID=0021201090&GameEventID=283,3,,Oklahoma City Thunder,Westbrook REBOUND (Off:2 Def:8),9:46
http://stats.nba.com/cvp.html?GameID=0021201090&GameEventID=284,3,[ 60 - 52 ],Oklahoma City Thunder,Westbrook 15' Jump Shot (16 PTS),9:41
http://stats.nba.com/cvp.html?GameID=0021201090&GameEventID=285,3,,Oklahoma City Thunder,Perkins S.FOUL (P3.T2),9:26
http://stats.nba.com/cvp.html?GameID=0021201090&GameEventID=286,3,[ 60 - 53 ],Milwaukee Bucks,Ellis Free Throw 1 of 2 (1 PTS),9:26
http://stats.nba.com/cvp.html?GameID=0021201090&GameEventID=288,3,,Milwaukee Bucks,MISS Ellis Free Throw 2 of 2,9:26
http://stats.nba.com/cvp.html?GameID=0021201090&GameEventID=290,3,,Oklahoma City Thunder,Perkins REBOUND (Off:0 Def:4),9:25
http://stats.nba.com/cvp.html?GameID=0021201090&GameEventID=291,3,,Milwaukee Bucks,Ilyasova STEAL (1 STL),9:09
http://stats.nba.com/cvp.html?GameID=0021201090&GameEventID=291,3,,Oklahoma City Thunder,Westbrook Bad Pass Turnover (P3.T6),9:09
http://stats.nba.com/cvp.html?GameID=0021201090&GameEventID=292,3,[ 60 - 55 ],Milwaukee Bucks,Sanders 1' Dunk (6 PTS) (Daniels 2 AST),9:02
http://stats.nba.com/cvp.html?GameID=0021201090&GameEventID=293,3,[ 62 - 55 ],Oklahoma City Thunder,Ibaka 1' Dunk (4 PTS) (Westbrook 7 AST),8:36
http://stats.nba.com/cvp.html?GameID=0021201090&GameEventID=296,3,,Oklahoma City Thunder,Perkins Violation:Defensive Goaltending,8:25
http://stats.nba.com/cvp.html?GameID=0021201090&GameEventID=294,3,[ 62 - 57 ],Milwaukee Bucks,Ilyasova 2' Layup (17 PTS) (Jennings 3 AST),8:25
http://stats.nba.com/cvp.html?GameID=0021201090&GameEventID=297,3,[ 64 - 57 ],Oklahoma City Thunder,Ibaka 1' Layup (6 PTS),8:04
http://stats.nba.com/cvp.html?GameID=0021201090&GameEventID=298,3,[ 64 - 60 ],Milwaukee Bucks,Jennings  3PT Fadeaway Jumper (8 PTS),7:52
http://stats.nba.com/cvp.html?GameID=0021201090&GameEventID=299,3,,Milwaukee Bucks,Ilyasova S.FOUL (P2.T2),7:37
http://stats.nba.com/cvp.html?GameID=0021201090&GameEventID=300,3,[ 65 - 60 ],Oklahoma City Thunder,Westbrook Free Throw 1 of 2 (17 PTS),7:37
http://stats.nba.com/cvp.html?GameID=0021201090&GameEventID=302,3,[ 66 - 60 ],Oklahoma City Thunder,Westbrook Free Throw 2 of 2 (18 PTS),7:37
http://stats.nba.com/cvp.html?GameID=0021201090&GameEventID=304,3,,Oklahoma City Thunder,Perkins P.FOUL (P4.T3),7:28
http://stats.nba.com/cvp.html?GameID=0021201090&GameEventID=305,3,,Oklahoma City Thunder,SUB: Collison FOR Perkins,7:28
http://stats.nba.com/cvp.html?GameID=0021201090&GameEventID=306,3,[ 66 - 63 ],Milwaukee Bucks,Ilyasova 26' 3PT Jump Shot (20 PTS) (Ellis 5 AST),7:17
http://stats.nba.com/cvp.html?GameID=0021201090&GameEventID=307,3,[ 68 - 63 ],Oklahoma City Thunder,Ibaka  Dunk (8 PTS) (Durant 2 AST),7:02
http://stats.nba.com/cvp.html?GameID=0021201090&GameEventID=308,3,,Oklahoma City Thunder,Collison P.FOUL (P2.T4),6:53
http://stats.nba.com/cvp.html?GameID=0021201090&GameEventID=309,3,[ 68 - 65 ],Milwaukee Bucks,Sanders 1' Layup (8 PTS) (Ellis 6 AST),6:42
http://stats.nba.com/cvp.html?GameID=0021201090&GameEventID=310,3,[ 70 - 65 ],Oklahoma City Thunder,Ibaka 1' Dunk (10 PTS) (Durant 3 AST),6:29
http://stats.nba.com/cvp.html?GameID=0021201090&GameEventID=311,3,,Milwaukee Bucks,MISS Jennings  Layup,6:19
http://stats.nba.com/cvp.html?GameID=0021201090&GameEventID=311,3,,Oklahoma City Thunder,Ibaka BLOCK (7 BLK),6:19
http://stats.nba.com/cvp.html?GameID=0021201090&GameEventID=312,3,,Milwaukee Bucks,Sanders REBOUND (Off:2 Def:5),6:19
http://stats.nba.com/cvp.html?GameID=0021201090&GameEventID=313,3,[ 70 - 67 ],Milwaukee Bucks,Sanders  Dunk (10 PTS),6:19
http://stats.nba.com/cvp.html?GameID=0021201090&GameEventID=314,3,[ 72 - 67 ],Oklahoma City Thunder,Ibaka 16' Jump Shot (12 PTS) (Durant 4 AST),6:02
http://stats.nba.com/cvp.html?GameID=0021201090&GameEventID=315,3,[ 72 - 70 ],Milwaukee Bucks,Ilyasova 25' 3PT Jump Shot (23 PTS) (Jennings 4 AST),5:43
http://stats.nba.com/cvp.html?GameID=0021201090&GameEventID=316,3,,Oklahoma City Thunder,MISS Sefolosha 24' 3PT Jump Shot,5:21
http://stats.nba.com/cvp.html?GameID=0021201090&GameEventID=317,3,,Oklahoma City Thunder,Collison REBOUND (Off:1 Def:1),5:20
http://stats.nba.com/cvp.html?GameID=0021201090&GameEventID=318,3,,Milwaukee Bucks,Daniels STEAL (2 STL),5:17
http://stats.nba.com/cvp.html?GameID=0021201090&GameEventID=318,3,,Oklahoma City Thunder,Collison Bad Pass Turnover (P1.T7),5:17
http://stats.nba.com/cvp.html?GameID=0021201090&GameEventID=319,3,,Milwaukee Bucks,MISS Jennings 25' 3PT Jump Shot,5:07
http://stats.nba.com/cvp.html?GameID=0021201090&GameEventID=320,3,,Oklahoma City Thunder,Westbrook REBOUND (Off:2 Def:9),5:06
http://stats.nba.com/cvp.html?GameID=0021201090&GameEventID=321,3,,Oklahoma City Thunder,Westbrook Offensive Charge Foul (P3.PN),5:04
http://stats.nba.com/cvp.html?GameID=0021201090&GameEventID=322,3,,Oklahoma City Thunder,Westbrook Foul Turnover (P4.T8),5:04
http://stats.nba.com/cvp.html?GameID=0021201090&GameEventID=323,3,,Milwaukee Bucks,BUCKS Timeout: Regular (Full 3 Short 0),5:04
http://stats.nba.com/cvp.html?GameID=0021201090&GameEventID=325,3,,Oklahoma City Thunder,SUB: Martin FOR Sefolosha,5:04
http://stats.nba.com/cvp.html?GameID=0021201090&GameEventID=326,3,,Milwaukee Bucks,MISS Daniels 1' Layup,4:52
http://stats.nba.com/cvp.html?GameID=0021201090&GameEventID=326,3,,Oklahoma City Thunder,Westbrook BLOCK (1 BLK),4:52
http://stats.nba.com/cvp.html?GameID=0021201090&GameEventID=327,3,,Oklahoma City Thunder,Westbrook REBOUND (Off:2 Def:10),4:49
http://stats.nba.com/cvp.html?GameID=0021201090&GameEventID=328,3,,Oklahoma City Thunder,MISS Durant 19' Jump Shot,4:34
http://stats.nba.com/cvp.html?GameID=0021201090&GameEventID=329,3,,Milwaukee Bucks,Ilyasova REBOUND (Off:3 Def:10),4:32
http://stats.nba.com/cvp.html?GameID=0021201090&GameEventID=330,3,,Milwaukee Bucks,MISS Ilyasova 12' Turnaround Jump Shot,4:14
http://stats.nba.com/cvp.html?GameID=0021201090&GameEventID=331,3,,Milwaukee Bucks,Sanders REBOUND (Off:3 Def:5),4:13
http://stats.nba.com/cvp.html?GameID=0021201090&GameEventID=332,3,,Milwaukee Bucks,MISS Jennings 27' 3PT Jump Shot,4:06
http://stats.nba.com/cvp.html?GameID=0021201090&GameEventID=333,3,,Oklahoma City Thunder,Ibaka REBOUND (Off:0 Def:4),4:04
http://stats.nba.com/cvp.html?GameID=0021201090&GameEventID=334,3,,Milwaukee Bucks,Ilyasova P.FOUL (P3.T3),4:00
http://stats.nba.com/cvp.html?GameID=0021201090&GameEventID=335,3,,Milwaukee Bucks,SUB: Mbah a Moute FOR Daniels,4:00
http://stats.nba.com/cvp.html?GameID=0021201090&GameEventID=336,3,,Milwaukee Bucks,SUB: Redick FOR Jennings,4:00
http://stats.nba.com/cvp.html?GameID=0021201090&GameEventID=337,3,,Milwaukee Bucks,Sanders S.FOUL (P1.T4),3:50
http://stats.nba.com/cvp.html?GameID=0021201090&GameEventID=338,3,[ 73 - 70 ],Oklahoma City Thunder,Martin Free Throw 1 of 2 (13 PTS),3:50
http://stats.nba.com/cvp.html?GameID=0021201090&GameEventID=340,3,,Oklahoma City Thunder,SUB: Jackson FOR Durant,3:50
http://stats.nba.com/cvp.html?GameID=0021201090&GameEventID=341,3,[ 74 - 70 ],Oklahoma City Thunder,Martin Free Throw 2 of 2 (14 PTS),3:50
http://stats.nba.com/cvp.html?GameID=0021201090&GameEventID=343,3,[ 74 - 73 ],Milwaukee Bucks,Ellis 25' 3PT Jump Shot (4 PTS) (Redick 1 AST),3:36
http://stats.nba.com/cvp.html?GameID=0021201090&GameEventID=344,3,,Oklahoma City Thunder,MISS Martin 29' 3PT Jump Shot,3:24
http://stats.nba.com/cvp.html?GameID=0021201090&GameEventID=345,3,,Milwaukee Bucks,Sanders REBOUND (Off:3 Def:6),3:23
http://stats.nba.com/cvp.html?GameID=0021201090&GameEventID=346,3,,Milwaukee Bucks,MISS Ellis 1' Layup,3:11
http://stats.nba.com/cvp.html?GameID=0021201090&GameEventID=348,3,,Milwaukee Bucks,Sanders REBOUND (Off:4 Def:6),3:10
http://stats.nba.com/cvp.html?GameID=0021201090&GameEventID=347,3,[ 74 - 75 ],Milwaukee Bucks,Sanders  Tip Shot (12 PTS),3:10
http://stats.nba.com/cvp.html?GameID=0021201090&GameEventID=349,3,,Milwaukee Bucks,Sanders T.FOUL (P1.T4),3:10
http://stats.nba.com/cvp.html?GameID=0021201090&GameEventID=350,3,[ 75 - 75 ],Oklahoma City Thunder,Martin Free Throw Technical (15 PTS),3:10
http://stats.nba.com/cvp.html?GameID=0021201090&GameEventID=352,3,,Milwaukee Bucks,SUB: Udoh FOR Sanders,3:10
http://stats.nba.com/cvp.html?GameID=0021201090&GameEventID=353,3,,Oklahoma City Thunder,MISS Ibaka  3PT Jump Shot,2:51
http://stats.nba.com/cvp.html?GameID=0021201090&GameEventID=354,3,,Oklahoma City Thunder,Collison REBOUND (Off:2 Def:1),2:50
http://stats.nba.com/cvp.html?GameID=0021201090&GameEventID=355,3,[ 77 - 75 ],Oklahoma City Thunder,Collison 1' Layup (4 PTS),2:48
http://stats.nba.com/cvp.html?GameID=0021201090&GameEventID=356,3,,Milwaukee Bucks,MISS Redick 6' Jump Shot,2:32
http://stats.nba.com/cvp.html?GameID=0021201090&GameEventID=357,3,,Milwaukee Bucks,Udoh REBOUND (Off:5 Def:3),2:31
http://stats.nba.com/cvp.html?GameID=0021201090&GameEventID=358,3,,Oklahoma City Thunder,Jackson L.B.FOUL (P1.PN),2:31
http://stats.nba.com/cvp.html?GameID=0021201090&GameEventID=359,3,,Oklahoma City Thunder,Thunder Timeout: Regular (Reg.3 Short 0),2:31
http://stats.nba.com/cvp.html?GameID=0021201090&GameEventID=361,3,[ 77 - 76 ],Milwaukee Bucks,Udoh Free Throw 1 of 2 (9 PTS),2:31
http://stats.nba.com/cvp.html?GameID=0021201090&GameEventID=363,3,[ 77 - 77 ],Milwaukee Bucks,Udoh Free Throw 2 of 2 (10 PTS),2:31
http://stats.nba.com/cvp.html?GameID=0021201090&GameEventID=365,3,,Oklahoma City Thunder,MISS Westbrook 27' 3PT Jump Shot,2:09
http://stats.nba.com/cvp.html?GameID=0021201090&GameEventID=366,3,,Oklahoma City Thunder,Martin REBOUND (Off:1 Def:3),2:08
http://stats.nba.com/cvp.html?GameID=0021201090&GameEventID=367,3,,Oklahoma City Thunder,Martin Traveling Turnover (P1.T9),2:08
http://stats.nba.com/cvp.html?GameID=0021201090&GameEventID=368,3,,Milwaukee Bucks,MISS Ellis 24' 3PT Jump Shot,1:47
http://stats.nba.com/cvp.html?GameID=0021201090&GameEventID=369,3,,Oklahoma City Thunder,Collison REBOUND (Off:2 Def:2),1:46
http://stats.nba.com/cvp.html?GameID=0021201090&GameEventID=370,3,,Oklahoma City Thunder,MISS Westbrook 4' Jump Shot,1:38
http://stats.nba.com/cvp.html?GameID=0021201090&GameEventID=371,3,,Oklahoma City Thunder,Ibaka REBOUND (Off:1 Def:4),1:37
http://stats.nba.com/cvp.html?GameID=0021201090&GameEventID=372,3,,Milwaukee Bucks,Udoh S.FOUL (P1.PN),1:37
http://stats.nba.com/cvp.html?GameID=0021201090&GameEventID=373,3,[ 78 - 77 ],Oklahoma City Thunder,Ibaka Free Throw 1 of 2 (13 PTS),1:37
http://stats.nba.com/cvp.html?GameID=0021201090&GameEventID=375,3,[ 79 - 77 ],Oklahoma City Thunder,Ibaka Free Throw 2 of 2 (14 PTS),1:37
http://stats.nba.com/cvp.html?GameID=0021201090&GameEventID=377,3,[ 79 - 79 ],Milwaukee Bucks,Mbah a Moute 3' Running Hook Shot (5 PTS) (Ilyasova 2 AST),1:23
http://stats.nba.com/cvp.html?GameID=0021201090&GameEventID=378,3,,Milwaukee Bucks,Udoh BLOCK (1 BLK),1:06
http://stats.nba.com/cvp.html?GameID=0021201090&GameEventID=378,3,,Oklahoma City Thunder,MISS Martin  Layup,1:06
http://stats.nba.com/cvp.html?GameID=0021201090&GameEventID=379,3,,Milwaukee Bucks,Mbah a Moute REBOUND (Off:0 Def:1),1:04
http://stats.nba.com/cvp.html?GameID=0021201090&GameEventID=380,3,,Milwaukee Bucks,MISS Ellis 1' Dunk,0:57
http://stats.nba.com/cvp.html?GameID=0021201090&GameEventID=381,3,,Oklahoma City Thunder,Westbrook REBOUND (Off:2 Def:11),0:55
http://stats.nba.com/cvp.html?GameID=0021201090&GameEventID=382,3,,Oklahoma City Thunder,MISS Westbrook 4' Jump Shot,0:51
http://stats.nba.com/cvp.html?GameID=0021201090&GameEventID=383,3,,Milwaukee Bucks,Udoh REBOUND (Off:5 Def:4),0:50
http://stats.nba.com/cvp.html?GameID=0021201090&GameEventID=384,3,[ 79 - 81 ],Milwaukee Bucks,Ilyasova 2' Layup (25 PTS) (Redick 2 AST),0:45
http://stats.nba.com/cvp.html?GameID=0021201090&GameEventID=385,3,,Milwaukee Bucks,Ellis P.FOUL (P2.PN),0:35
http://stats.nba.com/cvp.html?GameID=0021201090&GameEventID=386,3,[ 80 - 81 ],Oklahoma City Thunder,Westbrook Free Throw 1 of 2 (19 PTS),0:35
http://stats.nba.com/cvp.html?GameID=0021201090&GameEventID=388,3,[ 81 - 81 ],Oklahoma City Thunder,Westbrook Free Throw 2 of 2 (20 PTS),0:35
http://stats.nba.com/cvp.html?GameID=0021201090&GameEventID=390,3,,Oklahoma City Thunder,Westbrook S.FOUL (P4.PN),0:22
http://stats.nba.com/cvp.html?GameID=0021201090&GameEventID=391,3,[ 81 - 82 ],Milwaukee Bucks,Udoh Free Throw 1 of 2 (11 PTS),0:22
http://stats.nba.com/cvp.html?GameID=0021201090&GameEventID=394,3,,Oklahoma City Thunder,SUB: Durant FOR Collison,0:22
http://stats.nba.com/cvp.html?GameID=0021201090&GameEventID=395,3,,Milwaukee Bucks,SUB: Daniels FOR Ilyasova,0:22
http://stats.nba.com/cvp.html?GameID=0021201090&GameEventID=396,3,[ 81 - 83 ],Milwaukee Bucks,Udoh Free Throw 2 of 2 (12 PTS),0:22
http://stats.nba.com/cvp.html?GameID=0021201090&GameEventID=398,3,,Milwaukee Bucks,Ellis S.FOUL (P3.PN),0:00
http://stats.nba.com/cvp.html?GameID=0021201090&GameEventID=399,3,[ 82 - 83 ],Oklahoma City Thunder,Durant Free Throw 1 of 2 (18 PTS),0:00
http://stats.nba.com/cvp.html?GameID=0021201090&GameEventID=401,3,,Oklahoma City Thunder,SUB: Fisher FOR Westbrook,0:00
http://stats.nba.com/cvp.html?GameID=0021201090&GameEventID=402,3,[ 83 - 83 ],Oklahoma City Thunder,Durant Free Throw 2 of 2 (19 PTS),0:00
http://stats.nba.com/cvp.html?GameID=0021201090&GameEventID=407,4,[ 83 - 85 ],Milwaukee Bucks,Ellis  Driving Reverse Layup (6 PTS) (Mbah a Moute 2 AST),11:52
http://stats.nba.com/cvp.html?GameID=0021201090&GameEventID=408,4,[ 85 - 85 ],Oklahoma City Thunder,Durant 6' Jump Shot (21 PTS),11:33
http://stats.nba.com/cvp.html?GameID=0021201090&GameEventID=409,4,,Milwaukee Bucks,MISS Mbah a Moute 15' Jump Shot,11:13
http://stats.nba.com/cvp.html?GameID=0021201090&GameEventID=410,4,,Oklahoma City Thunder,Thunder Rebound,11:13
http://stats.nba.com/cvp.html?GameID=0021201090&GameEventID=411,4,,Milwaukee Bucks,Udoh L.B.FOUL (P2.T1),11:13
http://stats.nba.com/cvp.html?GameID=0021201090&GameEventID=412,4,,Oklahoma City Thunder,MISS Fisher 25' 3PT Jump Shot,10:57
http://stats.nba.com/cvp.html?GameID=0021201090&GameEventID=413,4,,Oklahoma City Thunder,Collison REBOUND (Off:3 Def:2),10:56
http://stats.nba.com/cvp.html?GameID=0021201090&GameEventID=414,4,[ 87 - 85 ],Oklahoma City Thunder,Jackson 6' Jump Bank Shot (4 PTS),10:51
http://stats.nba.com/cvp.html?GameID=0021201090&GameEventID=415,4,,Milwaukee Bucks,MISS Redick 21' Jump Shot,10:35
http://stats.nba.com/cvp.html?GameID=0021201090&GameEventID=416,4,,Milwaukee Bucks,BUCKS Rebound,10:35
http://stats.nba.com/cvp.html?GameID=0021201090&GameEventID=418,4,[ 87 - 87 ],Milwaukee Bucks,Udoh 1' Layup (14 PTS) (Daniels 3 AST),10:13
http://stats.nba.com/cvp.html?GameID=0021201090&GameEventID=419,4,,Milwaukee Bucks,Ellis STEAL (1 STL),9:52
http://stats.nba.com/cvp.html?GameID=0021201090&GameEventID=419,4,,Oklahoma City Thunder,Durant Lost Ball Turnover (P1.T10),9:52
http://stats.nba.com/cvp.html?GameID=0021201090&GameEventID=420,4,,Oklahoma City Thunder,Fisher P.FOUL (P1.T1),9:52
http://stats.nba.com/cvp.html?GameID=0021201090&GameEventID=421,4,[ 87 - 90 ],Milwaukee Bucks,Daniels 24' 3PT Jump Shot (10 PTS) (Redick 3 AST),9:36
http://stats.nba.com/cvp.html?GameID=0021201090&GameEventID=422,4,,Milwaukee Bucks,Udoh BLOCK (2 BLK),9:18
http://stats.nba.com/cvp.html?GameID=0021201090&GameEventID=422,4,,Oklahoma City Thunder,MISS Jackson 1' Layup,9:18
http://stats.nba.com/cvp.html?GameID=0021201090&GameEventID=423,4,,Milwaukee Bucks,Udoh REBOUND (Off:5 Def:5),9:15
http://stats.nba.com/cvp.html?GameID=0021201090&GameEventID=424,4,,Milwaukee Bucks,MISS Ellis 5' Hook Shot,9:09
http://stats.nba.com/cvp.html?GameID=0021201090&GameEventID=425,4,,Oklahoma City Thunder,Durant REBOUND (Off:1 Def:5),9:08
http://stats.nba.com/cvp.html?GameID=0021201090&GameEventID=427,4,,Milwaukee Bucks,SUB: Jennings FOR Ellis,9:00
http://stats.nba.com/cvp.html?GameID=0021201090&GameEventID=428,4,,Oklahoma City Thunder,MISS Martin 25' 3PT Jump Shot,8:56
http://stats.nba.com/cvp.html?GameID=0021201090&GameEventID=429,4,,Milwaukee Bucks,Udoh REBOUND (Off:5 Def:6),8:55
http://stats.nba.com/cvp.html?GameID=0021201090&GameEventID=430,4,[ 87 - 92 ],Milwaukee Bucks,Daniels 15' Jump Shot (12 PTS),8:39
http://stats.nba.com/cvp.html?GameID=0021201090&GameEventID=431,4,,Oklahoma City Thunder,Thunder Timeout: Regular (Reg.4 Short 0),8:39
http://stats.nba.com/cvp.html?GameID=0021201090&GameEventID=433,4,[ 89 - 92 ],Oklahoma City Thunder,Collison 1' Dunk (6 PTS) (Durant 5 AST),8:27
http://stats.nba.com/cvp.html?GameID=0021201090&GameEventID=434,4,,Milwaukee Bucks,MISS Jennings 26' 3PT Jump Shot,8:08
http://stats.nba.com/cvp.html?GameID=0021201090&GameEventID=435,4,,Oklahoma City Thunder,Fisher REBOUND (Off:0 Def:1),8:06
http://stats.nba.com/cvp.html?GameID=0021201090&GameEventID=436,4,[ 91 - 92 ],Oklahoma City Thunder,Durant  Running Dunk (23 PTS),7:58
http://stats.nba.com/cvp.html?GameID=0021201090&GameEventID=437,4,,Milwaukee Bucks,Redick Bad Pass Turnover (P1.T4),7:46
http://stats.nba.com/cvp.html?GameID=0021201090&GameEventID=437,4,,Oklahoma City Thunder,Jackson STEAL (1 STL),7:46
http://stats.nba.com/cvp.html?GameID=0021201090&GameEventID=438,4,[ 93 - 92 ],Oklahoma City Thunder,Martin 1' Dunk (17 PTS) (Jackson 1 AST),7:42
http://stats.nba.com/cvp.html?GameID=0021201090&GameEventID=439,4,,Milwaukee Bucks,MISS Redick 25' 3PT Jump Shot,7:19
http://stats.nba.com/cvp.html?GameID=0021201090&GameEventID=440,4,,Oklahoma City Thunder,Durant REBOUND (Off:1 Def:6),7:18
http://stats.nba.com/cvp.html?GameID=0021201090&GameEventID=441,4,,Milwaukee Bucks,Udoh S.FOUL (P3.T2),7:07
http://stats.nba.com/cvp.html?GameID=0021201090&GameEventID=442,4,[ 94 - 92 ],Oklahoma City Thunder,Durant Free Throw 1 of 2 (24 PTS),7:07
http://stats.nba.com/cvp.html?GameID=0021201090&GameEventID=444,4,,Oklahoma City Thunder,SUB: Westbrook FOR Jackson,7:07
http://stats.nba.com/cvp.html?GameID=0021201090&GameEventID=445,4,,Milwaukee Bucks,SUB: Ellis FOR Redick,7:07
http://stats.nba.com/cvp.html?GameID=0021201090&GameEventID=446,4,[ 95 - 92 ],Oklahoma City Thunder,Durant Free Throw 2 of 2 (25 PTS),7:07
http://stats.nba.com/cvp.html?GameID=0021201090&GameEventID=448,4,,Milwaukee Bucks,MISS Ellis 15' Jump Shot,6:56
http://stats.nba.com/cvp.html?GameID=0021201090&GameEventID=449,4,,Oklahoma City Thunder,Fisher REBOUND (Off:0 Def:2),6:55
http://stats.nba.com/cvp.html?GameID=0021201090&GameEventID=450,4,[ 97 - 92 ],Oklahoma City Thunder,Collison  Layup (8 PTS) (Westbrook 8 AST),6:33
http://stats.nba.com/cvp.html?GameID=0021201090&GameEventID=452,4,,Milwaukee Bucks,SUB: Sanders FOR Udoh,6:15
http://stats.nba.com/cvp.html?GameID=0021201090&GameEventID=453,4,,Milwaukee Bucks,Daniels Bad Pass Turnover (P1.T5),6:14
http://stats.nba.com/cvp.html?GameID=0021201090&GameEventID=453,4,,Oklahoma City Thunder,Collison STEAL (1 STL),6:14
http://stats.nba.com/cvp.html?GameID=0021201090&GameEventID=454,4,[ 99 - 92 ],Oklahoma City Thunder,Collison 1' Dunk (10 PTS) (Westbrook 9 AST),6:10
http://stats.nba.com/cvp.html?GameID=0021201090&GameEventID=455,4,,Milwaukee Bucks,BUCKS Timeout: Regular (Full 4 Short 0),6:10
http://stats.nba.com/cvp.html?GameID=0021201090&GameEventID=457,4,,Milwaukee Bucks,SUB: Ilyasova FOR Mbah a Moute,6:10
http://stats.nba.com/cvp.html?GameID=0021201090&GameEventID=458,4,,Milwaukee Bucks,MISS Daniels 14' Jump Shot,6:00
http://stats.nba.com/cvp.html?GameID=0021201090&GameEventID=458,4,,Oklahoma City Thunder,Fisher BLOCK (1 BLK),6:00
http://stats.nba.com/cvp.html?GameID=0021201090&GameEventID=459,4,,Milwaukee Bucks,BUCKS Rebound,6:00
http://stats.nba.com/cvp.html?GameID=0021201090&GameEventID=460,4,,Milwaukee Bucks,Daniels Bad Pass Turnover (P2.T6),5:51
http://stats.nba.com/cvp.html?GameID=0021201090&GameEventID=460,4,,Oklahoma City Thunder,Martin STEAL (1 STL),5:51
http://stats.nba.com/cvp.html?GameID=0021201090&GameEventID=461,4,,Milwaukee Bucks,Daniels STEAL (3 STL),5:28
http://stats.nba.com/cvp.html?GameID=0021201090&GameEventID=461,4,,Oklahoma City Thunder,Durant Lost Ball Turnover (P2.T11),5:28
http://stats.nba.com/cvp.html?GameID=0021201090&GameEventID=462,4,,Milwaukee Bucks,MISS Daniels 11' Jump Shot,5:09
http://stats.nba.com/cvp.html?GameID=0021201090&GameEventID=463,4,,Oklahoma City Thunder,Collison REBOUND (Off:3 Def:3),5:08
http://stats.nba.com/cvp.html?GameID=0021201090&GameEventID=464,4,,Milwaukee Bucks,Ellis STEAL (2 STL),4:57
http://stats.nba.com/cvp.html?GameID=0021201090&GameEventID=464,4,,Oklahoma City Thunder,Westbrook Lost Ball Turnover (P5.T12),4:57
http://stats.nba.com/cvp.html?GameID=0021201090&GameEventID=465,4,[ 99 - 94 ],Milwaukee Bucks,Ilyasova  Layup (27 PTS) (Ellis 7 AST),4:39
http://stats.nba.com/cvp.html?GameID=0021201090&GameEventID=466,4,,Oklahoma City Thunder,MISS Durant 19' Jump Shot,4:17
http://stats.nba.com/cvp.html?GameID=0021201090&GameEventID=467,4,,Milwaukee Bucks,Ellis REBOUND (Off:0 Def:1),4:16
http://stats.nba.com/cvp.html?GameID=0021201090&GameEventID=468,4,,Oklahoma City Thunder,Westbrook Violation:Kicked Ball,4:11
http://stats.nba.com/cvp.html?GameID=0021201090&GameEventID=469,4,,Oklahoma City Thunder,SUB: Ibaka FOR Collison,4:11
http://stats.nba.com/cvp.html?GameID=0021201090&GameEventID=470,4,,Milwaukee Bucks,Daniels Bad Pass Turnover (P3.T7),3:59
http://stats.nba.com/cvp.html?GameID=0021201090&GameEventID=470,4,,Oklahoma City Thunder,Fisher STEAL (1 STL),3:59
http://stats.nba.com/cvp.html?GameID=0021201090&GameEventID=471,4,,Oklahoma City Thunder,MISS Durant 11' Jump Shot,3:47
http://stats.nba.com/cvp.html?GameID=0021201090&GameEventID=473,4,,Oklahoma City Thunder,Ibaka REBOUND (Off:2 Def:4),3:46
http://stats.nba.com/cvp.html?GameID=0021201090&GameEventID=472,4,[ 101 - 94 ],Oklahoma City Thunder,Ibaka 1' Tip Shot (16 PTS),3:46
http://stats.nba.com/cvp.html?GameID=0021201090&GameEventID=474,4,,Milwaukee Bucks,MISS Ilyasova 26' 3PT Jump Shot,3:33
http://stats.nba.com/cvp.html?GameID=0021201090&GameEventID=475,4,,Oklahoma City Thunder,Martin REBOUND (Off:1 Def:4),3:32
http://stats.nba.com/cvp.html?GameID=0021201090&GameEventID=476,4,,Oklahoma City Thunder,Fisher OFF.Foul (P2),3:21
http://stats.nba.com/cvp.html?GameID=0021201090&GameEventID=477,4,,Oklahoma City Thunder,Fisher Foul Turnover (P1.T13),3:21
http://stats.nba.com/cvp.html?GameID=0021201090&GameEventID=478,4,,Milwaukee Bucks,SUB: Redick FOR Daniels,3:21
http://stats.nba.com/cvp.html?GameID=0021201090&GameEventID=479,4,,Oklahoma City Thunder,Fisher P.FOUL (P3.T2),3:15
http://stats.nba.com/cvp.html?GameID=0021201090&GameEventID=480,4,,Milwaukee Bucks,Ellis Bad Pass Turnover (P1.T8),3:06
http://stats.nba.com/cvp.html?GameID=0021201090&GameEventID=480,4,,Oklahoma City Thunder,Westbrook STEAL (2 STL),3:06
http://stats.nba.com/cvp.html?GameID=0021201090&GameEventID=481,4,[ 104 - 94 ],Oklahoma City Thunder,Durant 27' 3PT Jump Shot (28 PTS) (Westbrook 10 AST),2:48
http://stats.nba.com/cvp.html?GameID=0021201090&GameEventID=482,4,,Milwaukee Bucks,BUCKS Timeout: Short (Full 4 Short 1),2:47
http://stats.nba.com/cvp.html?GameID=0021201090&GameEventID=485,4,,Oklahoma City Thunder,Fisher P.FOUL (P4.T3),2:28
http://stats.nba.com/cvp.html?GameID=0021201090&GameEventID=486,4,,Milwaukee Bucks,MISS Ellis 6' Jump Shot,2:20
http://stats.nba.com/cvp.html?GameID=0021201090&GameEventID=488,4,,Milwaukee Bucks,Ilyasova REBOUND (Off:4 Def:10),2:19
http://stats.nba.com/cvp.html?GameID=0021201090&GameEventID=487,4,,Milwaukee Bucks,MISS Ilyasova 1' Layup,2:19
http://stats.nba.com/cvp.html?GameID=0021201090&GameEventID=487,4,,Oklahoma City Thunder,Durant BLOCK (1 BLK),2:19
http://stats.nba.com/cvp.html?GameID=0021201090&GameEventID=489,4,,Milwaukee Bucks,Ellis REBOUND (Off:1 Def:1),2:16
http://stats.nba.com/cvp.html?GameID=0021201090&GameEventID=490,4,,Milwaukee Bucks,MISS Ilyasova  Layup,2:13
http://stats.nba.com/cvp.html?GameID=0021201090&GameEventID=490,4,,Oklahoma City Thunder,Ibaka BLOCK (8 BLK),2:13
http://stats.nba.com/cvp.html?GameID=0021201090&GameEventID=491,4,,Milwaukee Bucks,BUCKS Rebound,2:12
http://stats.nba.com/cvp.html?GameID=0021201090&GameEventID=492,4,,Milwaukee Bucks,MISS Jennings 25' 3PT Jump Shot,2:08
http://stats.nba.com/cvp.html?GameID=0021201090&GameEventID=493,4,,Oklahoma City Thunder,Durant REBOUND (Off:1 Def:7),2:06
http://stats.nba.com/cvp.html?GameID=0021201090&GameEventID=494,4,[ 106 - 94 ],Oklahoma City Thunder,Westbrook 13' Pullup Jump Shot (22 PTS),1:53
http://stats.nba.com/cvp.html?GameID=0021201090&GameEventID=495,4,,Oklahoma City Thunder,Martin P.FOUL (P3.T4),1:36
http://stats.nba.com/cvp.html?GameID=0021201090&GameEventID=497,4,[ 106 - 96 ],Milwaukee Bucks,Ilyasova  Dunk (29 PTS) (Redick 4 AST),1:25
http://stats.nba.com/cvp.html?GameID=0021201090&GameEventID=498,4,,Milwaukee Bucks,Sanders S.FOUL (P2.T3),1:09
http://stats.nba.com/cvp.html?GameID=0021201090&GameEventID=499,4,[ 107 - 96 ],Oklahoma City Thunder,Durant Free Throw 1 of 3 (29 PTS),1:09
http://stats.nba.com/cvp.html?GameID=0021201090&GameEventID=501,4,,Oklahoma City Thunder,MISS Durant Free Throw 2 of 3,1:09
http://stats.nba.com/cvp.html?GameID=0021201090&GameEventID=502,4,,Oklahoma City Thunder,Thunder Rebound,1:09
http://stats.nba.com/cvp.html?GameID=0021201090&GameEventID=503,4,[ 108 - 96 ],Oklahoma City Thunder,Durant Free Throw 3 of 3 (30 PTS),1:09
http://stats.nba.com/cvp.html?GameID=0021201090&GameEventID=505,4,,Milwaukee Bucks,BUCKS Timeout: Short (Full 4 Short 2),1:09
http://stats.nba.com/cvp.html?GameID=0021201090&GameEventID=507,4,[ 108 - 99 ],Milwaukee Bucks,Ellis 27' 3PT Jump Shot (9 PTS),1:04
http://stats.nba.com/cvp.html?GameID=0021201090&GameEventID=508,4,,Oklahoma City Thunder,MISS Westbrook 1' Layup,0:47
http://stats.nba.com/cvp.html?GameID=0021201090&GameEventID=509,4,,Oklahoma City Thunder,Ibaka REBOUND (Off:3 Def:4),0:45
http://stats.nba.com/cvp.html?GameID=0021201090&GameEventID=510,4,,Milwaukee Bucks,Sanders S.FOUL (P3.PN),0:26
http://stats.nba.com/cvp.html?GameID=0021201090&GameEventID=511,4,,Oklahoma City Thunder,MISS Westbrook Free Throw 1 of 2,0:26
http://stats.nba.com/cvp.html?GameID=0021201090&GameEventID=512,4,,Oklahoma City Thunder,Thunder Rebound,0:26
http://stats.nba.com/cvp.html?GameID=0021201090&GameEventID=513,4,[ 109 - 99 ],Oklahoma City Thunder,Westbrook Free Throw 2 of 2 (23 PTS),0:26
http://stats.nba.com/cvp.html?GameID=0021201090&GameEventID=515,4,,Milwaukee Bucks,BUCKS Timeout: Regular (Full 5 Short 2),0:26
http://stats.nba.com/cvp.html?GameID=0021201090&GameEventID=517,4,,Milwaukee Bucks,Ellis Bad Pass Turnover (P2.T9),0:20
http://stats.nba.com/cvp.html?GameID=0021201090&GameEventID=517,4,,Oklahoma City Thunder,Westbrook STEAL (3 STL),0:20
