http://stats.nba.com/cvp.html?GameID=0021200974&GameEventID=1,1,,Oklahoma City Thunder,Jump Ball Ibaka vs. Vucevic: Tip to Nelson,12:00
http://stats.nba.com/cvp.html?GameID=0021200974&GameEventID=2,1,,Orlando Magic,MISS Harkless 2' Layup,11:44
http://stats.nba.com/cvp.html?GameID=0021200974&GameEventID=3,1,,Oklahoma City Thunder,Durant REBOUND (Off:0 Def:1),11:43
http://stats.nba.com/cvp.html?GameID=0021200974&GameEventID=4,1,[ 0 - 2 ],Oklahoma City Thunder,Westbrook 1' Layup (2 PTS) (Perkins 1 AST),11:26
http://stats.nba.com/cvp.html?GameID=0021200974&GameEventID=5,1,[ 3 - 2 ],Orlando Magic,Harris 24' 3PT Jump Shot (3 PTS) (Afflalo 1 AST),11:04
http://stats.nba.com/cvp.html?GameID=0021200974&GameEventID=6,1,,Oklahoma City Thunder,MISS Perkins 14' Jump Shot,10:52
http://stats.nba.com/cvp.html?GameID=0021200974&GameEventID=7,1,,Orlando Magic,Vucevic REBOUND (Off:0 Def:1),10:51
http://stats.nba.com/cvp.html?GameID=0021200974&GameEventID=8,1,,Oklahoma City Thunder,Ibaka BLOCK (1 BLK),10:44
http://stats.nba.com/cvp.html?GameID=0021200974&GameEventID=8,1,,Orlando Magic,MISS Vucevic 3' Layup,10:44
http://stats.nba.com/cvp.html?GameID=0021200974&GameEventID=9,1,,Oklahoma City Thunder,Perkins REBOUND (Off:0 Def:1),10:43
http://stats.nba.com/cvp.html?GameID=0021200974&GameEventID=10,1,[ 3 - 5 ],Oklahoma City Thunder,Westbrook 25' 3PT Jump Shot (5 PTS) (Durant 1 AST),10:36
http://stats.nba.com/cvp.html?GameID=0021200974&GameEventID=11,1,[ 5 - 5 ],Orlando Magic,Nelson 1' Driving Layup (2 PTS),10:23
http://stats.nba.com/cvp.html?GameID=0021200974&GameEventID=12,1,,Oklahoma City Thunder,MISS Durant 2' Layup,10:06
http://stats.nba.com/cvp.html?GameID=0021200974&GameEventID=13,1,,Oklahoma City Thunder,Durant REBOUND (Off:1 Def:1),10:05
http://stats.nba.com/cvp.html?GameID=0021200974&GameEventID=14,1,[ 5 - 7 ],Oklahoma City Thunder,Durant 3' Jump Shot (2 PTS),10:04
http://stats.nba.com/cvp.html?GameID=0021200974&GameEventID=15,1,,Oklahoma City Thunder,Durant STEAL (1 STL),9:43
http://stats.nba.com/cvp.html?GameID=0021200974&GameEventID=15,1,,Orlando Magic,Vucevic Bad Pass Turnover (P1.T1),9:43
http://stats.nba.com/cvp.html?GameID=0021200974&GameEventID=16,1,,Oklahoma City Thunder,Ibaka 3 Second Violation Turnover (P1.T1),9:35
http://stats.nba.com/cvp.html?GameID=0021200974&GameEventID=17,1,,Orlando Magic,MISS Nelson 24' 3PT Jump Shot,9:23
http://stats.nba.com/cvp.html?GameID=0021200974&GameEventID=18,1,,Oklahoma City Thunder,Ibaka REBOUND (Off:0 Def:1),9:22
http://stats.nba.com/cvp.html?GameID=0021200974&GameEventID=19,1,[ 5 - 9 ],Oklahoma City Thunder,Ibaka 14' Jump Shot (2 PTS) (Sefolosha 1 AST),9:04
http://stats.nba.com/cvp.html?GameID=0021200974&GameEventID=20,1,,Orlando Magic,MISS Harris 12' Jump Shot,8:48
http://stats.nba.com/cvp.html?GameID=0021200974&GameEventID=21,1,,Oklahoma City Thunder,Durant REBOUND (Off:1 Def:2),8:47
http://stats.nba.com/cvp.html?GameID=0021200974&GameEventID=22,1,,Orlando Magic,Vucevic S.FOUL (P1.T1),8:35
http://stats.nba.com/cvp.html?GameID=0021200974&GameEventID=23,1,[ 5 - 10 ],Oklahoma City Thunder,Durant Free Throw 1 of 2 (3 PTS),8:35
http://stats.nba.com/cvp.html?GameID=0021200974&GameEventID=25,1,,Oklahoma City Thunder,MISS Durant Free Throw 2 of 2,8:35
http://stats.nba.com/cvp.html?GameID=0021200974&GameEventID=27,1,,Orlando Magic,Harris REBOUND (Off:0 Def:1),8:34
http://stats.nba.com/cvp.html?GameID=0021200974&GameEventID=29,1,,Orlando Magic,Afflalo Traveling Turnover (P1.T2),8:18
http://stats.nba.com/cvp.html?GameID=0021200974&GameEventID=30,1,,Oklahoma City Thunder,MISS Durant 6' Jump Shot,8:02
http://stats.nba.com/cvp.html?GameID=0021200974&GameEventID=31,1,,Oklahoma City Thunder,Perkins REBOUND (Off:1 Def:1),8:01
http://stats.nba.com/cvp.html?GameID=0021200974&GameEventID=32,1,,Oklahoma City Thunder,MISS Westbrook 25' 3PT Jump Shot,7:58
http://stats.nba.com/cvp.html?GameID=0021200974&GameEventID=33,1,,Orlando Magic,Harris REBOUND (Off:0 Def:2),7:57
http://stats.nba.com/cvp.html?GameID=0021200974&GameEventID=34,1,[ 7 - 10 ],Orlando Magic,Afflalo 12' Turnaround Jump Shot (2 PTS),7:43
http://stats.nba.com/cvp.html?GameID=0021200974&GameEventID=35,1,[ 7 - 12 ],Oklahoma City Thunder,Ibaka 3' Jump Hook Shot (4 PTS) (Westbrook 1 AST),7:23
http://stats.nba.com/cvp.html?GameID=0021200974&GameEventID=36,1,,Orlando Magic,MISS Vucevic 21' Jump Shot,7:13
http://stats.nba.com/cvp.html?GameID=0021200974&GameEventID=37,1,,Oklahoma City Thunder,Westbrook REBOUND (Off:0 Def:1),7:12
http://stats.nba.com/cvp.html?GameID=0021200974&GameEventID=38,1,,Orlando Magic,Afflalo S.FOUL (P1.T2),7:02
http://stats.nba.com/cvp.html?GameID=0021200974&GameEventID=39,1,[ 7 - 13 ],Oklahoma City Thunder,Ibaka Free Throw 1 of 2 (5 PTS),7:02
http://stats.nba.com/cvp.html?GameID=0021200974&GameEventID=41,1,[ 7 - 14 ],Oklahoma City Thunder,Ibaka Free Throw 2 of 2 (6 PTS),7:02
http://stats.nba.com/cvp.html?GameID=0021200974&GameEventID=43,1,,Orlando Magic,MISS Afflalo 25' 3PT Jump Shot,6:48
http://stats.nba.com/cvp.html?GameID=0021200974&GameEventID=45,1,,Orlando Magic,Vucevic REBOUND (Off:1 Def:1),6:46
http://stats.nba.com/cvp.html?GameID=0021200974&GameEventID=44,1,[ 9 - 14 ],Orlando Magic,Vucevic 1' Tip Shot (2 PTS),6:46
http://stats.nba.com/cvp.html?GameID=0021200974&GameEventID=46,1,[ 9 - 16 ],Oklahoma City Thunder,Perkins 17' Jump Shot (2 PTS) (Westbrook 2 AST),6:33
http://stats.nba.com/cvp.html?GameID=0021200974&GameEventID=47,1,[ 12 - 16 ],Orlando Magic,Nelson 25' 3PT Jump Shot (5 PTS) (Afflalo 2 AST),6:14
http://stats.nba.com/cvp.html?GameID=0021200974&GameEventID=48,1,[ 12 - 18 ],Oklahoma City Thunder,Perkins 1' Dunk (4 PTS) (Westbrook 3 AST),6:01
http://stats.nba.com/cvp.html?GameID=0021200974&GameEventID=49,1,,Orlando Magic,Magic Timeout: Regular (Reg.1 Short 0),5:50
http://stats.nba.com/cvp.html?GameID=0021200974&GameEventID=51,1,[ 14 - 18 ],Orlando Magic,Harkless 1' Driving Dunk (2 PTS),5:46
http://stats.nba.com/cvp.html?GameID=0021200974&GameEventID=52,1,,Orlando Magic,Harris S.FOUL (P1.T3),5:28
http://stats.nba.com/cvp.html?GameID=0021200974&GameEventID=53,1,,Oklahoma City Thunder,MISS Durant Free Throw 1 of 2,5:28
http://stats.nba.com/cvp.html?GameID=0021200974&GameEventID=54,1,,Oklahoma City Thunder,THUNDER Rebound,5:28
http://stats.nba.com/cvp.html?GameID=0021200974&GameEventID=55,1,[ 14 - 19 ],Oklahoma City Thunder,Durant Free Throw 2 of 2 (4 PTS),5:28
http://stats.nba.com/cvp.html?GameID=0021200974&GameEventID=57,1,[ 16 - 19 ],Orlando Magic,Vucevic 1' Layup (4 PTS) (Nelson 1 AST),5:18
http://stats.nba.com/cvp.html?GameID=0021200974&GameEventID=58,1,[ 16 - 21 ],Oklahoma City Thunder,Ibaka  Dunk (8 PTS) (Durant 2 AST),5:03
http://stats.nba.com/cvp.html?GameID=0021200974&GameEventID=59,1,[ 19 - 21 ],Orlando Magic,Nelson 25' 3PT Pullup Jump Shot (8 PTS),4:51
http://stats.nba.com/cvp.html?GameID=0021200974&GameEventID=60,1,[ 19 - 23 ],Oklahoma City Thunder,Westbrook 14' Pullup Jump Shot (7 PTS),4:30
http://stats.nba.com/cvp.html?GameID=0021200974&GameEventID=61,1,,Orlando Magic,MISS Afflalo 7' Floating Jump Shot,4:15
http://stats.nba.com/cvp.html?GameID=0021200974&GameEventID=62,1,,Oklahoma City Thunder,Westbrook REBOUND (Off:0 Def:2),4:14
http://stats.nba.com/cvp.html?GameID=0021200974&GameEventID=63,1,[ 19 - 25 ],Oklahoma City Thunder,Sefolosha 1' Reverse Layup (2 PTS) (Westbrook 4 AST),4:08
http://stats.nba.com/cvp.html?GameID=0021200974&GameEventID=64,1,,Orlando Magic,Harris Traveling Turnover (P1.T3),3:57
http://stats.nba.com/cvp.html?GameID=0021200974&GameEventID=65,1,,Oklahoma City Thunder,SUB: Martin FOR Sefolosha,3:57
http://stats.nba.com/cvp.html?GameID=0021200974&GameEventID=66,1,[ 19 - 27 ],Oklahoma City Thunder,Westbrook 1' Driving Layup (9 PTS),3:49
http://stats.nba.com/cvp.html?GameID=0021200974&GameEventID=67,1,,Orlando Magic,Afflalo S.FOUL (P2.T4),3:49
http://stats.nba.com/cvp.html?GameID=0021200974&GameEventID=68,1,,Oklahoma City Thunder,SUB: Collison FOR Ibaka,3:49
http://stats.nba.com/cvp.html?GameID=0021200974&GameEventID=69,1,[ 19 - 28 ],Oklahoma City Thunder,Westbrook Free Throw 1 of 1 (10 PTS),3:49
http://stats.nba.com/cvp.html?GameID=0021200974&GameEventID=71,1,,Orlando Magic,MISS Afflalo 11' Turnaround Fadeaway Shot,3:33
http://stats.nba.com/cvp.html?GameID=0021200974&GameEventID=72,1,,Oklahoma City Thunder,Collison REBOUND (Off:0 Def:1),3:32
http://stats.nba.com/cvp.html?GameID=0021200974&GameEventID=73,1,,Oklahoma City Thunder,MISS Westbrook 17' Pullup Jump Shot,3:26
http://stats.nba.com/cvp.html?GameID=0021200974&GameEventID=74,1,,Orlando Magic,Vucevic REBOUND (Off:1 Def:2),3:24
http://stats.nba.com/cvp.html?GameID=0021200974&GameEventID=75,1,[ 22 - 28 ],Orlando Magic,Harkless  3PT Jump Shot (5 PTS) (Nelson 2 AST),3:14
http://stats.nba.com/cvp.html?GameID=0021200974&GameEventID=76,1,[ 22 - 30 ],Oklahoma City Thunder,Durant 13' Step Back Jump Shot (6 PTS),2:49
http://stats.nba.com/cvp.html?GameID=0021200974&GameEventID=77,1,,Oklahoma City Thunder,Martin P.FOUL (P1.T1),2:35
http://stats.nba.com/cvp.html?GameID=0021200974&GameEventID=78,1,,Oklahoma City Thunder,THUNDER Timeout: Regular (Full 1 Short 0),2:35
http://stats.nba.com/cvp.html?GameID=0021200974&GameEventID=80,1,,Oklahoma City Thunder,SUB: Fisher FOR Durant,2:35
http://stats.nba.com/cvp.html?GameID=0021200974&GameEventID=81,1,,Orlando Magic,MISS Harris 24' 3PT Jump Shot,2:28
http://stats.nba.com/cvp.html?GameID=0021200974&GameEventID=82,1,,Oklahoma City Thunder,Fisher REBOUND (Off:0 Def:1),2:27
http://stats.nba.com/cvp.html?GameID=0021200974&GameEventID=83,1,,Oklahoma City Thunder,MISS Martin 21' Jump Shot,2:11
http://stats.nba.com/cvp.html?GameID=0021200974&GameEventID=84,1,,Orlando Magic,Harris REBOUND (Off:0 Def:3),2:11
http://stats.nba.com/cvp.html?GameID=0021200974&GameEventID=85,1,,Orlando Magic,MISS Afflalo 24' 3PT Jump Shot,2:01
http://stats.nba.com/cvp.html?GameID=0021200974&GameEventID=86,1,,Oklahoma City Thunder,Perkins REBOUND (Off:1 Def:2),2:00
http://stats.nba.com/cvp.html?GameID=0021200974&GameEventID=87,1,,Orlando Magic,Harkless S.FOUL (P1.PN),1:45
http://stats.nba.com/cvp.html?GameID=0021200974&GameEventID=88,1,,Oklahoma City Thunder,MISS Martin Free Throw 1 of 3,1:45
http://stats.nba.com/cvp.html?GameID=0021200974&GameEventID=89,1,,Oklahoma City Thunder,THUNDER Rebound,1:45
http://stats.nba.com/cvp.html?GameID=0021200974&GameEventID=90,1,,Oklahoma City Thunder,MISS Martin Free Throw 2 of 3,1:45
http://stats.nba.com/cvp.html?GameID=0021200974&GameEventID=91,1,,Oklahoma City Thunder,THUNDER Rebound,1:45
http://stats.nba.com/cvp.html?GameID=0021200974&GameEventID=92,1,,Orlando Magic,SUB: Moore FOR Harris,1:45
http://stats.nba.com/cvp.html?GameID=0021200974&GameEventID=93,1,,Orlando Magic,SUB: Harrington FOR Nelson,1:45
http://stats.nba.com/cvp.html?GameID=0021200974&GameEventID=94,1,,Oklahoma City Thunder,SUB: Jones FOR Perkins,1:45
http://stats.nba.com/cvp.html?GameID=0021200974&GameEventID=95,1,,Oklahoma City Thunder,SUB: Jackson FOR Westbrook,1:45
http://stats.nba.com/cvp.html?GameID=0021200974&GameEventID=96,1,,Orlando Magic,SUB: Udrih FOR Afflalo,1:45
http://stats.nba.com/cvp.html?GameID=0021200974&GameEventID=97,1,[ 22 - 31 ],Oklahoma City Thunder,Martin Free Throw 3 of 3 (1 PTS),1:45
http://stats.nba.com/cvp.html?GameID=0021200974&GameEventID=99,1,,Oklahoma City Thunder,Martin P.FOUL (P2.T2),1:37
http://stats.nba.com/cvp.html?GameID=0021200974&GameEventID=100,1,[ 24 - 31 ],Orlando Magic,Vucevic 3' Layup (6 PTS),1:24
http://stats.nba.com/cvp.html?GameID=0021200974&GameEventID=101,1,[ 24 - 33 ],Oklahoma City Thunder,Jones 2' Dunk (2 PTS) (Martin 1 AST),1:09
http://stats.nba.com/cvp.html?GameID=0021200974&GameEventID=102,1,,Orlando Magic,MISS Harkless 24' 3PT Jump Shot,0:55
http://stats.nba.com/cvp.html?GameID=0021200974&GameEventID=103,1,,Oklahoma City Thunder,Jones REBOUND (Off:0 Def:1),0:54
http://stats.nba.com/cvp.html?GameID=0021200974&GameEventID=104,1,[ 24 - 35 ],Oklahoma City Thunder,Fisher 23' Pullup Jump Shot (2 PTS),0:48
http://stats.nba.com/cvp.html?GameID=0021200974&GameEventID=105,1,,Orlando Magic,MISS Moore 23' Jump Shot,0:34
http://stats.nba.com/cvp.html?GameID=0021200974&GameEventID=106,1,,Oklahoma City Thunder,Martin REBOUND (Off:0 Def:1),0:33
http://stats.nba.com/cvp.html?GameID=0021200974&GameEventID=107,1,,Orlando Magic,Harrington P.FOUL (P1.PN),0:32
http://stats.nba.com/cvp.html?GameID=0021200974&GameEventID=108,1,[ 24 - 36 ],Oklahoma City Thunder,Martin Free Throw 1 of 2 (2 PTS),0:32
http://stats.nba.com/cvp.html?GameID=0021200974&GameEventID=110,1,[ 24 - 37 ],Oklahoma City Thunder,Martin Free Throw 2 of 2 (3 PTS),0:32
http://stats.nba.com/cvp.html?GameID=0021200974&GameEventID=112,1,[ 26 - 37 ],Orlando Magic,Vucevic 3' Running Jump Shot (8 PTS),0:13
http://stats.nba.com/cvp.html?GameID=0021200974&GameEventID=113,1,[ 26 - 39 ],Oklahoma City Thunder,Martin 16' Pullup Jump Shot (5 PTS),0:00
http://stats.nba.com/cvp.html?GameID=0021200974&GameEventID=117,2,,Oklahoma City Thunder,MISS Martin 23' Jump Shot,11:47
http://stats.nba.com/cvp.html?GameID=0021200974&GameEventID=119,2,,Oklahoma City Thunder,Jones REBOUND (Off:1 Def:1),11:46
http://stats.nba.com/cvp.html?GameID=0021200974&GameEventID=118,2,[ 26 - 41 ],Oklahoma City Thunder,Jones 3' Tip Shot (4 PTS),11:46
http://stats.nba.com/cvp.html?GameID=0021200974&GameEventID=120,2,,Orlando Magic,MISS Moore 3' Driving Layup,11:31
http://stats.nba.com/cvp.html?GameID=0021200974&GameEventID=122,2,,Orlando Magic,Jones REBOUND (Off:1 Def:0),11:29
http://stats.nba.com/cvp.html?GameID=0021200974&GameEventID=121,2,[ 28 - 41 ],Orlando Magic,Jones 1' Putback Dunk (2 PTS),11:29
http://stats.nba.com/cvp.html?GameID=0021200974&GameEventID=123,2,,Orlando Magic,Harrington S.FOUL (P2.T1),11:16
http://stats.nba.com/cvp.html?GameID=0021200974&GameEventID=124,2,[ 28 - 42 ],Oklahoma City Thunder,Collison Free Throw 1 of 2 (1 PTS),11:16
http://stats.nba.com/cvp.html?GameID=0021200974&GameEventID=126,2,[ 28 - 43 ],Oklahoma City Thunder,Collison Free Throw 2 of 2 (2 PTS),11:16
http://stats.nba.com/cvp.html?GameID=0021200974&GameEventID=128,2,,Orlando Magic,MISS Udrih 13' Pullup Jump Shot,11:03
http://stats.nba.com/cvp.html?GameID=0021200974&GameEventID=129,2,,Oklahoma City Thunder,Fisher REBOUND (Off:0 Def:2),11:02
http://stats.nba.com/cvp.html?GameID=0021200974&GameEventID=130,2,[ 28 - 45 ],Oklahoma City Thunder,Fisher 17' Pullup Jump Shot (4 PTS),10:54
http://stats.nba.com/cvp.html?GameID=0021200974&GameEventID=131,2,,Oklahoma City Thunder,Jackson STEAL (1 STL),10:45
http://stats.nba.com/cvp.html?GameID=0021200974&GameEventID=131,2,,Orlando Magic,Udrih Bad Pass Turnover (P1.T4),10:45
http://stats.nba.com/cvp.html?GameID=0021200974&GameEventID=132,2,,Orlando Magic,Udrih S.FOUL (P1.T2),10:40
http://stats.nba.com/cvp.html?GameID=0021200974&GameEventID=133,2,[ 28 - 46 ],Oklahoma City Thunder,Jackson Free Throw 1 of 2 (1 PTS),10:40
http://stats.nba.com/cvp.html?GameID=0021200974&GameEventID=135,2,,Orlando Magic,SUB: Nelson FOR Moore,10:40
http://stats.nba.com/cvp.html?GameID=0021200974&GameEventID=136,2,[ 28 - 47 ],Oklahoma City Thunder,Jackson Free Throw 2 of 2 (2 PTS),10:40
http://stats.nba.com/cvp.html?GameID=0021200974&GameEventID=138,2,,Orlando Magic,MISS Udrih 2' Driving Reverse Layup,10:21
http://stats.nba.com/cvp.html?GameID=0021200974&GameEventID=139,2,,Orlando Magic,Udrih REBOUND (Off:1 Def:0),10:20
http://stats.nba.com/cvp.html?GameID=0021200974&GameEventID=140,2,[ 30 - 47 ],Orlando Magic,Udrih 1' Layup (2 PTS),10:18
http://stats.nba.com/cvp.html?GameID=0021200974&GameEventID=141,2,[ 30 - 49 ],Oklahoma City Thunder,Jones 1' Dunk (6 PTS) (Collison 1 AST),10:04
http://stats.nba.com/cvp.html?GameID=0021200974&GameEventID=142,2,,Oklahoma City Thunder,Jackson STEAL (2 STL),9:43
http://stats.nba.com/cvp.html?GameID=0021200974&GameEventID=142,2,,Orlando Magic,Lamb Bad Pass Turnover (P1.T5),9:43
http://stats.nba.com/cvp.html?GameID=0021200974&GameEventID=143,2,[ 30 - 51 ],Oklahoma City Thunder,Jackson 1' Dunk (4 PTS),9:39
http://stats.nba.com/cvp.html?GameID=0021200974&GameEventID=144,2,,Orlando Magic,Magic Timeout: Regular (Reg.2 Short 0),9:38
http://stats.nba.com/cvp.html?GameID=0021200974&GameEventID=146,2,,Orlando Magic,SUB: Afflalo FOR Jones,9:38
http://stats.nba.com/cvp.html?GameID=0021200974&GameEventID=147,2,,Orlando Magic,MISS Nelson 24' 3PT Jump Shot,9:24
http://stats.nba.com/cvp.html?GameID=0021200974&GameEventID=148,2,,Oklahoma City Thunder,Jones REBOUND (Off:1 Def:2),9:22
http://stats.nba.com/cvp.html?GameID=0021200974&GameEventID=149,2,,Oklahoma City Thunder,Jones Lost Ball Turnover (P1.T2),9:10
http://stats.nba.com/cvp.html?GameID=0021200974&GameEventID=149,2,,Orlando Magic,Udrih STEAL (1 STL),9:10
http://stats.nba.com/cvp.html?GameID=0021200974&GameEventID=150,2,,Orlando Magic,MISS Udrih 24' 3PT Jump Shot,9:02
http://stats.nba.com/cvp.html?GameID=0021200974&GameEventID=151,2,,Oklahoma City Thunder,Collison REBOUND (Off:0 Def:2),9:01
http://stats.nba.com/cvp.html?GameID=0021200974&GameEventID=152,2,[ 30 - 53 ],Oklahoma City Thunder,Martin 12' Turnaround Jump Shot (7 PTS),8:48
http://stats.nba.com/cvp.html?GameID=0021200974&GameEventID=153,2,,Oklahoma City Thunder,Jackson P.FOUL (P1.T1),8:36
http://stats.nba.com/cvp.html?GameID=0021200974&GameEventID=154,2,,Orlando Magic,MISS Udrih 15' Pullup Jump Shot,8:27
http://stats.nba.com/cvp.html?GameID=0021200974&GameEventID=155,2,,Oklahoma City Thunder,Jones REBOUND (Off:1 Def:3),8:25
http://stats.nba.com/cvp.html?GameID=0021200974&GameEventID=156,2,[ 30 - 55 ],Oklahoma City Thunder,Martin 1' Alley Oop Layup (9 PTS) (Jackson 1 AST),8:10
http://stats.nba.com/cvp.html?GameID=0021200974&GameEventID=157,2,,Oklahoma City Thunder,Fisher STEAL (1 STL),7:54
http://stats.nba.com/cvp.html?GameID=0021200974&GameEventID=157,2,,Orlando Magic,Nelson Bad Pass Turnover (P1.T6),7:54
http://stats.nba.com/cvp.html?GameID=0021200974&GameEventID=158,2,,Orlando Magic,Afflalo S.FOUL (P3.T3),7:42
http://stats.nba.com/cvp.html?GameID=0021200974&GameEventID=159,2,[ 30 - 56 ],Oklahoma City Thunder,Martin Free Throw 1 of 2 (10 PTS),7:42
http://stats.nba.com/cvp.html?GameID=0021200974&GameEventID=161,2,,Orlando Magic,SUB: Harris FOR Harrington,7:42
http://stats.nba.com/cvp.html?GameID=0021200974&GameEventID=162,2,,Orlando Magic,SUB: Vucevic FOR Udrih,7:42
http://stats.nba.com/cvp.html?GameID=0021200974&GameEventID=163,2,,Orlando Magic,SUB: Harkless FOR Lamb,7:42
http://stats.nba.com/cvp.html?GameID=0021200974&GameEventID=164,2,,Oklahoma City Thunder,SUB: Durant FOR Jones,7:42
http://stats.nba.com/cvp.html?GameID=0021200974&GameEventID=165,2,,Oklahoma City Thunder,SUB: Westbrook FOR Jackson,7:42
http://stats.nba.com/cvp.html?GameID=0021200974&GameEventID=166,2,[ 30 - 57 ],Oklahoma City Thunder,Martin Free Throw 2 of 2 (11 PTS),7:42
http://stats.nba.com/cvp.html?GameID=0021200974&GameEventID=168,2,[ 32 - 57 ],Orlando Magic,Nelson 1' Driving Layup (10 PTS),7:31
http://stats.nba.com/cvp.html?GameID=0021200974&GameEventID=169,2,,Oklahoma City Thunder,Fisher S.FOUL (P1.T2),7:31
http://stats.nba.com/cvp.html?GameID=0021200974&GameEventID=170,2,[ 33 - 57 ],Orlando Magic,Nelson Free Throw 1 of 1 (11 PTS),7:31
http://stats.nba.com/cvp.html?GameID=0021200974&GameEventID=172,2,[ 33 - 59 ],Oklahoma City Thunder,Collison 1' Driving Dunk (4 PTS) (Martin 2 AST),7:21
http://stats.nba.com/cvp.html?GameID=0021200974&GameEventID=173,2,[ 35 - 59 ],Orlando Magic,Harris 1' Driving Layup (5 PTS) (Nelson 3 AST),7:03
http://stats.nba.com/cvp.html?GameID=0021200974&GameEventID=174,2,,Oklahoma City Thunder,MISS Martin 25' 3PT Jump Shot,6:53
http://stats.nba.com/cvp.html?GameID=0021200974&GameEventID=175,2,,Orlando Magic,Harris REBOUND (Off:0 Def:4),6:52
http://stats.nba.com/cvp.html?GameID=0021200974&GameEventID=176,2,,Orlando Magic,MISS Nelson 29' 3PT Jump Shot,6:41
http://stats.nba.com/cvp.html?GameID=0021200974&GameEventID=177,2,,Oklahoma City Thunder,Westbrook REBOUND (Off:0 Def:3),6:40
http://stats.nba.com/cvp.html?GameID=0021200974&GameEventID=178,2,,Oklahoma City Thunder,MISS Durant 25' 3PT Jump Shot,6:31
http://stats.nba.com/cvp.html?GameID=0021200974&GameEventID=179,2,,Orlando Magic,Harkless REBOUND (Off:0 Def:1),6:29
http://stats.nba.com/cvp.html?GameID=0021200974&GameEventID=180,2,,Orlando Magic,MISS Afflalo 25' 3PT Jump Shot,6:23
http://stats.nba.com/cvp.html?GameID=0021200974&GameEventID=181,2,,Oklahoma City Thunder,Martin REBOUND (Off:0 Def:2),6:22
http://stats.nba.com/cvp.html?GameID=0021200974&GameEventID=182,2,,Oklahoma City Thunder,Martin Bad Pass Turnover (P1.T3),6:19
http://stats.nba.com/cvp.html?GameID=0021200974&GameEventID=182,2,,Orlando Magic,Harkless STEAL (1 STL),6:19
http://stats.nba.com/cvp.html?GameID=0021200974&GameEventID=183,2,[ 37 - 59 ],Orlando Magic,Harkless 1' Layup (7 PTS),6:16
http://stats.nba.com/cvp.html?GameID=0021200974&GameEventID=184,2,,Oklahoma City Thunder,THUNDER Timeout: Regular (Full 2 Short 0),6:06
http://stats.nba.com/cvp.html?GameID=0021200974&GameEventID=186,2,,Oklahoma City Thunder,SUB: Sefolosha FOR Fisher,6:06
http://stats.nba.com/cvp.html?GameID=0021200974&GameEventID=187,2,,Oklahoma City Thunder,SUB: Ibaka FOR Collison,6:06
http://stats.nba.com/cvp.html?GameID=0021200974&GameEventID=189,2,[ 37 - 61 ],Oklahoma City Thunder,Westbrook 16' Pullup Jump Shot (12 PTS),5:53
http://stats.nba.com/cvp.html?GameID=0021200974&GameEventID=190,2,,Oklahoma City Thunder,Ibaka S.FOUL (P1.T3),5:36
http://stats.nba.com/cvp.html?GameID=0021200974&GameEventID=191,2,[ 38 - 61 ],Orlando Magic,Harris Free Throw 1 of 2 (6 PTS),5:36
http://stats.nba.com/cvp.html?GameID=0021200974&GameEventID=193,2,[ 39 - 61 ],Orlando Magic,Harris Free Throw 2 of 2 (7 PTS),5:36
http://stats.nba.com/cvp.html?GameID=0021200974&GameEventID=195,2,[ 39 - 63 ],Oklahoma City Thunder,Ibaka 9' Turnaround Jump Shot (10 PTS),5:21
http://stats.nba.com/cvp.html?GameID=0021200974&GameEventID=196,2,[ 41 - 63 ],Orlando Magic,Afflalo 22' Jump Shot (4 PTS) (Nelson 4 AST),5:01
http://stats.nba.com/cvp.html?GameID=0021200974&GameEventID=197,2,,Oklahoma City Thunder,MISS Durant 8' Driving Jump Shot,4:39
http://stats.nba.com/cvp.html?GameID=0021200974&GameEventID=198,2,,Orlando Magic,Vucevic REBOUND (Off:1 Def:3),4:38
http://stats.nba.com/cvp.html?GameID=0021200974&GameEventID=199,2,,Oklahoma City Thunder,Martin S.FOUL (P3.T4),4:27
http://stats.nba.com/cvp.html?GameID=0021200974&GameEventID=200,2,,Orlando Magic,MISS Harkless Free Throw 1 of 2,4:27
http://stats.nba.com/cvp.html?GameID=0021200974&GameEventID=201,2,,Orlando Magic,Magic Rebound,4:27
http://stats.nba.com/cvp.html?GameID=0021200974&GameEventID=202,2,,Oklahoma City Thunder,SUB: Perkins FOR Martin,4:27
http://stats.nba.com/cvp.html?GameID=0021200974&GameEventID=203,2,,Orlando Magic,MISS Harkless Free Throw 2 of 2,4:27
http://stats.nba.com/cvp.html?GameID=0021200974&GameEventID=205,2,,Oklahoma City Thunder,Ibaka REBOUND (Off:0 Def:2),4:26
http://stats.nba.com/cvp.html?GameID=0021200974&GameEventID=206,2,,Oklahoma City Thunder,Durant Lost Ball Turnover (P1.T4),4:07
http://stats.nba.com/cvp.html?GameID=0021200974&GameEventID=206,2,,Orlando Magic,Harkless STEAL (2 STL),4:07
http://stats.nba.com/cvp.html?GameID=0021200974&GameEventID=207,2,,Oklahoma City Thunder,Durant P.FOUL (P1.PN),4:07
http://stats.nba.com/cvp.html?GameID=0021200974&GameEventID=208,2,[ 42 - 63 ],Orlando Magic,Harris Free Throw 1 of 2 (8 PTS),4:07
http://stats.nba.com/cvp.html?GameID=0021200974&GameEventID=210,2,[ 43 - 63 ],Orlando Magic,Harris Free Throw 2 of 2 (9 PTS),4:07
http://stats.nba.com/cvp.html?GameID=0021200974&GameEventID=212,2,,Oklahoma City Thunder,Perkins Bad Pass Turnover (P1.T5),3:57
http://stats.nba.com/cvp.html?GameID=0021200974&GameEventID=212,2,,Orlando Magic,Vucevic STEAL (1 STL),3:57
http://stats.nba.com/cvp.html?GameID=0021200974&GameEventID=213,2,[ 45 - 63 ],Orlando Magic,Harkless 1' Dunk (9 PTS) (Vucevic 1 AST),3:54
http://stats.nba.com/cvp.html?GameID=0021200974&GameEventID=214,2,,Oklahoma City Thunder,MISS Durant 24' 3PT Jump Shot,3:38
http://stats.nba.com/cvp.html?GameID=0021200974&GameEventID=215,2,,Oklahoma City Thunder,THUNDER Rebound,3:37
http://stats.nba.com/cvp.html?GameID=0021200974&GameEventID=216,2,,Oklahoma City Thunder,Perkins Bad Pass Turnover (P2.T6),3:30
http://stats.nba.com/cvp.html?GameID=0021200974&GameEventID=216,2,,Orlando Magic,Harkless STEAL (3 STL),3:30
http://stats.nba.com/cvp.html?GameID=0021200974&GameEventID=217,2,,Oklahoma City Thunder,Durant STEAL (2 STL),3:19
http://stats.nba.com/cvp.html?GameID=0021200974&GameEventID=217,2,,Orlando Magic,Nelson Bad Pass Turnover (P2.T7),3:19
http://stats.nba.com/cvp.html?GameID=0021200974&GameEventID=218,2,[ 45 - 65 ],Oklahoma City Thunder,Sefolosha 1' Alley Oop Layup (4 PTS) (Durant 3 AST),3:15
http://stats.nba.com/cvp.html?GameID=0021200974&GameEventID=219,2,,Oklahoma City Thunder,Ibaka BLOCK (2 BLK),2:56
http://stats.nba.com/cvp.html?GameID=0021200974&GameEventID=219,2,,Orlando Magic,MISS Vucevic 1' Layup,2:56
http://stats.nba.com/cvp.html?GameID=0021200974&GameEventID=220,2,,Oklahoma City Thunder,Perkins REBOUND (Off:1 Def:3),2:54
http://stats.nba.com/cvp.html?GameID=0021200974&GameEventID=221,2,,Oklahoma City Thunder,MISS Westbrook 14' Jump Shot,2:50
http://stats.nba.com/cvp.html?GameID=0021200974&GameEventID=222,2,,Orlando Magic,Magic Rebound,2:49
http://stats.nba.com/cvp.html?GameID=0021200974&GameEventID=223,2,,Oklahoma City Thunder,Durant L.B.FOUL (P2.PN),2:49
http://stats.nba.com/cvp.html?GameID=0021200974&GameEventID=226,2,[ 46 - 65 ],Orlando Magic,Harris Free Throw 1 of 2 (10 PTS),2:49
http://stats.nba.com/cvp.html?GameID=0021200974&GameEventID=227,2,[ 47 - 65 ],Orlando Magic,Harris Free Throw 2 of 2 (11 PTS),2:49
http://stats.nba.com/cvp.html?GameID=0021200974&GameEventID=229,2,,Orlando Magic,Harkless S.FOUL (P2.T4),2:39
http://stats.nba.com/cvp.html?GameID=0021200974&GameEventID=230,2,[ 47 - 66 ],Oklahoma City Thunder,Durant Free Throw 1 of 2 (7 PTS),2:39
http://stats.nba.com/cvp.html?GameID=0021200974&GameEventID=232,2,[ 47 - 67 ],Oklahoma City Thunder,Durant Free Throw 2 of 2 (8 PTS),2:39
http://stats.nba.com/cvp.html?GameID=0021200974&GameEventID=234,2,[ 49 - 67 ],Orlando Magic,Afflalo 16' Jump Shot (6 PTS) (Nelson 5 AST),2:25
http://stats.nba.com/cvp.html?GameID=0021200974&GameEventID=235,2,,Oklahoma City Thunder,MISS Sefolosha  3PT Jump Shot,2:01
http://stats.nba.com/cvp.html?GameID=0021200974&GameEventID=236,2,,Oklahoma City Thunder,THUNDER Rebound,2:00
http://stats.nba.com/cvp.html?GameID=0021200974&GameEventID=237,2,,Orlando Magic,Harkless S.FOUL (P3.PN),1:59
http://stats.nba.com/cvp.html?GameID=0021200974&GameEventID=238,2,[ 49 - 68 ],Oklahoma City Thunder,Durant Free Throw 1 of 2 (9 PTS),1:59
http://stats.nba.com/cvp.html?GameID=0021200974&GameEventID=240,2,[ 49 - 69 ],Oklahoma City Thunder,Durant Free Throw 2 of 2 (10 PTS),1:59
http://stats.nba.com/cvp.html?GameID=0021200974&GameEventID=242,2,[ 51 - 69 ],Orlando Magic,Vucevic 19' Jump Shot (10 PTS) (Nelson 6 AST),1:45
http://stats.nba.com/cvp.html?GameID=0021200974&GameEventID=243,2,,Oklahoma City Thunder,MISS Ibaka 19' Jump Shot,1:25
http://stats.nba.com/cvp.html?GameID=0021200974&GameEventID=244,2,,Oklahoma City Thunder,Sefolosha REBOUND (Off:1 Def:0),1:24
http://stats.nba.com/cvp.html?GameID=0021200974&GameEventID=245,2,[ 51 - 71 ],Oklahoma City Thunder,Westbrook 1' Layup (14 PTS) (Sefolosha 2 AST),1:14
http://stats.nba.com/cvp.html?GameID=0021200974&GameEventID=246,2,[ 54 - 71 ],Orlando Magic,Nelson 24' 3PT Pullup Jump Shot (14 PTS),0:59
http://stats.nba.com/cvp.html?GameID=0021200974&GameEventID=247,2,,Oklahoma City Thunder,Ibaka 3 Second Violation Turnover (P2.T7),0:44
http://stats.nba.com/cvp.html?GameID=0021200974&GameEventID=248,2,,Oklahoma City Thunder,Durant STEAL (3 STL),0:30
http://stats.nba.com/cvp.html?GameID=0021200974&GameEventID=248,2,,Orlando Magic,Harkless Bad Pass Turnover (P1.T8),0:30
http://stats.nba.com/cvp.html?GameID=0021200974&GameEventID=249,2,[ 54 - 73 ],Oklahoma City Thunder,Durant  Layup (12 PTS),0:26
http://stats.nba.com/cvp.html?GameID=0021200974&GameEventID=250,2,,Oklahoma City Thunder,Durant S.FOUL (P3.PN),0:03
http://stats.nba.com/cvp.html?GameID=0021200974&GameEventID=251,2,[ 55 - 73 ],Orlando Magic,Vucevic Free Throw 1 of 2 (11 PTS),0:03
http://stats.nba.com/cvp.html?GameID=0021200974&GameEventID=253,2,,Orlando Magic,SUB: Moore FOR Afflalo,0:03
http://stats.nba.com/cvp.html?GameID=0021200974&GameEventID=254,2,,Orlando Magic,SUB: Lamb FOR Harkless,0:03
http://stats.nba.com/cvp.html?GameID=0021200974&GameEventID=255,2,[ 56 - 73 ],Orlando Magic,Vucevic Free Throw 2 of 2 (12 PTS),0:03
http://stats.nba.com/cvp.html?GameID=0021200974&GameEventID=257,2,,Oklahoma City Thunder,MISS Westbrook 25' 3PT Pullup Jump Shot,0:00
http://stats.nba.com/cvp.html?GameID=0021200974&GameEventID=258,2,,Orlando Magic,Magic Rebound,0:00
http://stats.nba.com/cvp.html?GameID=0021200974&GameEventID=262,3,,Orlando Magic,Vucevic S.FOUL (P2.T1),11:43
http://stats.nba.com/cvp.html?GameID=0021200974&GameEventID=263,3,,Oklahoma City Thunder,MISS Ibaka Free Throw 1 of 2,11:43
http://stats.nba.com/cvp.html?GameID=0021200974&GameEventID=264,3,,Oklahoma City Thunder,THUNDER Rebound,11:43
http://stats.nba.com/cvp.html?GameID=0021200974&GameEventID=265,3,[ 56 - 74 ],Oklahoma City Thunder,Ibaka Free Throw 2 of 2 (11 PTS),11:43
http://stats.nba.com/cvp.html?GameID=0021200974&GameEventID=267,3,[ 58 - 74 ],Orlando Magic,Afflalo 5' Running Jump Shot (8 PTS),11:28
http://stats.nba.com/cvp.html?GameID=0021200974&GameEventID=268,3,,Oklahoma City Thunder,Sefolosha Bad Pass Turnover (P1.T8),11:08
http://stats.nba.com/cvp.html?GameID=0021200974&GameEventID=269,3,,Orlando Magic,MISS Harris 16' Jump Shot,10:51
http://stats.nba.com/cvp.html?GameID=0021200974&GameEventID=270,3,,Oklahoma City Thunder,Durant REBOUND (Off:1 Def:3),10:50
http://stats.nba.com/cvp.html?GameID=0021200974&GameEventID=271,3,,Orlando Magic,Nelson S.FOUL (P1.T2),10:40
http://stats.nba.com/cvp.html?GameID=0021200974&GameEventID=272,3,[ 58 - 75 ],Oklahoma City Thunder,Westbrook Free Throw 1 of 2 (15 PTS),10:40
http://stats.nba.com/cvp.html?GameID=0021200974&GameEventID=274,3,[ 58 - 76 ],Oklahoma City Thunder,Westbrook Free Throw 2 of 2 (16 PTS),10:40
http://stats.nba.com/cvp.html?GameID=0021200974&GameEventID=276,3,,Orlando Magic,MISS Harkless  3PT Jump Shot,10:20
http://stats.nba.com/cvp.html?GameID=0021200974&GameEventID=277,3,,Oklahoma City Thunder,Perkins REBOUND (Off:1 Def:4),10:19
http://stats.nba.com/cvp.html?GameID=0021200974&GameEventID=278,3,[ 58 - 78 ],Oklahoma City Thunder,Ibaka 1' Dunk (13 PTS) (Perkins 2 AST),10:07
http://stats.nba.com/cvp.html?GameID=0021200974&GameEventID=279,3,,Orlando Magic,MISS Vucevic 9' Jump Shot,9:52
http://stats.nba.com/cvp.html?GameID=0021200974&GameEventID=280,3,,Orlando Magic,Vucevic REBOUND (Off:2 Def:3),9:51
http://stats.nba.com/cvp.html?GameID=0021200974&GameEventID=281,3,[ 60 - 78 ],Orlando Magic,Vucevic 1' Layup (14 PTS),9:49
http://stats.nba.com/cvp.html?GameID=0021200974&GameEventID=282,3,,Oklahoma City Thunder,Durant Bad Pass Turnover (P2.T9),9:27
http://stats.nba.com/cvp.html?GameID=0021200974&GameEventID=282,3,,Orlando Magic,Harkless STEAL (4 STL),9:27
http://stats.nba.com/cvp.html?GameID=0021200974&GameEventID=283,3,,Oklahoma City Thunder,Sefolosha P.FOUL (P1.T1),9:22
http://stats.nba.com/cvp.html?GameID=0021200974&GameEventID=284,3,[ 61 - 78 ],Orlando Magic,Harkless Free Throw 1 of 2 (10 PTS),9:22
http://stats.nba.com/cvp.html?GameID=0021200974&GameEventID=286,3,,Orlando Magic,MISS Harkless Free Throw 2 of 2,9:22
http://stats.nba.com/cvp.html?GameID=0021200974&GameEventID=288,3,,Oklahoma City Thunder,Perkins REBOUND (Off:1 Def:5),9:22
http://stats.nba.com/cvp.html?GameID=0021200974&GameEventID=289,3,[ 61 - 80 ],Oklahoma City Thunder,Ibaka 1' Layup (15 PTS) (Perkins 3 AST),9:11
http://stats.nba.com/cvp.html?GameID=0021200974&GameEventID=290,3,,Orlando Magic,Harkless S.FOUL (P4.T3),9:11
http://stats.nba.com/cvp.html?GameID=0021200974&GameEventID=291,3,,Oklahoma City Thunder,MISS Ibaka Free Throw 1 of 1,9:11
http://stats.nba.com/cvp.html?GameID=0021200974&GameEventID=293,3,,Orlando Magic,Vucevic REBOUND (Off:2 Def:4),9:10
http://stats.nba.com/cvp.html?GameID=0021200974&GameEventID=294,3,,Orlando Magic,MISS Harris 6' Turnaround Jump Shot,9:01
http://stats.nba.com/cvp.html?GameID=0021200974&GameEventID=295,3,,Oklahoma City Thunder,Durant REBOUND (Off:1 Def:4),9:00
http://stats.nba.com/cvp.html?GameID=0021200974&GameEventID=296,3,,Orlando Magic,Harkless P.FOUL (P5.T4),8:53
http://stats.nba.com/cvp.html?GameID=0021200974&GameEventID=297,3,,Oklahoma City Thunder,MISS Westbrook 15' Pullup Jump Shot,8:41
http://stats.nba.com/cvp.html?GameID=0021200974&GameEventID=298,3,,Orlando Magic,Afflalo REBOUND (Off:0 Def:1),8:39
http://stats.nba.com/cvp.html?GameID=0021200974&GameEventID=299,3,,Orlando Magic,MISS Afflalo 17' Pullup Jump Shot,8:30
http://stats.nba.com/cvp.html?GameID=0021200974&GameEventID=300,3,,Oklahoma City Thunder,Perkins REBOUND (Off:1 Def:6),8:29
http://stats.nba.com/cvp.html?GameID=0021200974&GameEventID=301,3,,Oklahoma City Thunder,MISS Westbrook 3' Finger Roll Layup,8:23
http://stats.nba.com/cvp.html?GameID=0021200974&GameEventID=303,3,,Oklahoma City Thunder,Ibaka REBOUND (Off:1 Def:2),8:22
http://stats.nba.com/cvp.html?GameID=0021200974&GameEventID=302,3,[ 61 - 82 ],Oklahoma City Thunder,Ibaka 1' Putback Layup (17 PTS),8:22
http://stats.nba.com/cvp.html?GameID=0021200974&GameEventID=304,3,,Orlando Magic,Magic Timeout: Regular (Reg.3 Short 0),8:22
http://stats.nba.com/cvp.html?GameID=0021200974&GameEventID=306,3,,Orlando Magic,SUB: Moore FOR Harkless,8:22
http://stats.nba.com/cvp.html?GameID=0021200974&GameEventID=307,3,,Orlando Magic,MISS Nelson 26' 3PT Jump Shot,8:07
http://stats.nba.com/cvp.html?GameID=0021200974&GameEventID=308,3,,Oklahoma City Thunder,Westbrook REBOUND (Off:0 Def:4),8:06
http://stats.nba.com/cvp.html?GameID=0021200974&GameEventID=309,3,,Orlando Magic,Nelson S.FOUL (P2.PN),7:50
http://stats.nba.com/cvp.html?GameID=0021200974&GameEventID=310,3,,Oklahoma City Thunder,MISS Perkins Free Throw 1 of 2,7:50
http://stats.nba.com/cvp.html?GameID=0021200974&GameEventID=311,3,,Oklahoma City Thunder,THUNDER Rebound,7:50
http://stats.nba.com/cvp.html?GameID=0021200974&GameEventID=312,3,,Oklahoma City Thunder,MISS Perkins Free Throw 2 of 2,7:50
http://stats.nba.com/cvp.html?GameID=0021200974&GameEventID=314,3,,Orlando Magic,Vucevic REBOUND (Off:2 Def:5),7:48
http://stats.nba.com/cvp.html?GameID=0021200974&GameEventID=315,3,,Orlando Magic,MISS Vucevic 8' Turnaround Jump Shot,7:28
http://stats.nba.com/cvp.html?GameID=0021200974&GameEventID=316,3,,Oklahoma City Thunder,Ibaka REBOUND (Off:1 Def:3),7:27
http://stats.nba.com/cvp.html?GameID=0021200974&GameEventID=317,3,,Oklahoma City Thunder,MISS Sefolosha 2' Layup,7:21
http://stats.nba.com/cvp.html?GameID=0021200974&GameEventID=318,3,,Orlando Magic,Vucevic REBOUND (Off:2 Def:6),7:19
http://stats.nba.com/cvp.html?GameID=0021200974&GameEventID=319,3,,Orlando Magic,MISS Nelson 2' Layup,7:15
http://stats.nba.com/cvp.html?GameID=0021200974&GameEventID=320,3,,Oklahoma City Thunder,Perkins REBOUND (Off:1 Def:7),7:13
http://stats.nba.com/cvp.html?GameID=0021200974&GameEventID=321,3,,Orlando Magic,Vucevic S.FOUL (P3.PN),7:05
http://stats.nba.com/cvp.html?GameID=0021200974&GameEventID=323,3,,Oklahoma City Thunder,Perkins T.FOUL (P0.T1),7:05
http://stats.nba.com/cvp.html?GameID=0021200974&GameEventID=324,3,,Orlando Magic,MISS Nelson Free Throw Technical,7:05
http://stats.nba.com/cvp.html?GameID=0021200974&GameEventID=325,3,,Oklahoma City Thunder,THUNDER Rebound,7:05
http://stats.nba.com/cvp.html?GameID=0021200974&GameEventID=326,3,,Oklahoma City Thunder,MISS Perkins Free Throw 1 of 2,7:05
http://stats.nba.com/cvp.html?GameID=0021200974&GameEventID=327,3,,Oklahoma City Thunder,THUNDER Rebound,7:05
http://stats.nba.com/cvp.html?GameID=0021200974&GameEventID=328,3,[ 61 - 83 ],Oklahoma City Thunder,Perkins Free Throw 2 of 2 (5 PTS),7:05
http://stats.nba.com/cvp.html?GameID=0021200974&GameEventID=330,3,[ 63 - 83 ],Orlando Magic,Nelson 2' Driving Layup (16 PTS),6:53
http://stats.nba.com/cvp.html?GameID=0021200974&GameEventID=331,3,,Oklahoma City Thunder,MISS Durant 24' 3PT Jump Shot,6:36
http://stats.nba.com/cvp.html?GameID=0021200974&GameEventID=332,3,,Orlando Magic,Vucevic REBOUND (Off:2 Def:7),6:35
http://stats.nba.com/cvp.html?GameID=0021200974&GameEventID=333,3,,Orlando Magic,MISS Moore  3PT Jump Shot,6:28
http://stats.nba.com/cvp.html?GameID=0021200974&GameEventID=334,3,,Oklahoma City Thunder,Perkins REBOUND (Off:1 Def:8),6:27
http://stats.nba.com/cvp.html?GameID=0021200974&GameEventID=336,3,,Orlando Magic,Nelson T.FOUL (P2.PN),6:22
http://stats.nba.com/cvp.html?GameID=0021200974&GameEventID=337,3,,Oklahoma City Thunder,MISS Durant Free Throw Technical,6:22
http://stats.nba.com/cvp.html?GameID=0021200974&GameEventID=338,3,,Oklahoma City Thunder,THUNDER Rebound,6:22
http://stats.nba.com/cvp.html?GameID=0021200974&GameEventID=339,3,,Oklahoma City Thunder,Durant Bad Pass Turnover (P3.T10),6:09
http://stats.nba.com/cvp.html?GameID=0021200974&GameEventID=340,3,,Orlando Magic,MISS Nelson 25' 3PT Pullup Jump Shot,5:55
http://stats.nba.com/cvp.html?GameID=0021200974&GameEventID=341,3,,Oklahoma City Thunder,Durant REBOUND (Off:1 Def:5),5:54
http://stats.nba.com/cvp.html?GameID=0021200974&GameEventID=342,3,,Oklahoma City Thunder,Durant Bad Pass Turnover (P4.T11),5:47
http://stats.nba.com/cvp.html?GameID=0021200974&GameEventID=342,3,,Orlando Magic,Harris STEAL (1 STL),5:47
http://stats.nba.com/cvp.html?GameID=0021200974&GameEventID=343,3,[ 65 - 83 ],Orlando Magic,Moore 1' Alley Oop Layup (2 PTS) (Nelson 7 AST),5:42
http://stats.nba.com/cvp.html?GameID=0021200974&GameEventID=344,3,,Oklahoma City Thunder,MISS Ibaka 1' Layup,5:25
http://stats.nba.com/cvp.html?GameID=0021200974&GameEventID=345,3,,Orlando Magic,Afflalo REBOUND (Off:0 Def:2),5:24
http://stats.nba.com/cvp.html?GameID=0021200974&GameEventID=346,3,,Oklahoma City Thunder,Perkins S.FOUL (P1.T2),5:10
http://stats.nba.com/cvp.html?GameID=0021200974&GameEventID=347,3,[ 66 - 83 ],Orlando Magic,Vucevic Free Throw 1 of 2 (15 PTS),5:10
http://stats.nba.com/cvp.html?GameID=0021200974&GameEventID=349,3,[ 67 - 83 ],Orlando Magic,Vucevic Free Throw 2 of 2 (16 PTS),5:10
http://stats.nba.com/cvp.html?GameID=0021200974&GameEventID=351,3,,Oklahoma City Thunder,Durant Lost Ball Turnover (P5.T12),4:56
http://stats.nba.com/cvp.html?GameID=0021200974&GameEventID=351,3,,Orlando Magic,Harris STEAL (2 STL),4:56
http://stats.nba.com/cvp.html?GameID=0021200974&GameEventID=352,3,[ 69 - 83 ],Orlando Magic,Afflalo 1' Layup (10 PTS),4:55
http://stats.nba.com/cvp.html?GameID=0021200974&GameEventID=353,3,,Oklahoma City Thunder,THUNDER Timeout: Regular (Full 3 Short 0),4:55
http://stats.nba.com/cvp.html?GameID=0021200974&GameEventID=356,3,,Orlando Magic,Moore P.FOUL (P1.PN),4:40
http://stats.nba.com/cvp.html?GameID=0021200974&GameEventID=357,3,,Oklahoma City Thunder,MISS Westbrook Free Throw 1 of 2,4:40
http://stats.nba.com/cvp.html?GameID=0021200974&GameEventID=358,3,,Oklahoma City Thunder,THUNDER Rebound,4:40
http://stats.nba.com/cvp.html?GameID=0021200974&GameEventID=359,3,[ 69 - 84 ],Oklahoma City Thunder,Westbrook Free Throw 2 of 2 (17 PTS),4:40
http://stats.nba.com/cvp.html?GameID=0021200974&GameEventID=361,3,,Orlando Magic,MISS Nelson 7' Fadeaway Jumper,4:22
http://stats.nba.com/cvp.html?GameID=0021200974&GameEventID=362,3,,Orlando Magic,Magic Rebound,4:21
http://stats.nba.com/cvp.html?GameID=0021200974&GameEventID=363,3,[ 71 - 84 ],Orlando Magic,Vucevic 1' Dunk (18 PTS) (Moore 1 AST),4:13
http://stats.nba.com/cvp.html?GameID=0021200974&GameEventID=364,3,[ 71 - 86 ],Oklahoma City Thunder,Durant 13' Step Back Jump Shot (14 PTS),3:50
http://stats.nba.com/cvp.html?GameID=0021200974&GameEventID=365,3,,Orlando Magic,MISS Moore 25' 3PT Jump Shot,3:34
http://stats.nba.com/cvp.html?GameID=0021200974&GameEventID=366,3,,Oklahoma City Thunder,Westbrook REBOUND (Off:0 Def:5),3:33
http://stats.nba.com/cvp.html?GameID=0021200974&GameEventID=367,3,[ 71 - 88 ],Oklahoma City Thunder,Ibaka 11' Turnaround Jump Shot (19 PTS) (Westbrook 5 AST),3:23
http://stats.nba.com/cvp.html?GameID=0021200974&GameEventID=368,3,,Orlando Magic,Magic Timeout: Regular (Reg.4 Short 0),3:12
http://stats.nba.com/cvp.html?GameID=0021200974&GameEventID=370,3,,Oklahoma City Thunder,SUB: Collison FOR Ibaka,3:12
http://stats.nba.com/cvp.html?GameID=0021200974&GameEventID=371,3,,Oklahoma City Thunder,SUB: Martin FOR Sefolosha,3:12
http://stats.nba.com/cvp.html?GameID=0021200974&GameEventID=372,3,,Oklahoma City Thunder,Perkins S.FOUL (P2.T3),3:06
http://stats.nba.com/cvp.html?GameID=0021200974&GameEventID=373,3,[ 72 - 88 ],Orlando Magic,Harris Free Throw 1 of 2 (12 PTS),3:06
http://stats.nba.com/cvp.html?GameID=0021200974&GameEventID=375,3,[ 73 - 88 ],Orlando Magic,Harris Free Throw 2 of 2 (13 PTS),3:06
http://stats.nba.com/cvp.html?GameID=0021200974&GameEventID=377,3,,Oklahoma City Thunder,MISS Collison 16' Jump Shot,2:44
http://stats.nba.com/cvp.html?GameID=0021200974&GameEventID=378,3,,Orlando Magic,Nelson REBOUND (Off:0 Def:1),2:43
http://stats.nba.com/cvp.html?GameID=0021200974&GameEventID=379,3,,Orlando Magic,MISS Afflalo 20' Pullup Jump Shot,2:37
http://stats.nba.com/cvp.html?GameID=0021200974&GameEventID=380,3,,Orlando Magic,Vucevic REBOUND (Off:3 Def:7),2:35
http://stats.nba.com/cvp.html?GameID=0021200974&GameEventID=381,3,[ 75 - 88 ],Orlando Magic,Vucevic 2' Layup (20 PTS),2:35
http://stats.nba.com/cvp.html?GameID=0021200974&GameEventID=382,3,,Oklahoma City Thunder,Perkins S.FOUL (P3.T4),2:35
http://stats.nba.com/cvp.html?GameID=0021200974&GameEventID=383,3,[ 76 - 88 ],Orlando Magic,Vucevic Free Throw 1 of 1 (21 PTS),2:35
http://stats.nba.com/cvp.html?GameID=0021200974&GameEventID=385,3,,Oklahoma City Thunder,MISS Westbrook 11' Pullup Jump Shot,2:22
http://stats.nba.com/cvp.html?GameID=0021200974&GameEventID=386,3,,Orlando Magic,Vucevic REBOUND (Off:3 Def:8),2:21
http://stats.nba.com/cvp.html?GameID=0021200974&GameEventID=387,3,[ 78 - 88 ],Orlando Magic,Afflalo 2' Driving Layup (12 PTS),2:12
http://stats.nba.com/cvp.html?GameID=0021200974&GameEventID=388,3,,Orlando Magic,Nelson P.FOUL (P3.PN),1:58
http://stats.nba.com/cvp.html?GameID=0021200974&GameEventID=389,3,[ 78 - 89 ],Oklahoma City Thunder,Collison Free Throw 1 of 2 (5 PTS),1:58
http://stats.nba.com/cvp.html?GameID=0021200974&GameEventID=391,3,,Oklahoma City Thunder,SUB: Jackson FOR Perkins,1:58
http://stats.nba.com/cvp.html?GameID=0021200974&GameEventID=392,3,,Oklahoma City Thunder,MISS Collison Free Throw 2 of 2,1:58
http://stats.nba.com/cvp.html?GameID=0021200974&GameEventID=394,3,,Orlando Magic,Harris REBOUND (Off:0 Def:5),1:57
http://stats.nba.com/cvp.html?GameID=0021200974&GameEventID=395,3,[ 80 - 89 ],Orlando Magic,Afflalo 6' Jump Bank Shot (14 PTS),1:36
http://stats.nba.com/cvp.html?GameID=0021200974&GameEventID=396,3,,Oklahoma City Thunder,MISS Westbrook 2' Layup,1:13
http://stats.nba.com/cvp.html?GameID=0021200974&GameEventID=398,3,,Oklahoma City Thunder,Westbrook REBOUND (Off:1 Def:5),1:11
http://stats.nba.com/cvp.html?GameID=0021200974&GameEventID=399,3,,Oklahoma City Thunder,MISS Westbrook 1' Layup,1:10
http://stats.nba.com/cvp.html?GameID=0021200974&GameEventID=401,3,,Orlando Magic,Vucevic REBOUND (Off:3 Def:9),1:09
http://stats.nba.com/cvp.html?GameID=0021200974&GameEventID=402,3,[ 82 - 89 ],Orlando Magic,Nelson 1' Driving Layup (18 PTS),1:03
http://stats.nba.com/cvp.html?GameID=0021200974&GameEventID=403,3,[ 82 - 92 ],Oklahoma City Thunder,Durant 24' 3PT Jump Shot (17 PTS) (Westbrook 6 AST),0:46
http://stats.nba.com/cvp.html?GameID=0021200974&GameEventID=404,3,[ 84 - 92 ],Orlando Magic,Harris 8' Jump Shot (15 PTS),0:30
http://stats.nba.com/cvp.html?GameID=0021200974&GameEventID=405,3,[ 84 - 95 ],Oklahoma City Thunder,Westbrook 24' 3PT Jump Shot (20 PTS),0:11
http://stats.nba.com/cvp.html?GameID=0021200974&GameEventID=406,3,,Orlando Magic,MISS Nelson 29' 3PT Jump Shot,0:00
http://stats.nba.com/cvp.html?GameID=0021200974&GameEventID=407,3,,Oklahoma City Thunder,THUNDER Rebound,0:00
http://stats.nba.com/cvp.html?GameID=0021200974&GameEventID=411,4,[ 86 - 95 ],Orlando Magic,Afflalo 13' Step Back Jump Shot (16 PTS),11:46
http://stats.nba.com/cvp.html?GameID=0021200974&GameEventID=412,4,,Oklahoma City Thunder,Martin Lost Ball Turnover (P2.T13),11:32
http://stats.nba.com/cvp.html?GameID=0021200974&GameEventID=412,4,,Orlando Magic,Moore STEAL (1 STL),11:32
http://stats.nba.com/cvp.html?GameID=0021200974&GameEventID=413,4,,Orlando Magic,MISS Afflalo 24' 3PT Jump Shot,11:26
http://stats.nba.com/cvp.html?GameID=0021200974&GameEventID=414,4,,Oklahoma City Thunder,Martin REBOUND (Off:0 Def:3),11:25
http://stats.nba.com/cvp.html?GameID=0021200974&GameEventID=415,4,[ 86 - 97 ],Oklahoma City Thunder,Collison 1' Layup (7 PTS) (Martin 3 AST),11:13
http://stats.nba.com/cvp.html?GameID=0021200974&GameEventID=416,4,[ 88 - 97 ],Orlando Magic,Afflalo 15' Turnaround Fadeaway (18 PTS),10:53
http://stats.nba.com/cvp.html?GameID=0021200974&GameEventID=417,4,[ 88 - 99 ],Oklahoma City Thunder,Jones 5' Turnaround Jump Shot (8 PTS),10:39
http://stats.nba.com/cvp.html?GameID=0021200974&GameEventID=418,4,,Oklahoma City Thunder,Jackson P.FOUL (P2.T1),10:27
http://stats.nba.com/cvp.html?GameID=0021200974&GameEventID=419,4,,Orlando Magic,MISS Afflalo 16' Jump Shot,10:18
http://stats.nba.com/cvp.html?GameID=0021200974&GameEventID=420,4,,Oklahoma City Thunder,Martin REBOUND (Off:0 Def:4),10:17
http://stats.nba.com/cvp.html?GameID=0021200974&GameEventID=421,4,[ 88 - 101 ],Oklahoma City Thunder,Martin 18' Step Back Jump Shot (13 PTS),10:08
http://stats.nba.com/cvp.html?GameID=0021200974&GameEventID=422,4,,Orlando Magic,MISS Vucevic 20' Jump Shot,9:52
http://stats.nba.com/cvp.html?GameID=0021200974&GameEventID=423,4,,Oklahoma City Thunder,Martin REBOUND (Off:0 Def:5),9:51
http://stats.nba.com/cvp.html?GameID=0021200974&GameEventID=424,4,,Oklahoma City Thunder,MISS Collison 1' Layup,9:37
http://stats.nba.com/cvp.html?GameID=0021200974&GameEventID=425,4,,Orlando Magic,Vucevic REBOUND (Off:3 Def:10),9:36
http://stats.nba.com/cvp.html?GameID=0021200974&GameEventID=426,4,[ 91 - 101 ],Orlando Magic,Nelson 25' 3PT Pullup Jump Shot (21 PTS),9:31
http://stats.nba.com/cvp.html?GameID=0021200974&GameEventID=427,4,,Oklahoma City Thunder,MISS Jones 16' Jump Shot,9:05
http://stats.nba.com/cvp.html?GameID=0021200974&GameEventID=428,4,,Orlando Magic,Magic Rebound,9:04
http://stats.nba.com/cvp.html?GameID=0021200974&GameEventID=429,4,,Orlando Magic,SUB: O'Quinn FOR Vucevic,9:04
http://stats.nba.com/cvp.html?GameID=0021200974&GameEventID=430,4,,Orlando Magic,SUB: Harkless FOR Afflalo,9:04
http://stats.nba.com/cvp.html?GameID=0021200974&GameEventID=431,4,,Oklahoma City Thunder,Jackson S.FOUL (P3.T2),8:50
http://stats.nba.com/cvp.html?GameID=0021200974&GameEventID=435,4,[ 92 - 101 ],Orlando Magic,Harris Free Throw 1 of 2 (16 PTS),8:50
http://stats.nba.com/cvp.html?GameID=0021200974&GameEventID=437,4,[ 93 - 101 ],Orlando Magic,Harris Free Throw 2 of 2 (17 PTS),8:50
http://stats.nba.com/cvp.html?GameID=0021200974&GameEventID=439,4,[ 93 - 103 ],Oklahoma City Thunder,Martin 15' Pullup Jump Shot (15 PTS),8:40
http://stats.nba.com/cvp.html?GameID=0021200974&GameEventID=440,4,,Orlando Magic,Nelson Out of Bounds Lost Ball Turnover (P3.T9),8:28
http://stats.nba.com/cvp.html?GameID=0021200974&GameEventID=441,4,,Oklahoma City Thunder,MISS Fisher 21' Jump Shot,8:17
http://stats.nba.com/cvp.html?GameID=0021200974&GameEventID=442,4,,Orlando Magic,Nelson REBOUND (Off:0 Def:2),8:15
http://stats.nba.com/cvp.html?GameID=0021200974&GameEventID=443,4,[ 95 - 103 ],Orlando Magic,Nelson 12' Pullup Jump Shot (23 PTS),8:10
http://stats.nba.com/cvp.html?GameID=0021200974&GameEventID=444,4,,Oklahoma City Thunder,MISS Martin 17' Jump Shot,7:48
http://stats.nba.com/cvp.html?GameID=0021200974&GameEventID=445,4,,Orlando Magic,Nelson REBOUND (Off:0 Def:3),7:47
http://stats.nba.com/cvp.html?GameID=0021200974&GameEventID=446,4,,Orlando Magic,MISS Harris 24' 3PT Jump Shot,7:40
http://stats.nba.com/cvp.html?GameID=0021200974&GameEventID=447,4,,Oklahoma City Thunder,Jackson REBOUND (Off:0 Def:1),7:39
http://stats.nba.com/cvp.html?GameID=0021200974&GameEventID=448,4,,Oklahoma City Thunder,MISS Jackson 20' Pullup Jump Shot,7:30
http://stats.nba.com/cvp.html?GameID=0021200974&GameEventID=449,4,,Oklahoma City Thunder,Collison REBOUND (Off:1 Def:2),7:29
http://stats.nba.com/cvp.html?GameID=0021200974&GameEventID=450,4,,Oklahoma City Thunder,Collison Bad Pass Turnover (P1.T14),7:26
http://stats.nba.com/cvp.html?GameID=0021200974&GameEventID=450,4,,Orlando Magic,Harkless STEAL (5 STL),7:26
http://stats.nba.com/cvp.html?GameID=0021200974&GameEventID=451,4,,Orlando Magic,MISS Moore 21' Jump Shot,7:09
http://stats.nba.com/cvp.html?GameID=0021200974&GameEventID=452,4,,Oklahoma City Thunder,Jones REBOUND (Off:1 Def:4),7:08
http://stats.nba.com/cvp.html?GameID=0021200974&GameEventID=453,4,,Oklahoma City Thunder,MISS Jackson 2' Driving Jump Shot,6:55
http://stats.nba.com/cvp.html?GameID=0021200974&GameEventID=454,4,,Orlando Magic,O'Quinn REBOUND (Off:0 Def:1),6:54
http://stats.nba.com/cvp.html?GameID=0021200974&GameEventID=455,4,,Orlando Magic,Magic Timeout: Regular (Reg.5 Short 0),6:49
http://stats.nba.com/cvp.html?GameID=0021200974&GameEventID=457,4,,Oklahoma City Thunder,SUB: Perkins FOR Collison,6:49
http://stats.nba.com/cvp.html?GameID=0021200974&GameEventID=458,4,,Oklahoma City Thunder,SUB: Durant FOR Fisher,6:49
http://stats.nba.com/cvp.html?GameID=0021200974&GameEventID=459,4,,Oklahoma City Thunder,SUB: Westbrook FOR Jones,6:49
http://stats.nba.com/cvp.html?GameID=0021200974&GameEventID=460,4,,Oklahoma City Thunder,SUB: Sefolosha FOR Jackson,6:49
http://stats.nba.com/cvp.html?GameID=0021200974&GameEventID=461,4,,Orlando Magic,SUB: Vucevic FOR Harris,6:49
http://stats.nba.com/cvp.html?GameID=0021200974&GameEventID=462,4,,Orlando Magic,SUB: Afflalo FOR Moore,6:49
http://stats.nba.com/cvp.html?GameID=0021200974&GameEventID=463,4,,Orlando Magic,MISS Harkless 1' Driving Layup,6:43
http://stats.nba.com/cvp.html?GameID=0021200974&GameEventID=464,4,,Orlando Magic,Harkless REBOUND (Off:1 Def:1),6:41
http://stats.nba.com/cvp.html?GameID=0021200974&GameEventID=465,4,[ 97 - 103 ],Orlando Magic,Harkless 1' Layup (12 PTS),6:39
http://stats.nba.com/cvp.html?GameID=0021200974&GameEventID=466,4,,Oklahoma City Thunder,Durant Bad Pass Turnover (P6.T15),6:23
http://stats.nba.com/cvp.html?GameID=0021200974&GameEventID=466,4,,Orlando Magic,Harkless STEAL (6 STL),6:23
http://stats.nba.com/cvp.html?GameID=0021200974&GameEventID=467,4,[ 99 - 103 ],Orlando Magic,Afflalo 1' Layup (20 PTS),6:20
http://stats.nba.com/cvp.html?GameID=0021200974&GameEventID=468,4,,Oklahoma City Thunder,MISS Westbrook 2' Driving Layup,6:05
http://stats.nba.com/cvp.html?GameID=0021200974&GameEventID=469,4,,Orlando Magic,Nelson REBOUND (Off:0 Def:4),6:04
http://stats.nba.com/cvp.html?GameID=0021200974&GameEventID=470,4,,Orlando Magic,MISS Afflalo 14' Pullup Jump Shot,5:57
http://stats.nba.com/cvp.html?GameID=0021200974&GameEventID=471,4,,Oklahoma City Thunder,Martin REBOUND (Off:0 Def:6),5:56
http://stats.nba.com/cvp.html?GameID=0021200974&GameEventID=472,4,,Oklahoma City Thunder,MISS Durant 26' 3PT Jump Shot,5:31
http://stats.nba.com/cvp.html?GameID=0021200974&GameEventID=473,4,,Orlando Magic,Vucevic REBOUND (Off:3 Def:11),5:30
http://stats.nba.com/cvp.html?GameID=0021200974&GameEventID=474,4,,Orlando Magic,MISS Nelson 22' Pullup Jump Shot,5:24
http://stats.nba.com/cvp.html?GameID=0021200974&GameEventID=475,4,,Oklahoma City Thunder,Durant REBOUND (Off:1 Def:6),5:23
http://stats.nba.com/cvp.html?GameID=0021200974&GameEventID=476,4,,Oklahoma City Thunder,MISS Perkins 2' Layup,5:08
http://stats.nba.com/cvp.html?GameID=0021200974&GameEventID=477,4,,Orlando Magic,O'Quinn REBOUND (Off:0 Def:2),5:07
http://stats.nba.com/cvp.html?GameID=0021200974&GameEventID=478,4,,Oklahoma City Thunder,Perkins P.FOUL (P4.T3),4:57
http://stats.nba.com/cvp.html?GameID=0021200974&GameEventID=479,4,,Orlando Magic,SUB: Harris FOR O'Quinn,4:57
http://stats.nba.com/cvp.html?GameID=0021200974&GameEventID=480,4,,Oklahoma City Thunder,SUB: Ibaka FOR Martin,4:57
http://stats.nba.com/cvp.html?GameID=0021200974&GameEventID=481,4,,Orlando Magic,MISS Afflalo  3PT Jump Shot,4:49
http://stats.nba.com/cvp.html?GameID=0021200974&GameEventID=482,4,,Oklahoma City Thunder,Durant REBOUND (Off:1 Def:7),4:48
http://stats.nba.com/cvp.html?GameID=0021200974&GameEventID=483,4,,Orlando Magic,Harris S.FOUL (P2.T1),4:43
http://stats.nba.com/cvp.html?GameID=0021200974&GameEventID=484,4,,Oklahoma City Thunder,MISS Ibaka Free Throw 1 of 2,4:43
http://stats.nba.com/cvp.html?GameID=0021200974&GameEventID=485,4,,Oklahoma City Thunder,THUNDER Rebound,4:43
http://stats.nba.com/cvp.html?GameID=0021200974&GameEventID=486,4,[ 99 - 104 ],Oklahoma City Thunder,Ibaka Free Throw 2 of 2 (20 PTS),4:43
http://stats.nba.com/cvp.html?GameID=0021200974&GameEventID=488,4,,Oklahoma City Thunder,Ibaka BLOCK (3 BLK),4:32
http://stats.nba.com/cvp.html?GameID=0021200974&GameEventID=488,4,,Orlando Magic,MISS Nelson 3' Layup,4:32
http://stats.nba.com/cvp.html?GameID=0021200974&GameEventID=489,4,,Oklahoma City Thunder,Ibaka REBOUND (Off:1 Def:4),4:30
http://stats.nba.com/cvp.html?GameID=0021200974&GameEventID=490,4,[ 99 - 106 ],Oklahoma City Thunder,Durant 1' Layup (19 PTS) (Sefolosha 3 AST),4:27
http://stats.nba.com/cvp.html?GameID=0021200974&GameEventID=491,4,,Orlando Magic,Magic Timeout: Regular (Reg.6 Short 0),4:24
http://stats.nba.com/cvp.html?GameID=0021200974&GameEventID=494,4,,Orlando Magic,MISS Vucevic 8' Floating Jump Shot,4:15
http://stats.nba.com/cvp.html?GameID=0021200974&GameEventID=495,4,,Oklahoma City Thunder,Perkins REBOUND (Off:1 Def:9),4:14
http://stats.nba.com/cvp.html?GameID=0021200974&GameEventID=496,4,,Oklahoma City Thunder,Perkins 3 Second Violation Turnover (P3.T16),3:53
http://stats.nba.com/cvp.html?GameID=0021200974&GameEventID=497,4,[ 102 - 106 ],Orlando Magic,Nelson 24' 3PT Jump Shot (26 PTS) (Afflalo 3 AST),3:37
http://stats.nba.com/cvp.html?GameID=0021200974&GameEventID=498,4,[ 102 - 108 ],Oklahoma City Thunder,Durant 8' Jump Shot (21 PTS),3:19
http://stats.nba.com/cvp.html?GameID=0021200974&GameEventID=499,4,,Orlando Magic,Harris S.FOUL (P3.T2),3:19
http://stats.nba.com/cvp.html?GameID=0021200974&GameEventID=500,4,[ 102 - 109 ],Oklahoma City Thunder,Durant Free Throw 1 of 1 (22 PTS),3:19
http://stats.nba.com/cvp.html?GameID=0021200974&GameEventID=501,4,,Orlando Magic,MISS Nelson 23' Jump Shot,3:01
http://stats.nba.com/cvp.html?GameID=0021200974&GameEventID=502,4,,Oklahoma City Thunder,Sefolosha REBOUND (Off:1 Def:1),3:00
http://stats.nba.com/cvp.html?GameID=0021200974&GameEventID=503,4,,Oklahoma City Thunder,MISS Westbrook 24' 3PT Jump Shot,2:39
http://stats.nba.com/cvp.html?GameID=0021200974&GameEventID=504,4,,Orlando Magic,Harris REBOUND (Off:0 Def:6),2:38
http://stats.nba.com/cvp.html?GameID=0021200974&GameEventID=505,4,[ 104 - 109 ],Orlando Magic,Harris 2' Driving Layup (19 PTS),2:34
http://stats.nba.com/cvp.html?GameID=0021200974&GameEventID=506,4,[ 104 - 112 ],Oklahoma City Thunder,Westbrook 24' 3PT Jump Shot (23 PTS) (Ibaka 1 AST),2:07
http://stats.nba.com/cvp.html?GameID=0021200974&GameEventID=507,4,,Orlando Magic,MISS Afflalo 8' Jump Shot,1:47
http://stats.nba.com/cvp.html?GameID=0021200974&GameEventID=508,4,,Orlando Magic,Afflalo REBOUND (Off:1 Def:2),1:45
http://stats.nba.com/cvp.html?GameID=0021200974&GameEventID=509,4,,Oklahoma City Thunder,Perkins BLOCK (1 BLK),1:41
http://stats.nba.com/cvp.html?GameID=0021200974&GameEventID=509,4,,Orlando Magic,MISS Afflalo 24' 3PT Pullup Jump Shot,1:41
http://stats.nba.com/cvp.html?GameID=0021200974&GameEventID=510,4,,Oklahoma City Thunder,Perkins REBOUND (Off:1 Def:10),1:38
http://stats.nba.com/cvp.html?GameID=0021200974&GameEventID=511,4,,Orlando Magic,Nelson S.FOUL (P4.T3),1:37
http://stats.nba.com/cvp.html?GameID=0021200974&GameEventID=512,4,[ 104 - 113 ],Oklahoma City Thunder,Sefolosha Free Throw 1 of 2 (5 PTS),1:37
http://stats.nba.com/cvp.html?GameID=0021200974&GameEventID=514,4,,Oklahoma City Thunder,MISS Sefolosha Free Throw 2 of 2,1:37
http://stats.nba.com/cvp.html?GameID=0021200974&GameEventID=516,4,,Oklahoma City Thunder,Ibaka REBOUND (Off:2 Def:4),1:35
http://stats.nba.com/cvp.html?GameID=0021200974&GameEventID=517,4,,Oklahoma City Thunder,Ibaka Lost Ball Turnover (P3.T17),1:33
http://stats.nba.com/cvp.html?GameID=0021200974&GameEventID=517,4,,Orlando Magic,Harris STEAL (3 STL),1:33
http://stats.nba.com/cvp.html?GameID=0021200974&GameEventID=518,4,,Orlando Magic,Harris Step Out of Bounds Turnover (P2.T10),1:25
http://stats.nba.com/cvp.html?GameID=0021200974&GameEventID=519,4,,Orlando Magic,Nelson P.FOUL (P5.PN),1:09
http://stats.nba.com/cvp.html?GameID=0021200974&GameEventID=520,4,[ 104 - 114 ],Oklahoma City Thunder,Durant Free Throw 1 of 2 (23 PTS),1:09
http://stats.nba.com/cvp.html?GameID=0021200974&GameEventID=522,4,[ 104 - 115 ],Oklahoma City Thunder,Durant Free Throw 2 of 2 (24 PTS),1:09
http://stats.nba.com/cvp.html?GameID=0021200974&GameEventID=524,4,,Orlando Magic,MISS Harris 3' Driving Jump Shot,0:54
http://stats.nba.com/cvp.html?GameID=0021200974&GameEventID=525,4,,Oklahoma City Thunder,Durant REBOUND (Off:1 Def:8),0:53
http://stats.nba.com/cvp.html?GameID=0021200974&GameEventID=526,4,[ 104 - 117 ],Oklahoma City Thunder,Durant  Driving Finger Roll Layup (26 PTS),0:45
http://stats.nba.com/cvp.html?GameID=0021200974&GameEventID=527,4,,Orlando Magic,MISS Afflalo 3' Layup,0:30
http://stats.nba.com/cvp.html?GameID=0021200974&GameEventID=528,4,,Oklahoma City Thunder,Perkins REBOUND (Off:1 Def:11),0:29
http://stats.nba.com/cvp.html?GameID=0021200974&GameEventID=529,4,,Oklahoma City Thunder,THUNDER Turnover: Shot Clock (T#18),0:06
http://stats.nba.com/cvp.html?GameID=0021200974&GameEventID=530,4,,Orlando Magic,MISS Nelson 24' 3PT Jump Shot,0:00
http://stats.nba.com/cvp.html?GameID=0021200974&GameEventID=531,4,,Oklahoma City Thunder,THUNDER Rebound,0:00
