http://stats.nba.com/cvp.html?GameID=0021200826&GameEventID=1,1,,Philadelphia 76ers,Jump Ball Hawes vs. Bosh: Tip to James,12:00
http://stats.nba.com/cvp.html?GameID=0021200826&GameEventID=3,1,,Philadelphia 76ers,Hawes Violation:Defensive Goaltending,11:41
http://stats.nba.com/cvp.html?GameID=0021200826&GameEventID=2,1,[ 2 - 0 ],Miami Heat,Bosh 1' Driving Layup (2 PTS) (Chalmers 1 AST),11:41
http://stats.nba.com/cvp.html?GameID=0021200826&GameEventID=5,1,[ 2 - 2 ],Philadelphia 76ers,Allen 1' Layup (2 PTS) (Turner 1 AST),11:24
http://stats.nba.com/cvp.html?GameID=0021200826&GameEventID=6,1,,Miami Heat,MISS Bosh 19' Jump Shot,11:05
http://stats.nba.com/cvp.html?GameID=0021200826&GameEventID=7,1,,Philadelphia 76ers,Turner REBOUND (Off:0 Def:1),11:03
http://stats.nba.com/cvp.html?GameID=0021200826&GameEventID=8,1,[ 2 - 4 ],Philadelphia 76ers,Turner 7' Fadeaway Jumper (2 PTS),10:53
http://stats.nba.com/cvp.html?GameID=0021200826&GameEventID=9,1,,Miami Heat,MISS Bosh  3PT Jump Shot,10:34
http://stats.nba.com/cvp.html?GameID=0021200826&GameEventID=10,1,,Philadelphia 76ers,Holiday REBOUND (Off:0 Def:1),10:32
http://stats.nba.com/cvp.html?GameID=0021200826&GameEventID=11,1,[ 2 - 6 ],Philadelphia 76ers,Turner 16' Step Back Jump Shot (4 PTS),10:24
http://stats.nba.com/cvp.html?GameID=0021200826&GameEventID=12,1,[ 4 - 6 ],Miami Heat,Wade 19' Pullup Jump Shot (2 PTS),10:04
http://stats.nba.com/cvp.html?GameID=0021200826&GameEventID=13,1,,Philadelphia 76ers,MISS Allen 2' Layup,9:47
http://stats.nba.com/cvp.html?GameID=0021200826&GameEventID=14,1,,Miami Heat,James REBOUND (Off:0 Def:1),9:44
http://stats.nba.com/cvp.html?GameID=0021200826&GameEventID=15,1,,Miami Heat,James Bad Pass Turnover (P1.T1),9:36
http://stats.nba.com/cvp.html?GameID=0021200826&GameEventID=16,1,[ 4 - 9 ],Philadelphia 76ers,Young 24' 3PT Jump Shot (3 PTS) (Allen 1 AST),9:23
http://stats.nba.com/cvp.html?GameID=0021200826&GameEventID=17,1,[ 6 - 9 ],Miami Heat,Wade 2' Layup (4 PTS) (James 1 AST),9:08
http://stats.nba.com/cvp.html?GameID=0021200826&GameEventID=18,1,,Philadelphia 76ers,Turner S.FOUL (P1.T1),9:08
http://stats.nba.com/cvp.html?GameID=0021200826&GameEventID=19,1,[ 7 - 9 ],Miami Heat,Wade Free Throw 1 of 1 (5 PTS),9:08
http://stats.nba.com/cvp.html?GameID=0021200826&GameEventID=21,1,[ 7 - 11 ],Philadelphia 76ers,Turner 18' Pullup Jump Shot (6 PTS),8:59
http://stats.nba.com/cvp.html?GameID=0021200826&GameEventID=22,1,,Philadelphia 76ers,Holiday S.FOUL (P1.T2),8:44
http://stats.nba.com/cvp.html?GameID=0021200826&GameEventID=23,1,[ 8 - 11 ],Miami Heat,Chalmers Free Throw 1 of 2 (1 PTS),8:44
http://stats.nba.com/cvp.html?GameID=0021200826&GameEventID=25,1,[ 9 - 11 ],Miami Heat,Chalmers Free Throw 2 of 2 (2 PTS),8:44
http://stats.nba.com/cvp.html?GameID=0021200826&GameEventID=27,1,[ 9 - 14 ],Philadelphia 76ers,Young 25' 3PT Pullup Jump Shot (6 PTS) (Allen 2 AST),8:23
http://stats.nba.com/cvp.html?GameID=0021200826&GameEventID=28,1,,Miami Heat,MISS James 26' 3PT Jump Shot,8:06
http://stats.nba.com/cvp.html?GameID=0021200826&GameEventID=29,1,,Philadelphia 76ers,Allen REBOUND (Off:0 Def:1),8:04
http://stats.nba.com/cvp.html?GameID=0021200826&GameEventID=30,1,,Philadelphia 76ers,Hawes Bad Pass Turnover (P1.T1),7:47
http://stats.nba.com/cvp.html?GameID=0021200826&GameEventID=31,1,[ 11 - 14 ],Miami Heat,James 1' Driving Layup (2 PTS) (Bosh 1 AST),7:34
http://stats.nba.com/cvp.html?GameID=0021200826&GameEventID=32,1,[ 11 - 16 ],Philadelphia 76ers,Hawes 17' Step Back Jump Shot (2 PTS) (Holiday 1 AST),7:20
http://stats.nba.com/cvp.html?GameID=0021200826&GameEventID=33,1,,Miami Heat,MISS Wade 14' Jump Shot,7:08
http://stats.nba.com/cvp.html?GameID=0021200826&GameEventID=34,1,,Philadelphia 76ers,Allen REBOUND (Off:0 Def:2),7:06
http://stats.nba.com/cvp.html?GameID=0021200826&GameEventID=36,1,,Philadelphia 76ers,MISS Turner 13' Jump Shot,6:53
http://stats.nba.com/cvp.html?GameID=0021200826&GameEventID=37,1,,Miami Heat,Haslem REBOUND (Off:0 Def:1),6:51
http://stats.nba.com/cvp.html?GameID=0021200826&GameEventID=38,1,,Philadelphia 76ers,Young P.FOUL (P1.T3),6:46
http://stats.nba.com/cvp.html?GameID=0021200826&GameEventID=39,1,,Miami Heat,MISS Haslem 4' Jump Shot,6:36
http://stats.nba.com/cvp.html?GameID=0021200826&GameEventID=40,1,,Philadelphia 76ers,Allen REBOUND (Off:0 Def:3),6:35
http://stats.nba.com/cvp.html?GameID=0021200826&GameEventID=41,1,,Philadelphia 76ers,MISS Holiday 16' Jump Shot,6:25
http://stats.nba.com/cvp.html?GameID=0021200826&GameEventID=42,1,,Miami Heat,James REBOUND (Off:0 Def:2),6:24
http://stats.nba.com/cvp.html?GameID=0021200826&GameEventID=43,1,[ 13 - 16 ],Miami Heat,Haslem 16' Jump Shot (2 PTS) (Wade 1 AST),6:13
http://stats.nba.com/cvp.html?GameID=0021200826&GameEventID=44,1,[ 13 - 18 ],Philadelphia 76ers,Young 2' Running Layup (8 PTS) (Hawes 1 AST),5:56
http://stats.nba.com/cvp.html?GameID=0021200826&GameEventID=45,1,[ 15 - 18 ],Miami Heat,Wade 17' Pullup Jump Shot (7 PTS) (Chalmers 2 AST),5:31
http://stats.nba.com/cvp.html?GameID=0021200826&GameEventID=46,1,[ 15 - 20 ],Philadelphia 76ers,Young 13' Pullup Jump Shot (10 PTS) (Holiday 2 AST),5:14
http://stats.nba.com/cvp.html?GameID=0021200826&GameEventID=47,1,,Miami Heat,Heat Timeout: Regular (Reg.1 Short 0),5:03
http://stats.nba.com/cvp.html?GameID=0021200826&GameEventID=49,1,[ 17 - 20 ],Miami Heat,Wade 12' Turnaround Jump Shot (9 PTS) (James 2 AST),4:53
http://stats.nba.com/cvp.html?GameID=0021200826&GameEventID=50,1,,Philadelphia 76ers,Turner Bad Pass Turnover (P1.T2),4:34
http://stats.nba.com/cvp.html?GameID=0021200826&GameEventID=50,1,,Miami Heat,Wade STEAL (1 STL),4:34
http://stats.nba.com/cvp.html?GameID=0021200826&GameEventID=51,1,,Miami Heat,MISS Chalmers 27' 3PT Jump Shot,4:19
http://stats.nba.com/cvp.html?GameID=0021200826&GameEventID=52,1,,Philadelphia 76ers,Turner REBOUND (Off:0 Def:2),4:17
http://stats.nba.com/cvp.html?GameID=0021200826&GameEventID=53,1,,Philadelphia 76ers,MISS Hawes 14' Jump Shot,4:02
http://stats.nba.com/cvp.html?GameID=0021200826&GameEventID=54,1,,Miami Heat,Haslem REBOUND (Off:0 Def:2),4:00
http://stats.nba.com/cvp.html?GameID=0021200826&GameEventID=55,1,[ 19 - 20 ],Miami Heat,Bosh  Layup (4 PTS) (James 3 AST),3:53
http://stats.nba.com/cvp.html?GameID=0021200826&GameEventID=56,1,,Philadelphia 76ers,MISS Allen 12' Hook Shot,3:35
http://stats.nba.com/cvp.html?GameID=0021200826&GameEventID=57,1,,Miami Heat,James REBOUND (Off:0 Def:3),3:33
http://stats.nba.com/cvp.html?GameID=0021200826&GameEventID=59,1,,Miami Heat,SUB: Battier FOR Wade,3:23
http://stats.nba.com/cvp.html?GameID=0021200826&GameEventID=60,1,,Miami Heat,SUB: Allen FOR Bosh,3:23
http://stats.nba.com/cvp.html?GameID=0021200826&GameEventID=61,1,,Philadelphia 76ers,SUB: Wright FOR Allen,3:23
http://stats.nba.com/cvp.html?GameID=0021200826&GameEventID=62,1,[ 22 - 20 ],Miami Heat,Chalmers 26' 3PT Jump Shot (5 PTS) (Allen 1 AST),3:11
http://stats.nba.com/cvp.html?GameID=0021200826&GameEventID=63,1,[ 22 - 22 ],Philadelphia 76ers,Young 15' Pullup Jump Shot (12 PTS) (Hawes 2 AST),2:55
http://stats.nba.com/cvp.html?GameID=0021200826&GameEventID=64,1,,Miami Heat,MISS Chalmers 25' 3PT Jump Shot,2:37
http://stats.nba.com/cvp.html?GameID=0021200826&GameEventID=65,1,,Philadelphia 76ers,Turner REBOUND (Off:0 Def:3),2:35
http://stats.nba.com/cvp.html?GameID=0021200826&GameEventID=66,1,,Philadelphia 76ers,MISS Turner 15' Jump Shot,2:16
http://stats.nba.com/cvp.html?GameID=0021200826&GameEventID=67,1,,Miami Heat,James REBOUND (Off:0 Def:4),2:15
http://stats.nba.com/cvp.html?GameID=0021200826&GameEventID=68,1,[ 24 - 22 ],Miami Heat,Chalmers 1' Reverse Layup (7 PTS) (James 4 AST),2:07
http://stats.nba.com/cvp.html?GameID=0021200826&GameEventID=69,1,,Philadelphia 76ers,76ERS Timeout: Regular (Full 1 Short 0),1:55
http://stats.nba.com/cvp.html?GameID=0021200826&GameEventID=71,1,,Miami Heat,SUB: Andersen FOR Haslem,1:55
http://stats.nba.com/cvp.html?GameID=0021200826&GameEventID=72,1,[ 24 - 24 ],Philadelphia 76ers,Holiday  Driving Dunk (2 PTS) (Hawes 3 AST),1:48
http://stats.nba.com/cvp.html?GameID=0021200826&GameEventID=73,1,,Miami Heat,MISS Allen 15' Jump Shot,1:26
http://stats.nba.com/cvp.html?GameID=0021200826&GameEventID=74,1,,Philadelphia 76ers,Hawes REBOUND (Off:0 Def:1),1:25
http://stats.nba.com/cvp.html?GameID=0021200826&GameEventID=75,1,,Philadelphia 76ers,MISS Turner 25' 3PT Jump Shot,1:16
http://stats.nba.com/cvp.html?GameID=0021200826&GameEventID=76,1,,Miami Heat,Andersen REBOUND (Off:0 Def:1),1:14
http://stats.nba.com/cvp.html?GameID=0021200826&GameEventID=77,1,,Miami Heat,MISS Allen 25' 3PT Jump Shot,1:09
http://stats.nba.com/cvp.html?GameID=0021200826&GameEventID=78,1,,Miami Heat,James REBOUND (Off:1 Def:4),1:07
http://stats.nba.com/cvp.html?GameID=0021200826&GameEventID=79,1,,Miami Heat,MISS Chalmers 27' 3PT Jump Shot,1:03
http://stats.nba.com/cvp.html?GameID=0021200826&GameEventID=80,1,,Philadelphia 76ers,Wright REBOUND (Off:0 Def:1),1:02
http://stats.nba.com/cvp.html?GameID=0021200826&GameEventID=81,1,,Philadelphia 76ers,Turner Lost Ball Turnover (P2.T3),0:50
http://stats.nba.com/cvp.html?GameID=0021200826&GameEventID=81,1,,Miami Heat,Chalmers STEAL (1 STL),0:50
http://stats.nba.com/cvp.html?GameID=0021200826&GameEventID=82,1,,Philadelphia 76ers,Hawes BLOCK (1 BLK),0:44
http://stats.nba.com/cvp.html?GameID=0021200826&GameEventID=82,1,,Miami Heat,MISS James 4' Jump Shot,0:44
http://stats.nba.com/cvp.html?GameID=0021200826&GameEventID=83,1,,Philadelphia 76ers,Wright REBOUND (Off:0 Def:2),0:41
http://stats.nba.com/cvp.html?GameID=0021200826&GameEventID=84,1,,Philadelphia 76ers,Turner Lost Ball Turnover (P3.T4),0:29
http://stats.nba.com/cvp.html?GameID=0021200826&GameEventID=84,1,,Miami Heat,Chalmers STEAL (2 STL),0:29
http://stats.nba.com/cvp.html?GameID=0021200826&GameEventID=85,1,,Philadelphia 76ers,Wright S.FOUL (P1.T4),0:26
http://stats.nba.com/cvp.html?GameID=0021200826&GameEventID=87,1,[ 25 - 24 ],Miami Heat,James Free Throw 1 of 2 (3 PTS),0:26
http://stats.nba.com/cvp.html?GameID=0021200826&GameEventID=89,1,,Philadelphia 76ers,SUB: Pargo FOR Turner,0:26
http://stats.nba.com/cvp.html?GameID=0021200826&GameEventID=90,1,,Miami Heat,SUB: Cole FOR Chalmers,0:26
http://stats.nba.com/cvp.html?GameID=0021200826&GameEventID=91,1,,Miami Heat,MISS James Free Throw 2 of 2,0:26
http://stats.nba.com/cvp.html?GameID=0021200826&GameEventID=93,1,,Miami Heat,Battier REBOUND (Off:1 Def:0),0:24
http://stats.nba.com/cvp.html?GameID=0021200826&GameEventID=94,1,[ 27 - 24 ],Miami Heat,James 2' Layup (5 PTS),0:03
http://stats.nba.com/cvp.html?GameID=0021200826&GameEventID=95,1,,Philadelphia 76ers,MISS Holiday 53' 3PT Jump Shot,0:00
http://stats.nba.com/cvp.html?GameID=0021200826&GameEventID=96,1,,Philadelphia 76ers,76ERS Rebound,0:00
http://stats.nba.com/cvp.html?GameID=0021200826&GameEventID=100,2,[ 27 - 26 ],Philadelphia 76ers,Holiday 20' Jump Shot (4 PTS) (Pargo 1 AST),11:42
http://stats.nba.com/cvp.html?GameID=0021200826&GameEventID=101,2,,Miami Heat,Cole Bad Pass Turnover (P1.T2),11:22
http://stats.nba.com/cvp.html?GameID=0021200826&GameEventID=102,2,,Philadelphia 76ers,MISS Pargo 24' 3PT Jump Shot,10:58
http://stats.nba.com/cvp.html?GameID=0021200826&GameEventID=103,2,,Miami Heat,Andersen REBOUND (Off:0 Def:2),10:56
http://stats.nba.com/cvp.html?GameID=0021200826&GameEventID=104,2,,Miami Heat,Allen Traveling Turnover (P1.T3),10:50
http://stats.nba.com/cvp.html?GameID=0021200826&GameEventID=105,2,[ 27 - 28 ],Philadelphia 76ers,Holiday 7' Pullup Jump Shot (6 PTS) (Young 1 AST),10:35
http://stats.nba.com/cvp.html?GameID=0021200826&GameEventID=106,2,,Miami Heat,MISS Cole 5' Running Hook Shot,10:14
http://stats.nba.com/cvp.html?GameID=0021200826&GameEventID=107,2,,Philadelphia 76ers,Allen REBOUND (Off:0 Def:4),10:13
http://stats.nba.com/cvp.html?GameID=0021200826&GameEventID=108,2,,Philadelphia 76ers,MISS Young 25' 3PT Jump Shot,10:04
http://stats.nba.com/cvp.html?GameID=0021200826&GameEventID=109,2,,Miami Heat,Wade REBOUND (Off:0 Def:1),10:02
http://stats.nba.com/cvp.html?GameID=0021200826&GameEventID=110,2,[ 29 - 28 ],Miami Heat,Wade 1' Driving Layup (11 PTS),9:54
http://stats.nba.com/cvp.html?GameID=0021200826&GameEventID=111,2,[ 29 - 30 ],Philadelphia 76ers,Holiday 16' Pullup Jump Shot (8 PTS),9:42
http://stats.nba.com/cvp.html?GameID=0021200826&GameEventID=112,2,,Philadelphia 76ers,Young BLOCK (1 BLK),9:27
http://stats.nba.com/cvp.html?GameID=0021200826&GameEventID=112,2,,Miami Heat,MISS Wade 10' Jump Shot,9:27
http://stats.nba.com/cvp.html?GameID=0021200826&GameEventID=114,2,,Miami Heat,Heat Rebound,9:27
http://stats.nba.com/cvp.html?GameID=0021200826&GameEventID=113,2,,Philadelphia 76ers,SUB: Turner FOR Holiday,9:27
http://stats.nba.com/cvp.html?GameID=0021200826&GameEventID=115,2,,Philadelphia 76ers,Jump Ball Young vs. Wade: Tip to Cole,9:27
http://stats.nba.com/cvp.html?GameID=0021200826&GameEventID=116,2,[ 31 - 30 ],Miami Heat,Cole 1' Driving Reverse Layup (2 PTS),9:17
http://stats.nba.com/cvp.html?GameID=0021200826&GameEventID=117,2,,Philadelphia 76ers,MISS Turner 13' Jump Shot,8:54
http://stats.nba.com/cvp.html?GameID=0021200826&GameEventID=118,2,,Miami Heat,Andersen REBOUND (Off:0 Def:3),8:52
http://stats.nba.com/cvp.html?GameID=0021200826&GameEventID=119,2,,Miami Heat,Wade Offensive Charge Foul (P1.T1),8:47
http://stats.nba.com/cvp.html?GameID=0021200826&GameEventID=120,2,,Miami Heat,Wade Foul Turnover (P1.T4),8:47
http://stats.nba.com/cvp.html?GameID=0021200826&GameEventID=122,2,,Philadelphia 76ers,SUB: Ivey FOR Young,8:47
http://stats.nba.com/cvp.html?GameID=0021200826&GameEventID=124,2,,Philadelphia 76ers,MISS Wright 25' 3PT Jump Shot,8:38
http://stats.nba.com/cvp.html?GameID=0021200826&GameEventID=125,2,,Miami Heat,Allen REBOUND (Off:0 Def:1),8:36
http://stats.nba.com/cvp.html?GameID=0021200826&GameEventID=126,2,[ 33 - 30 ],Miami Heat,Wade 2' Driving Layup (13 PTS) (Allen 2 AST),8:24
http://stats.nba.com/cvp.html?GameID=0021200826&GameEventID=127,2,,Philadelphia 76ers,MISS Allen 16' Jump Shot,7:59
http://stats.nba.com/cvp.html?GameID=0021200826&GameEventID=128,2,,Miami Heat,Wade REBOUND (Off:0 Def:2),7:57
http://stats.nba.com/cvp.html?GameID=0021200826&GameEventID=129,2,,Philadelphia 76ers,Ivey S.FOUL (P1.T1),7:49
http://stats.nba.com/cvp.html?GameID=0021200826&GameEventID=130,2,,Miami Heat,MISS Wade Free Throw 1 of 2,7:49
http://stats.nba.com/cvp.html?GameID=0021200826&GameEventID=131,2,,Miami Heat,Heat Rebound,7:49
http://stats.nba.com/cvp.html?GameID=0021200826&GameEventID=132,2,,Miami Heat,SUB: Bosh FOR Andersen,7:49
http://stats.nba.com/cvp.html?GameID=0021200826&GameEventID=133,2,,Miami Heat,MISS Wade Free Throw 2 of 2,7:49
http://stats.nba.com/cvp.html?GameID=0021200826&GameEventID=135,2,,Philadelphia 76ers,Wright REBOUND (Off:0 Def:3),7:47
http://stats.nba.com/cvp.html?GameID=0021200826&GameEventID=136,2,[ 33 - 33 ],Philadelphia 76ers,Wright  3PT Jump Shot (3 PTS) (Pargo 2 AST),7:23
http://stats.nba.com/cvp.html?GameID=0021200826&GameEventID=137,2,[ 35 - 33 ],Miami Heat,Wade 20' Pullup Jump Shot (15 PTS),7:01
http://stats.nba.com/cvp.html?GameID=0021200826&GameEventID=138,2,,Philadelphia 76ers,MISS Turner 18' Jump Shot,6:40
http://stats.nba.com/cvp.html?GameID=0021200826&GameEventID=139,2,,Miami Heat,Wade REBOUND (Off:0 Def:3),6:39
http://stats.nba.com/cvp.html?GameID=0021200826&GameEventID=140,2,,Miami Heat,MISS Bosh 15' Jump Shot,6:28
http://stats.nba.com/cvp.html?GameID=0021200826&GameEventID=141,2,,Philadelphia 76ers,76ERS Rebound,6:26
http://stats.nba.com/cvp.html?GameID=0021200826&GameEventID=142,2,,Philadelphia 76ers,MISS Ivey 21' Jump Shot,6:03
http://stats.nba.com/cvp.html?GameID=0021200826&GameEventID=143,2,,Miami Heat,Wade REBOUND (Off:0 Def:4),6:01
http://stats.nba.com/cvp.html?GameID=0021200826&GameEventID=144,2,[ 37 - 33 ],Miami Heat,Wade 21' Pullup Jump Shot (17 PTS),5:56
http://stats.nba.com/cvp.html?GameID=0021200826&GameEventID=145,2,,Philadelphia 76ers,76ERS Timeout: Regular (Full 2 Short 0),5:45
http://stats.nba.com/cvp.html?GameID=0021200826&GameEventID=147,2,,Philadelphia 76ers,SUB: Hawes FOR Allen,5:45
http://stats.nba.com/cvp.html?GameID=0021200826&GameEventID=148,2,,Philadelphia 76ers,SUB: Holiday FOR Ivey,5:45
http://stats.nba.com/cvp.html?GameID=0021200826&GameEventID=149,2,,Miami Heat,SUB: James FOR Cole,5:45
http://stats.nba.com/cvp.html?GameID=0021200826&GameEventID=150,2,,Miami Heat,SUB: Chalmers FOR Allen,5:45
http://stats.nba.com/cvp.html?GameID=0021200826&GameEventID=151,2,,Miami Heat,Battier P.FOUL (P1.T2),5:37
http://stats.nba.com/cvp.html?GameID=0021200826&GameEventID=152,2,[ 37 - 35 ],Philadelphia 76ers,Pargo 18' Step Back Jump Shot (2 PTS),5:23
http://stats.nba.com/cvp.html?GameID=0021200826&GameEventID=153,2,[ 40 - 35 ],Miami Heat,Battier 25' 3PT Jump Shot (3 PTS) (Chalmers 3 AST),5:00
http://stats.nba.com/cvp.html?GameID=0021200826&GameEventID=154,2,[ 40 - 37 ],Philadelphia 76ers,Holiday 4' Floating Jump Shot (10 PTS) (Pargo 3 AST),4:32
http://stats.nba.com/cvp.html?GameID=0021200826&GameEventID=155,2,[ 43 - 37 ],Miami Heat,Battier  3PT Jump Shot (6 PTS) (Chalmers 4 AST),4:12
http://stats.nba.com/cvp.html?GameID=0021200826&GameEventID=156,2,,Philadelphia 76ers,MISS Hawes 6' Jump Shot,3:55
http://stats.nba.com/cvp.html?GameID=0021200826&GameEventID=158,2,,Philadelphia 76ers,Turner REBOUND (Off:1 Def:3),3:52
http://stats.nba.com/cvp.html?GameID=0021200826&GameEventID=157,2,[ 43 - 39 ],Philadelphia 76ers,Turner  Dunk (8 PTS),3:52
http://stats.nba.com/cvp.html?GameID=0021200826&GameEventID=159,2,[ 45 - 39 ],Miami Heat,Bosh 18' Jump Shot (6 PTS) (James 5 AST),3:32
http://stats.nba.com/cvp.html?GameID=0021200826&GameEventID=160,2,,Philadelphia 76ers,Turner Bad Pass Turnover (P4.T5),3:10
http://stats.nba.com/cvp.html?GameID=0021200826&GameEventID=161,2,,Miami Heat,SUB: Allen FOR Wade,3:10
http://stats.nba.com/cvp.html?GameID=0021200826&GameEventID=162,2,,Miami Heat,Heat Timeout: Regular (Reg.2 Short 0),3:10
http://stats.nba.com/cvp.html?GameID=0021200826&GameEventID=163,2,,Philadelphia 76ers,SUB: Young FOR Pargo,3:10
http://stats.nba.com/cvp.html?GameID=0021200826&GameEventID=166,2,,Miami Heat,Heat Turnover: Shot Clock (T#5),2:45
http://stats.nba.com/cvp.html?GameID=0021200826&GameEventID=167,2,[ 45 - 41 ],Philadelphia 76ers,Young 11' Pullup Jump Shot (14 PTS) (Holiday 3 AST),2:32
http://stats.nba.com/cvp.html?GameID=0021200826&GameEventID=168,2,[ 47 - 41 ],Miami Heat,Bosh 15' Step Back Jump Shot (8 PTS) (Chalmers 5 AST),2:19
http://stats.nba.com/cvp.html?GameID=0021200826&GameEventID=169,2,,Philadelphia 76ers,Hawes S.FOUL (P1.T2),2:19
http://stats.nba.com/cvp.html?GameID=0021200826&GameEventID=170,2,,Philadelphia 76ers,SUB: Allen FOR Hawes,2:19
http://stats.nba.com/cvp.html?GameID=0021200826&GameEventID=171,2,[ 48 - 41 ],Miami Heat,Bosh Free Throw 1 of 1 (9 PTS),2:19
http://stats.nba.com/cvp.html?GameID=0021200826&GameEventID=173,2,[ 48 - 44 ],Philadelphia 76ers,Holiday 25' 3PT Jump Shot (13 PTS) (Turner 2 AST),2:03
http://stats.nba.com/cvp.html?GameID=0021200826&GameEventID=174,2,[ 51 - 44 ],Miami Heat,Allen 24' 3PT Jump Bank Shot (3 PTS) (Battier 1 AST),1:47
http://stats.nba.com/cvp.html?GameID=0021200826&GameEventID=175,2,,Philadelphia 76ers,MISS Young 20' Jump Shot,1:23
http://stats.nba.com/cvp.html?GameID=0021200826&GameEventID=176,2,,Philadelphia 76ers,Holiday REBOUND (Off:1 Def:1),1:21
http://stats.nba.com/cvp.html?GameID=0021200826&GameEventID=177,2,[ 51 - 47 ],Philadelphia 76ers,Wright 27' 3PT Jump Shot (6 PTS) (Holiday 4 AST),1:15
http://stats.nba.com/cvp.html?GameID=0021200826&GameEventID=178,2,[ 53 - 47 ],Miami Heat,Chalmers 1' Layup (9 PTS) (Allen 3 AST),0:53
http://stats.nba.com/cvp.html?GameID=0021200826&GameEventID=179,2,,Philadelphia 76ers,MISS Wright 26' 3PT Jump Shot,0:41
http://stats.nba.com/cvp.html?GameID=0021200826&GameEventID=180,2,,Miami Heat,Heat Rebound,0:41
http://stats.nba.com/cvp.html?GameID=0021200826&GameEventID=181,2,,Miami Heat,SUB: Wade FOR Battier,0:41
http://stats.nba.com/cvp.html?GameID=0021200826&GameEventID=183,2,,Miami Heat,MISS Allen 2' Layup,0:32
http://stats.nba.com/cvp.html?GameID=0021200826&GameEventID=184,2,,Philadelphia 76ers,Holiday REBOUND (Off:1 Def:2),0:30
http://stats.nba.com/cvp.html?GameID=0021200826&GameEventID=185,2,,Miami Heat,Wade P.FOUL (P2.T3),0:28
http://stats.nba.com/cvp.html?GameID=0021200826&GameEventID=186,2,,Miami Heat,SUB: Battier FOR Wade,0:28
http://stats.nba.com/cvp.html?GameID=0021200826&GameEventID=187,2,,Philadelphia 76ers,SUB: Hawes FOR Allen,0:28
http://stats.nba.com/cvp.html?GameID=0021200826&GameEventID=188,2,,Philadelphia 76ers,76ERS Timeout: Short (Full 2 Short 1),0:28
http://stats.nba.com/cvp.html?GameID=0021200826&GameEventID=189,2,,Philadelphia 76ers,Hawes OFF.Foul (P2),0:17
http://stats.nba.com/cvp.html?GameID=0021200826&GameEventID=190,2,,Philadelphia 76ers,Hawes Foul Turnover (P2.T6),0:17
http://stats.nba.com/cvp.html?GameID=0021200826&GameEventID=191,2,,Miami Heat,SUB: Wade FOR Battier,0:17
http://stats.nba.com/cvp.html?GameID=0021200826&GameEventID=192,2,,Philadelphia 76ers,SUB: Allen FOR Hawes,0:17
http://stats.nba.com/cvp.html?GameID=0021200826&GameEventID=194,2,[ 56 - 47 ],Miami Heat,Allen  3PT Jump Shot (6 PTS) (James 6 AST),0:02
http://stats.nba.com/cvp.html?GameID=0021200826&GameEventID=198,3,[ 56 - 49 ],Philadelphia 76ers,Turner 18' Jump Shot (10 PTS),11:35
http://stats.nba.com/cvp.html?GameID=0021200826&GameEventID=199,3,,Miami Heat,MISS Bosh 15' Jump Shot,11:14
http://stats.nba.com/cvp.html?GameID=0021200826&GameEventID=200,3,,Philadelphia 76ers,Holiday REBOUND (Off:1 Def:3),11:13
http://stats.nba.com/cvp.html?GameID=0021200826&GameEventID=201,3,[ 56 - 51 ],Philadelphia 76ers,Allen 3' Layup (4 PTS) (Holiday 5 AST),11:03
http://stats.nba.com/cvp.html?GameID=0021200826&GameEventID=202,3,[ 59 - 51 ],Miami Heat,James 25' 3PT Jump Shot (8 PTS) (Haslem 1 AST),10:45
http://stats.nba.com/cvp.html?GameID=0021200826&GameEventID=203,3,,Philadelphia 76ers,MISS Allen 17' Jump Shot,10:27
http://stats.nba.com/cvp.html?GameID=0021200826&GameEventID=204,3,,Miami Heat,James REBOUND (Off:1 Def:5),10:26
http://stats.nba.com/cvp.html?GameID=0021200826&GameEventID=205,3,,Philadelphia 76ers,Turner STEAL (1 STL),10:13
http://stats.nba.com/cvp.html?GameID=0021200826&GameEventID=205,3,,Miami Heat,Chalmers Bad Pass Turnover (P1.T6),10:13
http://stats.nba.com/cvp.html?GameID=0021200826&GameEventID=206,3,,Philadelphia 76ers,MISS Holiday 10' Jump Shot,10:05
http://stats.nba.com/cvp.html?GameID=0021200826&GameEventID=207,3,,Miami Heat,Bosh REBOUND (Off:0 Def:1),10:04
http://stats.nba.com/cvp.html?GameID=0021200826&GameEventID=208,3,[ 61 - 51 ],Miami Heat,Wade 17' Pullup Jump Shot (19 PTS),9:58
http://stats.nba.com/cvp.html?GameID=0021200826&GameEventID=209,3,[ 61 - 53 ],Philadelphia 76ers,Holiday 17' Step Back Jump Shot (15 PTS),9:40
http://stats.nba.com/cvp.html?GameID=0021200826&GameEventID=210,3,,Miami Heat,MISS Bosh 24' 3PT Jump Shot,9:25
http://stats.nba.com/cvp.html?GameID=0021200826&GameEventID=211,3,,Philadelphia 76ers,Holiday REBOUND (Off:1 Def:4),9:23
http://stats.nba.com/cvp.html?GameID=0021200826&GameEventID=212,3,,Philadelphia 76ers,Turner Bad Pass Turnover (P5.T7),9:14
http://stats.nba.com/cvp.html?GameID=0021200826&GameEventID=212,3,,Miami Heat,Chalmers STEAL (3 STL),9:14
http://stats.nba.com/cvp.html?GameID=0021200826&GameEventID=214,3,,Miami Heat,MISS James 15' Jump Shot,8:51
http://stats.nba.com/cvp.html?GameID=0021200826&GameEventID=215,3,,Philadelphia 76ers,76ERS Rebound,8:50
http://stats.nba.com/cvp.html?GameID=0021200826&GameEventID=216,3,[ 61 - 55 ],Philadelphia 76ers,Turner 9' Fadeaway Jumper (12 PTS) (Holiday 6 AST),8:26
http://stats.nba.com/cvp.html?GameID=0021200826&GameEventID=217,3,[ 64 - 55 ],Miami Heat,Chalmers  3PT Jump Shot (12 PTS) (James 7 AST),8:09
http://stats.nba.com/cvp.html?GameID=0021200826&GameEventID=218,3,,Philadelphia 76ers,MISS Turner  3PT Jump Shot,7:47
http://stats.nba.com/cvp.html?GameID=0021200826&GameEventID=219,3,,Miami Heat,Haslem REBOUND (Off:0 Def:3),7:44
http://stats.nba.com/cvp.html?GameID=0021200826&GameEventID=220,3,,Miami Heat,MISS Bosh 14' Jump Shot,7:34
http://stats.nba.com/cvp.html?GameID=0021200826&GameEventID=221,3,,Miami Heat,Haslem REBOUND (Off:1 Def:3),7:31
http://stats.nba.com/cvp.html?GameID=0021200826&GameEventID=222,3,[ 66 - 55 ],Miami Heat,Haslem 19' Jump Shot (4 PTS) (James 8 AST),7:23
http://stats.nba.com/cvp.html?GameID=0021200826&GameEventID=223,3,,Philadelphia 76ers,MISS Young 24' 3PT Jump Shot,7:00
http://stats.nba.com/cvp.html?GameID=0021200826&GameEventID=224,3,,Miami Heat,James REBOUND (Off:1 Def:6),6:57
http://stats.nba.com/cvp.html?GameID=0021200826&GameEventID=225,3,,Philadelphia 76ers,Young S.FOUL (P2.T1),6:47
http://stats.nba.com/cvp.html?GameID=0021200826&GameEventID=226,3,[ 67 - 55 ],Miami Heat,Wade Free Throw 1 of 2 (20 PTS),6:47
http://stats.nba.com/cvp.html?GameID=0021200826&GameEventID=229,3,,Philadelphia 76ers,76ERS Timeout: Regular (Full 3 Short 1),6:47
http://stats.nba.com/cvp.html?GameID=0021200826&GameEventID=231,3,[ 68 - 55 ],Miami Heat,Wade Free Throw 2 of 2 (21 PTS),6:47
http://stats.nba.com/cvp.html?GameID=0021200826&GameEventID=233,3,,Philadelphia 76ers,MISS Hawes 14' Jump Shot,6:29
http://stats.nba.com/cvp.html?GameID=0021200826&GameEventID=234,3,,Miami Heat,James REBOUND (Off:1 Def:7),6:28
http://stats.nba.com/cvp.html?GameID=0021200826&GameEventID=235,3,,Philadelphia 76ers,Turner P.FOUL (P2.T2),6:24
http://stats.nba.com/cvp.html?GameID=0021200826&GameEventID=236,3,[ 70 - 55 ],Miami Heat,James 19' Jump Shot (10 PTS),6:08
http://stats.nba.com/cvp.html?GameID=0021200826&GameEventID=237,3,[ 70 - 58 ],Philadelphia 76ers,Young 25' 3PT Jump Shot (17 PTS) (Allen 3 AST),5:43
http://stats.nba.com/cvp.html?GameID=0021200826&GameEventID=238,3,[ 72 - 58 ],Miami Heat,Bosh 16' Pullup Jump Shot (11 PTS) (Chalmers 6 AST),5:23
http://stats.nba.com/cvp.html?GameID=0021200826&GameEventID=239,3,,Philadelphia 76ers,MISS Allen 16' Jump Shot,5:07
http://stats.nba.com/cvp.html?GameID=0021200826&GameEventID=240,3,,Miami Heat,James REBOUND (Off:1 Def:8),5:05
http://stats.nba.com/cvp.html?GameID=0021200826&GameEventID=241,3,[ 74 - 58 ],Miami Heat,Chalmers 2' Reverse Layup (14 PTS) (James 9 AST),4:58
http://stats.nba.com/cvp.html?GameID=0021200826&GameEventID=242,3,,Philadelphia 76ers,MISS Turner 4' Jump Shot,4:40
http://stats.nba.com/cvp.html?GameID=0021200826&GameEventID=243,3,,Miami Heat,Haslem REBOUND (Off:1 Def:4),4:39
http://stats.nba.com/cvp.html?GameID=0021200826&GameEventID=244,3,[ 76 - 58 ],Miami Heat,Wade 17' Pullup Jump Shot (23 PTS),4:33
http://stats.nba.com/cvp.html?GameID=0021200826&GameEventID=245,3,,Philadelphia 76ers,76ERS Timeout: Short (Full 3 Short 2),4:30
http://stats.nba.com/cvp.html?GameID=0021200826&GameEventID=247,3,,Philadelphia 76ers,SUB: Wright FOR Allen,4:30
http://stats.nba.com/cvp.html?GameID=0021200826&GameEventID=248,3,,Miami Heat,Haslem S.FOUL (P1.T1),4:12
http://stats.nba.com/cvp.html?GameID=0021200826&GameEventID=249,3,[ 76 - 59 ],Philadelphia 76ers,Holiday Free Throw 1 of 2 (16 PTS),4:12
http://stats.nba.com/cvp.html?GameID=0021200826&GameEventID=251,3,,Philadelphia 76ers,MISS Holiday Free Throw 2 of 2,4:12
http://stats.nba.com/cvp.html?GameID=0021200826&GameEventID=253,3,,Miami Heat,Haslem REBOUND (Off:1 Def:5),4:11
http://stats.nba.com/cvp.html?GameID=0021200826&GameEventID=254,3,,Miami Heat,MISS James 25' 3PT Jump Shot,3:56
http://stats.nba.com/cvp.html?GameID=0021200826&GameEventID=255,3,,Miami Heat,Haslem REBOUND (Off:2 Def:5),3:54
http://stats.nba.com/cvp.html?GameID=0021200826&GameEventID=256,3,[ 78 - 59 ],Miami Heat,Bosh  Slam Dunk (13 PTS) (James 10 AST),3:51
http://stats.nba.com/cvp.html?GameID=0021200826&GameEventID=257,3,,Philadelphia 76ers,MISS Young 17' Jump Shot,3:41
http://stats.nba.com/cvp.html?GameID=0021200826&GameEventID=258,3,,Philadelphia 76ers,76ERS Rebound,3:41
http://stats.nba.com/cvp.html?GameID=0021200826&GameEventID=259,3,,Miami Heat,SUB: Allen FOR Wade,3:41
http://stats.nba.com/cvp.html?GameID=0021200826&GameEventID=260,3,,Miami Heat,SUB: Battier FOR Bosh,3:41
http://stats.nba.com/cvp.html?GameID=0021200826&GameEventID=261,3,,Philadelphia 76ers,MISS Hawes 6' Jump Shot,3:34
http://stats.nba.com/cvp.html?GameID=0021200826&GameEventID=262,3,,Philadelphia 76ers,Turner REBOUND (Off:2 Def:3),3:32
http://stats.nba.com/cvp.html?GameID=0021200826&GameEventID=263,3,[ 78 - 61 ],Philadelphia 76ers,Turner  Dunk (14 PTS),3:30
http://stats.nba.com/cvp.html?GameID=0021200826&GameEventID=264,3,,Miami Heat,MISS Haslem 2' Layup,3:17
http://stats.nba.com/cvp.html?GameID=0021200826&GameEventID=265,3,,Philadelphia 76ers,Hawes REBOUND (Off:0 Def:2),3:15
http://stats.nba.com/cvp.html?GameID=0021200826&GameEventID=266,3,,Philadelphia 76ers,MISS Turner  3PT Jump Shot,3:06
http://stats.nba.com/cvp.html?GameID=0021200826&GameEventID=267,3,,Philadelphia 76ers,76ERS Rebound,3:06
http://stats.nba.com/cvp.html?GameID=0021200826&GameEventID=269,3,,Philadelphia 76ers,Holiday Bad Pass Turnover (P1.T8),2:50
http://stats.nba.com/cvp.html?GameID=0021200826&GameEventID=269,3,,Miami Heat,James STEAL (1 STL),2:50
http://stats.nba.com/cvp.html?GameID=0021200826&GameEventID=270,3,[ 81 - 61 ],Miami Heat,Allen  3PT Jump Shot (9 PTS) (James 11 AST),2:44
http://stats.nba.com/cvp.html?GameID=0021200826&GameEventID=271,3,[ 81 - 63 ],Philadelphia 76ers,Turner 2' Driving Layup (16 PTS) (Young 2 AST),2:27
http://stats.nba.com/cvp.html?GameID=0021200826&GameEventID=272,3,,Miami Heat,Heat Timeout: Regular (Reg.3 Short 0),2:24
http://stats.nba.com/cvp.html?GameID=0021200826&GameEventID=274,3,,Miami Heat,SUB: Andersen FOR Chalmers,2:24
http://stats.nba.com/cvp.html?GameID=0021200826&GameEventID=275,3,,Miami Heat,SUB: Cole FOR Haslem,2:24
http://stats.nba.com/cvp.html?GameID=0021200826&GameEventID=276,3,,Philadelphia 76ers,SUB: Allen FOR Hawes,2:24
http://stats.nba.com/cvp.html?GameID=0021200826&GameEventID=277,3,[ 83 - 63 ],Miami Heat,James 1' Running Layup (12 PTS),2:00
http://stats.nba.com/cvp.html?GameID=0021200826&GameEventID=278,3,,Philadelphia 76ers,Young Bad Pass Turnover (P1.T9),1:45
http://stats.nba.com/cvp.html?GameID=0021200826&GameEventID=278,3,,Miami Heat,James STEAL (2 STL),1:45
http://stats.nba.com/cvp.html?GameID=0021200826&GameEventID=279,3,[ 85 - 63 ],Miami Heat,James  Alley Oop Dunk (14 PTS) (Cole 1 AST),1:41
http://stats.nba.com/cvp.html?GameID=0021200826&GameEventID=280,3,[ 85 - 66 ],Philadelphia 76ers,Wright 25' 3PT Jump Shot (9 PTS) (Turner 3 AST),1:26
http://stats.nba.com/cvp.html?GameID=0021200826&GameEventID=281,3,,Miami Heat,MISS James 25' 3PT Jump Shot,1:00
http://stats.nba.com/cvp.html?GameID=0021200826&GameEventID=282,3,,Philadelphia 76ers,Allen REBOUND (Off:0 Def:5),0:56
http://stats.nba.com/cvp.html?GameID=0021200826&GameEventID=283,3,[ 85 - 69 ],Philadelphia 76ers,Wright 25' 3PT Jump Shot (12 PTS) (Turner 4 AST),0:48
http://stats.nba.com/cvp.html?GameID=0021200826&GameEventID=284,3,,Philadelphia 76ers,Young P.FOUL (P3.T3),0:27
http://stats.nba.com/cvp.html?GameID=0021200826&GameEventID=285,3,,Philadelphia 76ers,SUB: Pargo FOR Young,0:27
http://stats.nba.com/cvp.html?GameID=0021200826&GameEventID=286,3,,Philadelphia 76ers,Turner P.FOUL (P3.PN),0:19
http://stats.nba.com/cvp.html?GameID=0021200826&GameEventID=287,3,[ 86 - 69 ],Miami Heat,Cole Free Throw 1 of 2 (3 PTS),0:19
http://stats.nba.com/cvp.html?GameID=0021200826&GameEventID=289,3,[ 87 - 69 ],Miami Heat,Cole Free Throw 2 of 2 (4 PTS),0:19
http://stats.nba.com/cvp.html?GameID=0021200826&GameEventID=292,3,,Miami Heat,James S.FOUL (P1.T2),0:02
http://stats.nba.com/cvp.html?GameID=0021200826&GameEventID=293,3,[ 87 - 70 ],Philadelphia 76ers,Allen Free Throw 1 of 2 (5 PTS),0:02
http://stats.nba.com/cvp.html?GameID=0021200826&GameEventID=295,3,[ 87 - 71 ],Philadelphia 76ers,Allen Free Throw 2 of 2 (6 PTS),0:02
http://stats.nba.com/cvp.html?GameID=0021200826&GameEventID=297,3,,Miami Heat,James Bad Pass Turnover (P2.T7),0:02
http://stats.nba.com/cvp.html?GameID=0021200826&GameEventID=298,3,,Philadelphia 76ers,MISS Wright 18' Jump Shot,0:00
http://stats.nba.com/cvp.html?GameID=0021200826&GameEventID=299,3,,Philadelphia 76ers,76ERS Rebound,0:00
http://stats.nba.com/cvp.html?GameID=0021200826&GameEventID=303,4,,Miami Heat,MISS Allen  3PT Jump Shot,11:44
http://stats.nba.com/cvp.html?GameID=0021200826&GameEventID=304,4,,Philadelphia 76ers,Turner REBOUND (Off:2 Def:4),11:42
http://stats.nba.com/cvp.html?GameID=0021200826&GameEventID=305,4,,Philadelphia 76ers,MISS Turner 14' Jump Shot,11:27
http://stats.nba.com/cvp.html?GameID=0021200826&GameEventID=306,4,,Philadelphia 76ers,Allen REBOUND (Off:1 Def:5),11:23
http://stats.nba.com/cvp.html?GameID=0021200826&GameEventID=307,4,,Philadelphia 76ers,MISS Turner 3' Layup,11:14
http://stats.nba.com/cvp.html?GameID=0021200826&GameEventID=307,4,,Miami Heat,Andersen BLOCK (1 BLK),11:14
http://stats.nba.com/cvp.html?GameID=0021200826&GameEventID=308,4,,Miami Heat,James REBOUND (Off:1 Def:9),11:11
http://stats.nba.com/cvp.html?GameID=0021200826&GameEventID=309,4,[ 89 - 71 ],Miami Heat,James 7' Running Bank Shot (16 PTS),10:58
http://stats.nba.com/cvp.html?GameID=0021200826&GameEventID=310,4,[ 89 - 74 ],Philadelphia 76ers,Holiday 27' 3PT Jump Shot (19 PTS) (Pargo 4 AST),10:33
http://stats.nba.com/cvp.html?GameID=0021200826&GameEventID=311,4,,Philadelphia 76ers,Holiday P.FOUL (P2.T1),10:15
http://stats.nba.com/cvp.html?GameID=0021200826&GameEventID=312,4,,Philadelphia 76ers,SUB: Young FOR Turner,10:15
http://stats.nba.com/cvp.html?GameID=0021200826&GameEventID=313,4,,Miami Heat,SUB: Wade FOR James,10:15
http://stats.nba.com/cvp.html?GameID=0021200826&GameEventID=314,4,[ 91 - 74 ],Miami Heat,Wade 1' Driving Layup (25 PTS),10:10
http://stats.nba.com/cvp.html?GameID=0021200826&GameEventID=315,4,,Philadelphia 76ers,MISS Wright 25' 3PT Jump Shot,9:51
http://stats.nba.com/cvp.html?GameID=0021200826&GameEventID=316,4,,Miami Heat,Cole REBOUND (Off:0 Def:1),9:49
http://stats.nba.com/cvp.html?GameID=0021200826&GameEventID=317,4,,Philadelphia 76ers,Holiday S.FOUL (P3.T2),9:43
http://stats.nba.com/cvp.html?GameID=0021200826&GameEventID=318,4,[ 92 - 74 ],Miami Heat,Wade Free Throw 1 of 2 (26 PTS),9:43
http://stats.nba.com/cvp.html?GameID=0021200826&GameEventID=320,4,[ 93 - 74 ],Miami Heat,Wade Free Throw 2 of 2 (27 PTS),9:43
http://stats.nba.com/cvp.html?GameID=0021200826&GameEventID=322,4,,Philadelphia 76ers,MISS Young  3PT Jump Shot,9:28
http://stats.nba.com/cvp.html?GameID=0021200826&GameEventID=323,4,,Miami Heat,Andersen REBOUND (Off:0 Def:4),9:26
http://stats.nba.com/cvp.html?GameID=0021200826&GameEventID=324,4,[ 95 - 74 ],Miami Heat,Wade 20' Pullup Jump Shot (29 PTS),9:18
http://stats.nba.com/cvp.html?GameID=0021200826&GameEventID=325,4,,Miami Heat,Cole S.FOUL (P1.T1),9:07
http://stats.nba.com/cvp.html?GameID=0021200826&GameEventID=326,4,[ 95 - 75 ],Philadelphia 76ers,Holiday Free Throw 1 of 2 (20 PTS),9:07
http://stats.nba.com/cvp.html?GameID=0021200826&GameEventID=328,4,[ 95 - 76 ],Philadelphia 76ers,Holiday Free Throw 2 of 2 (21 PTS),9:07
http://stats.nba.com/cvp.html?GameID=0021200826&GameEventID=330,4,,Miami Heat,MISS Wade 25' 3PT Jump Shot,8:44
http://stats.nba.com/cvp.html?GameID=0021200826&GameEventID=331,4,,Philadelphia 76ers,Wright REBOUND (Off:0 Def:4),8:42
http://stats.nba.com/cvp.html?GameID=0021200826&GameEventID=332,4,[ 95 - 78 ],Philadelphia 76ers,Young 17' Step Back Jump Shot (19 PTS),8:28
http://stats.nba.com/cvp.html?GameID=0021200826&GameEventID=333,4,,Philadelphia 76ers,Wright S.FOUL (P2.T3),8:07
http://stats.nba.com/cvp.html?GameID=0021200826&GameEventID=336,4,[ 96 - 78 ],Miami Heat,Andersen Free Throw 1 of 2 (1 PTS),8:07
http://stats.nba.com/cvp.html?GameID=0021200826&GameEventID=338,4,[ 97 - 78 ],Miami Heat,Andersen Free Throw 2 of 2 (2 PTS),8:07
http://stats.nba.com/cvp.html?GameID=0021200826&GameEventID=340,4,,Philadelphia 76ers,MISS Pargo 25' 3PT Jump Shot,7:53
http://stats.nba.com/cvp.html?GameID=0021200826&GameEventID=341,4,,Miami Heat,Wade REBOUND (Off:0 Def:5),7:51
http://stats.nba.com/cvp.html?GameID=0021200826&GameEventID=342,4,,Miami Heat,MISS Cole 18' Jump Shot,7:41
http://stats.nba.com/cvp.html?GameID=0021200826&GameEventID=343,4,,Philadelphia 76ers,Holiday REBOUND (Off:1 Def:5),7:39
http://stats.nba.com/cvp.html?GameID=0021200826&GameEventID=344,4,,Philadelphia 76ers,Holiday Bad Pass Turnover (P2.T10),7:34
http://stats.nba.com/cvp.html?GameID=0021200826&GameEventID=344,4,,Miami Heat,Cole STEAL (1 STL),7:34
http://stats.nba.com/cvp.html?GameID=0021200826&GameEventID=345,4,,Miami Heat,MISS Allen 2' Layup,7:28
http://stats.nba.com/cvp.html?GameID=0021200826&GameEventID=347,4,,Miami Heat,Wade REBOUND (Off:1 Def:5),7:26
http://stats.nba.com/cvp.html?GameID=0021200826&GameEventID=346,4,[ 99 - 78 ],Miami Heat,Wade 2' Putback Layup (31 PTS),7:26
http://stats.nba.com/cvp.html?GameID=0021200826&GameEventID=348,4,,Philadelphia 76ers,MISS Young 25' 3PT Jump Shot,7:09
http://stats.nba.com/cvp.html?GameID=0021200826&GameEventID=349,4,,Miami Heat,Andersen REBOUND (Off:0 Def:5),7:07
http://stats.nba.com/cvp.html?GameID=0021200826&GameEventID=350,4,,Philadelphia 76ers,Allen BLOCK (1 BLK),6:50
http://stats.nba.com/cvp.html?GameID=0021200826&GameEventID=350,4,,Miami Heat,MISS Andersen 3' Layup,6:50
http://stats.nba.com/cvp.html?GameID=0021200826&GameEventID=351,4,,Miami Heat,Heat Rebound,6:50
http://stats.nba.com/cvp.html?GameID=0021200826&GameEventID=352,4,,Philadelphia 76ers,SUB: Moultrie FOR Allen,6:50
http://stats.nba.com/cvp.html?GameID=0021200826&GameEventID=353,4,,Philadelphia 76ers,SUB: Wilkins FOR Young,6:50
http://stats.nba.com/cvp.html?GameID=0021200826&GameEventID=354,4,,Philadelphia 76ers,SUB: Turner FOR Holiday,6:50
http://stats.nba.com/cvp.html?GameID=0021200826&GameEventID=355,4,,Miami Heat,SUB: Anthony FOR Andersen,6:50
http://stats.nba.com/cvp.html?GameID=0021200826&GameEventID=356,4,,Miami Heat,MISS Cole 16' Jump Shot,6:45
http://stats.nba.com/cvp.html?GameID=0021200826&GameEventID=357,4,,Philadelphia 76ers,Turner REBOUND (Off:2 Def:5),6:43
http://stats.nba.com/cvp.html?GameID=0021200826&GameEventID=358,4,,Philadelphia 76ers,MISS Wright 5' Jump Shot,6:34
http://stats.nba.com/cvp.html?GameID=0021200826&GameEventID=358,4,,Miami Heat,Anthony BLOCK (1 BLK),6:34
http://stats.nba.com/cvp.html?GameID=0021200826&GameEventID=359,4,,Miami Heat,Battier REBOUND (Off:1 Def:1),6:32
http://stats.nba.com/cvp.html?GameID=0021200826&GameEventID=360,4,[ 101 - 78 ],Miami Heat,Wade 10' Driving Bank Shot (33 PTS),6:16
http://stats.nba.com/cvp.html?GameID=0021200826&GameEventID=361,4,[ 101 - 80 ],Philadelphia 76ers,Wright 17' Pullup Jump Shot (14 PTS) (Turner 5 AST),5:55
http://stats.nba.com/cvp.html?GameID=0021200826&GameEventID=362,4,,Miami Heat,MISS Wade 17' Jump Shot,5:35
http://stats.nba.com/cvp.html?GameID=0021200826&GameEventID=363,4,,Philadelphia 76ers,Wilkins REBOUND (Off:0 Def:1),5:33
http://stats.nba.com/cvp.html?GameID=0021200826&GameEventID=364,4,,Philadelphia 76ers,MISS Turner 5' Jump Shot,5:26
http://stats.nba.com/cvp.html?GameID=0021200826&GameEventID=365,4,,Philadelphia 76ers,Moultrie REBOUND (Off:1 Def:0),5:26
http://stats.nba.com/cvp.html?GameID=0021200826&GameEventID=366,4,,Miami Heat,Battier L.B.FOUL (P2.T2),5:26
http://stats.nba.com/cvp.html?GameID=0021200826&GameEventID=367,4,,Philadelphia 76ers,76ERS Timeout: Regular (Full 4 Short 2),5:26
http://stats.nba.com/cvp.html?GameID=0021200826&GameEventID=370,4,,Philadelphia 76ers,SUB: Ivey FOR Turner,5:26
http://stats.nba.com/cvp.html?GameID=0021200826&GameEventID=371,4,,Miami Heat,SUB: Lewis FOR Battier,5:26
http://stats.nba.com/cvp.html?GameID=0021200826&GameEventID=372,4,,Philadelphia 76ers,MISS Ivey 25' 3PT Jump Shot,5:20
http://stats.nba.com/cvp.html?GameID=0021200826&GameEventID=373,4,,Miami Heat,Anthony REBOUND (Off:0 Def:1),5:17
http://stats.nba.com/cvp.html?GameID=0021200826&GameEventID=374,4,[ 104 - 80 ],Miami Heat,Allen  3PT Jump Shot (12 PTS) (Lewis 1 AST),4:58
http://stats.nba.com/cvp.html?GameID=0021200826&GameEventID=375,4,,Philadelphia 76ers,MISS Wright 29' 3PT Jump Shot,4:35
http://stats.nba.com/cvp.html?GameID=0021200826&GameEventID=376,4,,Philadelphia 76ers,Ivey REBOUND (Off:1 Def:0),4:34
http://stats.nba.com/cvp.html?GameID=0021200826&GameEventID=377,4,,Philadelphia 76ers,Pargo Bad Pass Turnover (P1.T11),4:31
http://stats.nba.com/cvp.html?GameID=0021200826&GameEventID=377,4,,Miami Heat,Wade STEAL (2 STL),4:31
http://stats.nba.com/cvp.html?GameID=0021200826&GameEventID=378,4,[ 106 - 80 ],Miami Heat,Cole  Layup (6 PTS) (Wade 2 AST),4:27
http://stats.nba.com/cvp.html?GameID=0021200826&GameEventID=379,4,,Miami Heat,Wade S.FOUL (P3.T3),4:05
http://stats.nba.com/cvp.html?GameID=0021200826&GameEventID=380,4,[ 106 - 81 ],Philadelphia 76ers,Wilkins Free Throw 1 of 2 (1 PTS),4:05
http://stats.nba.com/cvp.html?GameID=0021200826&GameEventID=382,4,,Miami Heat,SUB: Jones FOR Wade,4:05
http://stats.nba.com/cvp.html?GameID=0021200826&GameEventID=383,4,[ 106 - 82 ],Philadelphia 76ers,Wilkins Free Throw 2 of 2 (2 PTS),4:05
http://stats.nba.com/cvp.html?GameID=0021200826&GameEventID=385,4,[ 108 - 82 ],Miami Heat,Cole 1' Driving Layup (8 PTS),3:46
http://stats.nba.com/cvp.html?GameID=0021200826&GameEventID=386,4,[ 108 - 85 ],Philadelphia 76ers,Pargo 29' 3PT Jump Shot (5 PTS) (Wright 1 AST),3:25
http://stats.nba.com/cvp.html?GameID=0021200826&GameEventID=387,4,,Miami Heat,MISS Cole 16' Jump Shot,3:04
http://stats.nba.com/cvp.html?GameID=0021200826&GameEventID=388,4,,Philadelphia 76ers,Pargo REBOUND (Off:0 Def:1),3:02
http://stats.nba.com/cvp.html?GameID=0021200826&GameEventID=389,4,,Miami Heat,Cole P.FOUL (P2.T4),2:57
http://stats.nba.com/cvp.html?GameID=0021200826&GameEventID=390,4,,Miami Heat,Heat Timeout: Regular (Reg.4 Short 0),2:57
http://stats.nba.com/cvp.html?GameID=0021200826&GameEventID=392,4,,Miami Heat,SUB: Varnado FOR Allen,2:57
http://stats.nba.com/cvp.html?GameID=0021200826&GameEventID=393,4,,Philadelphia 76ers,MISS Ivey 12' Jump Shot,2:40
http://stats.nba.com/cvp.html?GameID=0021200826&GameEventID=394,4,,Miami Heat,Cole REBOUND (Off:0 Def:2),2:39
http://stats.nba.com/cvp.html?GameID=0021200826&GameEventID=395,4,,Philadelphia 76ers,Wright S.FOUL (P3.T4),2:30
http://stats.nba.com/cvp.html?GameID=0021200826&GameEventID=396,4,[ 109 - 85 ],Miami Heat,Anthony Free Throw 1 of 2 (1 PTS),2:30
http://stats.nba.com/cvp.html?GameID=0021200826&GameEventID=398,4,[ 110 - 85 ],Miami Heat,Anthony Free Throw 2 of 2 (2 PTS),2:30
http://stats.nba.com/cvp.html?GameID=0021200826&GameEventID=400,4,,Philadelphia 76ers,Ivey Bad Pass Turnover (P1.T12),2:15
http://stats.nba.com/cvp.html?GameID=0021200826&GameEventID=400,4,,Miami Heat,Cole STEAL (2 STL),2:15
http://stats.nba.com/cvp.html?GameID=0021200826&GameEventID=401,4,,Miami Heat,MISS Cole 2' Layup,1:56
http://stats.nba.com/cvp.html?GameID=0021200826&GameEventID=402,4,,Philadelphia 76ers,Pargo REBOUND (Off:0 Def:2),1:54
http://stats.nba.com/cvp.html?GameID=0021200826&GameEventID=403,4,[ 110 - 88 ],Philadelphia 76ers,Wright 25' 3PT Jump Shot (17 PTS) (Pargo 5 AST),1:40
http://stats.nba.com/cvp.html?GameID=0021200826&GameEventID=404,4,[ 112 - 88 ],Miami Heat,Cole 17' Pullup Jump Shot (10 PTS),1:18
http://stats.nba.com/cvp.html?GameID=0021200826&GameEventID=405,4,,Miami Heat,Anthony S.FOUL (P1.PN),1:11
http://stats.nba.com/cvp.html?GameID=0021200826&GameEventID=406,4,[ 112 - 89 ],Philadelphia 76ers,Pargo Free Throw 1 of 2 (6 PTS),1:11
http://stats.nba.com/cvp.html?GameID=0021200826&GameEventID=408,4,[ 112 - 90 ],Philadelphia 76ers,Pargo Free Throw 2 of 2 (7 PTS),1:11
http://stats.nba.com/cvp.html?GameID=0021200826&GameEventID=410,4,[ 114 - 90 ],Miami Heat,Cole 1' Driving Dunk (12 PTS),0:47
http://stats.nba.com/cvp.html?GameID=0021200826&GameEventID=411,4,,Philadelphia 76ers,MISS Wright 26' 3PT Jump Shot,0:37
http://stats.nba.com/cvp.html?GameID=0021200826&GameEventID=412,4,,Miami Heat,Anthony REBOUND (Off:0 Def:2),0:35
http://stats.nba.com/cvp.html?GameID=0021200826&GameEventID=413,4,,Miami Heat,MISS Jones 26' 3PT Jump Shot,0:18
http://stats.nba.com/cvp.html?GameID=0021200826&GameEventID=414,4,,Philadelphia 76ers,Moultrie REBOUND (Off:1 Def:1),0:16
http://stats.nba.com/cvp.html?GameID=0021200826&GameEventID=415,4,,Philadelphia 76ers,MISS Ivey 24' 3PT Jump Shot,0:08
http://stats.nba.com/cvp.html?GameID=0021200826&GameEventID=416,4,,Philadelphia 76ers,Moultrie REBOUND (Off:2 Def:1),0:06
http://stats.nba.com/cvp.html?GameID=0021200826&GameEventID=417,4,,Philadelphia 76ers,MISS Moultrie 9' Jump Shot,0:04
http://stats.nba.com/cvp.html?GameID=0021200826&GameEventID=418,4,,Miami Heat,Cole REBOUND (Off:0 Def:3),0:02
