http://stats.nba.com/cvp.html?GameID=0021200315&GameEventID=1,1,,Boston Celtics,Jump Ball Garnett vs. Kaman: Tip to Bass,12:00
http://stats.nba.com/cvp.html?GameID=0021200315&GameEventID=3,1,[ 0 - 2 ],Boston Celtics,Garnett 12' Turnaround Fadeaway (2 PTS) (Pierce 1 AST),11:33
http://stats.nba.com/cvp.html?GameID=0021200315&GameEventID=4,1,,Dallas Mavericks,Mayo Out of Bounds Lost Ball Turnover (P1.T1),11:16
http://stats.nba.com/cvp.html?GameID=0021200315&GameEventID=5,1,[ 0 - 4 ],Boston Celtics,Garnett 16' Jump Shot (4 PTS) (Rondo 1 AST),11:03
http://stats.nba.com/cvp.html?GameID=0021200315&GameEventID=6,1,[ 2 - 4 ],Dallas Mavericks,Marion 7' Jump Shot (2 PTS) (Fisher 1 AST),10:53
http://stats.nba.com/cvp.html?GameID=0021200315&GameEventID=33,1,[ 2 - 6 ],Boston Celtics,Rondo 17' Jump Shot (2 PTS),10:28
http://stats.nba.com/cvp.html?GameID=0021200315&GameEventID=7,1,,Dallas Mavericks,MISS Kaman 11' Jump Shot,10:28
http://stats.nba.com/cvp.html?GameID=0021200315&GameEventID=17,1,,Boston Celtics,Pierce REBOUND (Off:0 Def:1),10:27
http://stats.nba.com/cvp.html?GameID=0021200315&GameEventID=24,1,,Boston Celtics,Rondo Out of Bounds Lost Ball Turnover (P1.T1),10:20
http://stats.nba.com/cvp.html?GameID=0021200315&GameEventID=9,1,[ 5 - 6 ],Dallas Mavericks,Fisher 26' 3PT Jump Shot (3 PTS) (Kaman 1 AST),10:02
http://stats.nba.com/cvp.html?GameID=0021200315&GameEventID=10,1,[ 5 - 9 ],Boston Celtics,Pierce 25' 3PT Jump Shot (3 PTS) (Garnett 1 AST),9:42
http://stats.nba.com/cvp.html?GameID=0021200315&GameEventID=11,1,,Dallas Mavericks,MISS Marion 4' Jump Shot,9:28
http://stats.nba.com/cvp.html?GameID=0021200315&GameEventID=12,1,,Dallas Mavericks,Marion REBOUND (Off:1 Def:0),9:27
http://stats.nba.com/cvp.html?GameID=0021200315&GameEventID=13,1,[ 7 - 9 ],Dallas Mavericks,Marion 1' Tip Shot (4 PTS),9:27
http://stats.nba.com/cvp.html?GameID=0021200315&GameEventID=14,1,,Boston Celtics,MISS Terry 20' Jump Shot,9:12
http://stats.nba.com/cvp.html?GameID=0021200315&GameEventID=15,1,,Dallas Mavericks,Fisher REBOUND (Off:0 Def:1),9:12
http://stats.nba.com/cvp.html?GameID=0021200315&GameEventID=16,1,[ 9 - 9 ],Dallas Mavericks,Kaman 1' Layup (2 PTS) (Fisher 2 AST),9:04
http://stats.nba.com/cvp.html?GameID=0021200315&GameEventID=18,1,,Boston Celtics,MISS Bass 10' Step Back Jump Shot,8:41
http://stats.nba.com/cvp.html?GameID=0021200315&GameEventID=19,1,,Dallas Mavericks,Fisher REBOUND (Off:0 Def:2),8:40
http://stats.nba.com/cvp.html?GameID=0021200315&GameEventID=20,1,,Dallas Mavericks,MISS Fisher 17' Jump Shot,8:21
http://stats.nba.com/cvp.html?GameID=0021200315&GameEventID=21,1,,Boston Celtics,Rondo REBOUND (Off:0 Def:1),8:20
http://stats.nba.com/cvp.html?GameID=0021200315&GameEventID=23,1,[ 9 - 11 ],Boston Celtics,Pierce 16' Jump Shot (5 PTS) (Rondo 2 AST),8:10
http://stats.nba.com/cvp.html?GameID=0021200315&GameEventID=25,1,[ 11 - 11 ],Dallas Mavericks,Kaman 12' Jump Shot (4 PTS) (Marion 1 AST),7:57
http://stats.nba.com/cvp.html?GameID=0021200315&GameEventID=27,1,[ 11 - 13 ],Boston Celtics,Garnett 18' Jump Shot (6 PTS) (Rondo 3 AST),7:44
http://stats.nba.com/cvp.html?GameID=0021200315&GameEventID=28,1,,Boston Celtics,Pierce STEAL (1 STL),7:27
http://stats.nba.com/cvp.html?GameID=0021200315&GameEventID=28,1,,Dallas Mavericks,Mayo Poss Lost Ball Turnover (P2.T2),7:27
http://stats.nba.com/cvp.html?GameID=0021200315&GameEventID=29,1,,Boston Celtics,MISS Rondo 3' Layup,7:22
http://stats.nba.com/cvp.html?GameID=0021200315&GameEventID=29,1,,Dallas Mavericks,Marion BLOCK (1 BLK),7:22
http://stats.nba.com/cvp.html?GameID=0021200315&GameEventID=30,1,,Boston Celtics,CELTICS Rebound,7:21
http://stats.nba.com/cvp.html?GameID=0021200315&GameEventID=48,1,,Boston Celtics,SUB: Wilcox FOR Garnett,7:21
http://stats.nba.com/cvp.html?GameID=0021200315&GameEventID=31,1,[ 11 - 15 ],Boston Celtics,Rondo 22' Jump Shot (4 PTS),7:03
http://stats.nba.com/cvp.html?GameID=0021200315&GameEventID=32,1,,Dallas Mavericks,Marion Bad Pass Turnover (P1.T3),6:54
http://stats.nba.com/cvp.html?GameID=0021200315&GameEventID=34,1,,Dallas Mavericks,Fisher P.FOUL (P1.T1),6:42
http://stats.nba.com/cvp.html?GameID=0021200315&GameEventID=35,1,,Boston Celtics,Pierce Poss Lost Ball Turnover (P1.T2),6:24
http://stats.nba.com/cvp.html?GameID=0021200315&GameEventID=36,1,[ 13 - 15 ],Dallas Mavericks,Jones 10' Jump Shot (2 PTS),6:18
http://stats.nba.com/cvp.html?GameID=0021200315&GameEventID=37,1,,Dallas Mavericks,Marion P.FOUL (P1.T2),6:04
http://stats.nba.com/cvp.html?GameID=0021200315&GameEventID=38,1,[ 13 - 16 ],Boston Celtics,Bass Free Throw 1 of 2 (1 PTS),6:04
http://stats.nba.com/cvp.html?GameID=0021200315&GameEventID=40,1,[ 13 - 17 ],Boston Celtics,Bass Free Throw 2 of 2 (2 PTS),6:04
http://stats.nba.com/cvp.html?GameID=0021200315&GameEventID=42,1,[ 15 - 17 ],Dallas Mavericks,Kaman 14' Jump Shot (6 PTS) (Fisher 3 AST),5:51
http://stats.nba.com/cvp.html?GameID=0021200315&GameEventID=43,1,,Boston Celtics,MISS Pierce 24' 3PT Jump Shot,5:37
http://stats.nba.com/cvp.html?GameID=0021200315&GameEventID=44,1,,Dallas Mavericks,Marion REBOUND (Off:1 Def:1),5:32
http://stats.nba.com/cvp.html?GameID=0021200315&GameEventID=45,1,,Boston Celtics,Pierce STEAL (2 STL),5:28
http://stats.nba.com/cvp.html?GameID=0021200315&GameEventID=45,1,,Dallas Mavericks,Mayo Bad Pass Turnover (P3.T4),5:28
http://stats.nba.com/cvp.html?GameID=0021200315&GameEventID=46,1,,Boston Celtics,CELTICS Timeout: Regular (Full 1 Short 0),5:28
http://stats.nba.com/cvp.html?GameID=0021200315&GameEventID=50,1,,Boston Celtics,MISS Wilcox 3' Layup,5:10
http://stats.nba.com/cvp.html?GameID=0021200315&GameEventID=51,1,,Boston Celtics,Wilcox REBOUND (Off:1 Def:0),5:09
http://stats.nba.com/cvp.html?GameID=0021200315&GameEventID=52,1,[ 15 - 19 ],Boston Celtics,Wilcox  Reverse Layup (2 PTS),5:06
http://stats.nba.com/cvp.html?GameID=0021200315&GameEventID=53,1,,Boston Celtics,Rondo STEAL (1 STL),4:52
http://stats.nba.com/cvp.html?GameID=0021200315&GameEventID=53,1,,Dallas Mavericks,Mayo Lost Ball Turnover (P4.T5),4:52
http://stats.nba.com/cvp.html?GameID=0021200315&GameEventID=56,1,,Dallas Mavericks,Mayo P.FOUL (P1.T3),4:46
http://stats.nba.com/cvp.html?GameID=0021200315&GameEventID=57,1,[ 15 - 20 ],Boston Celtics,Wilcox Free Throw 1 of 2 (3 PTS),4:46
http://stats.nba.com/cvp.html?GameID=0021200315&GameEventID=59,1,,Dallas Mavericks,SUB: Brand FOR Kaman,4:46
http://stats.nba.com/cvp.html?GameID=0021200315&GameEventID=60,1,[ 15 - 21 ],Boston Celtics,Wilcox Free Throw 2 of 2 (4 PTS),4:46
http://stats.nba.com/cvp.html?GameID=0021200315&GameEventID=63,1,,Dallas Mavericks,MISS Marion 4' Jump Shot,4:31
http://stats.nba.com/cvp.html?GameID=0021200315&GameEventID=64,1,,Boston Celtics,Rondo REBOUND (Off:0 Def:2),4:30
http://stats.nba.com/cvp.html?GameID=0021200315&GameEventID=65,1,,Boston Celtics,MISS Terry 25' 3PT Jump Shot,4:23
http://stats.nba.com/cvp.html?GameID=0021200315&GameEventID=66,1,,Boston Celtics,Wilcox REBOUND (Off:2 Def:0),4:21
http://stats.nba.com/cvp.html?GameID=0021200315&GameEventID=67,1,,Boston Celtics,MISS Pierce 25' 3PT Jump Shot,4:11
http://stats.nba.com/cvp.html?GameID=0021200315&GameEventID=68,1,,Dallas Mavericks,Brand REBOUND (Off:0 Def:1),4:10
http://stats.nba.com/cvp.html?GameID=0021200315&GameEventID=69,1,,Boston Celtics,Pierce S.FOUL (P1.T1),4:08
http://stats.nba.com/cvp.html?GameID=0021200315&GameEventID=70,1,[ 16 - 21 ],Dallas Mavericks,Jones Free Throw 1 of 2 (3 PTS),4:08
http://stats.nba.com/cvp.html?GameID=0021200315&GameEventID=72,1,,Boston Celtics,SUB: Green FOR Pierce,4:08
http://stats.nba.com/cvp.html?GameID=0021200315&GameEventID=73,1,,Boston Celtics,SUB: Lee FOR Terry,4:08
http://stats.nba.com/cvp.html?GameID=0021200315&GameEventID=74,1,,Dallas Mavericks,SUB: Collison FOR Fisher,4:08
http://stats.nba.com/cvp.html?GameID=0021200315&GameEventID=75,1,[ 17 - 21 ],Dallas Mavericks,Jones Free Throw 2 of 2 (4 PTS),4:08
http://stats.nba.com/cvp.html?GameID=0021200315&GameEventID=77,1,,Boston Celtics,MISS Bass 18' Jump Shot,3:54
http://stats.nba.com/cvp.html?GameID=0021200315&GameEventID=78,1,,Dallas Mavericks,Marion REBOUND (Off:1 Def:2),3:54
http://stats.nba.com/cvp.html?GameID=0021200315&GameEventID=79,1,,Dallas Mavericks,MISS Jones  3PT Jump Shot,3:39
http://stats.nba.com/cvp.html?GameID=0021200315&GameEventID=80,1,,Dallas Mavericks,Marion REBOUND (Off:2 Def:2),3:39
http://stats.nba.com/cvp.html?GameID=0021200315&GameEventID=81,1,,Dallas Mavericks,MISS Marion 1' Layup,3:37
http://stats.nba.com/cvp.html?GameID=0021200315&GameEventID=82,1,,Boston Celtics,Bass REBOUND (Off:0 Def:1),3:36
http://stats.nba.com/cvp.html?GameID=0021200315&GameEventID=83,1,,Boston Celtics,MISS Green 14' Jump Shot,3:21
http://stats.nba.com/cvp.html?GameID=0021200315&GameEventID=84,1,,Dallas Mavericks,Mayo REBOUND (Off:0 Def:1),3:21
http://stats.nba.com/cvp.html?GameID=0021200315&GameEventID=85,1,[ 19 - 21 ],Dallas Mavericks,Mayo 16' Jump Shot (2 PTS),3:12
http://stats.nba.com/cvp.html?GameID=0021200315&GameEventID=86,1,,Boston Celtics,Wilcox Lost Ball Turnover (P1.T3),2:59
http://stats.nba.com/cvp.html?GameID=0021200315&GameEventID=86,1,,Dallas Mavericks,Collison STEAL (1 STL),2:59
http://stats.nba.com/cvp.html?GameID=0021200315&GameEventID=87,1,[ 21 - 21 ],Dallas Mavericks,Brand 17' Jump Shot (2 PTS) (Collison 1 AST),2:41
http://stats.nba.com/cvp.html?GameID=0021200315&GameEventID=88,1,,Boston Celtics,MISS Green 21' Jump Shot,2:23
http://stats.nba.com/cvp.html?GameID=0021200315&GameEventID=89,1,,Boston Celtics,Wilcox REBOUND (Off:3 Def:0),2:23
http://stats.nba.com/cvp.html?GameID=0021200315&GameEventID=90,1,[ 21 - 23 ],Boston Celtics,Bass 17' Jump Shot (4 PTS) (Rondo 4 AST),2:11
http://stats.nba.com/cvp.html?GameID=0021200315&GameEventID=91,1,,Dallas Mavericks,Brand Out of Bounds Lost Ball Turnover (P1.T6),2:05
http://stats.nba.com/cvp.html?GameID=0021200315&GameEventID=92,1,,Dallas Mavericks,Mavericks Timeout: Regular (Reg.1 Short 0),2:05
http://stats.nba.com/cvp.html?GameID=0021200315&GameEventID=94,1,,Dallas Mavericks,SUB: Carter FOR Jones,2:05
http://stats.nba.com/cvp.html?GameID=0021200315&GameEventID=95,1,,Dallas Mavericks,SUB: Wright FOR Marion,2:05
http://stats.nba.com/cvp.html?GameID=0021200315&GameEventID=96,1,,Boston Celtics,SUB: Sullinger FOR Bass,2:05
http://stats.nba.com/cvp.html?GameID=0021200315&GameEventID=97,1,,Boston Celtics,MISS Green 5' Jump Shot,1:51
http://stats.nba.com/cvp.html?GameID=0021200315&GameEventID=97,1,,Dallas Mavericks,Wright BLOCK (1 BLK),1:51
http://stats.nba.com/cvp.html?GameID=0021200315&GameEventID=98,1,,Dallas Mavericks,Brand REBOUND (Off:0 Def:2),1:49
http://stats.nba.com/cvp.html?GameID=0021200315&GameEventID=99,1,,Dallas Mavericks,MISS Brand 7' Jump Shot,1:40
http://stats.nba.com/cvp.html?GameID=0021200315&GameEventID=100,1,,Boston Celtics,Green REBOUND (Off:0 Def:1),1:39
http://stats.nba.com/cvp.html?GameID=0021200315&GameEventID=101,1,[ 21 - 25 ],Boston Celtics,Green 2' Layup (2 PTS) (Rondo 5 AST),1:29
http://stats.nba.com/cvp.html?GameID=0021200315&GameEventID=104,1,,Boston Celtics,Sullinger P.FOUL (P1.T2),1:11
http://stats.nba.com/cvp.html?GameID=0021200315&GameEventID=105,1,,Boston Celtics,SUB: Terry FOR Rondo,1:11
http://stats.nba.com/cvp.html?GameID=0021200315&GameEventID=106,1,[ 23 - 25 ],Dallas Mavericks,Wright 7' Jump Shot (2 PTS) (Carter 1 AST),1:00
http://stats.nba.com/cvp.html?GameID=0021200315&GameEventID=107,1,,Dallas Mavericks,Collison S.FOUL (P1.T4),0:46
http://stats.nba.com/cvp.html?GameID=0021200315&GameEventID=108,1,[ 23 - 26 ],Boston Celtics,Terry Free Throw 1 of 2 (1 PTS),0:46
http://stats.nba.com/cvp.html?GameID=0021200315&GameEventID=112,1,[ 23 - 27 ],Boston Celtics,Terry Free Throw 2 of 2 (2 PTS),0:46
http://stats.nba.com/cvp.html?GameID=0021200315&GameEventID=115,1,[ 25 - 27 ],Dallas Mavericks,Mayo 1' Driving Dunk (4 PTS),0:39
http://stats.nba.com/cvp.html?GameID=0021200315&GameEventID=116,1,,Boston Celtics,MISS Sullinger 16' Jump Shot,0:26
http://stats.nba.com/cvp.html?GameID=0021200315&GameEventID=117,1,,Dallas Mavericks,Carter REBOUND (Off:0 Def:1),0:25
http://stats.nba.com/cvp.html?GameID=0021200315&GameEventID=118,1,,Boston Celtics,Wilcox Violation:Kicked Ball,0:06
http://stats.nba.com/cvp.html?GameID=0021200315&GameEventID=119,1,,Dallas Mavericks,MISS Mayo 18' Jump Shot,0:01
http://stats.nba.com/cvp.html?GameID=0021200315&GameEventID=120,1,,Boston Celtics,Green REBOUND (Off:0 Def:2),0:00
http://stats.nba.com/cvp.html?GameID=0021200315&GameEventID=124,2,,Dallas Mavericks,MISS Beaubois 18' Jump Shot,11:44
http://stats.nba.com/cvp.html?GameID=0021200315&GameEventID=125,2,,Boston Celtics,Sullinger REBOUND (Off:0 Def:1),11:43
http://stats.nba.com/cvp.html?GameID=0021200315&GameEventID=126,2,,Boston Celtics,MISS Green 13' Jump Shot,11:24
http://stats.nba.com/cvp.html?GameID=0021200315&GameEventID=127,2,,Boston Celtics,Sullinger REBOUND (Off:1 Def:1),11:24
http://stats.nba.com/cvp.html?GameID=0021200315&GameEventID=128,2,,Dallas Mavericks,Wright P.FOUL (P1.T1),11:24
http://stats.nba.com/cvp.html?GameID=0021200315&GameEventID=129,2,,Boston Celtics,Garnett Out of Bounds Lost Ball Turnover (P1.T4),11:16
http://stats.nba.com/cvp.html?GameID=0021200315&GameEventID=130,2,,Boston Celtics,Lee P.FOUL (P1.T1),10:55
http://stats.nba.com/cvp.html?GameID=0021200315&GameEventID=131,2,,Dallas Mavericks,MISS Carter 26' 3PT Jump Shot,10:45
http://stats.nba.com/cvp.html?GameID=0021200315&GameEventID=132,2,,Boston Celtics,CELTICS Rebound,10:44
http://stats.nba.com/cvp.html?GameID=0021200315&GameEventID=134,2,[ 25 - 30 ],Boston Celtics,Green  3PT Jump Shot (5 PTS) (Terry 1 AST),10:27
http://stats.nba.com/cvp.html?GameID=0021200315&GameEventID=135,2,,Dallas Mavericks,MISS Beaubois 25' 3PT Jump Shot,10:04
http://stats.nba.com/cvp.html?GameID=0021200315&GameEventID=136,2,,Boston Celtics,Garnett REBOUND (Off:0 Def:1),10:02
http://stats.nba.com/cvp.html?GameID=0021200315&GameEventID=137,2,[ 25 - 33 ],Boston Celtics,Lee 26' 3PT Jump Shot (3 PTS) (Sullinger 1 AST),9:44
http://stats.nba.com/cvp.html?GameID=0021200315&GameEventID=138,2,,Dallas Mavericks,Mavericks Timeout: Regular (Reg.2 Short 0),9:38
http://stats.nba.com/cvp.html?GameID=0021200315&GameEventID=140,2,,Dallas Mavericks,SUB: Jones FOR Beaubois,9:38
http://stats.nba.com/cvp.html?GameID=0021200315&GameEventID=141,2,,Dallas Mavericks,MISS Carter 17' Fadeaway Jumper,9:24
http://stats.nba.com/cvp.html?GameID=0021200315&GameEventID=142,2,,Dallas Mavericks,Brand REBOUND (Off:1 Def:2),9:22
http://stats.nba.com/cvp.html?GameID=0021200315&GameEventID=143,2,,Dallas Mavericks,Brand Bad Pass Turnover (P2.T7),9:08
http://stats.nba.com/cvp.html?GameID=0021200315&GameEventID=144,2,,Dallas Mavericks,Wright S.FOUL (P2.T2),8:59
http://stats.nba.com/cvp.html?GameID=0021200315&GameEventID=145,2,[ 25 - 34 ],Boston Celtics,Green Free Throw 1 of 2 (6 PTS),8:59
http://stats.nba.com/cvp.html?GameID=0021200315&GameEventID=147,2,,Dallas Mavericks,SUB: Kaman FOR Wright,8:59
http://stats.nba.com/cvp.html?GameID=0021200315&GameEventID=148,2,[ 25 - 35 ],Boston Celtics,Green Free Throw 2 of 2 (7 PTS),8:59
http://stats.nba.com/cvp.html?GameID=0021200315&GameEventID=150,2,,Boston Celtics,Green P.FOUL (P1.T2),8:53
http://stats.nba.com/cvp.html?GameID=0021200315&GameEventID=151,2,,Boston Celtics,Terry P.FOUL (P1.T3),8:41
http://stats.nba.com/cvp.html?GameID=0021200315&GameEventID=152,2,,Boston Celtics,Sullinger STEAL (1 STL),8:33
http://stats.nba.com/cvp.html?GameID=0021200315&GameEventID=152,2,,Dallas Mavericks,Brand Bad Pass Turnover (P3.T8),8:33
http://stats.nba.com/cvp.html?GameID=0021200315&GameEventID=153,2,,Boston Celtics,MISS Garnett 19' Jump Shot,8:21
http://stats.nba.com/cvp.html?GameID=0021200315&GameEventID=154,2,,Dallas Mavericks,Jones REBOUND (Off:0 Def:1),8:20
http://stats.nba.com/cvp.html?GameID=0021200315&GameEventID=155,2,,Dallas Mavericks,MISS Brand 12' Jump Shot,8:07
http://stats.nba.com/cvp.html?GameID=0021200315&GameEventID=156,2,,Boston Celtics,Green REBOUND (Off:0 Def:3),8:06
http://stats.nba.com/cvp.html?GameID=0021200315&GameEventID=157,2,,Boston Celtics,MISS Green 5' Running Jump Shot,7:59
http://stats.nba.com/cvp.html?GameID=0021200315&GameEventID=158,2,,Dallas Mavericks,Kaman REBOUND (Off:0 Def:1),7:58
http://stats.nba.com/cvp.html?GameID=0021200315&GameEventID=159,2,,Dallas Mavericks,MISS Carter 21' Jump Shot,7:49
http://stats.nba.com/cvp.html?GameID=0021200315&GameEventID=160,2,,Boston Celtics,Green REBOUND (Off:0 Def:4),7:48
http://stats.nba.com/cvp.html?GameID=0021200315&GameEventID=161,2,,Dallas Mavericks,Carter P.FOUL (P1.T3),7:43
http://stats.nba.com/cvp.html?GameID=0021200315&GameEventID=162,2,,Dallas Mavericks,SUB: Mayo FOR Jones,7:43
http://stats.nba.com/cvp.html?GameID=0021200315&GameEventID=163,2,,Boston Celtics,SUB: Rondo FOR Lee,7:43
http://stats.nba.com/cvp.html?GameID=0021200315&GameEventID=164,2,,Dallas Mavericks,SUB: Fisher FOR Collison,7:43
http://stats.nba.com/cvp.html?GameID=0021200315&GameEventID=165,2,,Boston Celtics,MISS Green 21' Jump Shot,7:28
http://stats.nba.com/cvp.html?GameID=0021200315&GameEventID=166,2,,Dallas Mavericks,Brand REBOUND (Off:1 Def:3),7:27
http://stats.nba.com/cvp.html?GameID=0021200315&GameEventID=168,2,,Boston Celtics,Sullinger Violation:Kicked Ball,7:18
http://stats.nba.com/cvp.html?GameID=0021200315&GameEventID=169,2,,Dallas Mavericks,SUB: Marion FOR Brand,7:18
http://stats.nba.com/cvp.html?GameID=0021200315&GameEventID=171,2,,Boston Celtics,SUB: Bass FOR Sullinger,7:18
http://stats.nba.com/cvp.html?GameID=0021200315&GameEventID=172,2,[ 28 - 35 ],Dallas Mavericks,Carter 26' 3PT Jump Bank Shot (3 PTS) (Marion 2 AST),7:11
http://stats.nba.com/cvp.html?GameID=0021200315&GameEventID=173,2,,Boston Celtics,MISS Garnett 3' Jump Shot,6:57
http://stats.nba.com/cvp.html?GameID=0021200315&GameEventID=174,2,,Dallas Mavericks,Kaman REBOUND (Off:0 Def:2),6:56
http://stats.nba.com/cvp.html?GameID=0021200315&GameEventID=175,2,[ 30 - 35 ],Dallas Mavericks,Fisher 1' Driving Finger Roll Layup (5 PTS),6:46
http://stats.nba.com/cvp.html?GameID=0021200315&GameEventID=176,2,,Boston Celtics,CELTICS Timeout: Regular (Full 2 Short 0),6:43
http://stats.nba.com/cvp.html?GameID=0021200315&GameEventID=178,2,,Dallas Mavericks,SUB: Jones FOR Carter,6:43
http://stats.nba.com/cvp.html?GameID=0021200315&GameEventID=179,2,,Boston Celtics,SUB: Pierce FOR Green,6:43
http://stats.nba.com/cvp.html?GameID=0021200315&GameEventID=180,2,[ 30 - 38 ],Boston Celtics,Pierce  3PT Jump Shot (8 PTS) (Terry 2 AST),6:26
http://stats.nba.com/cvp.html?GameID=0021200315&GameEventID=181,2,,Dallas Mavericks,MISS Marion 7' Jump Shot,6:10
http://stats.nba.com/cvp.html?GameID=0021200315&GameEventID=182,2,,Dallas Mavericks,Marion REBOUND (Off:3 Def:2),6:09
http://stats.nba.com/cvp.html?GameID=0021200315&GameEventID=183,2,[ 32 - 38 ],Dallas Mavericks,Marion 2' Floating Jump Shot (6 PTS),6:08
http://stats.nba.com/cvp.html?GameID=0021200315&GameEventID=184,2,,Boston Celtics,Pierce S.FOUL (P2.T4),6:08
http://stats.nba.com/cvp.html?GameID=0021200315&GameEventID=185,2,,Boston Celtics,SUB: Wilcox FOR Garnett,6:08
http://stats.nba.com/cvp.html?GameID=0021200315&GameEventID=186,2,[ 33 - 38 ],Dallas Mavericks,Marion Free Throw 1 of 1 (7 PTS),6:08
http://stats.nba.com/cvp.html?GameID=0021200315&GameEventID=188,2,[ 33 - 40 ],Boston Celtics,Pierce 12' Pullup Jump Shot (10 PTS),5:53
http://stats.nba.com/cvp.html?GameID=0021200315&GameEventID=189,2,,Dallas Mavericks,MISS Jones 14' Jump Shot,5:41
http://stats.nba.com/cvp.html?GameID=0021200315&GameEventID=190,2,,Boston Celtics,Terry REBOUND (Off:0 Def:1),5:40
http://stats.nba.com/cvp.html?GameID=0021200315&GameEventID=191,2,,Boston Celtics,MISS Terry 26' 3PT Jump Shot,5:19
http://stats.nba.com/cvp.html?GameID=0021200315&GameEventID=192,2,,Dallas Mavericks,Mavericks Rebound,5:18
http://stats.nba.com/cvp.html?GameID=0021200315&GameEventID=193,2,,Boston Celtics,SUB: Lee FOR Terry,5:18
http://stats.nba.com/cvp.html?GameID=0021200315&GameEventID=194,2,[ 35 - 40 ],Dallas Mavericks,Kaman 16' Jump Shot (8 PTS) (Marion 3 AST),5:03
http://stats.nba.com/cvp.html?GameID=0021200315&GameEventID=195,2,,Dallas Mavericks,Jones P.FOUL (P1.T4),4:50
http://stats.nba.com/cvp.html?GameID=0021200315&GameEventID=197,2,,Dallas Mavericks,Jones P.FOUL (P2.PN),4:41
http://stats.nba.com/cvp.html?GameID=0021200315&GameEventID=198,2,,Boston Celtics,MISS Pierce Free Throw 1 of 2,4:41
http://stats.nba.com/cvp.html?GameID=0021200315&GameEventID=199,2,,Boston Celtics,CELTICS Rebound,4:41
http://stats.nba.com/cvp.html?GameID=0021200315&GameEventID=200,2,[ 35 - 41 ],Boston Celtics,Pierce Free Throw 2 of 2 (11 PTS),4:41
http://stats.nba.com/cvp.html?GameID=0021200315&GameEventID=202,2,,Dallas Mavericks,Marion OFF.Foul (P2),4:31
http://stats.nba.com/cvp.html?GameID=0021200315&GameEventID=203,2,,Dallas Mavericks,Marion Foul Turnover (P2.T9),4:31
http://stats.nba.com/cvp.html?GameID=0021200315&GameEventID=204,2,,Boston Celtics,MISS Lee 25' 3PT Jump Shot,4:13
http://stats.nba.com/cvp.html?GameID=0021200315&GameEventID=205,2,,Dallas Mavericks,Marion REBOUND (Off:3 Def:3),4:12
http://stats.nba.com/cvp.html?GameID=0021200315&GameEventID=206,2,,Boston Celtics,Lee STEAL (1 STL),4:02
http://stats.nba.com/cvp.html?GameID=0021200315&GameEventID=206,2,,Dallas Mavericks,Fisher Bad Pass Turnover (P1.T10),4:02
http://stats.nba.com/cvp.html?GameID=0021200315&GameEventID=207,2,[ 35 - 43 ],Boston Celtics,Wilcox 2' Layup (6 PTS) (Rondo 6 AST),3:53
http://stats.nba.com/cvp.html?GameID=0021200315&GameEventID=208,2,,Boston Celtics,Wilcox BLOCK (1 BLK),3:30
http://stats.nba.com/cvp.html?GameID=0021200315&GameEventID=208,2,,Dallas Mavericks,MISS Jones 3' Layup,3:30
http://stats.nba.com/cvp.html?GameID=0021200315&GameEventID=209,2,,Boston Celtics,CELTICS Rebound,3:29
http://stats.nba.com/cvp.html?GameID=0021200315&GameEventID=210,2,[ 35 - 45 ],Boston Celtics,Pierce 12' Jump Shot (13 PTS),3:12
http://stats.nba.com/cvp.html?GameID=0021200315&GameEventID=211,2,,Dallas Mavericks,Mavericks Timeout: Short (Reg.2 Short 1),3:08
http://stats.nba.com/cvp.html?GameID=0021200315&GameEventID=213,2,[ 37 - 45 ],Dallas Mavericks,Kaman 6' Turnaround Bank Hook Shot (10 PTS),2:58
http://stats.nba.com/cvp.html?GameID=0021200315&GameEventID=214,2,,Boston Celtics,MISS Bass 17' Jump Shot,2:36
http://stats.nba.com/cvp.html?GameID=0021200315&GameEventID=215,2,,Dallas Mavericks,Mavericks Rebound,2:35
http://stats.nba.com/cvp.html?GameID=0021200315&GameEventID=218,2,,Dallas Mavericks,SUB: Carter FOR Jones,2:35
http://stats.nba.com/cvp.html?GameID=0021200315&GameEventID=219,2,,Boston Celtics,SUB: Garnett FOR Wilcox,2:35
http://stats.nba.com/cvp.html?GameID=0021200315&GameEventID=220,2,,Boston Celtics,Garnett BLOCK (1 BLK),2:16
http://stats.nba.com/cvp.html?GameID=0021200315&GameEventID=220,2,,Dallas Mavericks,MISS Fisher 7' Jump Shot,2:16
http://stats.nba.com/cvp.html?GameID=0021200315&GameEventID=221,2,,Boston Celtics,Rondo REBOUND (Off:0 Def:3),2:13
http://stats.nba.com/cvp.html?GameID=0021200315&GameEventID=222,2,,Boston Celtics,MISS Lee  3PT Jump Shot,2:06
http://stats.nba.com/cvp.html?GameID=0021200315&GameEventID=223,2,,Dallas Mavericks,Mayo REBOUND (Off:0 Def:2),2:06
http://stats.nba.com/cvp.html?GameID=0021200315&GameEventID=224,2,,Dallas Mavericks,MISS Fisher 24' 3PT Jump Shot,1:59
http://stats.nba.com/cvp.html?GameID=0021200315&GameEventID=225,2,,Boston Celtics,Garnett REBOUND (Off:0 Def:2),1:58
http://stats.nba.com/cvp.html?GameID=0021200315&GameEventID=226,2,,Dallas Mavericks,Mayo P.FOUL (P2.PN),1:54
http://stats.nba.com/cvp.html?GameID=0021200315&GameEventID=227,2,,Boston Celtics,MISS Bass Free Throw 1 of 2,1:54
http://stats.nba.com/cvp.html?GameID=0021200315&GameEventID=228,2,,Boston Celtics,CELTICS Rebound,1:54
http://stats.nba.com/cvp.html?GameID=0021200315&GameEventID=229,2,,Dallas Mavericks,SUB: Collison FOR Fisher,1:54
http://stats.nba.com/cvp.html?GameID=0021200315&GameEventID=230,2,,Boston Celtics,MISS Bass Free Throw 2 of 2,1:54
http://stats.nba.com/cvp.html?GameID=0021200315&GameEventID=232,2,,Dallas Mavericks,Kaman REBOUND (Off:0 Def:3),1:53
http://stats.nba.com/cvp.html?GameID=0021200315&GameEventID=233,2,,Dallas Mavericks,MISS Carter 10' Jump Shot,1:32
http://stats.nba.com/cvp.html?GameID=0021200315&GameEventID=234,2,,Dallas Mavericks,Carter REBOUND (Off:1 Def:1),1:31
http://stats.nba.com/cvp.html?GameID=0021200315&GameEventID=236,2,[ 39 - 45 ],Dallas Mavericks,Collison 2' Running Finger Roll Layup (2 PTS),1:24
http://stats.nba.com/cvp.html?GameID=0021200315&GameEventID=237,2,,Boston Celtics,MISS Bass 4' Floating Jump Shot,1:07
http://stats.nba.com/cvp.html?GameID=0021200315&GameEventID=238,2,,Dallas Mavericks,Marion REBOUND (Off:3 Def:4),1:06
http://stats.nba.com/cvp.html?GameID=0021200315&GameEventID=239,2,[ 41 - 45 ],Dallas Mavericks,Collison 2' Layup (4 PTS),1:00
http://stats.nba.com/cvp.html?GameID=0021200315&GameEventID=240,2,[ 41 - 47 ],Boston Celtics,Pierce 23' Jump Shot (15 PTS) (Rondo 7 AST),0:49
http://stats.nba.com/cvp.html?GameID=0021200315&GameEventID=241,2,,Dallas Mavericks,Collison S.FOUL (P2.PN),0:49
http://stats.nba.com/cvp.html?GameID=0021200315&GameEventID=245,2,,Boston Celtics,SUB: Terry FOR Lee,0:49
http://stats.nba.com/cvp.html?GameID=0021200315&GameEventID=246,2,[ 41 - 48 ],Boston Celtics,Pierce Free Throw 1 of 1 (16 PTS),0:49
http://stats.nba.com/cvp.html?GameID=0021200315&GameEventID=248,2,,Boston Celtics,Pierce STEAL (3 STL),0:34
http://stats.nba.com/cvp.html?GameID=0021200315&GameEventID=248,2,,Dallas Mavericks,Collison Bad Pass Turnover (P1.T11),0:34
http://stats.nba.com/cvp.html?GameID=0021200315&GameEventID=249,2,,Boston Celtics,MISS Terry 25' 3PT Jump Shot,0:27
http://stats.nba.com/cvp.html?GameID=0021200315&GameEventID=250,2,,Boston Celtics,Pierce REBOUND (Off:1 Def:1),0:27
http://stats.nba.com/cvp.html?GameID=0021200315&GameEventID=251,2,,Boston Celtics,MISS Pierce 2' Layup,0:21
http://stats.nba.com/cvp.html?GameID=0021200315&GameEventID=251,2,,Dallas Mavericks,Marion BLOCK (2 BLK),0:21
http://stats.nba.com/cvp.html?GameID=0021200315&GameEventID=252,2,,Dallas Mavericks,Marion REBOUND (Off:3 Def:5),0:20
http://stats.nba.com/cvp.html?GameID=0021200315&GameEventID=253,2,[ 43 - 48 ],Dallas Mavericks,Mayo 21' Jump Shot (6 PTS) (Marion 4 AST),0:16
http://stats.nba.com/cvp.html?GameID=0021200315&GameEventID=254,2,,Boston Celtics,CELTICS Timeout: Short (Full 2 Short 1),0:08
http://stats.nba.com/cvp.html?GameID=0021200315&GameEventID=256,2,,Dallas Mavericks,SUB: Fisher FOR Collison,0:08
http://stats.nba.com/cvp.html?GameID=0021200315&GameEventID=260,3,,Dallas Mavericks,MISS Jones  3PT Jump Shot,11:41
http://stats.nba.com/cvp.html?GameID=0021200315&GameEventID=261,3,,Boston Celtics,Rondo REBOUND (Off:0 Def:4),11:40
http://stats.nba.com/cvp.html?GameID=0021200315&GameEventID=262,3,,Boston Celtics,MISS Garnett 20' Jump Shot,11:17
http://stats.nba.com/cvp.html?GameID=0021200315&GameEventID=263,3,,Boston Celtics,Rondo REBOUND (Off:1 Def:4),11:16
http://stats.nba.com/cvp.html?GameID=0021200315&GameEventID=264,3,[ 43 - 50 ],Boston Celtics,Rondo 1' Putback Layup (6 PTS),11:16
http://stats.nba.com/cvp.html?GameID=0021200315&GameEventID=265,3,[ 45 - 50 ],Dallas Mavericks,Jones 2' Layup (6 PTS) (Marion 5 AST),10:59
http://stats.nba.com/cvp.html?GameID=0021200315&GameEventID=266,3,[ 45 - 52 ],Boston Celtics,Pierce 3' Layup (18 PTS) (Garnett 2 AST),10:45
http://stats.nba.com/cvp.html?GameID=0021200315&GameEventID=267,3,[ 48 - 52 ],Dallas Mavericks,Mayo 25' 3PT Jump Shot (9 PTS) (Marion 6 AST),10:27
http://stats.nba.com/cvp.html?GameID=0021200315&GameEventID=268,3,[ 48 - 54 ],Boston Celtics,Garnett 19' Jump Shot (8 PTS) (Rondo 8 AST),10:14
http://stats.nba.com/cvp.html?GameID=0021200315&GameEventID=269,3,,Boston Celtics,Bass STEAL (1 STL),10:06
http://stats.nba.com/cvp.html?GameID=0021200315&GameEventID=269,3,,Dallas Mavericks,Fisher Bad Pass Turnover (P2.T12),10:06
http://stats.nba.com/cvp.html?GameID=0021200315&GameEventID=270,3,[ 48 - 57 ],Boston Celtics,Terry 25' 3PT Jump Shot (5 PTS) (Rondo 9 AST),10:01
http://stats.nba.com/cvp.html?GameID=0021200315&GameEventID=271,3,[ 50 - 57 ],Dallas Mavericks,Jones 12' Floating Jump Shot (8 PTS),9:31
http://stats.nba.com/cvp.html?GameID=0021200315&GameEventID=272,3,,Boston Celtics,MISS Garnett 21' Jump Shot,9:10
http://stats.nba.com/cvp.html?GameID=0021200315&GameEventID=273,3,,Dallas Mavericks,Jones REBOUND (Off:0 Def:1),9:09
http://stats.nba.com/cvp.html?GameID=0021200315&GameEventID=274,3,,Boston Celtics,Garnett STEAL (1 STL),9:01
http://stats.nba.com/cvp.html?GameID=0021200315&GameEventID=274,3,,Dallas Mavericks,Mayo Bad Pass Turnover (P5.T13),9:01
http://stats.nba.com/cvp.html?GameID=0021200315&GameEventID=275,3,,Dallas Mavericks,Jones S.FOUL (P3.T1),8:58
http://stats.nba.com/cvp.html?GameID=0021200315&GameEventID=276,3,[ 50 - 58 ],Boston Celtics,Pierce Free Throw 1 of 2 (19 PTS),8:58
http://stats.nba.com/cvp.html?GameID=0021200315&GameEventID=278,3,[ 50 - 59 ],Boston Celtics,Pierce Free Throw 2 of 2 (20 PTS),8:58
http://stats.nba.com/cvp.html?GameID=0021200315&GameEventID=280,3,,Boston Celtics,Garnett P.FOUL (P1.T1),8:47
http://stats.nba.com/cvp.html?GameID=0021200315&GameEventID=281,3,,Boston Celtics,Terry STEAL (1 STL),8:38
http://stats.nba.com/cvp.html?GameID=0021200315&GameEventID=281,3,,Dallas Mavericks,Kaman Lost Ball Turnover (P1.T14),8:38
http://stats.nba.com/cvp.html?GameID=0021200315&GameEventID=282,3,,Boston Celtics,MISS Pierce 25' 3PT Jump Shot,8:29
http://stats.nba.com/cvp.html?GameID=0021200315&GameEventID=283,3,,Dallas Mavericks,Mayo REBOUND (Off:0 Def:3),8:28
http://stats.nba.com/cvp.html?GameID=0021200315&GameEventID=284,3,[ 52 - 59 ],Dallas Mavericks,Jones 6' Jump Shot (10 PTS) (Mayo 1 AST),8:23
http://stats.nba.com/cvp.html?GameID=0021200315&GameEventID=285,3,[ 52 - 61 ],Boston Celtics,Garnett 18' Jump Shot (10 PTS) (Rondo 10 AST),8:00
http://stats.nba.com/cvp.html?GameID=0021200315&GameEventID=286,3,,Boston Celtics,Pierce BLOCK (1 BLK),7:45
http://stats.nba.com/cvp.html?GameID=0021200315&GameEventID=286,3,,Dallas Mavericks,MISS Mayo 25' 3PT Jump Shot,7:45
http://stats.nba.com/cvp.html?GameID=0021200315&GameEventID=287,3,,Boston Celtics,CELTICS Rebound,7:44
http://stats.nba.com/cvp.html?GameID=0021200315&GameEventID=288,3,,Boston Celtics,MISS Pierce 17' Jump Shot,7:30
http://stats.nba.com/cvp.html?GameID=0021200315&GameEventID=289,3,,Boston Celtics,Bass REBOUND (Off:1 Def:1),7:29
http://stats.nba.com/cvp.html?GameID=0021200315&GameEventID=290,3,[ 52 - 63 ],Boston Celtics,Bass 1' Putback Layup (6 PTS),7:29
http://stats.nba.com/cvp.html?GameID=0021200315&GameEventID=291,3,,Dallas Mavericks,Mavericks Timeout: Regular (Reg.3 Short 1),7:26
http://stats.nba.com/cvp.html?GameID=0021200315&GameEventID=293,3,,Dallas Mavericks,MISS Kaman 4' Jump Shot,7:12
http://stats.nba.com/cvp.html?GameID=0021200315&GameEventID=294,3,,Boston Celtics,Bass REBOUND (Off:1 Def:2),7:11
http://stats.nba.com/cvp.html?GameID=0021200315&GameEventID=295,3,,Boston Celtics,MISS Garnett 1' Layup,7:02
http://stats.nba.com/cvp.html?GameID=0021200315&GameEventID=295,3,,Dallas Mavericks,Fisher BLOCK (1 BLK),7:02
http://stats.nba.com/cvp.html?GameID=0021200315&GameEventID=296,3,,Dallas Mavericks,Kaman REBOUND (Off:0 Def:4),7:01
http://stats.nba.com/cvp.html?GameID=0021200315&GameEventID=297,3,,Dallas Mavericks,MISS Fisher 2' Layup,6:56
http://stats.nba.com/cvp.html?GameID=0021200315&GameEventID=298,3,,Boston Celtics,Pierce REBOUND (Off:1 Def:2),6:55
http://stats.nba.com/cvp.html?GameID=0021200315&GameEventID=299,3,,Dallas Mavericks,Fisher P.FOUL (P2.T2),6:48
http://stats.nba.com/cvp.html?GameID=0021200315&GameEventID=300,3,[ 52 - 65 ],Boston Celtics,Bass 1' Driving Dunk (8 PTS) (Pierce 2 AST),6:36
http://stats.nba.com/cvp.html?GameID=0021200315&GameEventID=301,3,,Dallas Mavericks,MISS Mayo 12' Jump Shot,6:11
http://stats.nba.com/cvp.html?GameID=0021200315&GameEventID=302,3,,Dallas Mavericks,Mavericks Rebound,6:11
http://stats.nba.com/cvp.html?GameID=0021200315&GameEventID=303,3,,Dallas Mavericks,Mavericks Turnover: Shot Clock (T#15),6:11
http://stats.nba.com/cvp.html?GameID=0021200315&GameEventID=304,3,,Boston Celtics,SUB: Wilcox FOR Garnett,6:11
http://stats.nba.com/cvp.html?GameID=0021200315&GameEventID=305,3,,Boston Celtics,MISS Terry 26' 3PT Jump Shot,5:58
http://stats.nba.com/cvp.html?GameID=0021200315&GameEventID=306,3,,Dallas Mavericks,Jones REBOUND (Off:0 Def:2),5:57
http://stats.nba.com/cvp.html?GameID=0021200315&GameEventID=307,3,,Boston Celtics,Rondo S.FOUL (P1.T2),5:41
http://stats.nba.com/cvp.html?GameID=0021200315&GameEventID=308,3,[ 53 - 65 ],Dallas Mavericks,Kaman Free Throw 1 of 2 (11 PTS),5:41
http://stats.nba.com/cvp.html?GameID=0021200315&GameEventID=310,3,,Dallas Mavericks,SUB: Collison FOR Fisher,5:41
http://stats.nba.com/cvp.html?GameID=0021200315&GameEventID=311,3,,Dallas Mavericks,SUB: Carter FOR Jones,5:41
http://stats.nba.com/cvp.html?GameID=0021200315&GameEventID=312,3,[ 54 - 65 ],Dallas Mavericks,Kaman Free Throw 2 of 2 (12 PTS),5:41
http://stats.nba.com/cvp.html?GameID=0021200315&GameEventID=314,3,,Boston Celtics,Wilcox Bad Pass Turnover (P2.T5),5:41
http://stats.nba.com/cvp.html?GameID=0021200315&GameEventID=314,3,,Dallas Mavericks,Mayo STEAL (1 STL),5:41
http://stats.nba.com/cvp.html?GameID=0021200315&GameEventID=315,3,,Dallas Mavericks,MISS Mayo 26' 3PT Jump Shot,5:37
http://stats.nba.com/cvp.html?GameID=0021200315&GameEventID=316,3,,Boston Celtics,Wilcox REBOUND (Off:3 Def:1),5:36
http://stats.nba.com/cvp.html?GameID=0021200315&GameEventID=317,3,,Boston Celtics,MISS Rondo  Layup,5:32
http://stats.nba.com/cvp.html?GameID=0021200315&GameEventID=318,3,,Boston Celtics,Bass REBOUND (Off:2 Def:2),5:31
http://stats.nba.com/cvp.html?GameID=0021200315&GameEventID=319,3,,Dallas Mavericks,Kaman S.FOUL (P1.T3),5:24
http://stats.nba.com/cvp.html?GameID=0021200315&GameEventID=320,3,[ 54 - 66 ],Boston Celtics,Bass Free Throw 1 of 2 (9 PTS),5:24
http://stats.nba.com/cvp.html?GameID=0021200315&GameEventID=322,3,,Boston Celtics,MISS Bass Free Throw 2 of 2,5:24
http://stats.nba.com/cvp.html?GameID=0021200315&GameEventID=324,3,,Dallas Mavericks,Kaman REBOUND (Off:0 Def:5),5:23
http://stats.nba.com/cvp.html?GameID=0021200315&GameEventID=325,3,,Dallas Mavericks,Collison Bad Pass Turnover (P2.T16),5:11
http://stats.nba.com/cvp.html?GameID=0021200315&GameEventID=327,3,[ 54 - 68 ],Boston Celtics,Wilcox 2' Alley Oop Layup (8 PTS) (Rondo 11 AST),4:57
http://stats.nba.com/cvp.html?GameID=0021200315&GameEventID=328,3,[ 57 - 68 ],Dallas Mavericks,Collison  3PT Jump Shot (7 PTS) (Carter 2 AST),4:36
http://stats.nba.com/cvp.html?GameID=0021200315&GameEventID=329,3,,Boston Celtics,MISS Pierce  3PT Jump Shot,4:10
http://stats.nba.com/cvp.html?GameID=0021200315&GameEventID=330,3,,Dallas Mavericks,Collison REBOUND (Off:0 Def:1),4:09
http://stats.nba.com/cvp.html?GameID=0021200315&GameEventID=331,3,,Boston Celtics,Terry S.FOUL (P2.T3),4:07
http://stats.nba.com/cvp.html?GameID=0021200315&GameEventID=332,3,[ 58 - 68 ],Dallas Mavericks,Marion Free Throw 1 of 2 (8 PTS),4:07
http://stats.nba.com/cvp.html?GameID=0021200315&GameEventID=334,3,,Dallas Mavericks,SUB: Brand FOR Kaman,4:07
http://stats.nba.com/cvp.html?GameID=0021200315&GameEventID=335,3,,Boston Celtics,SUB: Sullinger FOR Bass,4:07
http://stats.nba.com/cvp.html?GameID=0021200315&GameEventID=336,3,[ 59 - 68 ],Dallas Mavericks,Marion Free Throw 2 of 2 (9 PTS),4:07
http://stats.nba.com/cvp.html?GameID=0021200315&GameEventID=338,3,,Boston Celtics,MISS Sullinger 11' Jump Shot,3:47
http://stats.nba.com/cvp.html?GameID=0021200315&GameEventID=339,3,,Dallas Mavericks,Mayo REBOUND (Off:0 Def:4),3:46
http://stats.nba.com/cvp.html?GameID=0021200315&GameEventID=340,3,,Dallas Mavericks,MISS Collison 25' 3PT Jump Shot,3:32
http://stats.nba.com/cvp.html?GameID=0021200315&GameEventID=342,3,,Boston Celtics,Sullinger REBOUND (Off:1 Def:2),3:30
http://stats.nba.com/cvp.html?GameID=0021200315&GameEventID=341,3,,Boston Celtics,Sullinger Lost Ball Turnover (P1.T6),3:30
http://stats.nba.com/cvp.html?GameID=0021200315&GameEventID=341,3,,Dallas Mavericks,Brand STEAL (1 STL),3:30
http://stats.nba.com/cvp.html?GameID=0021200315&GameEventID=353,3,,Dallas Mavericks,MISS Marion  Layup,3:30
http://stats.nba.com/cvp.html?GameID=0021200315&GameEventID=356,3,,Dallas Mavericks,Marion REBOUND (Off:4 Def:5),3:30
http://stats.nba.com/cvp.html?GameID=0021200315&GameEventID=352,3,[ 61 - 68 ],Dallas Mavericks,Marion  Layup (11 PTS),3:30
http://stats.nba.com/cvp.html?GameID=0021200315&GameEventID=343,3,[ 61 - 70 ],Boston Celtics,Terry 2' Layup (7 PTS),3:14
http://stats.nba.com/cvp.html?GameID=0021200315&GameEventID=344,3,,Dallas Mavericks,MISS Marion 24' 3PT Jump Shot,3:04
http://stats.nba.com/cvp.html?GameID=0021200315&GameEventID=345,3,,Boston Celtics,Pierce REBOUND (Off:1 Def:3),3:03
http://stats.nba.com/cvp.html?GameID=0021200315&GameEventID=346,3,,Boston Celtics,Pierce Discontinue Dribble Turnover (P2.T7),3:02
http://stats.nba.com/cvp.html?GameID=0021200315&GameEventID=347,3,[ 63 - 70 ],Dallas Mavericks,Brand 2' Layup (4 PTS) (Collison 2 AST),2:53
http://stats.nba.com/cvp.html?GameID=0021200315&GameEventID=348,3,,Boston Celtics,Wilcox S.FOUL (P1.T4),2:53
http://stats.nba.com/cvp.html?GameID=0021200315&GameEventID=349,3,,Boston Celtics,CELTICS Timeout: Regular (Full 3 Short 1),2:53
http://stats.nba.com/cvp.html?GameID=0021200315&GameEventID=354,3,,Boston Celtics,SUB: Lee FOR Terry,2:53
http://stats.nba.com/cvp.html?GameID=0021200315&GameEventID=358,3,[ 64 - 70 ],Dallas Mavericks,Brand Free Throw 1 of 1 (5 PTS),2:53
http://stats.nba.com/cvp.html?GameID=0021200315&GameEventID=360,3,,Boston Celtics,MISS Pierce 9' Jump Shot,2:29
http://stats.nba.com/cvp.html?GameID=0021200315&GameEventID=361,3,,Boston Celtics,Wilcox REBOUND (Off:4 Def:1),2:28
http://stats.nba.com/cvp.html?GameID=0021200315&GameEventID=362,3,[ 64 - 72 ],Boston Celtics,Wilcox 5' Jump Shot (10 PTS),2:24
http://stats.nba.com/cvp.html?GameID=0021200315&GameEventID=363,3,[ 66 - 72 ],Dallas Mavericks,Collison 8' Jump Shot (9 PTS),2:12
http://stats.nba.com/cvp.html?GameID=0021200315&GameEventID=364,3,,Boston Celtics,Lee S.FOUL (P2.PN),2:12
http://stats.nba.com/cvp.html?GameID=0021200315&GameEventID=366,3,,Boston Celtics,SUB: Green FOR Pierce,2:12
http://stats.nba.com/cvp.html?GameID=0021200315&GameEventID=367,3,,Dallas Mavericks,MISS Collison Free Throw 1 of 1,2:12
http://stats.nba.com/cvp.html?GameID=0021200315&GameEventID=370,3,,Boston Celtics,Wilcox REBOUND (Off:4 Def:2),2:10
http://stats.nba.com/cvp.html?GameID=0021200315&GameEventID=372,3,,Boston Celtics,MISS Sullinger 20' Jump Shot,1:52
http://stats.nba.com/cvp.html?GameID=0021200315&GameEventID=374,3,,Dallas Mavericks,Brand REBOUND (Off:1 Def:4),1:51
http://stats.nba.com/cvp.html?GameID=0021200315&GameEventID=375,3,[ 68 - 72 ],Dallas Mavericks,Collison 3' Driving Layup (11 PTS),1:43
http://stats.nba.com/cvp.html?GameID=0021200315&GameEventID=380,3,,Boston Celtics,SUB: Garnett FOR Wilcox,1:19
http://stats.nba.com/cvp.html?GameID=0021200315&GameEventID=381,3,,Boston Celtics,MISS Green  3PT Jump Shot,1:16
http://stats.nba.com/cvp.html?GameID=0021200315&GameEventID=382,3,,Dallas Mavericks,Mavericks Rebound,1:16
http://stats.nba.com/cvp.html?GameID=0021200315&GameEventID=383,3,,Dallas Mavericks,MISS Marion 8' Jump Shot,0:59
http://stats.nba.com/cvp.html?GameID=0021200315&GameEventID=384,3,,Boston Celtics,Green REBOUND (Off:0 Def:5),0:59
http://stats.nba.com/cvp.html?GameID=0021200315&GameEventID=385,3,[ 68 - 74 ],Boston Celtics,Rondo 19' Jump Shot (8 PTS),0:53
http://stats.nba.com/cvp.html?GameID=0021200315&GameEventID=386,3,[ 70 - 74 ],Dallas Mavericks,Collison 5' Jump Shot (13 PTS) (Marion 7 AST),0:35
http://stats.nba.com/cvp.html?GameID=0021200315&GameEventID=387,3,,Boston Celtics,MISS Green 24' 3PT Jump Shot,0:25
http://stats.nba.com/cvp.html?GameID=0021200315&GameEventID=388,3,,Dallas Mavericks,Brand REBOUND (Off:1 Def:5),0:23
http://stats.nba.com/cvp.html?GameID=0021200315&GameEventID=389,3,,Dallas Mavericks,Collison Out of Bounds Lost Ball Turnover (P3.T17),0:04
http://stats.nba.com/cvp.html?GameID=0021200315&GameEventID=390,3,,Boston Celtics,SUB: Terry FOR Sullinger,0:04
http://stats.nba.com/cvp.html?GameID=0021200315&GameEventID=391,3,,Dallas Mavericks,SUB: Fisher FOR Collison,0:04
http://stats.nba.com/cvp.html?GameID=0021200315&GameEventID=392,3,[ 70 - 76 ],Boston Celtics,Rondo 18' Jump Shot (10 PTS),0:00
http://stats.nba.com/cvp.html?GameID=0021200315&GameEventID=400,4,[ 70 - 78 ],Boston Celtics,Rondo 3' Driving Finger Roll Layup (12 PTS),11:44
http://stats.nba.com/cvp.html?GameID=0021200315&GameEventID=401,4,[ 72 - 78 ],Dallas Mavericks,Brand 6' Turnaround Fadeaway (7 PTS) (Carter 3 AST),11:31
http://stats.nba.com/cvp.html?GameID=0021200315&GameEventID=402,4,[ 72 - 80 ],Boston Celtics,Lee 2' Driving Layup (5 PTS),11:07
http://stats.nba.com/cvp.html?GameID=0021200315&GameEventID=403,4,[ 74 - 80 ],Dallas Mavericks,Mayo 13' Fadeaway Jumper (11 PTS) (Collison 3 AST),10:52
http://stats.nba.com/cvp.html?GameID=0021200315&GameEventID=404,4,,Boston Celtics,MISS Garnett 8' Turnaround Fadeaway Shot,10:36
http://stats.nba.com/cvp.html?GameID=0021200315&GameEventID=405,4,,Dallas Mavericks,Carter REBOUND (Off:1 Def:2),10:35
http://stats.nba.com/cvp.html?GameID=0021200315&GameEventID=406,4,[ 77 - 80 ],Dallas Mavericks,Mayo 28' 3PT Jump Shot (14 PTS) (Collison 4 AST),10:21
http://stats.nba.com/cvp.html?GameID=0021200315&GameEventID=407,4,,Boston Celtics,MISS Lee 3' Layup,10:02
http://stats.nba.com/cvp.html?GameID=0021200315&GameEventID=408,4,,Dallas Mavericks,Carter REBOUND (Off:1 Def:3),10:00
http://stats.nba.com/cvp.html?GameID=0021200315&GameEventID=409,4,,Boston Celtics,Rondo P.FOUL (P2.T1),10:00
http://stats.nba.com/cvp.html?GameID=0021200315&GameEventID=410,4,,Boston Celtics,Garnett STEAL (2 STL),9:48
http://stats.nba.com/cvp.html?GameID=0021200315&GameEventID=410,4,,Dallas Mavericks,Brand Lost Ball Turnover (P4.T18),9:48
http://stats.nba.com/cvp.html?GameID=0021200315&GameEventID=411,4,[ 77 - 82 ],Boston Celtics,Green 2' Alley Oop Dunk (9 PTS) (Rondo 12 AST),9:42
http://stats.nba.com/cvp.html?GameID=0021200315&GameEventID=412,4,,Boston Celtics,Lee BLOCK (1 BLK),9:39
http://stats.nba.com/cvp.html?GameID=0021200315&GameEventID=412,4,,Dallas Mavericks,MISS Mayo 1' Layup,9:39
http://stats.nba.com/cvp.html?GameID=0021200315&GameEventID=413,4,,Dallas Mavericks,Mavericks Rebound,9:38
http://stats.nba.com/cvp.html?GameID=0021200315&GameEventID=414,4,,Boston Celtics,SUB: Pierce FOR Lee,9:38
http://stats.nba.com/cvp.html?GameID=0021200315&GameEventID=415,4,[ 79 - 82 ],Dallas Mavericks,Carter 4' Driving Jump Shot (5 PTS),9:29
http://stats.nba.com/cvp.html?GameID=0021200315&GameEventID=416,4,,Dallas Mavericks,Brand S.FOUL (P1.T1),9:15
http://stats.nba.com/cvp.html?GameID=0021200315&GameEventID=417,4,[ 79 - 83 ],Boston Celtics,Garnett Free Throw 1 of 2 (11 PTS),9:15
http://stats.nba.com/cvp.html?GameID=0021200315&GameEventID=419,4,,Dallas Mavericks,SUB: Jones FOR Mayo,9:15
http://stats.nba.com/cvp.html?GameID=0021200315&GameEventID=420,4,[ 79 - 84 ],Boston Celtics,Garnett Free Throw 2 of 2 (12 PTS),9:15
http://stats.nba.com/cvp.html?GameID=0021200315&GameEventID=423,4,[ 81 - 84 ],Dallas Mavericks,Brand 10' Jump Shot (9 PTS) (Carter 4 AST),9:02
http://stats.nba.com/cvp.html?GameID=0021200315&GameEventID=424,4,[ 81 - 86 ],Boston Celtics,Green 2' Driving Layup (11 PTS),8:46
http://stats.nba.com/cvp.html?GameID=0021200315&GameEventID=425,4,[ 83 - 86 ],Dallas Mavericks,Carter 3' Reverse Layup (7 PTS) (Fisher 4 AST),8:20
http://stats.nba.com/cvp.html?GameID=0021200315&GameEventID=426,4,,Boston Celtics,MISS Green 26' 3PT Jump Shot,7:55
http://stats.nba.com/cvp.html?GameID=0021200315&GameEventID=427,4,,Dallas Mavericks,Fisher REBOUND (Off:0 Def:3),7:54
http://stats.nba.com/cvp.html?GameID=0021200315&GameEventID=428,4,,Boston Celtics,Terry STEAL (2 STL),7:41
http://stats.nba.com/cvp.html?GameID=0021200315&GameEventID=428,4,,Dallas Mavericks,Fisher Bad Pass Turnover (P3.T19),7:41
http://stats.nba.com/cvp.html?GameID=0021200315&GameEventID=432,4,,Dallas Mavericks,SUB: Mayo FOR Carter,7:27
http://stats.nba.com/cvp.html?GameID=0021200315&GameEventID=433,4,,Boston Celtics,Rondo Offensive Charge Foul (P3.T2),7:24
http://stats.nba.com/cvp.html?GameID=0021200315&GameEventID=434,4,,Boston Celtics,Rondo Foul Turnover (P2.T8),7:24
http://stats.nba.com/cvp.html?GameID=0021200315&GameEventID=435,4,,Boston Celtics,Pierce STEAL (4 STL),7:04
http://stats.nba.com/cvp.html?GameID=0021200315&GameEventID=435,4,,Dallas Mavericks,Collison Bad Pass Turnover (P4.T20),7:04
http://stats.nba.com/cvp.html?GameID=0021200315&GameEventID=436,4,,Boston Celtics,Rondo Lost Ball Turnover (P3.T9),7:02
http://stats.nba.com/cvp.html?GameID=0021200315&GameEventID=436,4,,Dallas Mavericks,Collison STEAL (2 STL),7:02
http://stats.nba.com/cvp.html?GameID=0021200315&GameEventID=437,4,[ 85 - 86 ],Dallas Mavericks,Jones 5' Jump Shot (12 PTS),6:46
http://stats.nba.com/cvp.html?GameID=0021200315&GameEventID=438,4,,Boston Celtics,MISS Pierce 25' 3PT Jump Shot,6:36
http://stats.nba.com/cvp.html?GameID=0021200315&GameEventID=439,4,,Dallas Mavericks,Brand REBOUND (Off:1 Def:6),6:35
http://stats.nba.com/cvp.html?GameID=0021200315&GameEventID=440,4,,Dallas Mavericks,Mayo Bad Pass Turnover (P6.T21),6:26
http://stats.nba.com/cvp.html?GameID=0021200315&GameEventID=441,4,,Boston Celtics,SUB: Bass FOR Garnett,6:26
http://stats.nba.com/cvp.html?GameID=0021200315&GameEventID=443,4,,Dallas Mavericks,Fisher P.FOUL (P3.T2),6:17
http://stats.nba.com/cvp.html?GameID=0021200315&GameEventID=445,4,[ 85 - 88 ],Boston Celtics,Green 6' Jump Shot (13 PTS) (Terry 3 AST),6:03
http://stats.nba.com/cvp.html?GameID=0021200315&GameEventID=446,4,,Dallas Mavericks,MISS Jones 26' 3PT Jump Shot,5:47
http://stats.nba.com/cvp.html?GameID=0021200315&GameEventID=447,4,,Boston Celtics,Rondo REBOUND (Off:1 Def:5),5:46
http://stats.nba.com/cvp.html?GameID=0021200315&GameEventID=448,4,,Boston Celtics,MISS Green 5' Turnaround Hook Shot,5:37
http://stats.nba.com/cvp.html?GameID=0021200315&GameEventID=449,4,,Dallas Mavericks,Jones REBOUND (Off:0 Def:3),5:36
http://stats.nba.com/cvp.html?GameID=0021200315&GameEventID=450,4,,Dallas Mavericks,MISS Fisher 22' Jump Shot,5:26
http://stats.nba.com/cvp.html?GameID=0021200315&GameEventID=451,4,,Boston Celtics,Rondo REBOUND (Off:1 Def:6),5:25
http://stats.nba.com/cvp.html?GameID=0021200315&GameEventID=452,4,,Dallas Mavericks,Fisher S.FOUL (P4.T3),5:21
http://stats.nba.com/cvp.html?GameID=0021200315&GameEventID=453,4,,Boston Celtics,CELTICS Timeout: Regular (Full 4 Short 1),5:21
http://stats.nba.com/cvp.html?GameID=0021200315&GameEventID=455,4,,Dallas Mavericks,SUB: Marion FOR Brand,5:21
http://stats.nba.com/cvp.html?GameID=0021200315&GameEventID=456,4,,Dallas Mavericks,SUB: Carter FOR Jones,5:21
http://stats.nba.com/cvp.html?GameID=0021200315&GameEventID=457,4,[ 85 - 89 ],Boston Celtics,Green Free Throw 1 of 2 (14 PTS),5:21
http://stats.nba.com/cvp.html?GameID=0021200315&GameEventID=459,4,[ 85 - 90 ],Boston Celtics,Green Free Throw 2 of 2 (15 PTS),5:21
http://stats.nba.com/cvp.html?GameID=0021200315&GameEventID=461,4,,Dallas Mavericks,MISS Fisher 15' Jump Shot,5:05
http://stats.nba.com/cvp.html?GameID=0021200315&GameEventID=462,4,,Boston Celtics,Bass REBOUND (Off:2 Def:3),5:04
http://stats.nba.com/cvp.html?GameID=0021200315&GameEventID=463,4,,Boston Celtics,Rondo Bad Pass Turnover (P4.T10),4:57
http://stats.nba.com/cvp.html?GameID=0021200315&GameEventID=463,4,,Dallas Mavericks,Fisher STEAL (1 STL),4:57
http://stats.nba.com/cvp.html?GameID=0021200315&GameEventID=464,4,,Dallas Mavericks,MISS Carter 26' 3PT Jump Shot,4:45
http://stats.nba.com/cvp.html?GameID=0021200315&GameEventID=465,4,,Dallas Mavericks,Collison REBOUND (Off:1 Def:1),4:44
http://stats.nba.com/cvp.html?GameID=0021200315&GameEventID=466,4,[ 87 - 90 ],Dallas Mavericks,Fisher 2' Layup (7 PTS) (Collison 5 AST),4:40
http://stats.nba.com/cvp.html?GameID=0021200315&GameEventID=467,4,,Boston Celtics,CELTICS Timeout: Short (Full 4 Short 2),4:20
http://stats.nba.com/cvp.html?GameID=0021200315&GameEventID=469,4,,Boston Celtics,SUB: Garnett FOR Green,4:20
http://stats.nba.com/cvp.html?GameID=0021200315&GameEventID=470,4,,Dallas Mavericks,Fisher P.FOUL (P5.T4),4:17
http://stats.nba.com/cvp.html?GameID=0021200315&GameEventID=471,4,,Boston Celtics,Pierce Bad Pass Turnover (P3.T11),4:09
http://stats.nba.com/cvp.html?GameID=0021200315&GameEventID=471,4,,Dallas Mavericks,Mayo STEAL (2 STL),4:09
http://stats.nba.com/cvp.html?GameID=0021200315&GameEventID=472,4,,Dallas Mavericks,MISS Collison 26' 3PT Jump Shot,3:51
http://stats.nba.com/cvp.html?GameID=0021200315&GameEventID=473,4,,Boston Celtics,Bass REBOUND (Off:2 Def:4),3:50
http://stats.nba.com/cvp.html?GameID=0021200315&GameEventID=474,4,,Boston Celtics,MISS Rondo 21' Jump Shot,3:39
http://stats.nba.com/cvp.html?GameID=0021200315&GameEventID=475,4,,Dallas Mavericks,Mayo REBOUND (Off:0 Def:5),3:38
http://stats.nba.com/cvp.html?GameID=0021200315&GameEventID=476,4,,Boston Celtics,Bass S.FOUL (P1.T3),3:21
http://stats.nba.com/cvp.html?GameID=0021200315&GameEventID=477,4,,Dallas Mavericks,MISS Marion Free Throw 1 of 2,3:21
http://stats.nba.com/cvp.html?GameID=0021200315&GameEventID=478,4,,Dallas Mavericks,Mavericks Rebound,3:21
http://stats.nba.com/cvp.html?GameID=0021200315&GameEventID=479,4,[ 88 - 90 ],Dallas Mavericks,Marion Free Throw 2 of 2 (12 PTS),3:21
http://stats.nba.com/cvp.html?GameID=0021200315&GameEventID=481,4,[ 88 - 92 ],Boston Celtics,Garnett 8' Turnaround Fadeaway (14 PTS),2:56
http://stats.nba.com/cvp.html?GameID=0021200315&GameEventID=482,4,[ 90 - 92 ],Dallas Mavericks,Mayo 2' Driving Finger Roll Layup (16 PTS),2:40
http://stats.nba.com/cvp.html?GameID=0021200315&GameEventID=483,4,,Boston Celtics,MISS Garnett 7' Jump Shot,2:25
http://stats.nba.com/cvp.html?GameID=0021200315&GameEventID=484,4,,Dallas Mavericks,Collison REBOUND (Off:1 Def:2),2:25
http://stats.nba.com/cvp.html?GameID=0021200315&GameEventID=485,4,[ 92 - 92 ],Dallas Mavericks,Collison 1' Driving Layup (15 PTS),2:20
http://stats.nba.com/cvp.html?GameID=0021200315&GameEventID=486,4,,Boston Celtics,CELTICS Timeout: Regular (Full 5 Short 2),2:20
http://stats.nba.com/cvp.html?GameID=0021200315&GameEventID=489,4,[ 92 - 94 ],Boston Celtics,Rondo 21' Jump Shot (14 PTS) (Pierce 3 AST),2:06
http://stats.nba.com/cvp.html?GameID=0021200315&GameEventID=490,4,[ 95 - 94 ],Dallas Mavericks,Fisher 28' 3PT Jump Shot (10 PTS) (Carter 5 AST),1:47
http://stats.nba.com/cvp.html?GameID=0021200315&GameEventID=491,4,[ 95 - 96 ],Boston Celtics,Pierce 16' Turnaround Jump Shot (22 PTS),1:30
http://stats.nba.com/cvp.html?GameID=0021200315&GameEventID=492,4,,Dallas Mavericks,MISS Fisher 9' Floating Jump Shot,1:10
http://stats.nba.com/cvp.html?GameID=0021200315&GameEventID=493,4,,Dallas Mavericks,Mavericks Rebound,1:09
http://stats.nba.com/cvp.html?GameID=0021200315&GameEventID=495,4,,Boston Celtics,Garnett P.FOUL (P2.T4),1:00
http://stats.nba.com/cvp.html?GameID=0021200315&GameEventID=496,4,,Boston Celtics,Rondo P.FOUL (P4.PN),0:52
http://stats.nba.com/cvp.html?GameID=0021200315&GameEventID=497,4,[ 96 - 96 ],Dallas Mavericks,Mayo Free Throw 1 of 2 (17 PTS),0:52
http://stats.nba.com/cvp.html?GameID=0021200315&GameEventID=499,4,,Dallas Mavericks,SUB: Jones FOR Collison,0:52
http://stats.nba.com/cvp.html?GameID=0021200315&GameEventID=500,4,,Dallas Mavericks,MISS Mayo Free Throw 2 of 2,0:52
http://stats.nba.com/cvp.html?GameID=0021200315&GameEventID=501,4,,Boston Celtics,Bass REBOUND (Off:2 Def:5),0:51
http://stats.nba.com/cvp.html?GameID=0021200315&GameEventID=502,4,,Boston Celtics,MISS Pierce 20' Fadeaway Jumper,0:31
http://stats.nba.com/cvp.html?GameID=0021200315&GameEventID=503,4,,Dallas Mavericks,Carter REBOUND (Off:1 Def:4),0:30
http://stats.nba.com/cvp.html?GameID=0021200315&GameEventID=504,4,,Dallas Mavericks,Mavericks Timeout: Regular (Reg.4 Short 1),0:24
http://stats.nba.com/cvp.html?GameID=0021200315&GameEventID=507,4,,Boston Celtics,SUB: Lee FOR Bass,0:24
http://stats.nba.com/cvp.html?GameID=0021200315&GameEventID=508,4,,Boston Celtics,Lee Violation:Kicked Ball,0:24
http://stats.nba.com/cvp.html?GameID=0021200315&GameEventID=509,4,,Boston Celtics,Rondo STEAL (2 STL),0:08
http://stats.nba.com/cvp.html?GameID=0021200315&GameEventID=509,4,,Dallas Mavericks,Mayo Lost Ball Turnover (P7.T22),0:08
http://stats.nba.com/cvp.html?GameID=0021200315&GameEventID=510,4,,Boston Celtics,CELTICS Timeout: Regular (Full 6 Short 2),0:06
http://stats.nba.com/cvp.html?GameID=0021200315&GameEventID=512,4,,Boston Celtics,MISS Rondo 20' Jump Shot,0:00
http://stats.nba.com/cvp.html?GameID=0021200315&GameEventID=512,4,,Dallas Mavericks,Fisher BLOCK (2 BLK),0:00
http://stats.nba.com/cvp.html?GameID=0021200315&GameEventID=513,4,,Boston Celtics,CELTICS Rebound,0:00
http://stats.nba.com/cvp.html?GameID=0021200315&GameEventID=517,5,,Boston Celtics,Jump Ball Garnett vs. Marion: Tip to Carter,5:00
http://stats.nba.com/cvp.html?GameID=0021200315&GameEventID=518,5,,Boston Celtics,Bass STEAL (2 STL),4:42
http://stats.nba.com/cvp.html?GameID=0021200315&GameEventID=518,5,,Dallas Mavericks,Carter Bad Pass Turnover (P1.T23),4:42
http://stats.nba.com/cvp.html?GameID=0021200315&GameEventID=519,5,[ 96 - 98 ],Boston Celtics,Terry 10' Jump Shot (9 PTS) (Rondo 13 AST),4:36
http://stats.nba.com/cvp.html?GameID=0021200315&GameEventID=520,5,,Dallas Mavericks,Collison S.FOUL (P3.T1),4:36
http://stats.nba.com/cvp.html?GameID=0021200315&GameEventID=522,5,,Dallas Mavericks,SUB: Fisher FOR Jones,4:36
http://stats.nba.com/cvp.html?GameID=0021200315&GameEventID=523,5,[ 96 - 99 ],Boston Celtics,Terry Free Throw 1 of 1 (10 PTS),4:36
http://stats.nba.com/cvp.html?GameID=0021200315&GameEventID=525,5,,Dallas Mavericks,Mayo Offensive Charge Foul (P3.T2),4:25
http://stats.nba.com/cvp.html?GameID=0021200315&GameEventID=526,5,,Dallas Mavericks,Mayo Foul Turnover (P8.T24),4:25
http://stats.nba.com/cvp.html?GameID=0021200315&GameEventID=527,5,,Boston Celtics,MISS Terry 24' 3PT Jump Shot,4:00
http://stats.nba.com/cvp.html?GameID=0021200315&GameEventID=528,5,,Dallas Mavericks,Collison REBOUND (Off:1 Def:3),3:59
http://stats.nba.com/cvp.html?GameID=0021200315&GameEventID=529,5,,Dallas Mavericks,MISS Carter  3PT Jump Shot,3:39
http://stats.nba.com/cvp.html?GameID=0021200315&GameEventID=530,5,,Boston Celtics,Pierce REBOUND (Off:1 Def:4),3:37
http://stats.nba.com/cvp.html?GameID=0021200315&GameEventID=531,5,,Boston Celtics,MISS Pierce 14' Turnaround Fadeaway Shot,3:17
http://stats.nba.com/cvp.html?GameID=0021200315&GameEventID=532,5,,Dallas Mavericks,Collison REBOUND (Off:1 Def:4),3:16
http://stats.nba.com/cvp.html?GameID=0021200315&GameEventID=533,5,[ 98 - 99 ],Dallas Mavericks,Collison 2' Driving Layup (17 PTS),3:10
http://stats.nba.com/cvp.html?GameID=0021200315&GameEventID=534,5,,Boston Celtics,Rondo Bad Pass Turnover (P5.T12),2:54
http://stats.nba.com/cvp.html?GameID=0021200315&GameEventID=534,5,,Dallas Mavericks,Carter STEAL (1 STL),2:54
http://stats.nba.com/cvp.html?GameID=0021200315&GameEventID=535,5,,Boston Celtics,Bass S.FOUL (P2.T1),2:46
http://stats.nba.com/cvp.html?GameID=0021200315&GameEventID=536,5,,Dallas Mavericks,MISS Collison Free Throw 1 of 2,2:46
http://stats.nba.com/cvp.html?GameID=0021200315&GameEventID=537,5,,Dallas Mavericks,Mavericks Rebound,2:46
http://stats.nba.com/cvp.html?GameID=0021200315&GameEventID=538,5,,Boston Celtics,SUB: Green FOR Bass,2:46
http://stats.nba.com/cvp.html?GameID=0021200315&GameEventID=539,5,[ 99 - 99 ],Dallas Mavericks,Collison Free Throw 2 of 2 (18 PTS),2:46
http://stats.nba.com/cvp.html?GameID=0021200315&GameEventID=541,5,,Boston Celtics,Green Lost Ball Turnover (P1.T13),2:29
http://stats.nba.com/cvp.html?GameID=0021200315&GameEventID=541,5,,Dallas Mavericks,Collison STEAL (3 STL),2:29
http://stats.nba.com/cvp.html?GameID=0021200315&GameEventID=542,5,,Dallas Mavericks,MISS Fisher 16' Jump Shot,2:22
http://stats.nba.com/cvp.html?GameID=0021200315&GameEventID=543,5,,Boston Celtics,Rondo REBOUND (Off:1 Def:7),2:21
http://stats.nba.com/cvp.html?GameID=0021200315&GameEventID=544,5,[ 99 - 101 ],Boston Celtics,Pierce 2' Driving Layup (24 PTS),2:05
http://stats.nba.com/cvp.html?GameID=0021200315&GameEventID=545,5,,Dallas Mavericks,Mavericks Timeout: Regular (Reg.5 Short 1),2:05
http://stats.nba.com/cvp.html?GameID=0021200315&GameEventID=547,5,,Boston Celtics,Rondo BLOCK (1 BLK),1:55
http://stats.nba.com/cvp.html?GameID=0021200315&GameEventID=547,5,,Dallas Mavericks,MISS Mayo 3' Jump Shot,1:55
http://stats.nba.com/cvp.html?GameID=0021200315&GameEventID=548,5,,Dallas Mavericks,Mavericks Rebound,1:54
http://stats.nba.com/cvp.html?GameID=0021200315&GameEventID=549,5,[ 101 - 101 ],Dallas Mavericks,Marion 2' Dunk (14 PTS) (Mayo 2 AST),1:48
http://stats.nba.com/cvp.html?GameID=0021200315&GameEventID=550,5,,Boston Celtics,MISS Green  Layup,1:29
http://stats.nba.com/cvp.html?GameID=0021200315&GameEventID=551,5,,Dallas Mavericks,Marion REBOUND (Off:4 Def:6),1:28
http://stats.nba.com/cvp.html?GameID=0021200315&GameEventID=552,5,,Boston Celtics,Terry STEAL (3 STL),1:12
http://stats.nba.com/cvp.html?GameID=0021200315&GameEventID=552,5,,Dallas Mavericks,Collison Bad Pass Turnover (P5.T25),1:12
http://stats.nba.com/cvp.html?GameID=0021200315&GameEventID=553,5,,Boston Celtics,MISS Terry 1' Layup,1:08
http://stats.nba.com/cvp.html?GameID=0021200315&GameEventID=554,5,,Boston Celtics,CELTICS Rebound,1:07
http://stats.nba.com/cvp.html?GameID=0021200315&GameEventID=555,5,,Dallas Mavericks,Fisher L.B.FOUL (P6.T3),1:07
http://stats.nba.com/cvp.html?GameID=0021200315&GameEventID=556,5,,Boston Celtics,CELTICS Timeout: Short (Full 6 Short 3),1:07
http://stats.nba.com/cvp.html?GameID=0021200315&GameEventID=559,5,,Dallas Mavericks,SUB: Jones FOR Fisher,1:07
http://stats.nba.com/cvp.html?GameID=0021200315&GameEventID=560,5,[ 101 - 103 ],Boston Celtics,Pierce 17' Step Back Jump Shot (26 PTS),0:58
http://stats.nba.com/cvp.html?GameID=0021200315&GameEventID=561,5,[ 103 - 103 ],Dallas Mavericks,Marion 7' Floating Jump Shot (16 PTS) (Mayo 3 AST),0:35
http://stats.nba.com/cvp.html?GameID=0021200315&GameEventID=562,5,[ 103 - 105 ],Boston Celtics,Garnett 18' Jump Shot (16 PTS) (Rondo 14 AST),0:26
http://stats.nba.com/cvp.html?GameID=0021200315&GameEventID=563,5,,Dallas Mavericks,Mavericks Timeout: Regular (Reg.6 Short 1),0:26
http://stats.nba.com/cvp.html?GameID=0021200315&GameEventID=566,5,,Boston Celtics,SUB: Lee FOR Green,0:26
http://stats.nba.com/cvp.html?GameID=0021200315&GameEventID=567,5,,Boston Celtics,Rondo P.FOUL (P5.T2),0:19
http://stats.nba.com/cvp.html?GameID=0021200315&GameEventID=568,5,[ 105 - 105 ],Dallas Mavericks,Mayo 1' Driving Layup (19 PTS),0:11
http://stats.nba.com/cvp.html?GameID=0021200315&GameEventID=569,5,,Boston Celtics,CELTICS Timeout: Regular (Full 7 Short 3),0:11
http://stats.nba.com/cvp.html?GameID=0021200315&GameEventID=571,5,,Boston Celtics,SUB: Green FOR Lee,0:11
http://stats.nba.com/cvp.html?GameID=0021200315&GameEventID=572,5,,Boston Celtics,MISS Pierce 19' Jump Shot,0:00
http://stats.nba.com/cvp.html?GameID=0021200315&GameEventID=572,5,,Dallas Mavericks,Jones BLOCK (1 BLK),0:00
http://stats.nba.com/cvp.html?GameID=0021200315&GameEventID=573,5,,Boston Celtics,CELTICS Rebound,0:00
http://stats.nba.com/cvp.html?GameID=0021200315&GameEventID=577,6,,Boston Celtics,Jump Ball Garnett vs. Marion: Tip to Green,5:00
http://stats.nba.com/cvp.html?GameID=0021200315&GameEventID=578,6,[ 105 - 108 ],Boston Celtics,Pierce 26' 3PT Jump Shot (29 PTS) (Rondo 15 AST),4:38
http://stats.nba.com/cvp.html?GameID=0021200315&GameEventID=579,6,,Boston Celtics,Green P.FOUL (P2.T1),4:20
http://stats.nba.com/cvp.html?GameID=0021200315&GameEventID=580,6,[ 107 - 108 ],Dallas Mavericks,Mayo  Driving Layup (21 PTS),4:05
http://stats.nba.com/cvp.html?GameID=0021200315&GameEventID=581,6,,Boston Celtics,MISS Pierce 11' Jump Shot,3:50
http://stats.nba.com/cvp.html?GameID=0021200315&GameEventID=582,6,,Dallas Mavericks,Mavericks Rebound,3:50
http://stats.nba.com/cvp.html?GameID=0021200315&GameEventID=583,6,,Boston Celtics,Pierce P.FOUL (P3.T2),3:50
http://stats.nba.com/cvp.html?GameID=0021200315&GameEventID=584,6,,Dallas Mavericks,MISS Mayo 3' Layup,3:25
http://stats.nba.com/cvp.html?GameID=0021200315&GameEventID=585,6,,Boston Celtics,Garnett REBOUND (Off:0 Def:3),3:25
http://stats.nba.com/cvp.html?GameID=0021200315&GameEventID=586,6,,Boston Celtics,MISS Rondo 25' 3PT Jump Shot,3:04
http://stats.nba.com/cvp.html?GameID=0021200315&GameEventID=587,6,,Dallas Mavericks,Carter REBOUND (Off:1 Def:5),3:03
http://stats.nba.com/cvp.html?GameID=0021200315&GameEventID=588,6,,Dallas Mavericks,MISS Mayo 26' 3PT Jump Shot,2:48
http://stats.nba.com/cvp.html?GameID=0021200315&GameEventID=589,6,,Boston Celtics,Garnett REBOUND (Off:0 Def:4),2:47
http://stats.nba.com/cvp.html?GameID=0021200315&GameEventID=590,6,,Boston Celtics,MISS Pierce 20' Jump Shot,2:29
http://stats.nba.com/cvp.html?GameID=0021200315&GameEventID=591,6,,Dallas Mavericks,Carter REBOUND (Off:1 Def:6),2:29
http://stats.nba.com/cvp.html?GameID=0021200315&GameEventID=592,6,,Dallas Mavericks,MISS Marion 3' Turnaround Jump Shot,2:16
http://stats.nba.com/cvp.html?GameID=0021200315&GameEventID=593,6,,Boston Celtics,Garnett REBOUND (Off:0 Def:5),2:15
http://stats.nba.com/cvp.html?GameID=0021200315&GameEventID=594,6,,Boston Celtics,MISS Garnett 12' Step Back Jump Shot,1:56
http://stats.nba.com/cvp.html?GameID=0021200315&GameEventID=595,6,,Dallas Mavericks,Mayo REBOUND (Off:0 Def:6),1:55
http://stats.nba.com/cvp.html?GameID=0021200315&GameEventID=596,6,,Dallas Mavericks,MISS Mayo 26' 3PT Jump Shot,1:45
http://stats.nba.com/cvp.html?GameID=0021200315&GameEventID=597,6,,Boston Celtics,Pierce REBOUND (Off:1 Def:5),1:44
http://stats.nba.com/cvp.html?GameID=0021200315&GameEventID=598,6,,Boston Celtics,MISS Pierce 15' Jump Shot,1:25
http://stats.nba.com/cvp.html?GameID=0021200315&GameEventID=599,6,,Dallas Mavericks,Carter REBOUND (Off:1 Def:7),1:24
http://stats.nba.com/cvp.html?GameID=0021200315&GameEventID=600,6,,Dallas Mavericks,Mavericks Timeout: Regular (Reg.7 Short 1),1:18
http://stats.nba.com/cvp.html?GameID=0021200315&GameEventID=602,6,,Boston Celtics,Rondo STEAL (3 STL),1:07
http://stats.nba.com/cvp.html?GameID=0021200315&GameEventID=602,6,,Dallas Mavericks,Mayo Lost Ball Turnover (P9.T26),1:07
http://stats.nba.com/cvp.html?GameID=0021200315&GameEventID=603,6,,Boston Celtics,MISS Rondo 3' Jump Shot,0:51
http://stats.nba.com/cvp.html?GameID=0021200315&GameEventID=603,6,,Dallas Mavericks,Carter BLOCK (1 BLK),0:51
http://stats.nba.com/cvp.html?GameID=0021200315&GameEventID=604,6,,Dallas Mavericks,Marion REBOUND (Off:4 Def:7),0:50
http://stats.nba.com/cvp.html?GameID=0021200315&GameEventID=605,6,,Dallas Mavericks,Collison Out of Bounds Lost Ball Turnover (P6.T27),0:48
http://stats.nba.com/cvp.html?GameID=0021200315&GameEventID=606,6,,Boston Celtics,CELTICS Timeout: Regular (Full 8 Short 3),0:48
http://stats.nba.com/cvp.html?GameID=0021200315&GameEventID=608,6,,Dallas Mavericks,Jones P.FOUL (P4.T1),0:40
http://stats.nba.com/cvp.html?GameID=0021200315&GameEventID=609,6,[ 107 - 110 ],Boston Celtics,Rondo 2' Driving Layup (16 PTS),0:35
http://stats.nba.com/cvp.html?GameID=0021200315&GameEventID=610,6,,Dallas Mavericks,MISS Collison 13' Jump Shot,0:23
http://stats.nba.com/cvp.html?GameID=0021200315&GameEventID=611,6,,Boston Celtics,Rondo REBOUND (Off:1 Def:8),0:22
http://stats.nba.com/cvp.html?GameID=0021200315&GameEventID=612,6,,Dallas Mavericks,Collison P.FOUL (P4.PN),0:19
http://stats.nba.com/cvp.html?GameID=0021200315&GameEventID=613,6,[ 107 - 111 ],Boston Celtics,Pierce Free Throw 1 of 2 (30 PTS),0:19
http://stats.nba.com/cvp.html?GameID=0021200315&GameEventID=615,6,,Boston Celtics,SUB: Bass FOR Rondo,0:19
http://stats.nba.com/cvp.html?GameID=0021200315&GameEventID=616,6,,Boston Celtics,MISS Pierce Free Throw 2 of 2,0:19
http://stats.nba.com/cvp.html?GameID=0021200315&GameEventID=618,6,,Dallas Mavericks,Jones REBOUND (Off:0 Def:4),0:17
http://stats.nba.com/cvp.html?GameID=0021200315&GameEventID=619,6,,Dallas Mavericks,Mavericks Timeout: Short (Reg.7 Short 2),0:17
http://stats.nba.com/cvp.html?GameID=0021200315&GameEventID=623,6,,Boston Celtics,SUB: Lee FOR Green,0:17
http://stats.nba.com/cvp.html?GameID=0021200315&GameEventID=624,6,,Boston Celtics,SUB: Rondo FOR Bass,0:17
http://stats.nba.com/cvp.html?GameID=0021200315&GameEventID=625,6,[ 110 - 111 ],Dallas Mavericks,Carter 26' 3PT Jump Shot (10 PTS) (Collison 6 AST),0:09
http://stats.nba.com/cvp.html?GameID=0021200315&GameEventID=626,6,,Boston Celtics,CELTICS Timeout: Short (Full 8 Short 4),0:09
http://stats.nba.com/cvp.html?GameID=0021200315&GameEventID=628,6,,Boston Celtics,SUB: Green FOR Lee,0:09
http://stats.nba.com/cvp.html?GameID=0021200315&GameEventID=629,6,,Dallas Mavericks,Jones Personal Take Foul (P5.PN),0:08
http://stats.nba.com/cvp.html?GameID=0021200315&GameEventID=630,6,[ 110 - 112 ],Boston Celtics,Pierce Free Throw 1 of 2 (31 PTS),0:08
http://stats.nba.com/cvp.html?GameID=0021200315&GameEventID=632,6,,Dallas Mavericks,SUB: Brand FOR Jones,0:08
http://stats.nba.com/cvp.html?GameID=0021200315&GameEventID=633,6,[ 110 - 113 ],Boston Celtics,Pierce Free Throw 2 of 2 (32 PTS),0:08
http://stats.nba.com/cvp.html?GameID=0021200315&GameEventID=635,6,,Dallas Mavericks,Mavericks Timeout: Short (Reg.7 Short 3),0:08
http://stats.nba.com/cvp.html?GameID=0021200315&GameEventID=637,6,,Dallas Mavericks,SUB: Jones FOR Brand,0:08
http://stats.nba.com/cvp.html?GameID=0021200315&GameEventID=638,6,,Boston Celtics,Pierce Personal Take Foul (P4.T3),0:06
http://stats.nba.com/cvp.html?GameID=0021200315&GameEventID=639,6,,Boston Celtics,Terry Personal Take Foul (P3.PN),0:05
http://stats.nba.com/cvp.html?GameID=0021200315&GameEventID=640,6,[ 111 - 113 ],Dallas Mavericks,Collison Free Throw 1 of 2 (19 PTS),0:05
http://stats.nba.com/cvp.html?GameID=0021200315&GameEventID=642,6,,Boston Celtics,SUB: Bass FOR Terry,0:05
http://stats.nba.com/cvp.html?GameID=0021200315&GameEventID=643,6,,Dallas Mavericks,SUB: Wright FOR Jones,0:05
http://stats.nba.com/cvp.html?GameID=0021200315&GameEventID=644,6,[ 112 - 113 ],Dallas Mavericks,Collison Free Throw 2 of 2 (20 PTS),0:05
http://stats.nba.com/cvp.html?GameID=0021200315&GameEventID=646,6,,Dallas Mavericks,Mayo Personal Take Foul (P4.PN),0:05
http://stats.nba.com/cvp.html?GameID=0021200315&GameEventID=647,6,[ 112 - 114 ],Boston Celtics,Pierce Free Throw 1 of 2 (33 PTS),0:05
http://stats.nba.com/cvp.html?GameID=0021200315&GameEventID=649,6,,Boston Celtics,SUB: Lee FOR Bass,0:05
http://stats.nba.com/cvp.html?GameID=0021200315&GameEventID=651,6,,Dallas Mavericks,SUB: Beaubois FOR Wright,0:05
http://stats.nba.com/cvp.html?GameID=0021200315&GameEventID=655,6,,Boston Celtics,SUB: Terry FOR Green,0:05
http://stats.nba.com/cvp.html?GameID=0021200315&GameEventID=652,6,[ 112 - 115 ],Boston Celtics,Pierce Free Throw 2 of 2 (34 PTS),0:05
http://stats.nba.com/cvp.html?GameID=0021200315&GameEventID=654,6,,Dallas Mavericks,Collison Bad Pass Turnover (P7.T28),0:05
http://stats.nba.com/cvp.html?GameID=0021200315&GameEventID=658,6,,Dallas Mavericks,Collison Personal Take Foul (P5.PN),0:04
http://stats.nba.com/cvp.html?GameID=0021200315&GameEventID=659,6,[ 112 - 116 ],Boston Celtics,Lee Free Throw 1 of 2 (6 PTS),0:04
http://stats.nba.com/cvp.html?GameID=0021200315&GameEventID=661,6,[ 112 - 117 ],Boston Celtics,Lee Free Throw 2 of 2 (7 PTS),0:04
http://stats.nba.com/cvp.html?GameID=0021200315&GameEventID=663,6,[ 115 - 117 ],Dallas Mavericks,Mayo 24' 3PT Jump Shot (24 PTS) (Beaubois 1 AST),0:00
