http://stats.nba.com/cvp.html?GameID=0021200241&GameEventID=1,1,,Los Angeles Clippers,Jump Ball Jordan vs. Thompson: Tip to Paul,12:00
http://stats.nba.com/cvp.html?GameID=0021200241&GameEventID=2,1,,Sacramento Kings,Cousins P.FOUL (P1.T1),11:42
http://stats.nba.com/cvp.html?GameID=0021200241&GameEventID=3,1,,Los Angeles Clippers,MISS Griffin 13' Jump Shot,11:33
http://stats.nba.com/cvp.html?GameID=0021200241&GameEventID=4,1,,Los Angeles Clippers,Jordan REBOUND (Off:1 Def:0),11:32
http://stats.nba.com/cvp.html?GameID=0021200241&GameEventID=5,1,,Los Angeles Clippers,MISS Billups 26' 3PT Jump Shot,11:26
http://stats.nba.com/cvp.html?GameID=0021200241&GameEventID=6,1,,Sacramento Kings,Kings Rebound,11:25
http://stats.nba.com/cvp.html?GameID=0021200241&GameEventID=7,1,,Sacramento Kings,MISS Thornton 26' 3PT Jump Shot,11:12
http://stats.nba.com/cvp.html?GameID=0021200241&GameEventID=8,1,,Los Angeles Clippers,Jordan REBOUND (Off:1 Def:1),11:10
http://stats.nba.com/cvp.html?GameID=0021200241&GameEventID=9,1,[ 0 - 2 ],Los Angeles Clippers,Griffin 9' Turnaround Hook Shot (2 PTS) (Billups 1 AST),10:57
http://stats.nba.com/cvp.html?GameID=0021200241&GameEventID=10,1,,Sacramento Kings,Thompson S.FOUL (P1.T2),10:57
http://stats.nba.com/cvp.html?GameID=0021200241&GameEventID=11,1,[ 0 - 3 ],Los Angeles Clippers,Griffin Free Throw 1 of 1 (3 PTS),10:57
http://stats.nba.com/cvp.html?GameID=0021200241&GameEventID=13,1,,Los Angeles Clippers,Jordan BLOCK (1 BLK),10:33
http://stats.nba.com/cvp.html?GameID=0021200241&GameEventID=13,1,,Sacramento Kings,MISS Brooks 6' Floating Jump Shot,10:33
http://stats.nba.com/cvp.html?GameID=0021200241&GameEventID=14,1,,Sacramento Kings,Thompson REBOUND (Off:1 Def:0),10:32
http://stats.nba.com/cvp.html?GameID=0021200241&GameEventID=15,1,[ 2 - 3 ],Sacramento Kings,Thompson 2' Layup (2 PTS),10:28
http://stats.nba.com/cvp.html?GameID=0021200241&GameEventID=16,1,,Los Angeles Clippers,MISS Jordan 2' Layup,10:03
http://stats.nba.com/cvp.html?GameID=0021200241&GameEventID=17,1,,Sacramento Kings,Thompson REBOUND (Off:1 Def:1),10:01
http://stats.nba.com/cvp.html?GameID=0021200241&GameEventID=18,1,,Los Angeles Clippers,Griffin STEAL (1 STL),9:52
http://stats.nba.com/cvp.html?GameID=0021200241&GameEventID=18,1,,Sacramento Kings,Cousins Lost Ball Turnover (P1.T1),9:52
http://stats.nba.com/cvp.html?GameID=0021200241&GameEventID=19,1,,Los Angeles Clippers,MISS Jordan 7' Jump Shot,9:33
http://stats.nba.com/cvp.html?GameID=0021200241&GameEventID=20,1,,Sacramento Kings,Cousins REBOUND (Off:0 Def:1),9:32
http://stats.nba.com/cvp.html?GameID=0021200241&GameEventID=21,1,,Sacramento Kings,MISS Thornton 25' 3PT Jump Shot,9:23
http://stats.nba.com/cvp.html?GameID=0021200241&GameEventID=22,1,,Los Angeles Clippers,Jordan REBOUND (Off:1 Def:2),9:21
http://stats.nba.com/cvp.html?GameID=0021200241&GameEventID=23,1,,Los Angeles Clippers,MISS Butler  3PT Jump Shot,9:16
http://stats.nba.com/cvp.html?GameID=0021200241&GameEventID=24,1,,Sacramento Kings,Salmons REBOUND (Off:0 Def:1),9:15
http://stats.nba.com/cvp.html?GameID=0021200241&GameEventID=25,1,[ 4 - 3 ],Sacramento Kings,Thornton 3' Driving Layup (2 PTS) (Salmons 1 AST),9:10
http://stats.nba.com/cvp.html?GameID=0021200241&GameEventID=26,1,[ 4 - 6 ],Los Angeles Clippers,Billups 25' 3PT Jump Shot (3 PTS) (Paul 1 AST),8:44
http://stats.nba.com/cvp.html?GameID=0021200241&GameEventID=27,1,[ 6 - 6 ],Sacramento Kings,Thompson 11' Turnaround Jump Shot (4 PTS) (Brooks 1 AST),8:21
http://stats.nba.com/cvp.html?GameID=0021200241&GameEventID=28,1,[ 6 - 9 ],Los Angeles Clippers,Butler 25' 3PT Jump Shot (3 PTS) (Billups 2 AST),8:11
http://stats.nba.com/cvp.html?GameID=0021200241&GameEventID=29,1,,Los Angeles Clippers,Paul P.FOUL (P1.T1),8:03
http://stats.nba.com/cvp.html?GameID=0021200241&GameEventID=30,1,,Sacramento Kings,MISS Salmons 2' Layup,7:54
http://stats.nba.com/cvp.html?GameID=0021200241&GameEventID=31,1,,Los Angeles Clippers,Griffin REBOUND (Off:0 Def:1),7:52
http://stats.nba.com/cvp.html?GameID=0021200241&GameEventID=32,1,,Los Angeles Clippers,MISS Paul 25' 3PT Jump Shot,7:47
http://stats.nba.com/cvp.html?GameID=0021200241&GameEventID=34,1,,Los Angeles Clippers,Jordan REBOUND (Off:2 Def:2),7:46
http://stats.nba.com/cvp.html?GameID=0021200241&GameEventID=33,1,[ 6 - 11 ],Los Angeles Clippers,Jordan 1' Putback Slam Dunk (2 PTS),7:46
http://stats.nba.com/cvp.html?GameID=0021200241&GameEventID=35,1,,Sacramento Kings,Kings Timeout: Regular (Reg.1 Short 0),7:38
http://stats.nba.com/cvp.html?GameID=0021200241&GameEventID=37,1,,Sacramento Kings,MISS Thompson 19' Jump Shot,7:26
http://stats.nba.com/cvp.html?GameID=0021200241&GameEventID=38,1,,Los Angeles Clippers,Griffin REBOUND (Off:0 Def:2),7:25
http://stats.nba.com/cvp.html?GameID=0021200241&GameEventID=39,1,[ 6 - 13 ],Los Angeles Clippers,Jordan 2' Alley Oop Dunk (4 PTS) (Griffin 1 AST),7:04
http://stats.nba.com/cvp.html?GameID=0021200241&GameEventID=40,1,,Sacramento Kings,MISS Cousins 22' Jump Shot,6:48
http://stats.nba.com/cvp.html?GameID=0021200241&GameEventID=41,1,,Los Angeles Clippers,Griffin REBOUND (Off:0 Def:3),6:46
http://stats.nba.com/cvp.html?GameID=0021200241&GameEventID=42,1,,Los Angeles Clippers,MISS Griffin 16' Jump Shot,6:30
http://stats.nba.com/cvp.html?GameID=0021200241&GameEventID=43,1,,Sacramento Kings,Salmons REBOUND (Off:0 Def:2),6:28
http://stats.nba.com/cvp.html?GameID=0021200241&GameEventID=44,1,,Sacramento Kings,MISS Thornton 22' Jump Shot,6:23
http://stats.nba.com/cvp.html?GameID=0021200241&GameEventID=45,1,,Los Angeles Clippers,Billups REBOUND (Off:0 Def:1),6:22
http://stats.nba.com/cvp.html?GameID=0021200241&GameEventID=46,1,,Sacramento Kings,Thornton P.FOUL (P1.T3),6:13
http://stats.nba.com/cvp.html?GameID=0021200241&GameEventID=47,1,[ 6 - 15 ],Los Angeles Clippers,Griffin 6' Hook Shot (5 PTS),6:02
http://stats.nba.com/cvp.html?GameID=0021200241&GameEventID=48,1,,Sacramento Kings,MISS Salmons 20' Jump Shot,5:48
http://stats.nba.com/cvp.html?GameID=0021200241&GameEventID=49,1,,Los Angeles Clippers,CLIPPERS Rebound,5:46
http://stats.nba.com/cvp.html?GameID=0021200241&GameEventID=50,1,,Los Angeles Clippers,SUB: Crawford FOR Billups,5:46
http://stats.nba.com/cvp.html?GameID=0021200241&GameEventID=51,1,[ 6 - 17 ],Los Angeles Clippers,Jordan 3' Layup (6 PTS) (Paul 2 AST),5:35
http://stats.nba.com/cvp.html?GameID=0021200241&GameEventID=52,1,[ 8 - 17 ],Sacramento Kings,Cousins 1' Layup (2 PTS) (Brooks 2 AST),5:26
http://stats.nba.com/cvp.html?GameID=0021200241&GameEventID=53,1,,Los Angeles Clippers,Crawford S.FOUL (P1.T2),5:26
http://stats.nba.com/cvp.html?GameID=0021200241&GameEventID=54,1,[ 9 - 17 ],Sacramento Kings,Cousins Free Throw 1 of 1 (3 PTS),5:26
http://stats.nba.com/cvp.html?GameID=0021200241&GameEventID=56,1,[ 9 - 19 ],Los Angeles Clippers,Paul 1' Driving Dunk (2 PTS),5:19
http://stats.nba.com/cvp.html?GameID=0021200241&GameEventID=57,1,,Los Angeles Clippers,Paul P.FOUL (P2.T3),5:15
http://stats.nba.com/cvp.html?GameID=0021200241&GameEventID=58,1,,Los Angeles Clippers,SUB: Bledsoe FOR Paul,5:15
http://stats.nba.com/cvp.html?GameID=0021200241&GameEventID=59,1,[ 11 - 19 ],Sacramento Kings,Salmons 2' Driving Layup (2 PTS) (Thornton 1 AST),5:02
http://stats.nba.com/cvp.html?GameID=0021200241&GameEventID=60,1,,Sacramento Kings,Thompson P.FOUL (P2.T4),4:47
http://stats.nba.com/cvp.html?GameID=0021200241&GameEventID=61,1,,Los Angeles Clippers,MISS Crawford 28' 3PT Jump Shot,4:32
http://stats.nba.com/cvp.html?GameID=0021200241&GameEventID=62,1,,Sacramento Kings,Brooks REBOUND (Off:0 Def:1),4:31
http://stats.nba.com/cvp.html?GameID=0021200241&GameEventID=63,1,,Los Angeles Clippers,Jordan BLOCK (2 BLK),4:26
http://stats.nba.com/cvp.html?GameID=0021200241&GameEventID=63,1,,Sacramento Kings,MISS Brooks 2' Layup,4:26
http://stats.nba.com/cvp.html?GameID=0021200241&GameEventID=64,1,,Los Angeles Clippers,Griffin REBOUND (Off:0 Def:4),4:23
http://stats.nba.com/cvp.html?GameID=0021200241&GameEventID=65,1,,Los Angeles Clippers,MISS Jordan 3' Finger Roll Layup,4:08
http://stats.nba.com/cvp.html?GameID=0021200241&GameEventID=66,1,,Sacramento Kings,Cousins REBOUND (Off:0 Def:2),4:06
http://stats.nba.com/cvp.html?GameID=0021200241&GameEventID=67,1,,Sacramento Kings,MISS Cousins 20' Jump Shot,3:55
http://stats.nba.com/cvp.html?GameID=0021200241&GameEventID=68,1,,Los Angeles Clippers,Crawford REBOUND (Off:0 Def:1),3:54
http://stats.nba.com/cvp.html?GameID=0021200241&GameEventID=69,1,,Los Angeles Clippers,MISS Crawford 9' Running Jump Shot,3:45
http://stats.nba.com/cvp.html?GameID=0021200241&GameEventID=70,1,,Sacramento Kings,Cousins REBOUND (Off:0 Def:3),3:42
http://stats.nba.com/cvp.html?GameID=0021200241&GameEventID=71,1,[ 14 - 19 ],Sacramento Kings,Thornton 24' 3PT Jump Shot (5 PTS) (Cousins 1 AST),3:37
http://stats.nba.com/cvp.html?GameID=0021200241&GameEventID=72,1,,Los Angeles Clippers,CLIPPERS Timeout: Regular (Full 1 Short 0),3:30
http://stats.nba.com/cvp.html?GameID=0021200241&GameEventID=74,1,,Los Angeles Clippers,SUB: Odom FOR Jordan,3:30
http://stats.nba.com/cvp.html?GameID=0021200241&GameEventID=75,1,,Sacramento Kings,SUB: Hayes FOR Thompson,3:30
http://stats.nba.com/cvp.html?GameID=0021200241&GameEventID=76,1,,Los Angeles Clippers,MISS Griffin 1' Dunk,3:15
http://stats.nba.com/cvp.html?GameID=0021200241&GameEventID=77,1,,Los Angeles Clippers,Odom REBOUND (Off:1 Def:0),3:14
http://stats.nba.com/cvp.html?GameID=0021200241&GameEventID=78,1,[ 14 - 21 ],Los Angeles Clippers,Odom 2' Layup (2 PTS),3:12
http://stats.nba.com/cvp.html?GameID=0021200241&GameEventID=79,1,,Los Angeles Clippers,Bledsoe STEAL (1 STL),2:54
http://stats.nba.com/cvp.html?GameID=0021200241&GameEventID=79,1,,Sacramento Kings,Thornton Bad Pass Turnover (P1.T2),2:54
http://stats.nba.com/cvp.html?GameID=0021200241&GameEventID=80,1,,Sacramento Kings,Brooks S.FOUL (P1.PN),2:49
http://stats.nba.com/cvp.html?GameID=0021200241&GameEventID=81,1,,Sacramento Kings,SUB: Robinson FOR Cousins,2:49
http://stats.nba.com/cvp.html?GameID=0021200241&GameEventID=82,1,,Los Angeles Clippers,SUB: Barnes FOR Butler,2:49
http://stats.nba.com/cvp.html?GameID=0021200241&GameEventID=83,1,[ 14 - 22 ],Los Angeles Clippers,Griffin Free Throw 1 of 2 (6 PTS),2:49
http://stats.nba.com/cvp.html?GameID=0021200241&GameEventID=85,1,[ 14 - 23 ],Los Angeles Clippers,Griffin Free Throw 2 of 2 (7 PTS),2:49
http://stats.nba.com/cvp.html?GameID=0021200241&GameEventID=87,1,,Sacramento Kings,MISS Salmons  3PT Jump Shot,2:37
http://stats.nba.com/cvp.html?GameID=0021200241&GameEventID=88,1,,Los Angeles Clippers,Odom REBOUND (Off:1 Def:1),2:35
http://stats.nba.com/cvp.html?GameID=0021200241&GameEventID=89,1,[ 14 - 25 ],Los Angeles Clippers,Barnes 2' Driving Slam Dunk (2 PTS) (Odom 1 AST),2:33
http://stats.nba.com/cvp.html?GameID=0021200241&GameEventID=90,1,,Sacramento Kings,Salmons Bad Pass Turnover (P1.T3),2:15
http://stats.nba.com/cvp.html?GameID=0021200241&GameEventID=91,1,,Sacramento Kings,SUB: Garcia FOR Thornton,2:15
http://stats.nba.com/cvp.html?GameID=0021200241&GameEventID=92,1,[ 14 - 28 ],Los Angeles Clippers,Barnes 24' 3PT Jump Shot (5 PTS) (Odom 2 AST),1:59
http://stats.nba.com/cvp.html?GameID=0021200241&GameEventID=93,1,,Los Angeles Clippers,Barnes S.FOUL (P1.T4),1:43
http://stats.nba.com/cvp.html?GameID=0021200241&GameEventID=94,1,[ 15 - 28 ],Sacramento Kings,Salmons Free Throw 1 of 2 (3 PTS),1:43
http://stats.nba.com/cvp.html?GameID=0021200241&GameEventID=96,1,,Los Angeles Clippers,SUB: Turiaf FOR Griffin,1:43
http://stats.nba.com/cvp.html?GameID=0021200241&GameEventID=97,1,,Sacramento Kings,MISS Salmons Free Throw 2 of 2,1:43
http://stats.nba.com/cvp.html?GameID=0021200241&GameEventID=99,1,,Los Angeles Clippers,Odom REBOUND (Off:1 Def:2),1:42
http://stats.nba.com/cvp.html?GameID=0021200241&GameEventID=100,1,,Los Angeles Clippers,MISS Crawford 26' 3PT Jump Shot,1:27
http://stats.nba.com/cvp.html?GameID=0021200241&GameEventID=101,1,,Sacramento Kings,Salmons REBOUND (Off:0 Def:3),1:26
http://stats.nba.com/cvp.html?GameID=0021200241&GameEventID=102,1,,Sacramento Kings,MISS Brooks 25' 3PT Jump Shot,1:16
http://stats.nba.com/cvp.html?GameID=0021200241&GameEventID=103,1,,Sacramento Kings,Hayes REBOUND (Off:1 Def:0),1:13
http://stats.nba.com/cvp.html?GameID=0021200241&GameEventID=104,1,,Los Angeles Clippers,Bledsoe BLOCK (1 BLK),1:07
http://stats.nba.com/cvp.html?GameID=0021200241&GameEventID=104,1,,Sacramento Kings,MISS Salmons 3' Layup,1:07
http://stats.nba.com/cvp.html?GameID=0021200241&GameEventID=105,1,,Los Angeles Clippers,Turiaf REBOUND (Off:0 Def:1),1:05
http://stats.nba.com/cvp.html?GameID=0021200241&GameEventID=106,1,,Los Angeles Clippers,MISS Crawford 16' Jump Shot,0:57
http://stats.nba.com/cvp.html?GameID=0021200241&GameEventID=107,1,,Sacramento Kings,Salmons REBOUND (Off:0 Def:4),0:56
http://stats.nba.com/cvp.html?GameID=0021200241&GameEventID=108,1,[ 17 - 28 ],Sacramento Kings,Robinson 10' Running Bank Shot (2 PTS) (Salmons 2 AST),0:40
http://stats.nba.com/cvp.html?GameID=0021200241&GameEventID=109,1,,Los Angeles Clippers,MISS Bledsoe 18' Jump Shot,0:27
http://stats.nba.com/cvp.html?GameID=0021200241&GameEventID=110,1,,Sacramento Kings,Robinson REBOUND (Off:0 Def:1),0:26
http://stats.nba.com/cvp.html?GameID=0021200241&GameEventID=111,1,,Los Angeles Clippers,Bledsoe STEAL (2 STL),0:20
http://stats.nba.com/cvp.html?GameID=0021200241&GameEventID=111,1,,Sacramento Kings,Robinson Lost Ball Turnover (P1.T4),0:20
http://stats.nba.com/cvp.html?GameID=0021200241&GameEventID=112,1,,Los Angeles Clippers,Crawford Lost Ball Turnover (P1.T1),0:02
http://stats.nba.com/cvp.html?GameID=0021200241&GameEventID=112,1,,Sacramento Kings,Garcia STEAL (1 STL),0:02
http://stats.nba.com/cvp.html?GameID=0021200241&GameEventID=119,2,,Los Angeles Clippers,Turiaf BLOCK (1 BLK),11:47
http://stats.nba.com/cvp.html?GameID=0021200241&GameEventID=119,2,,Sacramento Kings,MISS Salmons 2' Layup,11:47
http://stats.nba.com/cvp.html?GameID=0021200241&GameEventID=120,2,,Sacramento Kings,Hayes REBOUND (Off:2 Def:0),11:46
http://stats.nba.com/cvp.html?GameID=0021200241&GameEventID=121,2,[ 19 - 28 ],Sacramento Kings,Hayes 1' Layup (2 PTS),11:44
http://stats.nba.com/cvp.html?GameID=0021200241&GameEventID=122,2,[ 19 - 30 ],Los Angeles Clippers,Barnes 2' Driving Layup (7 PTS),11:20
http://stats.nba.com/cvp.html?GameID=0021200241&GameEventID=123,2,,Sacramento Kings,MISS Salmons 25' 3PT Jump Shot,10:52
http://stats.nba.com/cvp.html?GameID=0021200241&GameEventID=124,2,,Los Angeles Clippers,Turiaf REBOUND (Off:0 Def:2),10:51
http://stats.nba.com/cvp.html?GameID=0021200241&GameEventID=125,2,[ 19 - 32 ],Los Angeles Clippers,Turiaf 1' Driving Dunk (2 PTS) (Crawford 1 AST),10:43
http://stats.nba.com/cvp.html?GameID=0021200241&GameEventID=126,2,[ 21 - 32 ],Sacramento Kings,Salmons 19' Jump Shot (5 PTS) (Hayes 1 AST),10:22
http://stats.nba.com/cvp.html?GameID=0021200241&GameEventID=127,2,,Sacramento Kings,Salmons P.FOUL (P1.T1),10:05
http://stats.nba.com/cvp.html?GameID=0021200241&GameEventID=128,2,,Sacramento Kings,SUB: Thomas FOR Brooks,10:05
http://stats.nba.com/cvp.html?GameID=0021200241&GameEventID=129,2,,Sacramento Kings,SUB: Johnson FOR Salmons,10:05
http://stats.nba.com/cvp.html?GameID=0021200241&GameEventID=130,2,[ 21 - 34 ],Los Angeles Clippers,Bledsoe 2' Driving Layup (2 PTS),9:58
http://stats.nba.com/cvp.html?GameID=0021200241&GameEventID=131,2,,Sacramento Kings,Thomas S.FOUL (P1.T2),9:58
http://stats.nba.com/cvp.html?GameID=0021200241&GameEventID=132,2,,Los Angeles Clippers,MISS Bledsoe Free Throw 1 of 1,9:58
http://stats.nba.com/cvp.html?GameID=0021200241&GameEventID=134,2,,Sacramento Kings,Hayes REBOUND (Off:2 Def:1),9:57
http://stats.nba.com/cvp.html?GameID=0021200241&GameEventID=135,2,,Sacramento Kings,Johnson Out of Bounds Lost Ball Turnover (P1.T5),9:39
http://stats.nba.com/cvp.html?GameID=0021200241&GameEventID=136,2,[ 21 - 37 ],Los Angeles Clippers,Crawford  3PT Jump Shot (3 PTS) (Bledsoe 1 AST),9:33
http://stats.nba.com/cvp.html?GameID=0021200241&GameEventID=137,2,,Sacramento Kings,Kings Timeout: Regular (Reg.2 Short 0),9:29
http://stats.nba.com/cvp.html?GameID=0021200241&GameEventID=139,2,,Los Angeles Clippers,Bledsoe P.FOUL (P1.T1),9:23
http://stats.nba.com/cvp.html?GameID=0021200241&GameEventID=145,2,,Los Angeles Clippers,Turiaf BLOCK (2 BLK),9:12
http://stats.nba.com/cvp.html?GameID=0021200241&GameEventID=145,2,,Sacramento Kings,MISS Robinson 1' Driving Layup,9:12
http://stats.nba.com/cvp.html?GameID=0021200241&GameEventID=140,2,,Los Angeles Clippers,Crawford REBOUND (Off:0 Def:2),9:10
http://stats.nba.com/cvp.html?GameID=0021200241&GameEventID=141,2,[ 21 - 39 ],Los Angeles Clippers,Turiaf 3' Layup (4 PTS) (Crawford 2 AST),9:03
http://stats.nba.com/cvp.html?GameID=0021200241&GameEventID=142,2,,Sacramento Kings,Thomas Bad Pass Turnover (P1.T6),8:48
http://stats.nba.com/cvp.html?GameID=0021200241&GameEventID=143,2,,Los Angeles Clippers,Barnes Lost Ball Turnover (P1.T2),8:34
http://stats.nba.com/cvp.html?GameID=0021200241&GameEventID=143,2,,Sacramento Kings,Garcia STEAL (2 STL),8:34
http://stats.nba.com/cvp.html?GameID=0021200241&GameEventID=144,2,,Los Angeles Clippers,Bledsoe STEAL (3 STL),8:29
http://stats.nba.com/cvp.html?GameID=0021200241&GameEventID=144,2,,Sacramento Kings,Thomas Bad Pass Turnover (P2.T7),8:29
http://stats.nba.com/cvp.html?GameID=0021200241&GameEventID=146,2,,Sacramento Kings,Hayes S.FOUL (P1.T3),8:24
http://stats.nba.com/cvp.html?GameID=0021200241&GameEventID=147,2,,Los Angeles Clippers,MISS Turiaf Free Throw 1 of 2,8:24
http://stats.nba.com/cvp.html?GameID=0021200241&GameEventID=148,2,,Los Angeles Clippers,CLIPPERS Rebound,8:24
http://stats.nba.com/cvp.html?GameID=0021200241&GameEventID=149,2,,Sacramento Kings,SUB: Thompson FOR Robinson,8:24
http://stats.nba.com/cvp.html?GameID=0021200241&GameEventID=150,2,[ 21 - 40 ],Los Angeles Clippers,Turiaf Free Throw 2 of 2 (5 PTS),8:24
http://stats.nba.com/cvp.html?GameID=0021200241&GameEventID=154,2,[ 24 - 40 ],Sacramento Kings,Thomas 26' 3PT Jump Shot (3 PTS) (Garcia 1 AST),8:05
http://stats.nba.com/cvp.html?GameID=0021200241&GameEventID=155,2,,Los Angeles Clippers,MISS Crawford 16' Jump Shot,7:46
http://stats.nba.com/cvp.html?GameID=0021200241&GameEventID=156,2,,Sacramento Kings,Thompson REBOUND (Off:1 Def:2),7:45
http://stats.nba.com/cvp.html?GameID=0021200241&GameEventID=157,2,,Sacramento Kings,MISS Thomas 15' Pullup Jump Shot,7:35
http://stats.nba.com/cvp.html?GameID=0021200241&GameEventID=159,2,,Sacramento Kings,Thompson REBOUND (Off:2 Def:2),7:34
http://stats.nba.com/cvp.html?GameID=0021200241&GameEventID=158,2,,Sacramento Kings,MISS Thompson 2' Tip Shot,7:34
http://stats.nba.com/cvp.html?GameID=0021200241&GameEventID=160,2,,Los Angeles Clippers,Turiaf REBOUND (Off:0 Def:3),7:30
http://stats.nba.com/cvp.html?GameID=0021200241&GameEventID=161,2,[ 24 - 42 ],Los Angeles Clippers,Barnes 2' Driving Layup (9 PTS) (Bledsoe 2 AST),7:28
http://stats.nba.com/cvp.html?GameID=0021200241&GameEventID=162,2,,Los Angeles Clippers,Crawford STEAL (1 STL),7:03
http://stats.nba.com/cvp.html?GameID=0021200241&GameEventID=162,2,,Sacramento Kings,Johnson Bad Pass Turnover (P2.T8),7:03
http://stats.nba.com/cvp.html?GameID=0021200241&GameEventID=163,2,[ 24 - 44 ],Los Angeles Clippers,Crawford 2' Driving Dunk (5 PTS),6:59
http://stats.nba.com/cvp.html?GameID=0021200241&GameEventID=164,2,,Los Angeles Clippers,Turiaf STEAL (1 STL),6:40
http://stats.nba.com/cvp.html?GameID=0021200241&GameEventID=164,2,,Sacramento Kings,Garcia Lost Ball Turnover (P1.T9),6:40
http://stats.nba.com/cvp.html?GameID=0021200241&GameEventID=165,2,[ 24 - 46 ],Los Angeles Clippers,Bledsoe 2' Driving Layup (4 PTS) (Crawford 3 AST),6:30
http://stats.nba.com/cvp.html?GameID=0021200241&GameEventID=166,2,,Sacramento Kings,Kings Timeout: Short (Reg.2 Short 1),6:25
http://stats.nba.com/cvp.html?GameID=0021200241&GameEventID=168,2,,Los Angeles Clippers,SUB: Paul FOR Bledsoe,6:25
http://stats.nba.com/cvp.html?GameID=0021200241&GameEventID=169,2,,Los Angeles Clippers,SUB: Griffin FOR Odom,6:25
http://stats.nba.com/cvp.html?GameID=0021200241&GameEventID=170,2,,Sacramento Kings,SUB: Salmons FOR Johnson,6:25
http://stats.nba.com/cvp.html?GameID=0021200241&GameEventID=171,2,[ 27 - 46 ],Sacramento Kings,Garcia 26' 3PT Jump Shot (3 PTS) (Thompson 1 AST),6:11
http://stats.nba.com/cvp.html?GameID=0021200241&GameEventID=172,2,,Los Angeles Clippers,Crawford Traveling Turnover (P2.T3),5:56
http://stats.nba.com/cvp.html?GameID=0021200241&GameEventID=176,2,,Los Angeles Clippers,SUB: Billups FOR Crawford,5:56
http://stats.nba.com/cvp.html?GameID=0021200241&GameEventID=177,2,[ 29 - 46 ],Sacramento Kings,Thompson 2' Layup (6 PTS) (Hayes 2 AST),5:43
http://stats.nba.com/cvp.html?GameID=0021200241&GameEventID=178,2,,Sacramento Kings,Garcia P.FOUL (P1.T4),5:35
http://stats.nba.com/cvp.html?GameID=0021200241&GameEventID=179,2,,Sacramento Kings,Hayes P.FOUL (P2.PN),5:23
http://stats.nba.com/cvp.html?GameID=0021200241&GameEventID=180,2,[ 29 - 47 ],Los Angeles Clippers,Griffin Free Throw 1 of 2 (8 PTS),5:23
http://stats.nba.com/cvp.html?GameID=0021200241&GameEventID=182,2,,Los Angeles Clippers,SUB: Jordan FOR Turiaf,5:23
http://stats.nba.com/cvp.html?GameID=0021200241&GameEventID=183,2,,Los Angeles Clippers,SUB: Butler FOR Barnes,5:23
http://stats.nba.com/cvp.html?GameID=0021200241&GameEventID=184,2,,Los Angeles Clippers,MISS Griffin Free Throw 2 of 2,5:23
http://stats.nba.com/cvp.html?GameID=0021200241&GameEventID=186,2,,Sacramento Kings,Hayes REBOUND (Off:2 Def:2),5:22
http://stats.nba.com/cvp.html?GameID=0021200241&GameEventID=188,2,,Sacramento Kings,MISS Thomas 24' 3PT Jump Shot,5:03
http://stats.nba.com/cvp.html?GameID=0021200241&GameEventID=189,2,,Los Angeles Clippers,Paul REBOUND (Off:0 Def:1),5:02
http://stats.nba.com/cvp.html?GameID=0021200241&GameEventID=190,2,[ 29 - 49 ],Los Angeles Clippers,Paul 15' Jump Shot (4 PTS),4:54
http://stats.nba.com/cvp.html?GameID=0021200241&GameEventID=191,2,,Los Angeles Clippers,Billups STEAL (1 STL),4:40
http://stats.nba.com/cvp.html?GameID=0021200241&GameEventID=191,2,,Sacramento Kings,Garcia Bad Pass Turnover (P2.T10),4:40
http://stats.nba.com/cvp.html?GameID=0021200241&GameEventID=192,2,,Sacramento Kings,Garcia S.FOUL (P2.PN),4:30
http://stats.nba.com/cvp.html?GameID=0021200241&GameEventID=193,2,,Los Angeles Clippers,MISS Jordan Free Throw 1 of 2,4:30
http://stats.nba.com/cvp.html?GameID=0021200241&GameEventID=194,2,,Los Angeles Clippers,CLIPPERS Rebound,4:30
http://stats.nba.com/cvp.html?GameID=0021200241&GameEventID=195,2,,Sacramento Kings,SUB: Thornton FOR Garcia,4:30
http://stats.nba.com/cvp.html?GameID=0021200241&GameEventID=196,2,,Sacramento Kings,SUB: Outlaw FOR Hayes,4:30
http://stats.nba.com/cvp.html?GameID=0021200241&GameEventID=197,2,[ 29 - 50 ],Los Angeles Clippers,Jordan Free Throw 2 of 2 (7 PTS),4:30
http://stats.nba.com/cvp.html?GameID=0021200241&GameEventID=200,2,,Sacramento Kings,MISS Outlaw 26' 3PT Jump Shot,4:14
http://stats.nba.com/cvp.html?GameID=0021200241&GameEventID=201,2,,Los Angeles Clippers,Paul REBOUND (Off:0 Def:2),4:13
http://stats.nba.com/cvp.html?GameID=0021200241&GameEventID=202,2,[ 29 - 53 ],Los Angeles Clippers,Billups  3PT Jump Shot (6 PTS) (Butler 1 AST),3:55
http://stats.nba.com/cvp.html?GameID=0021200241&GameEventID=203,2,,Sacramento Kings,MISS Outlaw 21' Jump Shot,3:40
http://stats.nba.com/cvp.html?GameID=0021200241&GameEventID=204,2,,Sacramento Kings,Thompson REBOUND (Off:3 Def:2),3:39
http://stats.nba.com/cvp.html?GameID=0021200241&GameEventID=205,2,[ 31 - 53 ],Sacramento Kings,Thompson 2' Layup (8 PTS),3:36
http://stats.nba.com/cvp.html?GameID=0021200241&GameEventID=206,2,,Los Angeles Clippers,MISS Billups 12' Turnaround Bank Shot,3:22
http://stats.nba.com/cvp.html?GameID=0021200241&GameEventID=207,2,,Los Angeles Clippers,Griffin REBOUND (Off:1 Def:4),3:19
http://stats.nba.com/cvp.html?GameID=0021200241&GameEventID=208,2,,Los Angeles Clippers,Paul Out of Bounds Lost Ball Turnover (P1.T4),3:07
http://stats.nba.com/cvp.html?GameID=0021200241&GameEventID=209,2,,Sacramento Kings,MISS Thompson 11' Jump Shot,2:47
http://stats.nba.com/cvp.html?GameID=0021200241&GameEventID=210,2,,Los Angeles Clippers,Jordan REBOUND (Off:2 Def:3),2:46
http://stats.nba.com/cvp.html?GameID=0021200241&GameEventID=211,2,[ 31 - 56 ],Los Angeles Clippers,Butler 25' 3PT Jump Shot (6 PTS) (Paul 3 AST),2:28
http://stats.nba.com/cvp.html?GameID=0021200241&GameEventID=212,2,,Sacramento Kings,MISS Thomas 3' Alley Oop Layup,2:02
http://stats.nba.com/cvp.html?GameID=0021200241&GameEventID=213,2,,Los Angeles Clippers,Billups REBOUND (Off:0 Def:2),2:01
http://stats.nba.com/cvp.html?GameID=0021200241&GameEventID=214,2,,Sacramento Kings,Outlaw S.FOUL (P1.PN),1:57
http://stats.nba.com/cvp.html?GameID=0021200241&GameEventID=215,2,,Los Angeles Clippers,CLIPPERS Timeout: Regular (Full 2 Short 0),1:57
http://stats.nba.com/cvp.html?GameID=0021200241&GameEventID=216,2,,Los Angeles Clippers,MISS Jordan Free Throw 1 of 2,1:57
http://stats.nba.com/cvp.html?GameID=0021200241&GameEventID=218,2,,Los Angeles Clippers,CLIPPERS Rebound,1:57
http://stats.nba.com/cvp.html?GameID=0021200241&GameEventID=217,2,,Los Angeles Clippers,MISS Jordan Free Throw 2 of 2,1:57
http://stats.nba.com/cvp.html?GameID=0021200241&GameEventID=220,2,,Sacramento Kings,Outlaw REBOUND (Off:0 Def:1),1:55
http://stats.nba.com/cvp.html?GameID=0021200241&GameEventID=221,2,,Los Angeles Clippers,Billups S.FOUL (P1.T2),1:39
http://stats.nba.com/cvp.html?GameID=0021200241&GameEventID=222,2,,Sacramento Kings,MISS Outlaw Free Throw 1 of 2,1:39
http://stats.nba.com/cvp.html?GameID=0021200241&GameEventID=223,2,,Sacramento Kings,Kings Rebound,1:39
http://stats.nba.com/cvp.html?GameID=0021200241&GameEventID=225,2,,Sacramento Kings,SUB: Hayes FOR Thomas,1:39
http://stats.nba.com/cvp.html?GameID=0021200241&GameEventID=226,2,[ 32 - 56 ],Sacramento Kings,Outlaw Free Throw 2 of 2 (1 PTS),1:39
http://stats.nba.com/cvp.html?GameID=0021200241&GameEventID=228,2,,Los Angeles Clippers,MISS Griffin 10' Jump Shot,1:23
http://stats.nba.com/cvp.html?GameID=0021200241&GameEventID=228,2,,Sacramento Kings,Hayes BLOCK (1 BLK),1:23
http://stats.nba.com/cvp.html?GameID=0021200241&GameEventID=229,2,,Sacramento Kings,Hayes REBOUND (Off:2 Def:3),1:21
http://stats.nba.com/cvp.html?GameID=0021200241&GameEventID=230,2,,Los Angeles Clippers,Jordan S.FOUL (P1.PN),1:10
http://stats.nba.com/cvp.html?GameID=0021200241&GameEventID=231,2,[ 33 - 56 ],Sacramento Kings,Thompson Free Throw 1 of 2 (9 PTS),1:10
http://stats.nba.com/cvp.html?GameID=0021200241&GameEventID=233,2,[ 34 - 56 ],Sacramento Kings,Thompson Free Throw 2 of 2 (10 PTS),1:10
http://stats.nba.com/cvp.html?GameID=0021200241&GameEventID=236,2,,Los Angeles Clippers,MISS Butler 25' 3PT Jump Shot,0:48
http://stats.nba.com/cvp.html?GameID=0021200241&GameEventID=237,2,,Sacramento Kings,Thornton REBOUND (Off:0 Def:1),0:47
http://stats.nba.com/cvp.html?GameID=0021200241&GameEventID=238,2,,Sacramento Kings,MISS Thompson 16' Jump Shot,0:37
http://stats.nba.com/cvp.html?GameID=0021200241&GameEventID=239,2,,Sacramento Kings,Outlaw REBOUND (Off:1 Def:1),0:36
http://stats.nba.com/cvp.html?GameID=0021200241&GameEventID=240,2,,Sacramento Kings,MISS Thornton 25' 3PT Jump Shot,0:24
http://stats.nba.com/cvp.html?GameID=0021200241&GameEventID=241,2,,Los Angeles Clippers,Butler REBOUND (Off:0 Def:1),0:19
http://stats.nba.com/cvp.html?GameID=0021200241&GameEventID=242,2,,Los Angeles Clippers,MISS Paul 14' Turnaround Fadeaway Shot,0:01
http://stats.nba.com/cvp.html?GameID=0021200241&GameEventID=244,2,,Los Angeles Clippers,Jordan REBOUND (Off:3 Def:3),0:00
http://stats.nba.com/cvp.html?GameID=0021200241&GameEventID=243,2,[ 34 - 58 ],Los Angeles Clippers,Jordan 2' Tip Shot (9 PTS),0:00
http://stats.nba.com/cvp.html?GameID=0021200241&GameEventID=245,2,,Sacramento Kings,MISS Outlaw 76' 3PT Jump Shot,0:00
http://stats.nba.com/cvp.html?GameID=0021200241&GameEventID=246,2,,Sacramento Kings,Kings Rebound,0:00
http://stats.nba.com/cvp.html?GameID=0021200241&GameEventID=250,3,,Los Angeles Clippers,Jordan STEAL (1 STL),11:39
http://stats.nba.com/cvp.html?GameID=0021200241&GameEventID=250,3,,Sacramento Kings,Cousins Lost Ball Turnover (P2.T11),11:39
http://stats.nba.com/cvp.html?GameID=0021200241&GameEventID=251,3,,Los Angeles Clippers,MISS Billups 26' 3PT Jump Shot,11:22
http://stats.nba.com/cvp.html?GameID=0021200241&GameEventID=252,3,,Sacramento Kings,Thompson REBOUND (Off:3 Def:3),11:20
http://stats.nba.com/cvp.html?GameID=0021200241&GameEventID=253,3,,Los Angeles Clippers,Butler STEAL (1 STL),11:12
http://stats.nba.com/cvp.html?GameID=0021200241&GameEventID=253,3,,Sacramento Kings,Brooks Bad Pass Turnover (P1.T12),11:12
http://stats.nba.com/cvp.html?GameID=0021200241&GameEventID=254,3,,Sacramento Kings,Brooks P.FOUL (P2.T1),10:59
http://stats.nba.com/cvp.html?GameID=0021200241&GameEventID=255,3,,Los Angeles Clippers,MISS Butler 26' 3PT Jump Shot,10:46
http://stats.nba.com/cvp.html?GameID=0021200241&GameEventID=256,3,,Los Angeles Clippers,Paul REBOUND (Off:1 Def:2),10:45
http://stats.nba.com/cvp.html?GameID=0021200241&GameEventID=257,3,[ 34 - 60 ],Los Angeles Clippers,Jordan 2' Slam Dunk (11 PTS) (Paul 4 AST),10:43
http://stats.nba.com/cvp.html?GameID=0021200241&GameEventID=258,3,[ 36 - 60 ],Sacramento Kings,Cousins 2' Finger Roll Layup (5 PTS) (Thompson 2 AST),10:24
http://stats.nba.com/cvp.html?GameID=0021200241&GameEventID=259,3,[ 36 - 63 ],Los Angeles Clippers,Paul 25' 3PT Jump Shot (7 PTS) (Billups 3 AST),10:07
http://stats.nba.com/cvp.html?GameID=0021200241&GameEventID=260,3,,Sacramento Kings,MISS Cousins 12' Jump Shot,9:50
http://stats.nba.com/cvp.html?GameID=0021200241&GameEventID=261,3,,Sacramento Kings,Thompson REBOUND (Off:4 Def:3),9:49
http://stats.nba.com/cvp.html?GameID=0021200241&GameEventID=262,3,[ 38 - 63 ],Sacramento Kings,Thompson 3' Layup (12 PTS),9:46
http://stats.nba.com/cvp.html?GameID=0021200241&GameEventID=263,3,,Sacramento Kings,Thompson P.FOUL (P3.T2),9:41
http://stats.nba.com/cvp.html?GameID=0021200241&GameEventID=264,3,[ 38 - 65 ],Los Angeles Clippers,Griffin 13' Jump Bank Shot (10 PTS),9:29
http://stats.nba.com/cvp.html?GameID=0021200241&GameEventID=265,3,[ 40 - 65 ],Sacramento Kings,Brooks 2' Layup (2 PTS) (Thompson 3 AST),9:10
http://stats.nba.com/cvp.html?GameID=0021200241&GameEventID=266,3,,Los Angeles Clippers,MISS Jordan 5' Jump Shot,8:46
http://stats.nba.com/cvp.html?GameID=0021200241&GameEventID=267,3,,Sacramento Kings,Cousins REBOUND (Off:0 Def:4),8:45
http://stats.nba.com/cvp.html?GameID=0021200241&GameEventID=268,3,,Los Angeles Clippers,Paul STEAL (1 STL),8:40
http://stats.nba.com/cvp.html?GameID=0021200241&GameEventID=268,3,,Sacramento Kings,Brooks Lost Ball Turnover (P2.T13),8:40
http://stats.nba.com/cvp.html?GameID=0021200241&GameEventID=269,3,[ 40 - 68 ],Los Angeles Clippers,Butler 25' 3PT Jump Shot (9 PTS) (Paul 5 AST),8:34
http://stats.nba.com/cvp.html?GameID=0021200241&GameEventID=270,3,,Sacramento Kings,Kings Timeout: Regular (Reg.3 Short 1),8:29
http://stats.nba.com/cvp.html?GameID=0021200241&GameEventID=271,3,,Los Angeles Clippers,Griffin S.FOUL (P1.T1),8:14
http://stats.nba.com/cvp.html?GameID=0021200241&GameEventID=272,3,,Sacramento Kings,MISS Cousins Free Throw 1 of 2,8:14
http://stats.nba.com/cvp.html?GameID=0021200241&GameEventID=273,3,,Sacramento Kings,Kings Rebound,8:14
http://stats.nba.com/cvp.html?GameID=0021200241&GameEventID=274,3,[ 41 - 68 ],Sacramento Kings,Cousins Free Throw 2 of 2 (6 PTS),8:14
http://stats.nba.com/cvp.html?GameID=0021200241&GameEventID=276,3,[ 41 - 71 ],Los Angeles Clippers,Paul 25' 3PT Jump Shot (10 PTS),7:53
http://stats.nba.com/cvp.html?GameID=0021200241&GameEventID=277,3,,Sacramento Kings,MISS Brooks 25' 3PT Jump Shot,7:32
http://stats.nba.com/cvp.html?GameID=0021200241&GameEventID=278,3,,Los Angeles Clippers,Griffin REBOUND (Off:1 Def:5),7:31
http://stats.nba.com/cvp.html?GameID=0021200241&GameEventID=279,3,,Los Angeles Clippers,MISS Butler  3PT Jump Shot,7:23
http://stats.nba.com/cvp.html?GameID=0021200241&GameEventID=280,3,,Sacramento Kings,Thompson REBOUND (Off:4 Def:4),7:22
http://stats.nba.com/cvp.html?GameID=0021200241&GameEventID=281,3,[ 43 - 71 ],Sacramento Kings,Cousins 1' Reverse Layup (8 PTS) (Thornton 2 AST),7:14
http://stats.nba.com/cvp.html?GameID=0021200241&GameEventID=282,3,,Sacramento Kings,Brooks P.FOUL (P3.T3),6:53
http://stats.nba.com/cvp.html?GameID=0021200241&GameEventID=283,3,[ 43 - 73 ],Los Angeles Clippers,Griffin 18' Step Back Jump Shot (12 PTS),6:39
http://stats.nba.com/cvp.html?GameID=0021200241&GameEventID=284,3,,Sacramento Kings,MISS Cousins 2' Layup,6:16
http://stats.nba.com/cvp.html?GameID=0021200241&GameEventID=286,3,,Sacramento Kings,Cousins REBOUND (Off:1 Def:4),6:14
http://stats.nba.com/cvp.html?GameID=0021200241&GameEventID=285,3,,Sacramento Kings,MISS Cousins  Tip Shot,6:14
http://stats.nba.com/cvp.html?GameID=0021200241&GameEventID=287,3,,Los Angeles Clippers,Paul REBOUND (Off:1 Def:3),6:12
http://stats.nba.com/cvp.html?GameID=0021200241&GameEventID=288,3,,Los Angeles Clippers,MISS Jordan 6' Hook Shot,6:05
http://stats.nba.com/cvp.html?GameID=0021200241&GameEventID=289,3,,Sacramento Kings,Cousins REBOUND (Off:1 Def:5),6:02
http://stats.nba.com/cvp.html?GameID=0021200241&GameEventID=290,3,,Los Angeles Clippers,Jordan S.FOUL (P2.T2),5:58
http://stats.nba.com/cvp.html?GameID=0021200241&GameEventID=291,3,[ 44 - 73 ],Sacramento Kings,Thompson Free Throw 1 of 2 (13 PTS),5:58
http://stats.nba.com/cvp.html?GameID=0021200241&GameEventID=293,3,,Los Angeles Clippers,SUB: Crawford FOR Billups,5:58
http://stats.nba.com/cvp.html?GameID=0021200241&GameEventID=294,3,[ 45 - 73 ],Sacramento Kings,Thompson Free Throw 2 of 2 (14 PTS),5:58
http://stats.nba.com/cvp.html?GameID=0021200241&GameEventID=297,3,[ 45 - 75 ],Los Angeles Clippers,Paul 21' Jump Shot (12 PTS),5:48
http://stats.nba.com/cvp.html?GameID=0021200241&GameEventID=299,3,[ 47 - 75 ],Sacramento Kings,Salmons 19' Jump Shot (7 PTS) (Thompson 4 AST),5:33
http://stats.nba.com/cvp.html?GameID=0021200241&GameEventID=300,3,[ 47 - 77 ],Los Angeles Clippers,Butler 21' Jump Shot (11 PTS) (Crawford 4 AST),5:08
http://stats.nba.com/cvp.html?GameID=0021200241&GameEventID=301,3,,Sacramento Kings,MISS Brooks 25' 3PT Jump Shot,4:53
http://stats.nba.com/cvp.html?GameID=0021200241&GameEventID=302,3,,Los Angeles Clippers,Griffin REBOUND (Off:1 Def:6),4:52
http://stats.nba.com/cvp.html?GameID=0021200241&GameEventID=303,3,,Los Angeles Clippers,MISS Butler 25' 3PT Jump Shot,4:41
http://stats.nba.com/cvp.html?GameID=0021200241&GameEventID=304,3,,Sacramento Kings,Thornton REBOUND (Off:0 Def:2),4:40
http://stats.nba.com/cvp.html?GameID=0021200241&GameEventID=305,3,,Sacramento Kings,MISS Salmons  3PT Jump Shot,4:23
http://stats.nba.com/cvp.html?GameID=0021200241&GameEventID=306,3,,Los Angeles Clippers,Griffin REBOUND (Off:1 Def:7),4:21
http://stats.nba.com/cvp.html?GameID=0021200241&GameEventID=307,3,[ 47 - 79 ],Los Angeles Clippers,Jordan 2' Layup (13 PTS) (Griffin 2 AST),4:06
http://stats.nba.com/cvp.html?GameID=0021200241&GameEventID=308,3,,Sacramento Kings,MISS Cousins 12' Jump Shot,3:46
http://stats.nba.com/cvp.html?GameID=0021200241&GameEventID=309,3,,Los Angeles Clippers,Paul REBOUND (Off:1 Def:4),3:46
http://stats.nba.com/cvp.html?GameID=0021200241&GameEventID=310,3,,Sacramento Kings,Cousins P.FOUL (P2.T4),3:46
http://stats.nba.com/cvp.html?GameID=0021200241&GameEventID=311,3,,Los Angeles Clippers,SUB: Barnes FOR Butler,3:46
http://stats.nba.com/cvp.html?GameID=0021200241&GameEventID=312,3,,Sacramento Kings,SUB: Fredette FOR Brooks,3:46
http://stats.nba.com/cvp.html?GameID=0021200241&GameEventID=313,3,[ 47 - 81 ],Los Angeles Clippers,Paul 2' Driving Layup (14 PTS),3:32
http://stats.nba.com/cvp.html?GameID=0021200241&GameEventID=314,3,,Los Angeles Clippers,Griffin P.FOUL (P2.T3),3:22
http://stats.nba.com/cvp.html?GameID=0021200241&GameEventID=316,3,,Los Angeles Clippers,SUB: Bledsoe FOR Paul,3:22
http://stats.nba.com/cvp.html?GameID=0021200241&GameEventID=317,3,,Sacramento Kings,SUB: Hayes FOR Cousins,3:22
http://stats.nba.com/cvp.html?GameID=0021200241&GameEventID=318,3,[ 49 - 81 ],Sacramento Kings,Salmons 2' Driving Layup (9 PTS) (Hayes 3 AST),3:08
http://stats.nba.com/cvp.html?GameID=0021200241&GameEventID=320,3,,Los Angeles Clippers,MISS Jordan 4' Jump Shot,2:48
http://stats.nba.com/cvp.html?GameID=0021200241&GameEventID=321,3,,Sacramento Kings,Thompson REBOUND (Off:4 Def:5),2:45
http://stats.nba.com/cvp.html?GameID=0021200241&GameEventID=322,3,,Sacramento Kings,MISS Fredette 3' Layup,2:40
http://stats.nba.com/cvp.html?GameID=0021200241&GameEventID=323,3,,Los Angeles Clippers,CLIPPERS Rebound,2:40
http://stats.nba.com/cvp.html?GameID=0021200241&GameEventID=324,3,,Los Angeles Clippers,CLIPPERS Timeout: Regular (Full 3 Short 0),2:40
http://stats.nba.com/cvp.html?GameID=0021200241&GameEventID=326,3,,Los Angeles Clippers,SUB: Turiaf FOR Jordan,2:40
http://stats.nba.com/cvp.html?GameID=0021200241&GameEventID=327,3,[ 49 - 83 ],Los Angeles Clippers,Griffin 18' Jump Shot (14 PTS) (Crawford 5 AST),2:19
http://stats.nba.com/cvp.html?GameID=0021200241&GameEventID=328,3,[ 52 - 83 ],Sacramento Kings,Thornton 26' 3PT Jump Shot (8 PTS) (Fredette 1 AST),1:51
http://stats.nba.com/cvp.html?GameID=0021200241&GameEventID=329,3,,Los Angeles Clippers,MISS Griffin 18' Jump Shot,1:34
http://stats.nba.com/cvp.html?GameID=0021200241&GameEventID=330,3,,Sacramento Kings,Thompson REBOUND (Off:4 Def:6),1:33
http://stats.nba.com/cvp.html?GameID=0021200241&GameEventID=331,3,,Sacramento Kings,MISS Salmons 3' Layup,1:24
http://stats.nba.com/cvp.html?GameID=0021200241&GameEventID=332,3,,Los Angeles Clippers,Griffin REBOUND (Off:1 Def:8),1:21
http://stats.nba.com/cvp.html?GameID=0021200241&GameEventID=333,3,,Los Angeles Clippers,MISS Bledsoe 15' Jump Shot,1:12
http://stats.nba.com/cvp.html?GameID=0021200241&GameEventID=334,3,,Sacramento Kings,Thompson REBOUND (Off:4 Def:7),1:10
http://stats.nba.com/cvp.html?GameID=0021200241&GameEventID=335,3,[ 55 - 83 ],Sacramento Kings,Thornton 26' 3PT Jump Shot (11 PTS) (Fredette 2 AST),1:00
http://stats.nba.com/cvp.html?GameID=0021200241&GameEventID=336,3,[ 55 - 85 ],Los Angeles Clippers,Bledsoe 13' Jump Shot (6 PTS),0:39
http://stats.nba.com/cvp.html?GameID=0021200241&GameEventID=337,3,[ 58 - 85 ],Sacramento Kings,Thornton 27' 3PT Jump Shot (14 PTS) (Salmons 3 AST),0:29
http://stats.nba.com/cvp.html?GameID=0021200241&GameEventID=338,3,[ 58 - 87 ],Los Angeles Clippers,Crawford 20' Jump Shot (7 PTS),0:11
http://stats.nba.com/cvp.html?GameID=0021200241&GameEventID=339,3,,Los Angeles Clippers,Bledsoe BLOCK (2 BLK),0:04
http://stats.nba.com/cvp.html?GameID=0021200241&GameEventID=339,3,,Sacramento Kings,MISS Fredette 6' Jump Shot,0:04
http://stats.nba.com/cvp.html?GameID=0021200241&GameEventID=340,3,,Sacramento Kings,Kings Rebound,0:04
http://stats.nba.com/cvp.html?GameID=0021200241&GameEventID=341,3,,Los Angeles Clippers,SUB: Odom FOR Griffin,0:04
http://stats.nba.com/cvp.html?GameID=0021200241&GameEventID=342,3,,Sacramento Kings,MISS Hayes 11' Turnaround Fadeaway Shot,0:00
http://stats.nba.com/cvp.html?GameID=0021200241&GameEventID=343,3,,Sacramento Kings,Kings Rebound,0:00
http://stats.nba.com/cvp.html?GameID=0021200241&GameEventID=347,4,,Los Angeles Clippers,MISS Crawford 20' Jump Shot,11:37
http://stats.nba.com/cvp.html?GameID=0021200241&GameEventID=348,4,,Los Angeles Clippers,CLIPPERS Rebound,11:35
http://stats.nba.com/cvp.html?GameID=0021200241&GameEventID=349,4,,Los Angeles Clippers,MISS Bledsoe 5' Jump Shot,11:32
http://stats.nba.com/cvp.html?GameID=0021200241&GameEventID=349,4,,Sacramento Kings,Fredette BLOCK (1 BLK),11:32
http://stats.nba.com/cvp.html?GameID=0021200241&GameEventID=350,4,,Sacramento Kings,Thompson REBOUND (Off:4 Def:8),11:30
http://stats.nba.com/cvp.html?GameID=0021200241&GameEventID=351,4,[ 60 - 87 ],Sacramento Kings,Thompson 7' Jump Shot (16 PTS),11:18
http://stats.nba.com/cvp.html?GameID=0021200241&GameEventID=352,4,,Los Angeles Clippers,MISS Bledsoe 9' Jump Shot,10:54
http://stats.nba.com/cvp.html?GameID=0021200241&GameEventID=353,4,,Sacramento Kings,Kings Rebound,10:54
http://stats.nba.com/cvp.html?GameID=0021200241&GameEventID=354,4,,Los Angeles Clippers,Turiaf L.B.FOUL (P1.T1),10:54
http://stats.nba.com/cvp.html?GameID=0021200241&GameEventID=355,4,,Los Angeles Clippers,Bledsoe STEAL (4 STL),10:45
http://stats.nba.com/cvp.html?GameID=0021200241&GameEventID=355,4,,Sacramento Kings,Salmons Lost Ball Turnover (P2.T14),10:45
http://stats.nba.com/cvp.html?GameID=0021200241&GameEventID=356,4,[ 60 - 89 ],Los Angeles Clippers,Bledsoe 2' Driving Layup (8 PTS),10:41
http://stats.nba.com/cvp.html?GameID=0021200241&GameEventID=358,4,,Sacramento Kings,SUB: Robinson FOR Thompson,10:29
http://stats.nba.com/cvp.html?GameID=0021200241&GameEventID=359,4,[ 63 - 89 ],Sacramento Kings,Thornton  3PT Jump Shot (17 PTS) (Fredette 3 AST),10:16
http://stats.nba.com/cvp.html?GameID=0021200241&GameEventID=360,4,,Los Angeles Clippers,MISS Crawford 8' Running Hook Shot,9:49
http://stats.nba.com/cvp.html?GameID=0021200241&GameEventID=362,4,,Los Angeles Clippers,Odom REBOUND (Off:2 Def:2),9:47
http://stats.nba.com/cvp.html?GameID=0021200241&GameEventID=361,4,[ 63 - 91 ],Los Angeles Clippers,Odom 1' Tip Shot (4 PTS),9:47
http://stats.nba.com/cvp.html?GameID=0021200241&GameEventID=363,4,,Sacramento Kings,MISS Fredette 2' Layup,9:38
http://stats.nba.com/cvp.html?GameID=0021200241&GameEventID=364,4,,Los Angeles Clippers,Barnes REBOUND (Off:0 Def:1),9:35
http://stats.nba.com/cvp.html?GameID=0021200241&GameEventID=365,4,,Los Angeles Clippers,MISS Odom 26' 3PT Jump Shot,9:27
http://stats.nba.com/cvp.html?GameID=0021200241&GameEventID=366,4,,Sacramento Kings,Hayes REBOUND (Off:2 Def:4),9:26
http://stats.nba.com/cvp.html?GameID=0021200241&GameEventID=367,4,[ 66 - 91 ],Sacramento Kings,Thornton 25' 3PT Jump Shot (20 PTS) (Salmons 4 AST),9:18
http://stats.nba.com/cvp.html?GameID=0021200241&GameEventID=368,4,,Los Angeles Clippers,MISS Turiaf 2' Layup,8:58
http://stats.nba.com/cvp.html?GameID=0021200241&GameEventID=368,4,,Sacramento Kings,Hayes BLOCK (2 BLK),8:58
http://stats.nba.com/cvp.html?GameID=0021200241&GameEventID=369,4,,Los Angeles Clippers,Turiaf REBOUND (Off:1 Def:3),8:56
http://stats.nba.com/cvp.html?GameID=0021200241&GameEventID=370,4,[ 66 - 94 ],Los Angeles Clippers,Barnes  3PT Jump Shot (12 PTS) (Odom 3 AST),8:44
http://stats.nba.com/cvp.html?GameID=0021200241&GameEventID=371,4,,Sacramento Kings,MISS Robinson 6' Turnaround Hook Shot,8:16
http://stats.nba.com/cvp.html?GameID=0021200241&GameEventID=372,4,,Los Angeles Clippers,Bledsoe REBOUND (Off:0 Def:1),8:13
http://stats.nba.com/cvp.html?GameID=0021200241&GameEventID=373,4,,Sacramento Kings,Hayes P.FOUL (P3.T1),8:12
http://stats.nba.com/cvp.html?GameID=0021200241&GameEventID=377,4,,Sacramento Kings,SUB: Thomas FOR Salmons,8:12
http://stats.nba.com/cvp.html?GameID=0021200241&GameEventID=378,4,,Los Angeles Clippers,Bledsoe Out of Bounds Lost Ball Turnover (P1.T5),8:06
http://stats.nba.com/cvp.html?GameID=0021200241&GameEventID=379,4,,Sacramento Kings,MISS Thomas  3PT Jump Shot,7:43
http://stats.nba.com/cvp.html?GameID=0021200241&GameEventID=380,4,,Los Angeles Clippers,Turiaf REBOUND (Off:1 Def:4),7:41
http://stats.nba.com/cvp.html?GameID=0021200241&GameEventID=381,4,[ 66 - 97 ],Los Angeles Clippers,Crawford 25' 3PT Jump Shot (10 PTS) (Bledsoe 3 AST),7:25
http://stats.nba.com/cvp.html?GameID=0021200241&GameEventID=382,4,,Sacramento Kings,Robinson Bad Pass Turnover (P2.T15),7:06
http://stats.nba.com/cvp.html?GameID=0021200241&GameEventID=383,4,[ 66 - 99 ],Los Angeles Clippers,Crawford 17' Jump Shot (12 PTS) (Barnes 1 AST),6:51
http://stats.nba.com/cvp.html?GameID=0021200241&GameEventID=384,4,,Sacramento Kings,MISS Fredette 15' Fadeaway Jumper,6:41
http://stats.nba.com/cvp.html?GameID=0021200241&GameEventID=385,4,,Sacramento Kings,Hayes REBOUND (Off:3 Def:4),6:38
http://stats.nba.com/cvp.html?GameID=0021200241&GameEventID=386,4,[ 68 - 99 ],Sacramento Kings,Thomas 1' Layup (5 PTS) (Robinson 1 AST),6:36
http://stats.nba.com/cvp.html?GameID=0021200241&GameEventID=387,4,[ 68 - 101 ],Los Angeles Clippers,Bledsoe 2' Driving Slam Dunk (10 PTS),6:16
http://stats.nba.com/cvp.html?GameID=0021200241&GameEventID=388,4,,Los Angeles Clippers,Bledsoe S.FOUL (P2.T2),6:04
http://stats.nba.com/cvp.html?GameID=0021200241&GameEventID=389,4,[ 69 - 101 ],Sacramento Kings,Thomas Free Throw 1 of 2 (6 PTS),6:04
http://stats.nba.com/cvp.html?GameID=0021200241&GameEventID=391,4,[ 70 - 101 ],Sacramento Kings,Thomas Free Throw 2 of 2 (7 PTS),6:04
http://stats.nba.com/cvp.html?GameID=0021200241&GameEventID=394,4,,Los Angeles Clippers,MISS Odom 8' Jump Shot,5:49
http://stats.nba.com/cvp.html?GameID=0021200241&GameEventID=395,4,,Sacramento Kings,Hayes REBOUND (Off:3 Def:5),5:48
http://stats.nba.com/cvp.html?GameID=0021200241&GameEventID=396,4,,Los Angeles Clippers,Barnes STEAL (1 STL),5:44
http://stats.nba.com/cvp.html?GameID=0021200241&GameEventID=396,4,,Sacramento Kings,Thomas Bad Pass Turnover (P3.T16),5:44
http://stats.nba.com/cvp.html?GameID=0021200241&GameEventID=397,4,,Sacramento Kings,Hayes S.FOUL (P4.T2),5:37
http://stats.nba.com/cvp.html?GameID=0021200241&GameEventID=398,4,,Los Angeles Clippers,CLIPPERS Timeout: Regular (Full 4 Short 0),5:37
http://stats.nba.com/cvp.html?GameID=0021200241&GameEventID=400,4,,Los Angeles Clippers,SUB: Hollins FOR Turiaf,5:37
http://stats.nba.com/cvp.html?GameID=0021200241&GameEventID=401,4,[ 70 - 102 ],Los Angeles Clippers,Bledsoe Free Throw 1 of 2 (11 PTS),5:37
http://stats.nba.com/cvp.html?GameID=0021200241&GameEventID=403,4,[ 70 - 103 ],Los Angeles Clippers,Bledsoe Free Throw 2 of 2 (12 PTS),5:37
http://stats.nba.com/cvp.html?GameID=0021200241&GameEventID=405,4,[ 72 - 103 ],Sacramento Kings,Thomas 1' Layup (9 PTS) (Hayes 4 AST),5:26
http://stats.nba.com/cvp.html?GameID=0021200241&GameEventID=406,4,,Los Angeles Clippers,MISS Barnes 8' Jump Shot,5:10
http://stats.nba.com/cvp.html?GameID=0021200241&GameEventID=407,4,,Sacramento Kings,Kings Rebound,5:09
http://stats.nba.com/cvp.html?GameID=0021200241&GameEventID=408,4,,Sacramento Kings,SUB: Outlaw FOR Hayes,5:09
http://stats.nba.com/cvp.html?GameID=0021200241&GameEventID=409,4,,Los Angeles Clippers,CLIPPERS T.Foul (Def. 3 Sec Hollins ),4:52
http://stats.nba.com/cvp.html?GameID=0021200241&GameEventID=410,4,[ 73 - 103 ],Sacramento Kings,Fredette Free Throw Technical (1 PTS),4:52
http://stats.nba.com/cvp.html?GameID=0021200241&GameEventID=412,4,,Sacramento Kings,MISS Thomas 13' Jump Shot,4:44
http://stats.nba.com/cvp.html?GameID=0021200241&GameEventID=413,4,,Los Angeles Clippers,Odom REBOUND (Off:2 Def:3),4:43
http://stats.nba.com/cvp.html?GameID=0021200241&GameEventID=414,4,[ 73 - 106 ],Los Angeles Clippers,Crawford 24' 3PT Jump Shot (15 PTS) (Odom 4 AST),4:31
http://stats.nba.com/cvp.html?GameID=0021200241&GameEventID=415,4,,Sacramento Kings,MISS Outlaw 19' Jump Shot,4:21
http://stats.nba.com/cvp.html?GameID=0021200241&GameEventID=416,4,,Los Angeles Clippers,Hollins REBOUND (Off:0 Def:1),4:19
http://stats.nba.com/cvp.html?GameID=0021200241&GameEventID=417,4,,Sacramento Kings,Robinson S.FOUL (P1.T3),4:03
http://stats.nba.com/cvp.html?GameID=0021200241&GameEventID=418,4,[ 73 - 107 ],Los Angeles Clippers,Hollins Free Throw 1 of 2 (1 PTS),4:03
http://stats.nba.com/cvp.html?GameID=0021200241&GameEventID=420,4,[ 73 - 108 ],Los Angeles Clippers,Hollins Free Throw 2 of 2 (2 PTS),4:03
http://stats.nba.com/cvp.html?GameID=0021200241&GameEventID=423,4,[ 75 - 108 ],Sacramento Kings,Outlaw 17' Jump Shot (3 PTS),3:49
http://stats.nba.com/cvp.html?GameID=0021200241&GameEventID=424,4,,Los Angeles Clippers,MISS Barnes 26' 3PT Jump Shot,3:19
http://stats.nba.com/cvp.html?GameID=0021200241&GameEventID=425,4,,Sacramento Kings,Fredette REBOUND (Off:0 Def:1),3:18
http://stats.nba.com/cvp.html?GameID=0021200241&GameEventID=426,4,,Sacramento Kings,MISS Fredette 6' Jump Shot,3:10
http://stats.nba.com/cvp.html?GameID=0021200241&GameEventID=427,4,,Los Angeles Clippers,Hollins REBOUND (Off:0 Def:2),3:08
http://stats.nba.com/cvp.html?GameID=0021200241&GameEventID=428,4,,Los Angeles Clippers,MISS Bledsoe 1' Running Layup,3:03
http://stats.nba.com/cvp.html?GameID=0021200241&GameEventID=429,4,,Sacramento Kings,Fredette REBOUND (Off:0 Def:2),3:00
http://stats.nba.com/cvp.html?GameID=0021200241&GameEventID=430,4,[ 78 - 108 ],Sacramento Kings,Thomas 25' 3PT Jump Shot (12 PTS) (Fredette 4 AST),2:56
http://stats.nba.com/cvp.html?GameID=0021200241&GameEventID=431,4,[ 78 - 110 ],Los Angeles Clippers,Odom 2' Layup (6 PTS) (Crawford 6 AST),2:36
http://stats.nba.com/cvp.html?GameID=0021200241&GameEventID=432,4,,Sacramento Kings,MISS Thomas 19' Step Back Jump Shot,2:22
http://stats.nba.com/cvp.html?GameID=0021200241&GameEventID=433,4,,Los Angeles Clippers,Barnes REBOUND (Off:0 Def:2),2:19
http://stats.nba.com/cvp.html?GameID=0021200241&GameEventID=434,4,[ 78 - 112 ],Los Angeles Clippers,Crawford 17' Pullup Jump Shot (17 PTS) (Bledsoe 4 AST),2:15
http://stats.nba.com/cvp.html?GameID=0021200241&GameEventID=435,4,,Los Angeles Clippers,Odom P.FOUL (P1.T3),1:53
http://stats.nba.com/cvp.html?GameID=0021200241&GameEventID=436,4,,Sacramento Kings,Kings Timeout: Regular (Reg.4 Short 1),1:53
http://stats.nba.com/cvp.html?GameID=0021200241&GameEventID=438,4,,Los Angeles Clippers,Odom P.FOUL (P2.PN),1:48
http://stats.nba.com/cvp.html?GameID=0021200241&GameEventID=439,4,,Sacramento Kings,MISS Outlaw Free Throw 1 of 2,1:48
http://stats.nba.com/cvp.html?GameID=0021200241&GameEventID=440,4,,Sacramento Kings,Kings Rebound,1:48
http://stats.nba.com/cvp.html?GameID=0021200241&GameEventID=441,4,[ 79 - 112 ],Sacramento Kings,Outlaw Free Throw 2 of 2 (4 PTS),1:48
http://stats.nba.com/cvp.html?GameID=0021200241&GameEventID=444,4,,Los Angeles Clippers,MISS Odom 3' Jump Shot,1:33
http://stats.nba.com/cvp.html?GameID=0021200241&GameEventID=445,4,,Sacramento Kings,Thomas REBOUND (Off:0 Def:1),1:32
http://stats.nba.com/cvp.html?GameID=0021200241&GameEventID=446,4,,Los Angeles Clippers,Hollins P.FOUL (P1.PN),1:30
http://stats.nba.com/cvp.html?GameID=0021200241&GameEventID=447,4,[ 80 - 112 ],Sacramento Kings,Thomas Free Throw 1 of 2 (13 PTS),1:30
http://stats.nba.com/cvp.html?GameID=0021200241&GameEventID=449,4,[ 81 - 112 ],Sacramento Kings,Thomas Free Throw 2 of 2 (14 PTS),1:30
http://stats.nba.com/cvp.html?GameID=0021200241&GameEventID=451,4,[ 81 - 114 ],Los Angeles Clippers,Hollins 1' Slam Dunk (4 PTS) (Odom 5 AST),1:08
http://stats.nba.com/cvp.html?GameID=0021200241&GameEventID=452,4,,Sacramento Kings,Outlaw Bad Pass Turnover (P1.T17),0:59
http://stats.nba.com/cvp.html?GameID=0021200241&GameEventID=453,4,[ 81 - 116 ],Los Angeles Clippers,Bledsoe 1' Driving Layup (14 PTS),0:45
http://stats.nba.com/cvp.html?GameID=0021200241&GameEventID=454,4,,Sacramento Kings,MISS Fredette 29' 3PT Jump Shot,0:27
http://stats.nba.com/cvp.html?GameID=0021200241&GameEventID=455,4,,Sacramento Kings,Robinson REBOUND (Off:1 Def:1),0:25
http://stats.nba.com/cvp.html?GameID=0021200241&GameEventID=456,4,,Sacramento Kings,MISS Thomas 3' Layup,0:21
http://stats.nba.com/cvp.html?GameID=0021200241&GameEventID=457,4,,Los Angeles Clippers,Hollins REBOUND (Off:0 Def:3),0:18
