http://stats.nba.com/cvp.html?GameID=0021200503&GameEventID=1,1,,Los Angeles Lakers,Jump Ball Howard vs. Koufos: Tip to Lawson,12:00
http://stats.nba.com/cvp.html?GameID=0021200503&GameEventID=2,1,,Los Angeles Lakers,Howard BLOCK (1 BLK),11:38
http://stats.nba.com/cvp.html?GameID=0021200503&GameEventID=2,1,,Denver Nuggets,MISS Koufos 4' Jump Shot,11:38
http://stats.nba.com/cvp.html?GameID=0021200503&GameEventID=3,1,,Los Angeles Lakers,Howard REBOUND (Off:0 Def:1),11:35
http://stats.nba.com/cvp.html?GameID=0021200503&GameEventID=4,1,,Los Angeles Lakers,Howard Step Out of Bounds Turnover (P1.T1),11:30
http://stats.nba.com/cvp.html?GameID=0021200503&GameEventID=5,1,,Denver Nuggets,MISS Gallinari 28' 3PT Jump Shot,11:10
http://stats.nba.com/cvp.html?GameID=0021200503&GameEventID=6,1,,Denver Nuggets,Koufos REBOUND (Off:1 Def:0),11:09
http://stats.nba.com/cvp.html?GameID=0021200503&GameEventID=7,1,,Denver Nuggets,MISS Gallinari 2' Driving Layup,11:02
http://stats.nba.com/cvp.html?GameID=0021200503&GameEventID=8,1,,Los Angeles Lakers,LAKERS Rebound,11:01
http://stats.nba.com/cvp.html?GameID=0021200503&GameEventID=9,1,,Denver Nuggets,Faried S.FOUL (P1.T1),10:48
http://stats.nba.com/cvp.html?GameID=0021200503&GameEventID=10,1,,Los Angeles Lakers,MISS Howard Free Throw 1 of 2,10:48
http://stats.nba.com/cvp.html?GameID=0021200503&GameEventID=12,1,,Los Angeles Lakers,LAKERS Rebound,10:48
http://stats.nba.com/cvp.html?GameID=0021200503&GameEventID=11,1,[ 0 - 1 ],Los Angeles Lakers,Howard Free Throw 2 of 2 (1 PTS),10:48
http://stats.nba.com/cvp.html?GameID=0021200503&GameEventID=14,1,,Denver Nuggets,MISS Gallinari 28' 3PT Jump Shot,10:22
http://stats.nba.com/cvp.html?GameID=0021200503&GameEventID=15,1,,Los Angeles Lakers,Howard REBOUND (Off:0 Def:2),10:21
http://stats.nba.com/cvp.html?GameID=0021200503&GameEventID=16,1,,Los Angeles Lakers,MISS World Peace 27' 3PT Jump Shot,10:09
http://stats.nba.com/cvp.html?GameID=0021200503&GameEventID=17,1,,Denver Nuggets,Koufos REBOUND (Off:1 Def:1),10:08
http://stats.nba.com/cvp.html?GameID=0021200503&GameEventID=18,1,,Denver Nuggets,MISS Gallinari 26' 3PT Jump Shot,9:56
http://stats.nba.com/cvp.html?GameID=0021200503&GameEventID=19,1,,Los Angeles Lakers,Howard REBOUND (Off:0 Def:3),9:55
http://stats.nba.com/cvp.html?GameID=0021200503&GameEventID=20,1,,Los Angeles Lakers,Nash Bad Pass Turnover (P1.T2),9:50
http://stats.nba.com/cvp.html?GameID=0021200503&GameEventID=20,1,,Denver Nuggets,Lawson STEAL (1 STL),9:50
http://stats.nba.com/cvp.html?GameID=0021200503&GameEventID=21,1,,Los Angeles Lakers,Gasol BLOCK (1 BLK),9:44
http://stats.nba.com/cvp.html?GameID=0021200503&GameEventID=21,1,,Denver Nuggets,MISS Gallinari 3' Layup,9:44
http://stats.nba.com/cvp.html?GameID=0021200503&GameEventID=22,1,,Los Angeles Lakers,LAKERS Rebound,9:43
http://stats.nba.com/cvp.html?GameID=0021200503&GameEventID=23,1,[ 0 - 3 ],Los Angeles Lakers,Nash 5' Running Bank Shot (2 PTS),9:33
http://stats.nba.com/cvp.html?GameID=0021200503&GameEventID=24,1,,Denver Nuggets,MISS Lawson 10' Jump Shot,9:23
http://stats.nba.com/cvp.html?GameID=0021200503&GameEventID=25,1,,Los Angeles Lakers,Howard REBOUND (Off:0 Def:4),9:22
http://stats.nba.com/cvp.html?GameID=0021200503&GameEventID=26,1,,Los Angeles Lakers,Gasol Bad Pass Turnover (P1.T3),9:09
http://stats.nba.com/cvp.html?GameID=0021200503&GameEventID=26,1,,Denver Nuggets,Gallinari STEAL (1 STL),9:09
http://stats.nba.com/cvp.html?GameID=0021200503&GameEventID=27,1,,Los Angeles Lakers,Gasol Personal Take Foul (P1.T1),9:05
http://stats.nba.com/cvp.html?GameID=0021200503&GameEventID=28,1,[ 1 - 3 ],Denver Nuggets,Gallinari Free Throw 1 of 2 (1 PTS),9:05
http://stats.nba.com/cvp.html?GameID=0021200503&GameEventID=30,1,[ 2 - 3 ],Denver Nuggets,Gallinari Free Throw 2 of 2 (2 PTS),9:05
http://stats.nba.com/cvp.html?GameID=0021200503&GameEventID=32,1,,Los Angeles Lakers,MISS Nash 27' 3PT Jump Shot,8:45
http://stats.nba.com/cvp.html?GameID=0021200503&GameEventID=33,1,,Los Angeles Lakers,Gasol REBOUND (Off:1 Def:0),8:44
http://stats.nba.com/cvp.html?GameID=0021200503&GameEventID=34,1,,Los Angeles Lakers,Gasol Bad Pass Turnover (P2.T4),8:42
http://stats.nba.com/cvp.html?GameID=0021200503&GameEventID=35,1,,Denver Nuggets,MISS Koufos 4' Floating Jump Shot,8:29
http://stats.nba.com/cvp.html?GameID=0021200503&GameEventID=36,1,,Denver Nuggets,Koufos REBOUND (Off:2 Def:1),8:28
http://stats.nba.com/cvp.html?GameID=0021200503&GameEventID=37,1,,Denver Nuggets,MISS Lawson 25' 3PT Jump Shot,8:23
http://stats.nba.com/cvp.html?GameID=0021200503&GameEventID=38,1,,Los Angeles Lakers,Howard REBOUND (Off:0 Def:5),8:22
http://stats.nba.com/cvp.html?GameID=0021200503&GameEventID=39,1,[ 2 - 5 ],Los Angeles Lakers,Howard 6' Driving Hook Shot (3 PTS) (Bryant 1 AST),8:04
http://stats.nba.com/cvp.html?GameID=0021200503&GameEventID=40,1,[ 4 - 5 ],Denver Nuggets,Gallinari 2' Driving Layup (4 PTS) (Faried 1 AST),7:51
http://stats.nba.com/cvp.html?GameID=0021200503&GameEventID=41,1,,Los Angeles Lakers,MISS Nash 8' Jump Shot,7:38
http://stats.nba.com/cvp.html?GameID=0021200503&GameEventID=42,1,,Los Angeles Lakers,Gasol REBOUND (Off:2 Def:0),7:37
http://stats.nba.com/cvp.html?GameID=0021200503&GameEventID=43,1,[ 4 - 7 ],Los Angeles Lakers,Gasol 3' Layup (2 PTS),7:36
http://stats.nba.com/cvp.html?GameID=0021200503&GameEventID=45,1,,Los Angeles Lakers,Howard Violation:Defensive Goaltending,7:28
http://stats.nba.com/cvp.html?GameID=0021200503&GameEventID=44,1,[ 6 - 7 ],Denver Nuggets,Lawson 2' Driving Layup (2 PTS),7:28
http://stats.nba.com/cvp.html?GameID=0021200503&GameEventID=46,1,,Los Angeles Lakers,World Peace Step Out of Bounds Turnover (P1.T5),7:17
http://stats.nba.com/cvp.html?GameID=0021200503&GameEventID=48,1,[ 8 - 7 ],Denver Nuggets,Koufos 3' Layup (2 PTS) (Lawson 1 AST),7:07
http://stats.nba.com/cvp.html?GameID=0021200503&GameEventID=49,1,,Los Angeles Lakers,Howard S.FOUL (P1.T2),7:07
http://stats.nba.com/cvp.html?GameID=0021200503&GameEventID=50,1,[ 9 - 7 ],Denver Nuggets,Koufos Free Throw 1 of 1 (3 PTS),7:07
http://stats.nba.com/cvp.html?GameID=0021200503&GameEventID=52,1,[ 9 - 9 ],Los Angeles Lakers,Gasol 1' Alley Oop Dunk (4 PTS) (Bryant 2 AST),6:51
http://stats.nba.com/cvp.html?GameID=0021200503&GameEventID=53,1,,Denver Nuggets,MISS Lawson 16' Jump Shot,6:39
http://stats.nba.com/cvp.html?GameID=0021200503&GameEventID=54,1,,Denver Nuggets,Lawson REBOUND (Off:1 Def:0),6:38
http://stats.nba.com/cvp.html?GameID=0021200503&GameEventID=55,1,,Denver Nuggets,MISS Gallinari 7' Jump Shot,6:25
http://stats.nba.com/cvp.html?GameID=0021200503&GameEventID=56,1,,Los Angeles Lakers,Howard REBOUND (Off:0 Def:6),6:23
http://stats.nba.com/cvp.html?GameID=0021200503&GameEventID=57,1,[ 9 - 12 ],Los Angeles Lakers,World Peace 25' 3PT Jump Shot (3 PTS) (Nash 1 AST),6:16
http://stats.nba.com/cvp.html?GameID=0021200503&GameEventID=58,1,[ 12 - 12 ],Denver Nuggets,Iguodala 25' 3PT Jump Shot (3 PTS) (Lawson 2 AST),6:02
http://stats.nba.com/cvp.html?GameID=0021200503&GameEventID=59,1,[ 12 - 15 ],Los Angeles Lakers,World Peace 24' 3PT Jump Shot (6 PTS) (Gasol 1 AST),5:50
http://stats.nba.com/cvp.html?GameID=0021200503&GameEventID=60,1,,Denver Nuggets,Nuggets Timeout: Regular (Reg.1 Short 0),5:41
http://stats.nba.com/cvp.html?GameID=0021200503&GameEventID=62,1,,Denver Nuggets,SUB: Brewer FOR Gallinari,5:41
http://stats.nba.com/cvp.html?GameID=0021200503&GameEventID=63,1,,Denver Nuggets,SUB: McGee FOR Faried,5:41
http://stats.nba.com/cvp.html?GameID=0021200503&GameEventID=64,1,,Los Angeles Lakers,SUB: Jamison FOR Gasol,5:41
http://stats.nba.com/cvp.html?GameID=0021200503&GameEventID=65,1,,Denver Nuggets,MISS Brewer 24' 3PT Jump Shot,5:28
http://stats.nba.com/cvp.html?GameID=0021200503&GameEventID=66,1,,Denver Nuggets,McGee REBOUND (Off:1 Def:0),5:26
http://stats.nba.com/cvp.html?GameID=0021200503&GameEventID=67,1,[ 14 - 15 ],Denver Nuggets,Brewer 5' Floating Jump Shot (2 PTS) (Iguodala 1 AST),5:20
http://stats.nba.com/cvp.html?GameID=0021200503&GameEventID=68,1,[ 14 - 17 ],Los Angeles Lakers,Jamison 22' Jump Shot (2 PTS) (Bryant 3 AST),5:03
http://stats.nba.com/cvp.html?GameID=0021200503&GameEventID=69,1,[ 16 - 17 ],Denver Nuggets,Brewer 6' Floating Jump Shot (4 PTS) (Lawson 3 AST),4:47
http://stats.nba.com/cvp.html?GameID=0021200503&GameEventID=70,1,,Denver Nuggets,Lawson Violation:Kicked Ball,4:41
http://stats.nba.com/cvp.html?GameID=0021200503&GameEventID=71,1,,Los Angeles Lakers,SUB: Meeks FOR World Peace,4:41
http://stats.nba.com/cvp.html?GameID=0021200503&GameEventID=72,1,,Los Angeles Lakers,MISS Bryant 2' Driving Layup,4:27
http://stats.nba.com/cvp.html?GameID=0021200503&GameEventID=73,1,,Denver Nuggets,McGee REBOUND (Off:1 Def:1),4:26
http://stats.nba.com/cvp.html?GameID=0021200503&GameEventID=74,1,[ 18 - 17 ],Denver Nuggets,Iguodala 1' Driving Finger Roll Layup (5 PTS) (Lawson 4 AST),4:21
http://stats.nba.com/cvp.html?GameID=0021200503&GameEventID=75,1,[ 18 - 20 ],Los Angeles Lakers,Meeks  3PT Jump Shot (3 PTS) (Bryant 4 AST),4:04
http://stats.nba.com/cvp.html?GameID=0021200503&GameEventID=76,1,[ 20 - 20 ],Denver Nuggets,Lawson 2' Driving Layup (4 PTS),3:53
http://stats.nba.com/cvp.html?GameID=0021200503&GameEventID=77,1,,Los Angeles Lakers,Bryant Bad Pass Turnover (P1.T6),3:38
http://stats.nba.com/cvp.html?GameID=0021200503&GameEventID=77,1,,Denver Nuggets,McGee STEAL (1 STL),3:38
http://stats.nba.com/cvp.html?GameID=0021200503&GameEventID=78,1,,Los Angeles Lakers,Jamison S.FOUL (P1.T3),3:31
http://stats.nba.com/cvp.html?GameID=0021200503&GameEventID=79,1,,Denver Nuggets,MISS McGee Free Throw 1 of 2,3:31
http://stats.nba.com/cvp.html?GameID=0021200503&GameEventID=80,1,,Denver Nuggets,Nuggets Rebound,3:31
http://stats.nba.com/cvp.html?GameID=0021200503&GameEventID=81,1,,Denver Nuggets,SUB: Miller FOR Lawson,3:31
http://stats.nba.com/cvp.html?GameID=0021200503&GameEventID=82,1,,Los Angeles Lakers,SUB: Hill FOR Howard,3:31
http://stats.nba.com/cvp.html?GameID=0021200503&GameEventID=83,1,[ 21 - 20 ],Denver Nuggets,McGee Free Throw 2 of 2 (1 PTS),3:31
http://stats.nba.com/cvp.html?GameID=0021200503&GameEventID=86,1,,Denver Nuggets,McGee Violation:Defensive Goaltending,3:18
http://stats.nba.com/cvp.html?GameID=0021200503&GameEventID=85,1,[ 21 - 22 ],Los Angeles Lakers,Hill 4' Jump Hook Shot (2 PTS) (Nash 2 AST),3:18
http://stats.nba.com/cvp.html?GameID=0021200503&GameEventID=87,1,,Denver Nuggets,MISS Brewer 25' 3PT Jump Shot,3:03
http://stats.nba.com/cvp.html?GameID=0021200503&GameEventID=88,1,,Los Angeles Lakers,Bryant REBOUND (Off:0 Def:1),3:02
http://stats.nba.com/cvp.html?GameID=0021200503&GameEventID=89,1,,Los Angeles Lakers,MISS Jamison 26' 3PT Jump Shot,2:55
http://stats.nba.com/cvp.html?GameID=0021200503&GameEventID=90,1,,Denver Nuggets,Nuggets Rebound,2:54
http://stats.nba.com/cvp.html?GameID=0021200503&GameEventID=91,1,,Los Angeles Lakers,LAKERS Timeout: Regular (Full 1 Short 0),2:54
http://stats.nba.com/cvp.html?GameID=0021200503&GameEventID=93,1,,Denver Nuggets,SUB: Gallinari FOR Koufos,2:54
http://stats.nba.com/cvp.html?GameID=0021200503&GameEventID=94,1,,Los Angeles Lakers,SUB: Duhon FOR Nash,2:54
http://stats.nba.com/cvp.html?GameID=0021200503&GameEventID=95,1,,Denver Nuggets,MISS Iguodala 2' Driving Layup,2:40
http://stats.nba.com/cvp.html?GameID=0021200503&GameEventID=96,1,,Los Angeles Lakers,LAKERS Rebound,2:39
http://stats.nba.com/cvp.html?GameID=0021200503&GameEventID=98,1,,Los Angeles Lakers,MISS Bryant 16' Jump Shot,2:19
http://stats.nba.com/cvp.html?GameID=0021200503&GameEventID=99,1,,Denver Nuggets,Brewer REBOUND (Off:0 Def:1),2:18
http://stats.nba.com/cvp.html?GameID=0021200503&GameEventID=100,1,,Denver Nuggets,MISS Miller 3' Layup,2:09
http://stats.nba.com/cvp.html?GameID=0021200503&GameEventID=101,1,,Denver Nuggets,McGee REBOUND (Off:2 Def:1),2:07
http://stats.nba.com/cvp.html?GameID=0021200503&GameEventID=102,1,[ 23 - 22 ],Denver Nuggets,McGee 3' Layup (3 PTS),2:06
http://stats.nba.com/cvp.html?GameID=0021200503&GameEventID=103,1,[ 23 - 24 ],Los Angeles Lakers,Hill 2' Slam Dunk (4 PTS) (Duhon 1 AST),1:55
http://stats.nba.com/cvp.html?GameID=0021200503&GameEventID=104,1,[ 25 - 24 ],Denver Nuggets,Brewer 14' Jump Shot (6 PTS) (Miller 1 AST),1:36
http://stats.nba.com/cvp.html?GameID=0021200503&GameEventID=105,1,,Los Angeles Lakers,MISS Bryant 5' Jump Shot,1:16
http://stats.nba.com/cvp.html?GameID=0021200503&GameEventID=105,1,,Denver Nuggets,McGee BLOCK (1 BLK),1:16
http://stats.nba.com/cvp.html?GameID=0021200503&GameEventID=106,1,,Denver Nuggets,Brewer REBOUND (Off:0 Def:2),1:14
http://stats.nba.com/cvp.html?GameID=0021200503&GameEventID=107,1,[ 27 - 24 ],Denver Nuggets,Gallinari 1' Driving Layup (6 PTS) (Brewer 1 AST),1:12
http://stats.nba.com/cvp.html?GameID=0021200503&GameEventID=108,1,,Los Angeles Lakers,Duhon S.FOUL (P1.T4),1:12
http://stats.nba.com/cvp.html?GameID=0021200503&GameEventID=109,1,,Los Angeles Lakers,SUB: Gasol FOR Jamison,1:12
http://stats.nba.com/cvp.html?GameID=0021200503&GameEventID=110,1,[ 28 - 24 ],Denver Nuggets,Gallinari Free Throw 1 of 1 (7 PTS),1:12
http://stats.nba.com/cvp.html?GameID=0021200503&GameEventID=112,1,[ 28 - 26 ],Los Angeles Lakers,Bryant 13' Turnaround Fadeaway (2 PTS),0:54
http://stats.nba.com/cvp.html?GameID=0021200503&GameEventID=113,1,[ 30 - 26 ],Denver Nuggets,Miller 2' Driving Layup (2 PTS),0:48
http://stats.nba.com/cvp.html?GameID=0021200503&GameEventID=114,1,,Los Angeles Lakers,MISS Hill 19' Jump Shot,0:39
http://stats.nba.com/cvp.html?GameID=0021200503&GameEventID=115,1,,Denver Nuggets,Iguodala REBOUND (Off:0 Def:1),0:38
http://stats.nba.com/cvp.html?GameID=0021200503&GameEventID=116,1,,Denver Nuggets,MISS Iguodala 26' 3PT Jump Shot,0:30
http://stats.nba.com/cvp.html?GameID=0021200503&GameEventID=117,1,,Denver Nuggets,Brewer REBOUND (Off:1 Def:2),0:29
http://stats.nba.com/cvp.html?GameID=0021200503&GameEventID=118,1,,Los Angeles Lakers,Hill S.FOUL (P1.PN),0:11
http://stats.nba.com/cvp.html?GameID=0021200503&GameEventID=119,1,[ 31 - 26 ],Denver Nuggets,McGee Free Throw 1 of 2 (4 PTS),0:11
http://stats.nba.com/cvp.html?GameID=0021200503&GameEventID=121,1,,Denver Nuggets,MISS McGee Free Throw 2 of 2,0:11
http://stats.nba.com/cvp.html?GameID=0021200503&GameEventID=123,1,,Denver Nuggets,Gallinari REBOUND (Off:1 Def:0),0:09
http://stats.nba.com/cvp.html?GameID=0021200503&GameEventID=124,1,[ 34 - 26 ],Denver Nuggets,Iguodala 24' 3PT Jump Shot (8 PTS) (Gallinari 1 AST),0:04
http://stats.nba.com/cvp.html?GameID=0021200503&GameEventID=135,2,,Los Angeles Lakers,Meeks Step Out of Bounds Turnover (P1.T7),11:45
http://stats.nba.com/cvp.html?GameID=0021200503&GameEventID=136,2,,Denver Nuggets,MISS Miller 14' Fadeaway Jumper,11:26
http://stats.nba.com/cvp.html?GameID=0021200503&GameEventID=137,2,,Denver Nuggets,Hamilton REBOUND (Off:1 Def:0),11:24
http://stats.nba.com/cvp.html?GameID=0021200503&GameEventID=138,2,,Los Angeles Lakers,World Peace BLOCK (1 BLK),11:23
http://stats.nba.com/cvp.html?GameID=0021200503&GameEventID=138,2,,Denver Nuggets,MISS Hamilton 1' Layup,11:23
http://stats.nba.com/cvp.html?GameID=0021200503&GameEventID=139,2,,Denver Nuggets,Hamilton REBOUND (Off:2 Def:0),11:20
http://stats.nba.com/cvp.html?GameID=0021200503&GameEventID=140,2,,Los Angeles Lakers,World Peace BLOCK (2 BLK),11:18
http://stats.nba.com/cvp.html?GameID=0021200503&GameEventID=140,2,,Denver Nuggets,MISS Hamilton 1' Layup,11:18
http://stats.nba.com/cvp.html?GameID=0021200503&GameEventID=141,2,,Los Angeles Lakers,Howard REBOUND (Off:0 Def:7),11:17
http://stats.nba.com/cvp.html?GameID=0021200503&GameEventID=142,2,[ 34 - 28 ],Los Angeles Lakers,Gasol 1' Reverse Dunk (6 PTS) (Duhon 2 AST),11:15
http://stats.nba.com/cvp.html?GameID=0021200503&GameEventID=143,2,,Denver Nuggets,MISS McGee 7' Jump Shot,10:50
http://stats.nba.com/cvp.html?GameID=0021200503&GameEventID=144,2,,Los Angeles Lakers,Howard REBOUND (Off:0 Def:8),10:49
http://stats.nba.com/cvp.html?GameID=0021200503&GameEventID=145,2,,Denver Nuggets,Gallinari P.FOUL (P1.T1),10:49
http://stats.nba.com/cvp.html?GameID=0021200503&GameEventID=146,2,,Denver Nuggets,Gallinari S.FOUL (P2.T2),10:32
http://stats.nba.com/cvp.html?GameID=0021200503&GameEventID=147,2,[ 34 - 29 ],Los Angeles Lakers,Howard Free Throw 1 of 2 (4 PTS),10:32
http://stats.nba.com/cvp.html?GameID=0021200503&GameEventID=149,2,,Denver Nuggets,SUB: Faried FOR Gallinari,10:32
http://stats.nba.com/cvp.html?GameID=0021200503&GameEventID=150,2,,Los Angeles Lakers,MISS Howard Free Throw 2 of 2,10:32
http://stats.nba.com/cvp.html?GameID=0021200503&GameEventID=152,2,,Denver Nuggets,Faried REBOUND (Off:0 Def:1),10:31
http://stats.nba.com/cvp.html?GameID=0021200503&GameEventID=153,2,[ 36 - 29 ],Denver Nuggets,Brewer 19' Jump Shot (8 PTS) (Faried 2 AST),10:16
http://stats.nba.com/cvp.html?GameID=0021200503&GameEventID=154,2,,Los Angeles Lakers,MISS Gasol 25' 3PT Jump Shot,10:00
http://stats.nba.com/cvp.html?GameID=0021200503&GameEventID=155,2,,Denver Nuggets,Brewer REBOUND (Off:1 Def:3),9:59
http://stats.nba.com/cvp.html?GameID=0021200503&GameEventID=156,2,,Los Angeles Lakers,Meeks STEAL (1 STL),9:54
http://stats.nba.com/cvp.html?GameID=0021200503&GameEventID=156,2,,Denver Nuggets,Brewer Bad Pass Turnover (P1.T1),9:54
http://stats.nba.com/cvp.html?GameID=0021200503&GameEventID=157,2,,Los Angeles Lakers,MISS World Peace 3' Jump Shot,9:50
http://stats.nba.com/cvp.html?GameID=0021200503&GameEventID=157,2,,Denver Nuggets,Brewer BLOCK (1 BLK),9:50
http://stats.nba.com/cvp.html?GameID=0021200503&GameEventID=158,2,,Los Angeles Lakers,World Peace REBOUND (Off:1 Def:0),9:48
http://stats.nba.com/cvp.html?GameID=0021200503&GameEventID=159,2,,Los Angeles Lakers,World Peace Step Out of Bounds Turnover (P2.T8),9:48
http://stats.nba.com/cvp.html?GameID=0021200503&GameEventID=160,2,[ 38 - 29 ],Denver Nuggets,McGee 3' Alley Oop Dunk (6 PTS) (Miller 2 AST),9:38
http://stats.nba.com/cvp.html?GameID=0021200503&GameEventID=161,2,[ 38 - 32 ],Los Angeles Lakers,Meeks 25' 3PT Jump Shot (6 PTS) (Duhon 3 AST),9:27
http://stats.nba.com/cvp.html?GameID=0021200503&GameEventID=162,2,,Los Angeles Lakers,Duhon P.FOUL (P2.T1),9:17
http://stats.nba.com/cvp.html?GameID=0021200503&GameEventID=163,2,,Los Angeles Lakers,Howard STEAL (1 STL),9:13
http://stats.nba.com/cvp.html?GameID=0021200503&GameEventID=163,2,,Denver Nuggets,Miller Bad Pass Turnover (P1.T2),9:13
http://stats.nba.com/cvp.html?GameID=0021200503&GameEventID=165,2,,Denver Nuggets,Hamilton Violation:Defensive Goaltending,9:09
http://stats.nba.com/cvp.html?GameID=0021200503&GameEventID=164,2,[ 38 - 34 ],Los Angeles Lakers,World Peace 3' Layup (8 PTS) (Duhon 4 AST),9:09
http://stats.nba.com/cvp.html?GameID=0021200503&GameEventID=166,2,[ 40 - 34 ],Denver Nuggets,Brewer 2' Driving Layup (10 PTS) (Miller 3 AST),9:04
http://stats.nba.com/cvp.html?GameID=0021200503&GameEventID=167,2,,Los Angeles Lakers,World Peace S.FOUL (P1.T2),9:04
http://stats.nba.com/cvp.html?GameID=0021200503&GameEventID=168,2,,Denver Nuggets,SUB: Koufos FOR McGee,9:04
http://stats.nba.com/cvp.html?GameID=0021200503&GameEventID=169,2,,Denver Nuggets,MISS Brewer Free Throw 1 of 1,9:04
http://stats.nba.com/cvp.html?GameID=0021200503&GameEventID=171,2,,Los Angeles Lakers,Howard REBOUND (Off:0 Def:9),9:01
http://stats.nba.com/cvp.html?GameID=0021200503&GameEventID=172,2,[ 40 - 36 ],Los Angeles Lakers,Howard 2' Slam Dunk (6 PTS) (Duhon 5 AST),8:54
http://stats.nba.com/cvp.html?GameID=0021200503&GameEventID=173,2,[ 42 - 36 ],Denver Nuggets,Faried 16' Jump Shot (2 PTS) (Miller 4 AST),8:35
http://stats.nba.com/cvp.html?GameID=0021200503&GameEventID=182,2,,Los Angeles Lakers,SUB: Nash FOR Duhon,8:20
http://stats.nba.com/cvp.html?GameID=0021200503&GameEventID=184,2,[ 42 - 38 ],Los Angeles Lakers,Gasol 18' Jump Shot (8 PTS) (Nash 3 AST),8:17
http://stats.nba.com/cvp.html?GameID=0021200503&GameEventID=185,2,,Denver Nuggets,Nuggets Turnover: Shot Clock (T#3),7:51
http://stats.nba.com/cvp.html?GameID=0021200503&GameEventID=186,2,,Denver Nuggets,SUB: Lawson FOR Hamilton,7:51
http://stats.nba.com/cvp.html?GameID=0021200503&GameEventID=187,2,[ 42 - 40 ],Los Angeles Lakers,Howard 3' Alley Oop Dunk (8 PTS) (Nash 4 AST),7:43
http://stats.nba.com/cvp.html?GameID=0021200503&GameEventID=189,2,[ 45 - 40 ],Denver Nuggets,Miller 26' 3PT Jump Shot (5 PTS) (Lawson 5 AST),7:23
http://stats.nba.com/cvp.html?GameID=0021200503&GameEventID=190,2,,Denver Nuggets,SUB: McGee FOR Faried,7:11
http://stats.nba.com/cvp.html?GameID=0021200503&GameEventID=192,2,,Los Angeles Lakers,Nash Lost Ball Turnover (P2.T9),7:05
http://stats.nba.com/cvp.html?GameID=0021200503&GameEventID=192,2,,Denver Nuggets,Lawson STEAL (2 STL),7:05
http://stats.nba.com/cvp.html?GameID=0021200503&GameEventID=191,2,,Los Angeles Lakers,Jump Ball Nash vs. Lawson: Tip to Brewer,7:05
http://stats.nba.com/cvp.html?GameID=0021200503&GameEventID=193,2,,Denver Nuggets,MISS Miller 21' Jump Shot,6:58
http://stats.nba.com/cvp.html?GameID=0021200503&GameEventID=194,2,,Los Angeles Lakers,Nash REBOUND (Off:0 Def:1),6:54
http://stats.nba.com/cvp.html?GameID=0021200503&GameEventID=195,2,,Los Angeles Lakers,MISS World Peace 2' Driving Layup,6:53
http://stats.nba.com/cvp.html?GameID=0021200503&GameEventID=197,2,,Los Angeles Lakers,Howard REBOUND (Off:1 Def:9),6:51
http://stats.nba.com/cvp.html?GameID=0021200503&GameEventID=196,2,[ 45 - 42 ],Los Angeles Lakers,Howard 1' Layup (10 PTS),6:51
http://stats.nba.com/cvp.html?GameID=0021200503&GameEventID=198,2,,Denver Nuggets,McGee Double Dribble Turnover (P1.T4),6:45
http://stats.nba.com/cvp.html?GameID=0021200503&GameEventID=200,2,,Los Angeles Lakers,MISS World Peace 25' 3PT Jump Shot,6:33
http://stats.nba.com/cvp.html?GameID=0021200503&GameEventID=201,2,,Denver Nuggets,Brewer REBOUND (Off:1 Def:4),6:32
http://stats.nba.com/cvp.html?GameID=0021200503&GameEventID=202,2,,Denver Nuggets,MISS Brewer 27' 3PT Jump Shot,6:13
http://stats.nba.com/cvp.html?GameID=0021200503&GameEventID=203,2,,Los Angeles Lakers,LAKERS Rebound,6:12
http://stats.nba.com/cvp.html?GameID=0021200503&GameEventID=204,2,,Denver Nuggets,McGee L.B.FOUL (P1.T3),6:12
http://stats.nba.com/cvp.html?GameID=0021200503&GameEventID=205,2,,Los Angeles Lakers,SUB: Bryant FOR Meeks,6:12
http://stats.nba.com/cvp.html?GameID=0021200503&GameEventID=206,2,,Denver Nuggets,SUB: Iguodala FOR Brewer,6:12
http://stats.nba.com/cvp.html?GameID=0021200503&GameEventID=207,2,,Denver Nuggets,Koufos P.FOUL (P1.T4),6:04
http://stats.nba.com/cvp.html?GameID=0021200503&GameEventID=208,2,,Los Angeles Lakers,MISS World Peace 5' Jump Shot,5:48
http://stats.nba.com/cvp.html?GameID=0021200503&GameEventID=208,2,,Denver Nuggets,McGee BLOCK (2 BLK),5:48
http://stats.nba.com/cvp.html?GameID=0021200503&GameEventID=209,2,,Los Angeles Lakers,World Peace REBOUND (Off:2 Def:0),5:46
http://stats.nba.com/cvp.html?GameID=0021200503&GameEventID=210,2,,Los Angeles Lakers,MISS World Peace  3PT Jump Shot,5:46
http://stats.nba.com/cvp.html?GameID=0021200503&GameEventID=211,2,,Denver Nuggets,Miller REBOUND (Off:0 Def:1),5:44
http://stats.nba.com/cvp.html?GameID=0021200503&GameEventID=212,2,[ 47 - 42 ],Denver Nuggets,Iguodala 4' Driving Layup (10 PTS) (Miller 5 AST),5:39
http://stats.nba.com/cvp.html?GameID=0021200503&GameEventID=213,2,[ 47 - 45 ],Los Angeles Lakers,Nash 26' 3PT Jump Shot (5 PTS) (Bryant 5 AST),5:22
http://stats.nba.com/cvp.html?GameID=0021200503&GameEventID=214,2,[ 49 - 45 ],Denver Nuggets,McGee 3' Driving Slam Dunk (8 PTS) (Miller 6 AST),5:09
http://stats.nba.com/cvp.html?GameID=0021200503&GameEventID=215,2,[ 49 - 47 ],Los Angeles Lakers,Gasol 17' Jump Shot (10 PTS) (Nash 5 AST),4:49
http://stats.nba.com/cvp.html?GameID=0021200503&GameEventID=216,2,[ 51 - 47 ],Denver Nuggets,Lawson 2' Layup (6 PTS),4:34
http://stats.nba.com/cvp.html?GameID=0021200503&GameEventID=217,2,,Los Angeles Lakers,Howard S.FOUL (P2.T3),4:34
http://stats.nba.com/cvp.html?GameID=0021200503&GameEventID=218,2,,Los Angeles Lakers,LAKERS Timeout: Regular (Full 2 Short 0),4:34
http://stats.nba.com/cvp.html?GameID=0021200503&GameEventID=221,2,,Denver Nuggets,MISS Lawson Free Throw 1 of 1,4:34
http://stats.nba.com/cvp.html?GameID=0021200503&GameEventID=223,2,,Los Angeles Lakers,Howard REBOUND (Off:1 Def:10),4:32
http://stats.nba.com/cvp.html?GameID=0021200503&GameEventID=224,2,,Los Angeles Lakers,MISS Bryant 13' Running Jump Shot,4:23
http://stats.nba.com/cvp.html?GameID=0021200503&GameEventID=224,2,,Denver Nuggets,Iguodala BLOCK (1 BLK),4:23
http://stats.nba.com/cvp.html?GameID=0021200503&GameEventID=231,2,,Denver Nuggets,Miller REBOUND (Off:0 Def:2),4:23
http://stats.nba.com/cvp.html?GameID=0021200503&GameEventID=225,2,[ 53 - 47 ],Denver Nuggets,Iguodala 1' Driving Layup (12 PTS) (Miller 7 AST),4:19
http://stats.nba.com/cvp.html?GameID=0021200503&GameEventID=226,2,,Denver Nuggets,Miller S.FOUL (P1.PN),4:06
http://stats.nba.com/cvp.html?GameID=0021200503&GameEventID=227,2,[ 53 - 48 ],Los Angeles Lakers,World Peace Free Throw 1 of 2 (9 PTS),4:06
http://stats.nba.com/cvp.html?GameID=0021200503&GameEventID=230,2,,Los Angeles Lakers,MISS World Peace Free Throw 2 of 2,4:06
http://stats.nba.com/cvp.html?GameID=0021200503&GameEventID=233,2,,Los Angeles Lakers,Gasol REBOUND (Off:3 Def:0),3:58
http://stats.nba.com/cvp.html?GameID=0021200503&GameEventID=235,2,,Los Angeles Lakers,World Peace Bad Pass Turnover (P3.T10),3:57
http://stats.nba.com/cvp.html?GameID=0021200503&GameEventID=235,2,,Denver Nuggets,Lawson STEAL (3 STL),3:57
http://stats.nba.com/cvp.html?GameID=0021200503&GameEventID=236,2,,Denver Nuggets,MISS Koufos 4' Hook Shot,3:52
http://stats.nba.com/cvp.html?GameID=0021200503&GameEventID=237,2,,Denver Nuggets,McGee REBOUND (Off:3 Def:1),3:49
http://stats.nba.com/cvp.html?GameID=0021200503&GameEventID=238,2,[ 55 - 48 ],Denver Nuggets,McGee 3' Putback Dunk (10 PTS),3:47
http://stats.nba.com/cvp.html?GameID=0021200503&GameEventID=239,2,,Denver Nuggets,Miller S.FOUL (P2.PN),3:39
http://stats.nba.com/cvp.html?GameID=0021200503&GameEventID=240,2,,Los Angeles Lakers,MISS Gasol Free Throw 1 of 2,3:39
http://stats.nba.com/cvp.html?GameID=0021200503&GameEventID=241,2,,Los Angeles Lakers,LAKERS Rebound,3:39
http://stats.nba.com/cvp.html?GameID=0021200503&GameEventID=242,2,,Denver Nuggets,SUB: Gallinari FOR Miller,3:39
http://stats.nba.com/cvp.html?GameID=0021200503&GameEventID=243,2,,Denver Nuggets,SUB: Faried FOR McGee,3:39
http://stats.nba.com/cvp.html?GameID=0021200503&GameEventID=244,2,[ 55 - 49 ],Los Angeles Lakers,Gasol Free Throw 2 of 2 (11 PTS),3:39
http://stats.nba.com/cvp.html?GameID=0021200503&GameEventID=247,2,,Los Angeles Lakers,Gasol P.FOUL (P2.T4),3:30
http://stats.nba.com/cvp.html?GameID=0021200503&GameEventID=248,2,,Los Angeles Lakers,SUB: Hill FOR Gasol,3:30
http://stats.nba.com/cvp.html?GameID=0021200503&GameEventID=249,2,,Denver Nuggets,MISS Gallinari 11' Turnaround Jump Shot,3:24
http://stats.nba.com/cvp.html?GameID=0021200503&GameEventID=250,2,,Los Angeles Lakers,World Peace REBOUND (Off:2 Def:1),3:21
http://stats.nba.com/cvp.html?GameID=0021200503&GameEventID=251,2,,Los Angeles Lakers,MISS Hill 20' Jump Shot,3:08
http://stats.nba.com/cvp.html?GameID=0021200503&GameEventID=252,2,,Denver Nuggets,Koufos REBOUND (Off:2 Def:2),3:07
http://stats.nba.com/cvp.html?GameID=0021200503&GameEventID=253,2,,Los Angeles Lakers,Bryant P.FOUL (P1.PN),3:05
http://stats.nba.com/cvp.html?GameID=0021200503&GameEventID=254,2,[ 56 - 49 ],Denver Nuggets,Lawson Free Throw 1 of 2 (7 PTS),3:05
http://stats.nba.com/cvp.html?GameID=0021200503&GameEventID=256,2,[ 57 - 49 ],Denver Nuggets,Lawson Free Throw 2 of 2 (8 PTS),3:05
http://stats.nba.com/cvp.html?GameID=0021200503&GameEventID=258,2,[ 57 - 52 ],Los Angeles Lakers,World Peace 24' 3PT Jump Shot (12 PTS) (Hill 1 AST),2:54
http://stats.nba.com/cvp.html?GameID=0021200503&GameEventID=259,2,,Los Angeles Lakers,Nash STEAL (1 STL),2:39
http://stats.nba.com/cvp.html?GameID=0021200503&GameEventID=259,2,,Denver Nuggets,Koufos Bad Pass Turnover (P1.T5),2:39
http://stats.nba.com/cvp.html?GameID=0021200503&GameEventID=260,2,,Los Angeles Lakers,MISS Nash 27' 3PT Jump Shot,2:33
http://stats.nba.com/cvp.html?GameID=0021200503&GameEventID=261,2,,Denver Nuggets,Nuggets Rebound,2:32
http://stats.nba.com/cvp.html?GameID=0021200503&GameEventID=262,2,,Denver Nuggets,Nuggets Timeout: Regular (Reg.2 Short 0),2:32
http://stats.nba.com/cvp.html?GameID=0021200503&GameEventID=266,2,,Denver Nuggets,MISS Iguodala  3PT Jump Shot,2:16
http://stats.nba.com/cvp.html?GameID=0021200503&GameEventID=267,2,,Los Angeles Lakers,Hill REBOUND (Off:0 Def:1),2:15
http://stats.nba.com/cvp.html?GameID=0021200503&GameEventID=268,2,,Denver Nuggets,Gallinari S.FOUL (P3.PN),2:01
http://stats.nba.com/cvp.html?GameID=0021200503&GameEventID=269,2,[ 57 - 53 ],Los Angeles Lakers,Bryant Free Throw 1 of 2 (3 PTS),2:01
http://stats.nba.com/cvp.html?GameID=0021200503&GameEventID=270,2,,Denver Nuggets,SUB: Brewer FOR Gallinari,2:01
http://stats.nba.com/cvp.html?GameID=0021200503&GameEventID=271,2,[ 57 - 54 ],Los Angeles Lakers,Bryant Free Throw 2 of 2 (4 PTS),2:01
http://stats.nba.com/cvp.html?GameID=0021200503&GameEventID=273,2,,Denver Nuggets,MISS Brewer 17' Jump Shot,1:43
http://stats.nba.com/cvp.html?GameID=0021200503&GameEventID=274,2,,Los Angeles Lakers,Howard REBOUND (Off:1 Def:11),1:42
http://stats.nba.com/cvp.html?GameID=0021200503&GameEventID=275,2,[ 57 - 56 ],Los Angeles Lakers,Bryant 20' Step Back Jump Shot (6 PTS) (Nash 6 AST),1:28
http://stats.nba.com/cvp.html?GameID=0021200503&GameEventID=276,2,,Denver Nuggets,MISS Lawson 19' Jump Shot,1:12
http://stats.nba.com/cvp.html?GameID=0021200503&GameEventID=278,2,,Denver Nuggets,Koufos REBOUND (Off:3 Def:2),1:10
http://stats.nba.com/cvp.html?GameID=0021200503&GameEventID=277,2,,Denver Nuggets,MISS Brewer 2' Tip Shot,1:10
http://stats.nba.com/cvp.html?GameID=0021200503&GameEventID=279,2,,Los Angeles Lakers,Howard REBOUND (Off:1 Def:12),1:06
http://stats.nba.com/cvp.html?GameID=0021200503&GameEventID=280,2,,Denver Nuggets,Brewer P.FOUL (P1.PN),1:05
http://stats.nba.com/cvp.html?GameID=0021200503&GameEventID=281,2,[ 57 - 57 ],Los Angeles Lakers,Nash Free Throw 1 of 2 (6 PTS),1:05
http://stats.nba.com/cvp.html?GameID=0021200503&GameEventID=283,2,[ 57 - 58 ],Los Angeles Lakers,Nash Free Throw 2 of 2 (7 PTS),1:05
http://stats.nba.com/cvp.html?GameID=0021200503&GameEventID=286,2,,Los Angeles Lakers,Bryant S.FOUL (P2.PN),0:43
http://stats.nba.com/cvp.html?GameID=0021200503&GameEventID=287,2,,Denver Nuggets,MISS Brewer Free Throw 1 of 2,0:43
http://stats.nba.com/cvp.html?GameID=0021200503&GameEventID=288,2,,Denver Nuggets,Nuggets Rebound,0:43
http://stats.nba.com/cvp.html?GameID=0021200503&GameEventID=289,2,[ 58 - 58 ],Denver Nuggets,Brewer Free Throw 2 of 2 (11 PTS),0:43
http://stats.nba.com/cvp.html?GameID=0021200503&GameEventID=291,2,[ 58 - 60 ],Los Angeles Lakers,Hill 19' Jump Shot (6 PTS) (Nash 7 AST),0:30
http://stats.nba.com/cvp.html?GameID=0021200503&GameEventID=292,2,[ 60 - 60 ],Denver Nuggets,Koufos 6' Hook Shot (5 PTS) (Lawson 6 AST),0:09
http://stats.nba.com/cvp.html?GameID=0021200503&GameEventID=293,2,,Los Angeles Lakers,MISS Howard 26' 3PT Jump Shot,0:02
http://stats.nba.com/cvp.html?GameID=0021200503&GameEventID=294,2,,Denver Nuggets,Lawson REBOUND (Off:1 Def:1),0:00
http://stats.nba.com/cvp.html?GameID=0021200503&GameEventID=298,3,,Los Angeles Lakers,Nash Bad Pass Turnover (P3.T11),11:49
http://stats.nba.com/cvp.html?GameID=0021200503&GameEventID=299,3,,Los Angeles Lakers,World Peace STEAL (1 STL),11:36
http://stats.nba.com/cvp.html?GameID=0021200503&GameEventID=299,3,,Denver Nuggets,Gallinari Bad Pass Turnover (P1.T6),11:36
http://stats.nba.com/cvp.html?GameID=0021200503&GameEventID=300,3,,Denver Nuggets,Lawson Violation:Kicked Ball,11:30
http://stats.nba.com/cvp.html?GameID=0021200503&GameEventID=301,3,,Los Angeles Lakers,MISS Gasol 25' 3PT Jump Shot,11:20
http://stats.nba.com/cvp.html?GameID=0021200503&GameEventID=302,3,,Los Angeles Lakers,World Peace REBOUND (Off:3 Def:1),11:19
http://stats.nba.com/cvp.html?GameID=0021200503&GameEventID=303,3,,Denver Nuggets,Iguodala S.FOUL (P1.T1),11:19
http://stats.nba.com/cvp.html?GameID=0021200503&GameEventID=304,3,,Los Angeles Lakers,MISS World Peace Free Throw 1 of 2,11:19
http://stats.nba.com/cvp.html?GameID=0021200503&GameEventID=305,3,,Los Angeles Lakers,LAKERS Rebound,11:19
http://stats.nba.com/cvp.html?GameID=0021200503&GameEventID=306,3,[ 60 - 61 ],Los Angeles Lakers,World Peace Free Throw 2 of 2 (13 PTS),11:19
http://stats.nba.com/cvp.html?GameID=0021200503&GameEventID=308,3,[ 62 - 61 ],Denver Nuggets,Lawson 11' Pullup Jump Shot (10 PTS),11:04
http://stats.nba.com/cvp.html?GameID=0021200503&GameEventID=309,3,,Los Angeles Lakers,Nash Bad Pass Turnover (P4.T12),10:52
http://stats.nba.com/cvp.html?GameID=0021200503&GameEventID=309,3,,Denver Nuggets,Faried STEAL (1 STL),10:52
http://stats.nba.com/cvp.html?GameID=0021200503&GameEventID=310,3,[ 64 - 61 ],Denver Nuggets,Faried 2' Slam Dunk (4 PTS) (Gallinari 2 AST),10:48
http://stats.nba.com/cvp.html?GameID=0021200503&GameEventID=311,3,,Los Angeles Lakers,Nash Bad Pass Turnover (P5.T13),10:36
http://stats.nba.com/cvp.html?GameID=0021200503&GameEventID=312,3,,Los Angeles Lakers,Nash BLOCK (1 BLK),10:29
http://stats.nba.com/cvp.html?GameID=0021200503&GameEventID=312,3,,Denver Nuggets,MISS Lawson 2' Layup,10:29
http://stats.nba.com/cvp.html?GameID=0021200503&GameEventID=313,3,,Los Angeles Lakers,LAKERS Rebound,10:29
http://stats.nba.com/cvp.html?GameID=0021200503&GameEventID=314,3,,Los Angeles Lakers,MISS Nash 2' Driving Layup,10:22
http://stats.nba.com/cvp.html?GameID=0021200503&GameEventID=315,3,,Denver Nuggets,Faried REBOUND (Off:0 Def:2),10:22
http://stats.nba.com/cvp.html?GameID=0021200503&GameEventID=316,3,,Los Angeles Lakers,Nash T.FOUL (P0.T0),10:22
http://stats.nba.com/cvp.html?GameID=0021200503&GameEventID=317,3,,Denver Nuggets,MISS Gallinari Free Throw Technical,10:22
http://stats.nba.com/cvp.html?GameID=0021200503&GameEventID=318,3,,Denver Nuggets,Nuggets Rebound,10:22
http://stats.nba.com/cvp.html?GameID=0021200503&GameEventID=319,3,,Denver Nuggets,MISS Gallinari 3' Layup,10:05
http://stats.nba.com/cvp.html?GameID=0021200503&GameEventID=320,3,,Los Angeles Lakers,LAKERS Rebound,10:04
http://stats.nba.com/cvp.html?GameID=0021200503&GameEventID=321,3,[ 64 - 64 ],Los Angeles Lakers,World Peace 24' 3PT Jump Shot (16 PTS) (Gasol 2 AST),9:48
http://stats.nba.com/cvp.html?GameID=0021200503&GameEventID=322,3,,Denver Nuggets,MISS Lawson 3' Driving Layup,9:39
http://stats.nba.com/cvp.html?GameID=0021200503&GameEventID=323,3,,Los Angeles Lakers,Gasol REBOUND (Off:3 Def:1),9:37
http://stats.nba.com/cvp.html?GameID=0021200503&GameEventID=324,3,[ 64 - 67 ],Los Angeles Lakers,Bryant 24' 3PT Jump Shot (9 PTS) (Nash 8 AST),9:32
http://stats.nba.com/cvp.html?GameID=0021200503&GameEventID=325,3,[ 66 - 67 ],Denver Nuggets,Faried 2' Slam Dunk (6 PTS) (Iguodala 2 AST),9:12
http://stats.nba.com/cvp.html?GameID=0021200503&GameEventID=326,3,,Denver Nuggets,Faried T.FOUL (P1.T1),9:12
http://stats.nba.com/cvp.html?GameID=0021200503&GameEventID=327,3,[ 66 - 68 ],Los Angeles Lakers,Nash Free Throw Technical (8 PTS),9:12
http://stats.nba.com/cvp.html?GameID=0021200503&GameEventID=329,3,[ 66 - 70 ],Los Angeles Lakers,Howard 2' Dunk (12 PTS) (Nash 9 AST),8:59
http://stats.nba.com/cvp.html?GameID=0021200503&GameEventID=330,3,[ 69 - 70 ],Denver Nuggets,Gallinari 26' 3PT Jump Shot (10 PTS) (Lawson 7 AST),8:39
http://stats.nba.com/cvp.html?GameID=0021200503&GameEventID=331,3,,Los Angeles Lakers,MISS Gasol 20' Jump Shot,8:20
http://stats.nba.com/cvp.html?GameID=0021200503&GameEventID=332,3,,Denver Nuggets,Iguodala REBOUND (Off:0 Def:2),8:17
http://stats.nba.com/cvp.html?GameID=0021200503&GameEventID=333,3,,Los Angeles Lakers,Howard BLOCK (2 BLK),8:12
http://stats.nba.com/cvp.html?GameID=0021200503&GameEventID=333,3,,Denver Nuggets,MISS Lawson 4' Jump Shot,8:12
http://stats.nba.com/cvp.html?GameID=0021200503&GameEventID=334,3,,Denver Nuggets,Nuggets Rebound,8:11
http://stats.nba.com/cvp.html?GameID=0021200503&GameEventID=335,3,,Denver Nuggets,MISS Faried 3' Jump Bank Shot,8:04
http://stats.nba.com/cvp.html?GameID=0021200503&GameEventID=336,3,,Los Angeles Lakers,Howard REBOUND (Off:1 Def:13),8:03
http://stats.nba.com/cvp.html?GameID=0021200503&GameEventID=337,3,,Los Angeles Lakers,MISS Bryant 27' 3PT Jump Shot,7:58
http://stats.nba.com/cvp.html?GameID=0021200503&GameEventID=338,3,,Denver Nuggets,Faried REBOUND (Off:0 Def:3),7:57
http://stats.nba.com/cvp.html?GameID=0021200503&GameEventID=339,3,[ 71 - 70 ],Denver Nuggets,Koufos 5' Hook Shot (7 PTS) (Iguodala 3 AST),7:46
http://stats.nba.com/cvp.html?GameID=0021200503&GameEventID=340,3,,Los Angeles Lakers,MISS Bryant 2' Driving Reverse Layup,7:32
http://stats.nba.com/cvp.html?GameID=0021200503&GameEventID=340,3,,Denver Nuggets,Koufos BLOCK (1 BLK),7:32
http://stats.nba.com/cvp.html?GameID=0021200503&GameEventID=341,3,,Los Angeles Lakers,Bryant REBOUND (Off:1 Def:1),7:30
http://stats.nba.com/cvp.html?GameID=0021200503&GameEventID=342,3,[ 71 - 72 ],Los Angeles Lakers,Bryant 2' Layup (11 PTS),7:29
http://stats.nba.com/cvp.html?GameID=0021200503&GameEventID=343,3,[ 74 - 72 ],Denver Nuggets,Iguodala 26' 3PT Jump Shot (15 PTS) (Lawson 8 AST),7:17
http://stats.nba.com/cvp.html?GameID=0021200503&GameEventID=344,3,[ 74 - 74 ],Los Angeles Lakers,Howard 4' Jump Shot (14 PTS),6:58
http://stats.nba.com/cvp.html?GameID=0021200503&GameEventID=345,3,,Denver Nuggets,Koufos 3 Second Violation Turnover (P2.T7),6:45
http://stats.nba.com/cvp.html?GameID=0021200503&GameEventID=346,3,,Denver Nuggets,SUB: McGee FOR Koufos,6:45
http://stats.nba.com/cvp.html?GameID=0021200503&GameEventID=348,3,,Los Angeles Lakers,MISS Bryant 3' Driving Layup,6:28
http://stats.nba.com/cvp.html?GameID=0021200503&GameEventID=352,3,,Los Angeles Lakers,LAKERS Rebound,6:28
http://stats.nba.com/cvp.html?GameID=0021200503&GameEventID=350,3,,Los Angeles Lakers,SUB: Hill FOR Gasol,6:28
http://stats.nba.com/cvp.html?GameID=0021200503&GameEventID=351,3,,Los Angeles Lakers,Jump Ball Howard vs. McGee: Tip to World Peace,6:28
http://stats.nba.com/cvp.html?GameID=0021200503&GameEventID=353,3,[ 74 - 76 ],Los Angeles Lakers,Nash 3' Driving Reverse Layup (10 PTS) (Bryant 6 AST),6:11
http://stats.nba.com/cvp.html?GameID=0021200503&GameEventID=354,3,,Denver Nuggets,MISS McGee 16' Jump Shot,6:00
http://stats.nba.com/cvp.html?GameID=0021200503&GameEventID=355,3,,Los Angeles Lakers,Bryant REBOUND (Off:1 Def:2),5:59
http://stats.nba.com/cvp.html?GameID=0021200503&GameEventID=357,3,[ 74 - 78 ],Los Angeles Lakers,Hill 18' Jump Shot (8 PTS) (Bryant 7 AST),5:50
http://stats.nba.com/cvp.html?GameID=0021200503&GameEventID=358,3,[ 76 - 78 ],Denver Nuggets,McGee 3' Jump Shot (12 PTS) (Iguodala 4 AST),5:31
http://stats.nba.com/cvp.html?GameID=0021200503&GameEventID=359,3,,Los Angeles Lakers,MISS Hill 18' Jump Shot,5:18
http://stats.nba.com/cvp.html?GameID=0021200503&GameEventID=360,3,,Los Angeles Lakers,Howard REBOUND (Off:2 Def:13),5:17
http://stats.nba.com/cvp.html?GameID=0021200503&GameEventID=362,3,,Los Angeles Lakers,LAKERS Timeout: Regular (Full 3 Short 0),5:10
http://stats.nba.com/cvp.html?GameID=0021200503&GameEventID=365,3,,Denver Nuggets,SUB: Brewer FOR Faried,5:10
http://stats.nba.com/cvp.html?GameID=0021200503&GameEventID=367,3,,Los Angeles Lakers,MISS Bryant 5' Turnaround Jump Shot,5:04
http://stats.nba.com/cvp.html?GameID=0021200503&GameEventID=368,3,,Denver Nuggets,Nuggets Rebound,5:03
http://stats.nba.com/cvp.html?GameID=0021200503&GameEventID=369,3,,Los Angeles Lakers,Hill L.B.FOUL (P2.T1),5:03
http://stats.nba.com/cvp.html?GameID=0021200503&GameEventID=370,3,,Los Angeles Lakers,SUB: Meeks FOR World Peace,5:03
http://stats.nba.com/cvp.html?GameID=0021200503&GameEventID=371,3,,Denver Nuggets,MISS Brewer 5' Jump Shot,4:45
http://stats.nba.com/cvp.html?GameID=0021200503&GameEventID=372,3,,Denver Nuggets,Gallinari REBOUND (Off:2 Def:0),4:43
http://stats.nba.com/cvp.html?GameID=0021200503&GameEventID=373,3,,Denver Nuggets,MISS Gallinari 1' Layup,4:42
http://stats.nba.com/cvp.html?GameID=0021200503&GameEventID=374,3,,Los Angeles Lakers,Hill REBOUND (Off:0 Def:2),4:41
http://stats.nba.com/cvp.html?GameID=0021200503&GameEventID=375,3,,Los Angeles Lakers,MISS Hill 16' Jump Shot,4:32
http://stats.nba.com/cvp.html?GameID=0021200503&GameEventID=376,3,,Denver Nuggets,McGee REBOUND (Off:3 Def:2),4:30
http://stats.nba.com/cvp.html?GameID=0021200503&GameEventID=377,3,[ 78 - 78 ],Denver Nuggets,Gallinari 17' Jump Shot (12 PTS) (Lawson 9 AST),4:22
http://stats.nba.com/cvp.html?GameID=0021200503&GameEventID=378,3,,Los Angeles Lakers,MISS Bryant 26' 3PT Jump Shot,4:03
http://stats.nba.com/cvp.html?GameID=0021200503&GameEventID=379,3,,Los Angeles Lakers,Nash REBOUND (Off:1 Def:1),4:02
http://stats.nba.com/cvp.html?GameID=0021200503&GameEventID=380,3,,Los Angeles Lakers,MISS Bryant 2' Layup,3:56
http://stats.nba.com/cvp.html?GameID=0021200503&GameEventID=381,3,,Los Angeles Lakers,Nash REBOUND (Off:2 Def:1),3:54
http://stats.nba.com/cvp.html?GameID=0021200503&GameEventID=382,3,[ 78 - 80 ],Los Angeles Lakers,Meeks 18' Pullup Jump Shot (8 PTS) (Nash 10 AST),3:50
http://stats.nba.com/cvp.html?GameID=0021200503&GameEventID=383,3,[ 81 - 80 ],Denver Nuggets,Gallinari 25' 3PT Jump Shot (15 PTS) (Lawson 10 AST),3:32
http://stats.nba.com/cvp.html?GameID=0021200503&GameEventID=384,3,,Los Angeles Lakers,MISS Hill 4' Jump Shot,3:15
http://stats.nba.com/cvp.html?GameID=0021200503&GameEventID=384,3,,Denver Nuggets,Gallinari BLOCK (1 BLK),3:15
http://stats.nba.com/cvp.html?GameID=0021200503&GameEventID=385,3,,Denver Nuggets,Iguodala REBOUND (Off:0 Def:3),3:13
http://stats.nba.com/cvp.html?GameID=0021200503&GameEventID=386,3,[ 83 - 80 ],Denver Nuggets,Lawson 2' Driving Layup (12 PTS) (Iguodala 5 AST),3:10
http://stats.nba.com/cvp.html?GameID=0021200503&GameEventID=387,3,,Los Angeles Lakers,LAKERS Timeout: Short (Full 3 Short 1),3:09
http://stats.nba.com/cvp.html?GameID=0021200503&GameEventID=389,3,,Denver Nuggets,SUB: Miller FOR Lawson,3:09
http://stats.nba.com/cvp.html?GameID=0021200503&GameEventID=390,3,,Los Angeles Lakers,SUB: Duhon FOR Howard,3:09
http://stats.nba.com/cvp.html?GameID=0021200503&GameEventID=391,3,,Los Angeles Lakers,SUB: Gasol FOR Nash,3:09
http://stats.nba.com/cvp.html?GameID=0021200503&GameEventID=393,3,,Denver Nuggets,Nuggets Timeout: Regular (Reg.3 Short 0),2:52
http://stats.nba.com/cvp.html?GameID=0021200503&GameEventID=397,3,,Los Angeles Lakers,MISS Meeks 26' 3PT Jump Shot,2:46
http://stats.nba.com/cvp.html?GameID=0021200503&GameEventID=398,3,,Denver Nuggets,Iguodala REBOUND (Off:0 Def:4),2:44
http://stats.nba.com/cvp.html?GameID=0021200503&GameEventID=399,3,,Denver Nuggets,MISS Gallinari 28' 3PT Jump Shot,2:38
http://stats.nba.com/cvp.html?GameID=0021200503&GameEventID=400,3,,Los Angeles Lakers,Bryant REBOUND (Off:1 Def:3),2:36
http://stats.nba.com/cvp.html?GameID=0021200503&GameEventID=401,3,,Denver Nuggets,Gallinari S.FOUL (P4.T2),2:22
http://stats.nba.com/cvp.html?GameID=0021200503&GameEventID=402,3,[ 83 - 81 ],Los Angeles Lakers,Hill Free Throw 1 of 2 (9 PTS),2:22
http://stats.nba.com/cvp.html?GameID=0021200503&GameEventID=404,3,,Denver Nuggets,SUB: Faried FOR Gallinari,2:22
http://stats.nba.com/cvp.html?GameID=0021200503&GameEventID=405,3,[ 83 - 82 ],Los Angeles Lakers,Hill Free Throw 2 of 2 (10 PTS),2:22
http://stats.nba.com/cvp.html?GameID=0021200503&GameEventID=407,3,,Denver Nuggets,MISS Iguodala 15' Jump Shot,2:02
http://stats.nba.com/cvp.html?GameID=0021200503&GameEventID=408,3,,Los Angeles Lakers,Hill REBOUND (Off:0 Def:3),2:00
http://stats.nba.com/cvp.html?GameID=0021200503&GameEventID=409,3,,Los Angeles Lakers,Jump Ball Hill vs. Miller: Tip to Gasol,2:00
http://stats.nba.com/cvp.html?GameID=0021200503&GameEventID=410,3,,Los Angeles Lakers,MISS Meeks 26' 3PT Jump Shot,1:42
http://stats.nba.com/cvp.html?GameID=0021200503&GameEventID=411,3,,Los Angeles Lakers,Hill REBOUND (Off:1 Def:3),1:41
http://stats.nba.com/cvp.html?GameID=0021200503&GameEventID=412,3,,Los Angeles Lakers,MISS Meeks 11' Jump Shot,1:35
http://stats.nba.com/cvp.html?GameID=0021200503&GameEventID=413,3,,Denver Nuggets,McGee REBOUND (Off:3 Def:3),1:35
http://stats.nba.com/cvp.html?GameID=0021200503&GameEventID=414,3,,Los Angeles Lakers,Gasol BLOCK (2 BLK),1:13
http://stats.nba.com/cvp.html?GameID=0021200503&GameEventID=414,3,,Denver Nuggets,MISS Miller 3' Layup,1:13
http://stats.nba.com/cvp.html?GameID=0021200503&GameEventID=415,3,,Los Angeles Lakers,Hill REBOUND (Off:1 Def:4),1:11
http://stats.nba.com/cvp.html?GameID=0021200503&GameEventID=416,3,,Los Angeles Lakers,MISS Duhon 26' 3PT Jump Shot,0:59
http://stats.nba.com/cvp.html?GameID=0021200503&GameEventID=417,3,,Denver Nuggets,Iguodala REBOUND (Off:0 Def:5),0:58
http://stats.nba.com/cvp.html?GameID=0021200503&GameEventID=418,3,[ 85 - 82 ],Denver Nuggets,Miller 1' Layup (7 PTS) (Iguodala 6 AST),0:53
http://stats.nba.com/cvp.html?GameID=0021200503&GameEventID=419,3,,Denver Nuggets,Faried P.FOUL (P2.T3),0:41
http://stats.nba.com/cvp.html?GameID=0021200503&GameEventID=420,3,,Denver Nuggets,McGee S.FOUL (P2.PN),0:31
http://stats.nba.com/cvp.html?GameID=0021200503&GameEventID=421,3,,Los Angeles Lakers,MISS Hill Free Throw 1 of 2,0:31
http://stats.nba.com/cvp.html?GameID=0021200503&GameEventID=422,3,,Los Angeles Lakers,LAKERS Rebound,0:31
http://stats.nba.com/cvp.html?GameID=0021200503&GameEventID=424,3,,Los Angeles Lakers,SUB: World Peace FOR Duhon,0:31
http://stats.nba.com/cvp.html?GameID=0021200503&GameEventID=425,3,[ 85 - 83 ],Los Angeles Lakers,Hill Free Throw 2 of 2 (11 PTS),0:31
http://stats.nba.com/cvp.html?GameID=0021200503&GameEventID=427,3,,Los Angeles Lakers,Gasol T.FOUL (P2.T1),0:31
http://stats.nba.com/cvp.html?GameID=0021200503&GameEventID=428,3,[ 86 - 83 ],Denver Nuggets,Miller Free Throw Technical (8 PTS),0:31
http://stats.nba.com/cvp.html?GameID=0021200503&GameEventID=430,3,[ 88 - 83 ],Denver Nuggets,McGee 3' Layup (14 PTS) (Iguodala 7 AST),0:14
http://stats.nba.com/cvp.html?GameID=0021200503&GameEventID=431,3,,Los Angeles Lakers,Meeks S.FOUL (P1.T2),0:14
http://stats.nba.com/cvp.html?GameID=0021200503&GameEventID=432,3,[ 89 - 83 ],Denver Nuggets,McGee Free Throw 1 of 1 (15 PTS),0:14
http://stats.nba.com/cvp.html?GameID=0021200503&GameEventID=434,3,,Los Angeles Lakers,MISS Meeks  3PT Jump Shot,0:02
http://stats.nba.com/cvp.html?GameID=0021200503&GameEventID=435,3,,Denver Nuggets,Brewer REBOUND (Off:1 Def:5),0:01
http://stats.nba.com/cvp.html?GameID=0021200503&GameEventID=436,3,,Denver Nuggets,MISS Brewer 57' 3PT Jump Shot,0:01
http://stats.nba.com/cvp.html?GameID=0021200503&GameEventID=437,3,,Denver Nuggets,Nuggets Rebound,0:00
http://stats.nba.com/cvp.html?GameID=0021200503&GameEventID=441,4,[ 92 - 83 ],Denver Nuggets,Brewer 27' 3PT Jump Shot (14 PTS) (Faried 3 AST),11:43
http://stats.nba.com/cvp.html?GameID=0021200503&GameEventID=442,4,,Los Angeles Lakers,Bryant Lost Ball Turnover (P2.T14),11:28
http://stats.nba.com/cvp.html?GameID=0021200503&GameEventID=442,4,,Denver Nuggets,Brewer STEAL (1 STL),11:28
http://stats.nba.com/cvp.html?GameID=0021200503&GameEventID=443,4,,Denver Nuggets,MISS Iguodala 17' Jump Shot,11:15
http://stats.nba.com/cvp.html?GameID=0021200503&GameEventID=444,4,,Denver Nuggets,Faried REBOUND (Off:1 Def:3),11:13
http://stats.nba.com/cvp.html?GameID=0021200503&GameEventID=445,4,,Denver Nuggets,Nuggets Timeout: Short (Reg.3 Short 1),11:12
http://stats.nba.com/cvp.html?GameID=0021200503&GameEventID=449,4,,Denver Nuggets,Faried OFF.Foul (P3),11:05
http://stats.nba.com/cvp.html?GameID=0021200503&GameEventID=450,4,,Denver Nuggets,Faried Foul Turnover (P1.T8),11:05
http://stats.nba.com/cvp.html?GameID=0021200503&GameEventID=451,4,,Los Angeles Lakers,Howard Lost Ball Turnover (P2.T15),10:51
http://stats.nba.com/cvp.html?GameID=0021200503&GameEventID=451,4,,Denver Nuggets,McGee STEAL (2 STL),10:51
http://stats.nba.com/cvp.html?GameID=0021200503&GameEventID=452,4,,Los Angeles Lakers,World Peace S.FOUL (P2.T1),10:45
http://stats.nba.com/cvp.html?GameID=0021200503&GameEventID=453,4,,Denver Nuggets,MISS McGee Free Throw 1 of 2,10:45
http://stats.nba.com/cvp.html?GameID=0021200503&GameEventID=454,4,,Denver Nuggets,Nuggets Rebound,10:45
http://stats.nba.com/cvp.html?GameID=0021200503&GameEventID=455,4,,Denver Nuggets,SUB: Gallinari FOR Iguodala,10:45
http://stats.nba.com/cvp.html?GameID=0021200503&GameEventID=456,4,,Denver Nuggets,MISS McGee Free Throw 2 of 2,10:45
http://stats.nba.com/cvp.html?GameID=0021200503&GameEventID=458,4,,Los Angeles Lakers,Howard REBOUND (Off:2 Def:14),10:43
http://stats.nba.com/cvp.html?GameID=0021200503&GameEventID=459,4,,Denver Nuggets,Miller Personal Take Foul (P3.T1),10:38
http://stats.nba.com/cvp.html?GameID=0021200503&GameEventID=460,4,,Denver Nuggets,Miller P.FOUL (P4.T2),10:27
http://stats.nba.com/cvp.html?GameID=0021200503&GameEventID=462,4,,Denver Nuggets,McGee S.FOUL (P3.T3),10:23
http://stats.nba.com/cvp.html?GameID=0021200503&GameEventID=463,4,[ 92 - 84 ],Los Angeles Lakers,Bryant Free Throw 1 of 2 (12 PTS),10:23
http://stats.nba.com/cvp.html?GameID=0021200503&GameEventID=465,4,[ 92 - 85 ],Los Angeles Lakers,Bryant Free Throw 2 of 2 (13 PTS),10:23
http://stats.nba.com/cvp.html?GameID=0021200503&GameEventID=467,4,[ 94 - 85 ],Denver Nuggets,McGee 4' Running Hook Shot (17 PTS) (Miller 8 AST),10:06
http://stats.nba.com/cvp.html?GameID=0021200503&GameEventID=469,4,,Los Angeles Lakers,Howard OFF.Foul (P3),9:55
http://stats.nba.com/cvp.html?GameID=0021200503&GameEventID=470,4,,Los Angeles Lakers,Howard Foul Turnover (P3.T16),9:55
http://stats.nba.com/cvp.html?GameID=0021200503&GameEventID=471,4,,Denver Nuggets,MISS Brewer 50' 3PT Jump Shot,9:31
http://stats.nba.com/cvp.html?GameID=0021200503&GameEventID=472,4,,Denver Nuggets,Nuggets Rebound,9:31
http://stats.nba.com/cvp.html?GameID=0021200503&GameEventID=473,4,,Denver Nuggets,Nuggets Turnover: Shot Clock (T#9),9:31
http://stats.nba.com/cvp.html?GameID=0021200503&GameEventID=474,4,,Los Angeles Lakers,MISS Bryant 27' 3PT Jump Shot,9:19
http://stats.nba.com/cvp.html?GameID=0021200503&GameEventID=475,4,,Denver Nuggets,Faried REBOUND (Off:1 Def:4),9:17
http://stats.nba.com/cvp.html?GameID=0021200503&GameEventID=476,4,,Los Angeles Lakers,World Peace BLOCK (3 BLK),9:09
http://stats.nba.com/cvp.html?GameID=0021200503&GameEventID=476,4,,Denver Nuggets,MISS Faried 8' Jump Shot,9:09
http://stats.nba.com/cvp.html?GameID=0021200503&GameEventID=477,4,,Denver Nuggets,Faried REBOUND (Off:2 Def:4),9:07
http://stats.nba.com/cvp.html?GameID=0021200503&GameEventID=478,4,,Denver Nuggets,MISS Faried 5' Jump Shot,9:06
http://stats.nba.com/cvp.html?GameID=0021200503&GameEventID=479,4,,Los Angeles Lakers,Howard REBOUND (Off:2 Def:15),9:04
http://stats.nba.com/cvp.html?GameID=0021200503&GameEventID=483,4,,Denver Nuggets,SUB: Koufos FOR McGee,8:55
http://stats.nba.com/cvp.html?GameID=0021200503&GameEventID=484,4,,Los Angeles Lakers,SUB: Nash FOR Duhon,8:55
http://stats.nba.com/cvp.html?GameID=0021200503&GameEventID=486,4,,Los Angeles Lakers,Gasol Bad Pass Turnover (P3.T17),8:53
http://stats.nba.com/cvp.html?GameID=0021200503&GameEventID=486,4,,Denver Nuggets,Brewer STEAL (2 STL),8:53
http://stats.nba.com/cvp.html?GameID=0021200503&GameEventID=487,4,,Denver Nuggets,MISS Koufos 4' Hook Shot,8:34
http://stats.nba.com/cvp.html?GameID=0021200503&GameEventID=488,4,,Denver Nuggets,Koufos REBOUND (Off:4 Def:2),8:31
http://stats.nba.com/cvp.html?GameID=0021200503&GameEventID=489,4,,Denver Nuggets,MISS Miller 16' Jump Shot,8:14
http://stats.nba.com/cvp.html?GameID=0021200503&GameEventID=490,4,,Los Angeles Lakers,Howard REBOUND (Off:2 Def:16),8:13
http://stats.nba.com/cvp.html?GameID=0021200503&GameEventID=491,4,,Los Angeles Lakers,MISS Bryant  3PT Jump Shot,7:58
http://stats.nba.com/cvp.html?GameID=0021200503&GameEventID=492,4,,Denver Nuggets,Nuggets Rebound,7:58
http://stats.nba.com/cvp.html?GameID=0021200503&GameEventID=493,4,,Los Angeles Lakers,World Peace L.B.FOUL (P3.T2),7:58
http://stats.nba.com/cvp.html?GameID=0021200503&GameEventID=494,4,,Denver Nuggets,SUB: Lawson FOR Brewer,7:58
http://stats.nba.com/cvp.html?GameID=0021200503&GameEventID=496,4,,Los Angeles Lakers,World Peace BLOCK (4 BLK),7:40
http://stats.nba.com/cvp.html?GameID=0021200503&GameEventID=496,4,,Denver Nuggets,MISS Gallinari 26' 3PT Jump Shot,7:40
http://stats.nba.com/cvp.html?GameID=0021200503&GameEventID=497,4,,Denver Nuggets,Gallinari REBOUND (Off:3 Def:0),7:38
http://stats.nba.com/cvp.html?GameID=0021200503&GameEventID=498,4,,Denver Nuggets,MISS Gallinari 4' Jump Shot,7:35
http://stats.nba.com/cvp.html?GameID=0021200503&GameEventID=499,4,,Los Angeles Lakers,Howard REBOUND (Off:2 Def:17),7:28
http://stats.nba.com/cvp.html?GameID=0021200503&GameEventID=500,4,[ 94 - 87 ],Los Angeles Lakers,Bryant 2' Driving Layup (15 PTS) (Gasol 3 AST),7:24
http://stats.nba.com/cvp.html?GameID=0021200503&GameEventID=501,4,[ 96 - 87 ],Denver Nuggets,Lawson 1' Layup (14 PTS) (Miller 9 AST),7:18
http://stats.nba.com/cvp.html?GameID=0021200503&GameEventID=502,4,[ 96 - 89 ],Los Angeles Lakers,Bryant 14' Jump Shot (17 PTS),6:57
http://stats.nba.com/cvp.html?GameID=0021200503&GameEventID=503,4,,Denver Nuggets,MISS Gallinari 25' 3PT Jump Shot,6:41
http://stats.nba.com/cvp.html?GameID=0021200503&GameEventID=504,4,,Los Angeles Lakers,Gasol REBOUND (Off:3 Def:2),6:40
http://stats.nba.com/cvp.html?GameID=0021200503&GameEventID=505,4,,Denver Nuggets,Miller S.FOUL (P5.T4),6:28
http://stats.nba.com/cvp.html?GameID=0021200503&GameEventID=506,4,,Los Angeles Lakers,MISS Howard Free Throw 1 of 2,6:28
http://stats.nba.com/cvp.html?GameID=0021200503&GameEventID=507,4,,Los Angeles Lakers,LAKERS Rebound,6:28
http://stats.nba.com/cvp.html?GameID=0021200503&GameEventID=508,4,,Los Angeles Lakers,SUB: Hill FOR Gasol,6:28
http://stats.nba.com/cvp.html?GameID=0021200503&GameEventID=509,4,,Denver Nuggets,SUB: Iguodala FOR Miller,6:28
http://stats.nba.com/cvp.html?GameID=0021200503&GameEventID=510,4,,Los Angeles Lakers,MISS Howard Free Throw 2 of 2,6:28
http://stats.nba.com/cvp.html?GameID=0021200503&GameEventID=512,4,,Denver Nuggets,Koufos REBOUND (Off:4 Def:3),6:26
http://stats.nba.com/cvp.html?GameID=0021200503&GameEventID=513,4,[ 99 - 89 ],Denver Nuggets,Lawson 26' 3PT Jump Shot (17 PTS),6:12
http://stats.nba.com/cvp.html?GameID=0021200503&GameEventID=515,4,[ 99 - 91 ],Los Angeles Lakers,Bryant 2' Driving Layup (19 PTS) (Nash 11 AST),5:59
http://stats.nba.com/cvp.html?GameID=0021200503&GameEventID=517,4,,Denver Nuggets,MISS Iguodala 12' Jump Shot,5:39
http://stats.nba.com/cvp.html?GameID=0021200503&GameEventID=518,4,,Los Angeles Lakers,Howard REBOUND (Off:2 Def:18),5:38
http://stats.nba.com/cvp.html?GameID=0021200503&GameEventID=520,4,,Denver Nuggets,Koufos S.FOUL (P2.PN),5:32
http://stats.nba.com/cvp.html?GameID=0021200503&GameEventID=521,4,,Los Angeles Lakers,LAKERS Timeout: Regular (Full 4 Short 1),5:32
http://stats.nba.com/cvp.html?GameID=0021200503&GameEventID=526,4,[ 99 - 92 ],Los Angeles Lakers,Hill Free Throw 1 of 2 (12 PTS),5:32
http://stats.nba.com/cvp.html?GameID=0021200503&GameEventID=527,4,[ 99 - 93 ],Los Angeles Lakers,Hill Free Throw 2 of 2 (13 PTS),5:32
http://stats.nba.com/cvp.html?GameID=0021200503&GameEventID=529,4,,Los Angeles Lakers,World Peace P.FOUL (P4.T3),5:24
http://stats.nba.com/cvp.html?GameID=0021200503&GameEventID=530,4,,Denver Nuggets,MISS Koufos 20' Jump Shot,5:18
http://stats.nba.com/cvp.html?GameID=0021200503&GameEventID=531,4,,Los Angeles Lakers,Howard REBOUND (Off:2 Def:19),5:17
http://stats.nba.com/cvp.html?GameID=0021200503&GameEventID=532,4,,Los Angeles Lakers,MISS Nash 19' Jump Shot,5:04
http://stats.nba.com/cvp.html?GameID=0021200503&GameEventID=533,4,,Denver Nuggets,Nuggets Rebound,5:03
http://stats.nba.com/cvp.html?GameID=0021200503&GameEventID=534,4,[ 101 - 93 ],Denver Nuggets,Lawson 3' Driving Layup (19 PTS),4:53
http://stats.nba.com/cvp.html?GameID=0021200503&GameEventID=535,4,,Los Angeles Lakers,MISS World Peace 24' 3PT Jump Shot,4:32
http://stats.nba.com/cvp.html?GameID=0021200503&GameEventID=536,4,,Denver Nuggets,Nuggets Rebound,4:32
http://stats.nba.com/cvp.html?GameID=0021200503&GameEventID=537,4,,Denver Nuggets,SUB: McGee FOR Koufos,4:32
http://stats.nba.com/cvp.html?GameID=0021200503&GameEventID=538,4,,Los Angeles Lakers,SUB: Gasol FOR Hill,4:32
http://stats.nba.com/cvp.html?GameID=0021200503&GameEventID=539,4,,Denver Nuggets,MISS Gallinari 26' 3PT Jump Shot,4:08
http://stats.nba.com/cvp.html?GameID=0021200503&GameEventID=540,4,,Los Angeles Lakers,Howard REBOUND (Off:2 Def:20),4:07
http://stats.nba.com/cvp.html?GameID=0021200503&GameEventID=541,4,[ 101 - 95 ],Los Angeles Lakers,Bryant 11' Turnaround Fadeaway (21 PTS),3:54
http://stats.nba.com/cvp.html?GameID=0021200503&GameEventID=542,4,,Denver Nuggets,MISS Iguodala 15' Jump Shot,3:33
http://stats.nba.com/cvp.html?GameID=0021200503&GameEventID=543,4,,Los Angeles Lakers,Howard REBOUND (Off:2 Def:21),3:32
http://stats.nba.com/cvp.html?GameID=0021200503&GameEventID=544,4,,Los Angeles Lakers,MISS World Peace 25' 3PT Jump Shot,3:16
http://stats.nba.com/cvp.html?GameID=0021200503&GameEventID=545,4,,Denver Nuggets,Gallinari REBOUND (Off:3 Def:1),3:15
http://stats.nba.com/cvp.html?GameID=0021200503&GameEventID=546,4,,Denver Nuggets,Iguodala Offensive Charge Foul (P2.PN),3:10
http://stats.nba.com/cvp.html?GameID=0021200503&GameEventID=547,4,,Denver Nuggets,Iguodala Foul Turnover (P1.T10),3:10
http://stats.nba.com/cvp.html?GameID=0021200503&GameEventID=548,4,,Denver Nuggets,SUB: Miller FOR Gallinari,3:10
http://stats.nba.com/cvp.html?GameID=0021200503&GameEventID=549,4,,Los Angeles Lakers,MISS Gasol 17' Jump Shot,2:59
http://stats.nba.com/cvp.html?GameID=0021200503&GameEventID=550,4,,Denver Nuggets,Iguodala REBOUND (Off:0 Def:6),2:58
http://stats.nba.com/cvp.html?GameID=0021200503&GameEventID=551,4,,Denver Nuggets,MISS Lawson 17' Jump Shot,2:44
http://stats.nba.com/cvp.html?GameID=0021200503&GameEventID=552,4,,Los Angeles Lakers,Bryant REBOUND (Off:1 Def:4),2:42
http://stats.nba.com/cvp.html?GameID=0021200503&GameEventID=553,4,,Los Angeles Lakers,MISS Bryant 5' Hook Shot,2:31
http://stats.nba.com/cvp.html?GameID=0021200503&GameEventID=554,4,,Los Angeles Lakers,Howard REBOUND (Off:3 Def:21),2:29
http://stats.nba.com/cvp.html?GameID=0021200503&GameEventID=555,4,[ 101 - 97 ],Los Angeles Lakers,Bryant 11' Jump Shot (23 PTS) (Nash 12 AST),2:25
http://stats.nba.com/cvp.html?GameID=0021200503&GameEventID=556,4,,Denver Nuggets,Nuggets Timeout: Regular (Reg.4 Short 1),2:23
http://stats.nba.com/cvp.html?GameID=0021200503&GameEventID=558,4,,Denver Nuggets,SUB: Gallinari FOR Faried,2:23
http://stats.nba.com/cvp.html?GameID=0021200503&GameEventID=560,4,,Los Angeles Lakers,Howard BLOCK (3 BLK),2:04
http://stats.nba.com/cvp.html?GameID=0021200503&GameEventID=560,4,,Denver Nuggets,MISS Lawson 4' Jump Shot,2:04
http://stats.nba.com/cvp.html?GameID=0021200503&GameEventID=561,4,,Los Angeles Lakers,Howard REBOUND (Off:3 Def:22),2:01
http://stats.nba.com/cvp.html?GameID=0021200503&GameEventID=562,4,,Los Angeles Lakers,Howard Bad Pass Turnover (P4.T18),2:00
http://stats.nba.com/cvp.html?GameID=0021200503&GameEventID=562,4,,Denver Nuggets,McGee STEAL (3 STL),2:00
http://stats.nba.com/cvp.html?GameID=0021200503&GameEventID=563,4,[ 103 - 97 ],Denver Nuggets,Miller 14' Pullup Jump Shot (10 PTS),1:43
http://stats.nba.com/cvp.html?GameID=0021200503&GameEventID=564,4,,Los Angeles Lakers,MISS Bryant 15' Jump Shot,1:25
http://stats.nba.com/cvp.html?GameID=0021200503&GameEventID=565,4,,Denver Nuggets,Miller REBOUND (Off:0 Def:3),1:23
http://stats.nba.com/cvp.html?GameID=0021200503&GameEventID=566,4,[ 105 - 97 ],Denver Nuggets,Lawson 3' Driving Layup (21 PTS) (Miller 10 AST),1:18
http://stats.nba.com/cvp.html?GameID=0021200503&GameEventID=567,4,,Denver Nuggets,McGee P.FOUL (P4.PN),1:05
http://stats.nba.com/cvp.html?GameID=0021200503&GameEventID=569,4,,Denver Nuggets,SUB: Koufos FOR Lawson,1:05
http://stats.nba.com/cvp.html?GameID=0021200503&GameEventID=570,4,,Los Angeles Lakers,SUB: Clark FOR Gasol,1:05
http://stats.nba.com/cvp.html?GameID=0021200503&GameEventID=571,4,[ 105 - 98 ],Los Angeles Lakers,Clark Free Throw 1 of 2 (1 PTS),1:05
http://stats.nba.com/cvp.html?GameID=0021200503&GameEventID=573,4,[ 105 - 99 ],Los Angeles Lakers,Clark Free Throw 2 of 2 (2 PTS),1:05
http://stats.nba.com/cvp.html?GameID=0021200503&GameEventID=575,4,,Denver Nuggets,Nuggets Timeout: Regular (Reg.5 Short 1),1:05
http://stats.nba.com/cvp.html?GameID=0021200503&GameEventID=577,4,,Denver Nuggets,SUB: Lawson FOR Koufos,1:05
http://stats.nba.com/cvp.html?GameID=0021200503&GameEventID=578,4,,Los Angeles Lakers,SUB: Meeks FOR Clark,1:05
http://stats.nba.com/cvp.html?GameID=0021200503&GameEventID=579,4,,Denver Nuggets,MISS Iguodala 17' Step Back Jump Shot,0:43
http://stats.nba.com/cvp.html?GameID=0021200503&GameEventID=580,4,,Los Angeles Lakers,Howard REBOUND (Off:3 Def:23),0:41
http://stats.nba.com/cvp.html?GameID=0021200503&GameEventID=581,4,[ 105 - 102 ],Los Angeles Lakers,Bryant 25' 3PT Jump Shot (26 PTS) (Meeks 1 AST),0:36
http://stats.nba.com/cvp.html?GameID=0021200503&GameEventID=582,4,,Los Angeles Lakers,Howard BLOCK (4 BLK),0:16
http://stats.nba.com/cvp.html?GameID=0021200503&GameEventID=582,4,,Denver Nuggets,MISS Miller 5' Jump Shot,0:16
http://stats.nba.com/cvp.html?GameID=0021200503&GameEventID=583,4,,Denver Nuggets,Gallinari REBOUND (Off:4 Def:1),0:13
http://stats.nba.com/cvp.html?GameID=0021200503&GameEventID=584,4,[ 108 - 102 ],Denver Nuggets,Gallinari  3PT Jump Shot (18 PTS),0:13
http://stats.nba.com/cvp.html?GameID=0021200503&GameEventID=585,4,,Los Angeles Lakers,LAKERS Timeout: Regular (Full 5 Short 1),0:13
http://stats.nba.com/cvp.html?GameID=0021200503&GameEventID=590,4,,Denver Nuggets,SUB: Brewer FOR Lawson,0:13
http://stats.nba.com/cvp.html?GameID=0021200503&GameEventID=591,4,[ 108 - 105 ],Los Angeles Lakers,Bryant 24' 3PT Jump Shot (29 PTS) (Nash 13 AST),0:11
http://stats.nba.com/cvp.html?GameID=0021200503&GameEventID=592,4,,Los Angeles Lakers,Meeks Personal Take Foul (P2.T4),0:10
http://stats.nba.com/cvp.html?GameID=0021200503&GameEventID=593,4,,Denver Nuggets,SUB: Lawson FOR McGee,0:10
http://stats.nba.com/cvp.html?GameID=0021200503&GameEventID=594,4,,Los Angeles Lakers,SUB: Duhon FOR Howard,0:10
http://stats.nba.com/cvp.html?GameID=0021200503&GameEventID=595,4,,Los Angeles Lakers,Meeks Personal Take Foul (P3.PN),0:09
http://stats.nba.com/cvp.html?GameID=0021200503&GameEventID=596,4,[ 109 - 105 ],Denver Nuggets,Miller Free Throw 1 of 2 (11 PTS),0:09
http://stats.nba.com/cvp.html?GameID=0021200503&GameEventID=598,4,,Los Angeles Lakers,SUB: Howard FOR Duhon,0:09
http://stats.nba.com/cvp.html?GameID=0021200503&GameEventID=599,4,[ 110 - 105 ],Denver Nuggets,Miller Free Throw 2 of 2 (12 PTS),0:09
http://stats.nba.com/cvp.html?GameID=0021200503&GameEventID=601,4,,Los Angeles Lakers,LAKERS Timeout: Short (Full 5 Short 2),0:09
http://stats.nba.com/cvp.html?GameID=0021200503&GameEventID=604,4,,Los Angeles Lakers,MISS Bryant 25' 3PT Jump Shot,0:03
http://stats.nba.com/cvp.html?GameID=0021200503&GameEventID=605,4,,Denver Nuggets,Gallinari REBOUND (Off:4 Def:2),0:02
http://stats.nba.com/cvp.html?GameID=0021200503&GameEventID=606,4,,Los Angeles Lakers,World Peace Personal Take Foul (P5.PN),0:02
http://stats.nba.com/cvp.html?GameID=0021200503&GameEventID=607,4,[ 111 - 105 ],Denver Nuggets,Gallinari Free Throw 1 of 2 (19 PTS),0:02
http://stats.nba.com/cvp.html?GameID=0021200503&GameEventID=609,4,[ 112 - 105 ],Denver Nuggets,Gallinari Free Throw 2 of 2 (20 PTS),0:02
