http://stats.nba.com/cvp.html?GameID=0021201004&GameEventID=1,1,,Indiana Pacers,Jump Ball Hibbert vs. Vucevic: Tip to Harris,12:00
http://stats.nba.com/cvp.html?GameID=0021201004&GameEventID=2,1,,Orlando Magic,MISS Afflalo 24' 3PT Jump Shot,11:39
http://stats.nba.com/cvp.html?GameID=0021201004&GameEventID=3,1,,Indiana Pacers,Hill REBOUND (Off:0 Def:1),11:38
http://stats.nba.com/cvp.html?GameID=0021201004&GameEventID=4,1,,Indiana Pacers,MISS Hibbert 4' Jump Shot,11:26
http://stats.nba.com/cvp.html?GameID=0021201004&GameEventID=5,1,,Orlando Magic,Vucevic REBOUND (Off:0 Def:1),11:24
http://stats.nba.com/cvp.html?GameID=0021201004&GameEventID=7,1,[ 2 - 0 ],Orlando Magic,Harkless 1' Slam Dunk (2 PTS) (Afflalo 1 AST),11:12
http://stats.nba.com/cvp.html?GameID=0021201004&GameEventID=8,1,,Indiana Pacers,MISS Hill  3PT Jump Shot,10:50
http://stats.nba.com/cvp.html?GameID=0021201004&GameEventID=9,1,,Indiana Pacers,Hill REBOUND (Off:1 Def:1),10:48
http://stats.nba.com/cvp.html?GameID=0021201004&GameEventID=11,1,,Orlando Magic,Harkless Violation:Defensive Goaltending,10:45
http://stats.nba.com/cvp.html?GameID=0021201004&GameEventID=10,1,[ 2 - 2 ],Indiana Pacers,Hill 1' Layup (2 PTS),10:45
http://stats.nba.com/cvp.html?GameID=0021201004&GameEventID=12,1,,Orlando Magic,MISS Harris 9' Jump Shot,10:30
http://stats.nba.com/cvp.html?GameID=0021201004&GameEventID=13,1,,Orlando Magic,Harris REBOUND (Off:1 Def:0),10:28
http://stats.nba.com/cvp.html?GameID=0021201004&GameEventID=14,1,,Indiana Pacers,Hibbert BLOCK (1 BLK),10:20
http://stats.nba.com/cvp.html?GameID=0021201004&GameEventID=14,1,,Orlando Magic,MISS Harkless 5' Jump Shot,10:20
http://stats.nba.com/cvp.html?GameID=0021201004&GameEventID=15,1,,Orlando Magic,Harkless REBOUND (Off:1 Def:0),10:18
http://stats.nba.com/cvp.html?GameID=0021201004&GameEventID=16,1,,Orlando Magic,MISS Harris 24' 3PT Jump Shot,10:15
http://stats.nba.com/cvp.html?GameID=0021201004&GameEventID=17,1,,Indiana Pacers,Hill REBOUND (Off:1 Def:2),10:13
http://stats.nba.com/cvp.html?GameID=0021201004&GameEventID=18,1,,Indiana Pacers,MISS George 26' 3PT Jump Shot,10:08
http://stats.nba.com/cvp.html?GameID=0021201004&GameEventID=19,1,,Orlando Magic,Vucevic REBOUND (Off:0 Def:2),10:06
http://stats.nba.com/cvp.html?GameID=0021201004&GameEventID=20,1,[ 5 - 2 ],Orlando Magic,Nelson 25' 3PT Pullup Jump Shot (3 PTS),9:54
http://stats.nba.com/cvp.html?GameID=0021201004&GameEventID=21,1,,Indiana Pacers,MISS George 20' Jump Shot,9:34
http://stats.nba.com/cvp.html?GameID=0021201004&GameEventID=22,1,,Orlando Magic,Magic Rebound,9:32
http://stats.nba.com/cvp.html?GameID=0021201004&GameEventID=23,1,,Orlando Magic,MISS Afflalo 19' Jump Shot,9:22
http://stats.nba.com/cvp.html?GameID=0021201004&GameEventID=24,1,,Indiana Pacers,Stephenson REBOUND (Off:0 Def:1),9:20
http://stats.nba.com/cvp.html?GameID=0021201004&GameEventID=25,1,[ 5 - 4 ],Indiana Pacers,Hibbert 6' Hook Shot (2 PTS),9:05
http://stats.nba.com/cvp.html?GameID=0021201004&GameEventID=26,1,,Orlando Magic,MISS Harkless 8' Floating Jump Shot,8:38
http://stats.nba.com/cvp.html?GameID=0021201004&GameEventID=27,1,,Indiana Pacers,George REBOUND (Off:0 Def:1),8:37
http://stats.nba.com/cvp.html?GameID=0021201004&GameEventID=28,1,,Indiana Pacers,MISS Hill 21' Jump Shot,8:19
http://stats.nba.com/cvp.html?GameID=0021201004&GameEventID=29,1,,Orlando Magic,Harris REBOUND (Off:1 Def:1),8:18
http://stats.nba.com/cvp.html?GameID=0021201004&GameEventID=30,1,[ 8 - 4 ],Orlando Magic,Harkless  3PT Jump Shot (5 PTS) (Nelson 1 AST),8:09
http://stats.nba.com/cvp.html?GameID=0021201004&GameEventID=31,1,,Orlando Magic,Vucevic P.FOUL (P1.T1),7:56
http://stats.nba.com/cvp.html?GameID=0021201004&GameEventID=32,1,,Indiana Pacers,MISS Stephenson  3PT Jump Shot,7:47
http://stats.nba.com/cvp.html?GameID=0021201004&GameEventID=33,1,,Orlando Magic,Harkless REBOUND (Off:1 Def:1),7:46
http://stats.nba.com/cvp.html?GameID=0021201004&GameEventID=34,1,,Indiana Pacers,Stephenson BLOCK (1 BLK),7:37
http://stats.nba.com/cvp.html?GameID=0021201004&GameEventID=34,1,,Orlando Magic,MISS Nelson 14' Jump Shot,7:37
http://stats.nba.com/cvp.html?GameID=0021201004&GameEventID=35,1,,Orlando Magic,Magic Rebound,7:37
http://stats.nba.com/cvp.html?GameID=0021201004&GameEventID=36,1,,Orlando Magic,MISS Vucevic 17' Jump Shot,7:25
http://stats.nba.com/cvp.html?GameID=0021201004&GameEventID=37,1,,Indiana Pacers,Hill REBOUND (Off:1 Def:3),7:23
http://stats.nba.com/cvp.html?GameID=0021201004&GameEventID=38,1,,Indiana Pacers,MISS Stephenson 27' 3PT Jump Shot,7:09
http://stats.nba.com/cvp.html?GameID=0021201004&GameEventID=39,1,,Orlando Magic,Vucevic REBOUND (Off:0 Def:3),7:08
http://stats.nba.com/cvp.html?GameID=0021201004&GameEventID=40,1,,Orlando Magic,MISS Nelson 25' 3PT Jump Shot,6:59
http://stats.nba.com/cvp.html?GameID=0021201004&GameEventID=41,1,,Indiana Pacers,PACERS Rebound,6:58
http://stats.nba.com/cvp.html?GameID=0021201004&GameEventID=42,1,[ 8 - 6 ],Indiana Pacers,George 3' Driving Finger Roll Layup (2 PTS) (Hill 1 AST),6:39
http://stats.nba.com/cvp.html?GameID=0021201004&GameEventID=43,1,[ 10 - 6 ],Orlando Magic,Afflalo 18' Pullup Jump Shot (2 PTS),6:22
http://stats.nba.com/cvp.html?GameID=0021201004&GameEventID=44,1,,Indiana Pacers,MISS Stephenson 25' 3PT Jump Shot,6:05
http://stats.nba.com/cvp.html?GameID=0021201004&GameEventID=45,1,,Orlando Magic,Harkless REBOUND (Off:1 Def:2),6:03
http://stats.nba.com/cvp.html?GameID=0021201004&GameEventID=46,1,,Orlando Magic,MISS Afflalo 16' Jump Shot,5:50
http://stats.nba.com/cvp.html?GameID=0021201004&GameEventID=47,1,,Indiana Pacers,Hibbert REBOUND (Off:0 Def:1),5:49
http://stats.nba.com/cvp.html?GameID=0021201004&GameEventID=48,1,,Indiana Pacers,MISS George  3PT Jump Shot,5:37
http://stats.nba.com/cvp.html?GameID=0021201004&GameEventID=49,1,,Indiana Pacers,Hansbrough REBOUND (Off:1 Def:0),5:36
http://stats.nba.com/cvp.html?GameID=0021201004&GameEventID=50,1,,Indiana Pacers,MISS George 4' Jump Shot,5:27
http://stats.nba.com/cvp.html?GameID=0021201004&GameEventID=50,1,,Orlando Magic,Harkless BLOCK (1 BLK),5:27
http://stats.nba.com/cvp.html?GameID=0021201004&GameEventID=51,1,,Orlando Magic,Harris REBOUND (Off:1 Def:2),5:25
http://stats.nba.com/cvp.html?GameID=0021201004&GameEventID=52,1,,Indiana Pacers,Hansbrough STEAL (1 STL),5:24
http://stats.nba.com/cvp.html?GameID=0021201004&GameEventID=52,1,,Orlando Magic,Harris Lost Ball Turnover (P1.T1),5:24
http://stats.nba.com/cvp.html?GameID=0021201004&GameEventID=53,1,,Orlando Magic,Nelson S.FOUL (P1.T2),5:24
http://stats.nba.com/cvp.html?GameID=0021201004&GameEventID=54,1,,Indiana Pacers,PACERS Timeout: Regular (Full 1 Short 0),5:24
http://stats.nba.com/cvp.html?GameID=0021201004&GameEventID=56,1,[ 10 - 7 ],Indiana Pacers,Hansbrough Free Throw 1 of 2 (1 PTS),5:24
http://stats.nba.com/cvp.html?GameID=0021201004&GameEventID=58,1,,Indiana Pacers,MISS Hansbrough Free Throw 2 of 2,5:24
http://stats.nba.com/cvp.html?GameID=0021201004&GameEventID=60,1,,Orlando Magic,Harkless REBOUND (Off:1 Def:3),5:23
http://stats.nba.com/cvp.html?GameID=0021201004&GameEventID=61,1,[ 12 - 7 ],Orlando Magic,Vucevic 5' Jump Shot (2 PTS) (Afflalo 2 AST),5:07
http://stats.nba.com/cvp.html?GameID=0021201004&GameEventID=62,1,,Indiana Pacers,Hibbert S.FOUL (P1.T1),5:07
http://stats.nba.com/cvp.html?GameID=0021201004&GameEventID=63,1,,Orlando Magic,MISS Vucevic Free Throw 1 of 1,5:07
http://stats.nba.com/cvp.html?GameID=0021201004&GameEventID=65,1,,Indiana Pacers,George REBOUND (Off:0 Def:2),5:06
http://stats.nba.com/cvp.html?GameID=0021201004&GameEventID=66,1,,Indiana Pacers,Stephenson Bad Pass Turnover (P1.T1),4:51
http://stats.nba.com/cvp.html?GameID=0021201004&GameEventID=66,1,,Orlando Magic,Harkless STEAL (1 STL),4:51
http://stats.nba.com/cvp.html?GameID=0021201004&GameEventID=67,1,,Orlando Magic,MISS Harkless 8' Jump Shot,4:41
http://stats.nba.com/cvp.html?GameID=0021201004&GameEventID=68,1,,Orlando Magic,Harkless REBOUND (Off:2 Def:3),4:40
http://stats.nba.com/cvp.html?GameID=0021201004&GameEventID=69,1,,Orlando Magic,MISS Vucevic 15' Jump Shot,4:28
http://stats.nba.com/cvp.html?GameID=0021201004&GameEventID=71,1,,Orlando Magic,Harris REBOUND (Off:2 Def:2),4:23
http://stats.nba.com/cvp.html?GameID=0021201004&GameEventID=70,1,,Orlando Magic,MISS Harris 2' Layup,4:23
http://stats.nba.com/cvp.html?GameID=0021201004&GameEventID=72,1,,Indiana Pacers,Hansbrough REBOUND (Off:1 Def:1),4:21
http://stats.nba.com/cvp.html?GameID=0021201004&GameEventID=73,1,,Indiana Pacers,MISS Hansbrough 13' Jump Shot,4:17
http://stats.nba.com/cvp.html?GameID=0021201004&GameEventID=74,1,,Indiana Pacers,Hansbrough REBOUND (Off:2 Def:1),4:16
http://stats.nba.com/cvp.html?GameID=0021201004&GameEventID=75,1,,Indiana Pacers,MISS Hansbrough 1' Layup,4:14
http://stats.nba.com/cvp.html?GameID=0021201004&GameEventID=77,1,,Indiana Pacers,Hibbert REBOUND (Off:1 Def:1),4:13
http://stats.nba.com/cvp.html?GameID=0021201004&GameEventID=76,1,[ 12 - 9 ],Indiana Pacers,Hibbert 2' Putback Layup (4 PTS),4:13
http://stats.nba.com/cvp.html?GameID=0021201004&GameEventID=78,1,,Orlando Magic,Vucevic OFF.Foul (P2),4:03
http://stats.nba.com/cvp.html?GameID=0021201004&GameEventID=79,1,,Orlando Magic,Vucevic Foul Turnover (P1.T2),4:03
http://stats.nba.com/cvp.html?GameID=0021201004&GameEventID=80,1,,Orlando Magic,SUB: O'Quinn FOR Vucevic,4:03
http://stats.nba.com/cvp.html?GameID=0021201004&GameEventID=81,1,[ 12 - 11 ],Indiana Pacers,George 3' Layup (4 PTS) (Hibbert 1 AST),3:53
http://stats.nba.com/cvp.html?GameID=0021201004&GameEventID=82,1,,Orlando Magic,Harkless S.FOUL (P1.T3),3:53
http://stats.nba.com/cvp.html?GameID=0021201004&GameEventID=83,1,,Indiana Pacers,SUB: Johnson FOR Stephenson,3:53
http://stats.nba.com/cvp.html?GameID=0021201004&GameEventID=84,1,,Indiana Pacers,SUB: Pendergraph FOR Hansbrough,3:53
http://stats.nba.com/cvp.html?GameID=0021201004&GameEventID=85,1,[ 12 - 12 ],Indiana Pacers,George Free Throw 1 of 1 (5 PTS),3:53
http://stats.nba.com/cvp.html?GameID=0021201004&GameEventID=87,1,,Orlando Magic,MISS O'Quinn 19' Jump Shot,3:36
http://stats.nba.com/cvp.html?GameID=0021201004&GameEventID=88,1,,Indiana Pacers,Pendergraph REBOUND (Off:0 Def:1),3:34
http://stats.nba.com/cvp.html?GameID=0021201004&GameEventID=89,1,,Orlando Magic,O'Quinn P.FOUL (P1.T4),3:31
http://stats.nba.com/cvp.html?GameID=0021201004&GameEventID=90,1,[ 12 - 14 ],Indiana Pacers,Pendergraph 16' Jump Shot (2 PTS) (George 1 AST),3:20
http://stats.nba.com/cvp.html?GameID=0021201004&GameEventID=91,1,,Orlando Magic,MISS Nelson 11' Running Bank Shot,3:03
http://stats.nba.com/cvp.html?GameID=0021201004&GameEventID=92,1,,Indiana Pacers,Johnson REBOUND (Off:0 Def:1),3:02
http://stats.nba.com/cvp.html?GameID=0021201004&GameEventID=93,1,,Indiana Pacers,Pendergraph Bad Pass Turnover (P1.T2),2:51
http://stats.nba.com/cvp.html?GameID=0021201004&GameEventID=96,1,,Orlando Magic,Magic Timeout: Regular (Reg.1 Short 0),2:51
http://stats.nba.com/cvp.html?GameID=0021201004&GameEventID=98,1,,Orlando Magic,MISS Afflalo 24' 3PT Jump Shot,2:38
http://stats.nba.com/cvp.html?GameID=0021201004&GameEventID=99,1,,Indiana Pacers,Johnson REBOUND (Off:0 Def:2),2:36
http://stats.nba.com/cvp.html?GameID=0021201004&GameEventID=100,1,,Indiana Pacers,Pendergraph Bad Pass Turnover (P2.T3),2:17
http://stats.nba.com/cvp.html?GameID=0021201004&GameEventID=100,1,,Orlando Magic,Harkless STEAL (2 STL),2:17
http://stats.nba.com/cvp.html?GameID=0021201004&GameEventID=101,1,,Orlando Magic,MISS Harris 11' Jump Shot,2:07
http://stats.nba.com/cvp.html?GameID=0021201004&GameEventID=102,1,,Indiana Pacers,Hibbert REBOUND (Off:1 Def:2),2:06
http://stats.nba.com/cvp.html?GameID=0021201004&GameEventID=103,1,[ 12 - 16 ],Indiana Pacers,Hill 3' Floating Jump Shot (4 PTS),1:58
http://stats.nba.com/cvp.html?GameID=0021201004&GameEventID=104,1,,Orlando Magic,MISS Harris 25' 3PT Jump Shot,1:32
http://stats.nba.com/cvp.html?GameID=0021201004&GameEventID=105,1,,Indiana Pacers,Johnson REBOUND (Off:0 Def:3),1:31
http://stats.nba.com/cvp.html?GameID=0021201004&GameEventID=106,1,,Indiana Pacers,MISS Hill 26' 3PT Jump Shot,1:20
http://stats.nba.com/cvp.html?GameID=0021201004&GameEventID=107,1,,Orlando Magic,Harkless REBOUND (Off:2 Def:4),1:19
http://stats.nba.com/cvp.html?GameID=0021201004&GameEventID=108,1,,Indiana Pacers,Pendergraph STEAL (1 STL),1:14
http://stats.nba.com/cvp.html?GameID=0021201004&GameEventID=108,1,,Orlando Magic,Nelson Bad Pass Turnover (P1.T3),1:14
http://stats.nba.com/cvp.html?GameID=0021201004&GameEventID=109,1,,Indiana Pacers,Hill Bad Pass Turnover (P1.T4),1:00
http://stats.nba.com/cvp.html?GameID=0021201004&GameEventID=110,1,,Orlando Magic,SUB: Moore FOR Afflalo,1:00
http://stats.nba.com/cvp.html?GameID=0021201004&GameEventID=111,1,,Indiana Pacers,SUB: Augustin FOR Hill,1:00
http://stats.nba.com/cvp.html?GameID=0021201004&GameEventID=112,1,,Orlando Magic,MISS Harkless 7' Jump Shot,0:46
http://stats.nba.com/cvp.html?GameID=0021201004&GameEventID=113,1,,Orlando Magic,Harkless REBOUND (Off:3 Def:4),0:45
http://stats.nba.com/cvp.html?GameID=0021201004&GameEventID=114,1,,Orlando Magic,MISS Harkless 5' Jump Shot,0:41
http://stats.nba.com/cvp.html?GameID=0021201004&GameEventID=115,1,,Indiana Pacers,PACERS Rebound,0:41
http://stats.nba.com/cvp.html?GameID=0021201004&GameEventID=116,1,[ 12 - 19 ],Indiana Pacers,George 26' 3PT Jump Shot (8 PTS) (Augustin 1 AST),0:29
http://stats.nba.com/cvp.html?GameID=0021201004&GameEventID=117,1,,Indiana Pacers,George P.FOUL (P1.T2),0:09
http://stats.nba.com/cvp.html?GameID=0021201004&GameEventID=118,1,,Orlando Magic,MISS Nelson 24' 3PT Jump Shot,0:02
http://stats.nba.com/cvp.html?GameID=0021201004&GameEventID=119,1,,Indiana Pacers,Johnson REBOUND (Off:0 Def:4),0:01
http://stats.nba.com/cvp.html?GameID=0021201004&GameEventID=123,2,[ 12 - 21 ],Indiana Pacers,Mahinmi 21' Jump Shot (2 PTS) (Johnson 1 AST),11:42
http://stats.nba.com/cvp.html?GameID=0021201004&GameEventID=124,2,[ 14 - 21 ],Orlando Magic,Moore 20' Pullup Jump Shot (2 PTS),11:30
http://stats.nba.com/cvp.html?GameID=0021201004&GameEventID=125,2,[ 14 - 23 ],Indiana Pacers,George 14' Jump Bank Shot (10 PTS) (Johnson 2 AST),11:15
http://stats.nba.com/cvp.html?GameID=0021201004&GameEventID=126,2,[ 16 - 23 ],Orlando Magic,Nicholson 17' Jump Shot (2 PTS) (Moore 1 AST),10:59
http://stats.nba.com/cvp.html?GameID=0021201004&GameEventID=127,2,[ 16 - 25 ],Indiana Pacers,George 16' Jump Shot (12 PTS),10:38
http://stats.nba.com/cvp.html?GameID=0021201004&GameEventID=128,2,,Orlando Magic,MISS Harkless 21' Jump Shot,10:18
http://stats.nba.com/cvp.html?GameID=0021201004&GameEventID=129,2,,Indiana Pacers,Johnson REBOUND (Off:0 Def:5),10:16
http://stats.nba.com/cvp.html?GameID=0021201004&GameEventID=130,2,,Indiana Pacers,Augustin Lost Ball Turnover (P1.T5),10:02
http://stats.nba.com/cvp.html?GameID=0021201004&GameEventID=130,2,,Orlando Magic,Moore STEAL (1 STL),10:02
http://stats.nba.com/cvp.html?GameID=0021201004&GameEventID=132,2,,Indiana Pacers,Augustin Violation:Kicked Ball,9:54
http://stats.nba.com/cvp.html?GameID=0021201004&GameEventID=133,2,[ 18 - 25 ],Orlando Magic,Nicholson 2' Slam Dunk (4 PTS) (Udrih 1 AST),9:49
http://stats.nba.com/cvp.html?GameID=0021201004&GameEventID=134,2,,Indiana Pacers,MISS Augustin 25' 3PT Jump Shot,9:34
http://stats.nba.com/cvp.html?GameID=0021201004&GameEventID=135,2,,Orlando Magic,O'Quinn REBOUND (Off:0 Def:1),9:33
http://stats.nba.com/cvp.html?GameID=0021201004&GameEventID=136,2,[ 20 - 25 ],Orlando Magic,Moore 19' Pullup Jump Shot (4 PTS),9:19
http://stats.nba.com/cvp.html?GameID=0021201004&GameEventID=137,2,,Indiana Pacers,Pendergraph Bad Pass Turnover (P3.T6),9:16
http://stats.nba.com/cvp.html?GameID=0021201004&GameEventID=137,2,,Orlando Magic,Harkless STEAL (3 STL),9:16
http://stats.nba.com/cvp.html?GameID=0021201004&GameEventID=138,2,,Indiana Pacers,Pendergraph S.FOUL (P1.T1),9:16
http://stats.nba.com/cvp.html?GameID=0021201004&GameEventID=139,2,[ 21 - 25 ],Orlando Magic,Harkless Free Throw 1 of 2 (6 PTS),9:16
http://stats.nba.com/cvp.html?GameID=0021201004&GameEventID=141,2,,Indiana Pacers,SUB: Stephenson FOR Johnson,9:16
http://stats.nba.com/cvp.html?GameID=0021201004&GameEventID=142,2,,Indiana Pacers,SUB: Green FOR George,9:16
http://stats.nba.com/cvp.html?GameID=0021201004&GameEventID=145,2,,Indiana Pacers,Augustin Violation:Lane,9:16
http://stats.nba.com/cvp.html?GameID=0021201004&GameEventID=147,2,,Orlando Magic,MISS Harkless Free Throw 2 of 2,9:16
http://stats.nba.com/cvp.html?GameID=0021201004&GameEventID=149,2,,Indiana Pacers,Green REBOUND (Off:0 Def:1),9:15
http://stats.nba.com/cvp.html?GameID=0021201004&GameEventID=151,2,,Orlando Magic,Harkless P.FOUL (P2.T1),8:59
http://stats.nba.com/cvp.html?GameID=0021201004&GameEventID=154,2,,Orlando Magic,SUB: Jones FOR Harkless,8:59
http://stats.nba.com/cvp.html?GameID=0021201004&GameEventID=155,2,,Indiana Pacers,MISS Green 19' Jump Shot,8:50
http://stats.nba.com/cvp.html?GameID=0021201004&GameEventID=156,2,,Orlando Magic,Udrih REBOUND (Off:0 Def:1),8:49
http://stats.nba.com/cvp.html?GameID=0021201004&GameEventID=157,2,,Orlando Magic,MISS Nicholson 8' Jump Shot,8:33
http://stats.nba.com/cvp.html?GameID=0021201004&GameEventID=158,2,,Indiana Pacers,Mahinmi REBOUND (Off:0 Def:1),8:32
http://stats.nba.com/cvp.html?GameID=0021201004&GameEventID=159,2,[ 21 - 27 ],Indiana Pacers,Mahinmi 20' Jump Shot (4 PTS) (Stephenson 1 AST),8:17
http://stats.nba.com/cvp.html?GameID=0021201004&GameEventID=160,2,,Orlando Magic,MISS Moore 25' 3PT Jump Shot,8:00
http://stats.nba.com/cvp.html?GameID=0021201004&GameEventID=161,2,,Indiana Pacers,Pendergraph REBOUND (Off:0 Def:2),7:59
http://stats.nba.com/cvp.html?GameID=0021201004&GameEventID=162,2,,Indiana Pacers,MISS Green 27' 3PT Jump Shot,7:53
http://stats.nba.com/cvp.html?GameID=0021201004&GameEventID=163,2,,Orlando Magic,O'Quinn REBOUND (Off:0 Def:2),7:52
http://stats.nba.com/cvp.html?GameID=0021201004&GameEventID=164,2,,Indiana Pacers,Mahinmi P.FOUL (P1.T2),7:45
http://stats.nba.com/cvp.html?GameID=0021201004&GameEventID=165,2,,Orlando Magic,SUB: Afflalo FOR O'Quinn,7:45
http://stats.nba.com/cvp.html?GameID=0021201004&GameEventID=166,2,,Orlando Magic,SUB: Vucevic FOR Jones,7:45
http://stats.nba.com/cvp.html?GameID=0021201004&GameEventID=167,2,,Orlando Magic,Vucevic Traveling Turnover (P2.T4),7:36
http://stats.nba.com/cvp.html?GameID=0021201004&GameEventID=168,2,[ 21 - 30 ],Indiana Pacers,Green 27' 3PT Jump Shot (3 PTS) (Stephenson 2 AST),7:22
http://stats.nba.com/cvp.html?GameID=0021201004&GameEventID=169,2,,Orlando Magic,Magic Timeout: Regular (Reg.2 Short 0),7:17
http://stats.nba.com/cvp.html?GameID=0021201004&GameEventID=171,2,,Orlando Magic,SUB: Harris FOR Nicholson,7:17
http://stats.nba.com/cvp.html?GameID=0021201004&GameEventID=172,2,,Indiana Pacers,SUB: Hansbrough FOR Pendergraph,7:17
http://stats.nba.com/cvp.html?GameID=0021201004&GameEventID=173,2,,Orlando Magic,MISS Udrih 16' Jump Shot,7:00
http://stats.nba.com/cvp.html?GameID=0021201004&GameEventID=174,2,,Indiana Pacers,Stephenson REBOUND (Off:0 Def:2),6:59
http://stats.nba.com/cvp.html?GameID=0021201004&GameEventID=175,2,,Indiana Pacers,MISS Mahinmi 18' Jump Shot,6:49
http://stats.nba.com/cvp.html?GameID=0021201004&GameEventID=176,2,,Orlando Magic,Harris REBOUND (Off:2 Def:3),6:48
http://stats.nba.com/cvp.html?GameID=0021201004&GameEventID=177,2,,Indiana Pacers,Hansbrough L.B.FOUL (P1.T3),6:48
http://stats.nba.com/cvp.html?GameID=0021201004&GameEventID=178,2,,Orlando Magic,SUB: Nelson FOR Moore,6:48
http://stats.nba.com/cvp.html?GameID=0021201004&GameEventID=179,2,,Orlando Magic,Afflalo Traveling Turnover (P1.T5),6:38
http://stats.nba.com/cvp.html?GameID=0021201004&GameEventID=180,2,,Indiana Pacers,MISS Mahinmi 3' Layup,6:20
http://stats.nba.com/cvp.html?GameID=0021201004&GameEventID=181,2,,Orlando Magic,Harris REBOUND (Off:2 Def:4),6:19
http://stats.nba.com/cvp.html?GameID=0021201004&GameEventID=182,2,,Orlando Magic,MISS Harris 25' 3PT Jump Shot,6:08
http://stats.nba.com/cvp.html?GameID=0021201004&GameEventID=183,2,,Indiana Pacers,Green REBOUND (Off:0 Def:2),6:07
http://stats.nba.com/cvp.html?GameID=0021201004&GameEventID=184,2,,Orlando Magic,Harris S.FOUL (P1.T2),5:56
http://stats.nba.com/cvp.html?GameID=0021201004&GameEventID=185,2,[ 21 - 31 ],Indiana Pacers,Mahinmi Free Throw 1 of 2 (5 PTS),5:56
http://stats.nba.com/cvp.html?GameID=0021201004&GameEventID=187,2,[ 21 - 32 ],Indiana Pacers,Mahinmi Free Throw 2 of 2 (6 PTS),5:56
http://stats.nba.com/cvp.html?GameID=0021201004&GameEventID=189,2,,Indiana Pacers,Mahinmi BLOCK (1 BLK),5:45
http://stats.nba.com/cvp.html?GameID=0021201004&GameEventID=189,2,,Orlando Magic,MISS Harris 6' Jump Shot,5:45
http://stats.nba.com/cvp.html?GameID=0021201004&GameEventID=190,2,,Indiana Pacers,Green REBOUND (Off:0 Def:3),5:43
http://stats.nba.com/cvp.html?GameID=0021201004&GameEventID=191,2,,Indiana Pacers,Stephenson Traveling Turnover (P2.T7),5:39
http://stats.nba.com/cvp.html?GameID=0021201004&GameEventID=192,2,,Orlando Magic,Nelson Offensive Charge Foul (P2.T3),5:23
http://stats.nba.com/cvp.html?GameID=0021201004&GameEventID=193,2,,Orlando Magic,Nelson Foul Turnover (P2.T6),5:23
http://stats.nba.com/cvp.html?GameID=0021201004&GameEventID=194,2,,Indiana Pacers,MISS Hansbrough 3' Jump Shot,5:04
http://stats.nba.com/cvp.html?GameID=0021201004&GameEventID=195,2,,Indiana Pacers,Hansbrough REBOUND (Off:3 Def:1),5:02
http://stats.nba.com/cvp.html?GameID=0021201004&GameEventID=196,2,,Indiana Pacers,MISS Hansbrough 1' Layup,5:01
http://stats.nba.com/cvp.html?GameID=0021201004&GameEventID=197,2,,Orlando Magic,Afflalo REBOUND (Off:0 Def:1),5:00
http://stats.nba.com/cvp.html?GameID=0021201004&GameEventID=198,2,,Indiana Pacers,Green S.FOUL (P1.T4),4:58
http://stats.nba.com/cvp.html?GameID=0021201004&GameEventID=199,2,,Orlando Magic,MISS Harris Free Throw 1 of 2,4:58
http://stats.nba.com/cvp.html?GameID=0021201004&GameEventID=200,2,,Orlando Magic,Magic Rebound,4:58
http://stats.nba.com/cvp.html?GameID=0021201004&GameEventID=201,2,,Indiana Pacers,SUB: Hill FOR Augustin,4:58
http://stats.nba.com/cvp.html?GameID=0021201004&GameEventID=202,2,,Indiana Pacers,SUB: Hibbert FOR Mahinmi,4:58
http://stats.nba.com/cvp.html?GameID=0021201004&GameEventID=203,2,,Orlando Magic,MISS Harris Free Throw 2 of 2,4:58
http://stats.nba.com/cvp.html?GameID=0021201004&GameEventID=205,2,,Indiana Pacers,Hibbert REBOUND (Off:1 Def:3),4:57
http://stats.nba.com/cvp.html?GameID=0021201004&GameEventID=206,2,,Orlando Magic,Harris P.FOUL (P2.T4),4:48
http://stats.nba.com/cvp.html?GameID=0021201004&GameEventID=207,2,,Indiana Pacers,MISS Hansbrough 6' Jump Shot,4:40
http://stats.nba.com/cvp.html?GameID=0021201004&GameEventID=207,2,,Orlando Magic,Harris BLOCK (1 BLK),4:40
http://stats.nba.com/cvp.html?GameID=0021201004&GameEventID=208,2,,Orlando Magic,Vucevic REBOUND (Off:0 Def:4),4:38
http://stats.nba.com/cvp.html?GameID=0021201004&GameEventID=209,2,[ 23 - 32 ],Orlando Magic,Harris 4' Jump Shot (2 PTS),4:26
http://stats.nba.com/cvp.html?GameID=0021201004&GameEventID=210,2,[ 23 - 34 ],Indiana Pacers,Green 15' Turnaround Fadeaway (5 PTS),4:08
http://stats.nba.com/cvp.html?GameID=0021201004&GameEventID=211,2,,Orlando Magic,MISS Afflalo 12' Jump Shot,3:51
http://stats.nba.com/cvp.html?GameID=0021201004&GameEventID=212,2,,Indiana Pacers,Hill REBOUND (Off:1 Def:4),3:48
http://stats.nba.com/cvp.html?GameID=0021201004&GameEventID=213,2,,Orlando Magic,Udrih S.FOUL (P1.PN),3:33
http://stats.nba.com/cvp.html?GameID=0021201004&GameEventID=214,2,[ 23 - 35 ],Indiana Pacers,Hansbrough Free Throw 1 of 2 (2 PTS),3:33
http://stats.nba.com/cvp.html?GameID=0021201004&GameEventID=216,2,[ 23 - 36 ],Indiana Pacers,Hansbrough Free Throw 2 of 2 (3 PTS),3:33
http://stats.nba.com/cvp.html?GameID=0021201004&GameEventID=218,2,,Orlando Magic,MISS Vucevic 6' Jump Shot,3:16
http://stats.nba.com/cvp.html?GameID=0021201004&GameEventID=219,2,,Indiana Pacers,Hill REBOUND (Off:1 Def:5),3:15
http://stats.nba.com/cvp.html?GameID=0021201004&GameEventID=220,2,,Indiana Pacers,MISS Green 25' 3PT Jump Shot,3:03
http://stats.nba.com/cvp.html?GameID=0021201004&GameEventID=221,2,,Orlando Magic,Magic Rebound,3:01
http://stats.nba.com/cvp.html?GameID=0021201004&GameEventID=222,2,,Indiana Pacers,Stephenson S.FOUL (P1.PN),2:50
http://stats.nba.com/cvp.html?GameID=0021201004&GameEventID=223,2,,Indiana Pacers,PACERS Timeout: Regular (Full 2 Short 0),2:50
http://stats.nba.com/cvp.html?GameID=0021201004&GameEventID=225,2,[ 24 - 36 ],Orlando Magic,Udrih Free Throw 1 of 2 (1 PTS),2:50
http://stats.nba.com/cvp.html?GameID=0021201004&GameEventID=227,2,[ 25 - 36 ],Orlando Magic,Udrih Free Throw 2 of 2 (2 PTS),2:50
http://stats.nba.com/cvp.html?GameID=0021201004&GameEventID=229,2,,Indiana Pacers,MISS Hibbert 5' Jump Shot,2:33
http://stats.nba.com/cvp.html?GameID=0021201004&GameEventID=230,2,,Indiana Pacers,Hansbrough REBOUND (Off:4 Def:1),2:30
http://stats.nba.com/cvp.html?GameID=0021201004&GameEventID=231,2,,Indiana Pacers,MISS Hibbert 15' Turnaround Jump Shot,2:10
http://stats.nba.com/cvp.html?GameID=0021201004&GameEventID=232,2,,Orlando Magic,Harris REBOUND (Off:2 Def:5),2:08
http://stats.nba.com/cvp.html?GameID=0021201004&GameEventID=233,2,,Orlando Magic,MISS Vucevic  Dunk,1:55
http://stats.nba.com/cvp.html?GameID=0021201004&GameEventID=234,2,,Indiana Pacers,Green REBOUND (Off:0 Def:4),1:54
http://stats.nba.com/cvp.html?GameID=0021201004&GameEventID=235,2,,Orlando Magic,Harris S.FOUL (P3.PN),1:42
http://stats.nba.com/cvp.html?GameID=0021201004&GameEventID=236,2,[ 25 - 37 ],Indiana Pacers,Hansbrough Free Throw 1 of 2 (4 PTS),1:42
http://stats.nba.com/cvp.html?GameID=0021201004&GameEventID=238,2,,Indiana Pacers,SUB: George FOR Green,1:42
http://stats.nba.com/cvp.html?GameID=0021201004&GameEventID=239,2,[ 25 - 38 ],Indiana Pacers,Hansbrough Free Throw 2 of 2 (5 PTS),1:42
http://stats.nba.com/cvp.html?GameID=0021201004&GameEventID=241,2,,Orlando Magic,MISS Vucevic 6' Jump Shot,1:25
http://stats.nba.com/cvp.html?GameID=0021201004&GameEventID=242,2,,Indiana Pacers,Hansbrough REBOUND (Off:4 Def:2),1:23
http://stats.nba.com/cvp.html?GameID=0021201004&GameEventID=243,2,,Indiana Pacers,Hibbert OFF.Foul (P2),1:16
http://stats.nba.com/cvp.html?GameID=0021201004&GameEventID=244,2,,Indiana Pacers,Hibbert Foul Turnover (P1.T8),1:16
http://stats.nba.com/cvp.html?GameID=0021201004&GameEventID=245,2,,Indiana Pacers,Hansbrough Violation:Kicked Ball,1:07
http://stats.nba.com/cvp.html?GameID=0021201004&GameEventID=246,2,,Indiana Pacers,SUB: Mahinmi FOR Hibbert,1:07
http://stats.nba.com/cvp.html?GameID=0021201004&GameEventID=247,2,[ 27 - 38 ],Orlando Magic,Udrih 1' Driving Layup (4 PTS),0:54
http://stats.nba.com/cvp.html?GameID=0021201004&GameEventID=248,2,,Indiana Pacers,MISS Hill 13' Jump Shot,0:40
http://stats.nba.com/cvp.html?GameID=0021201004&GameEventID=249,2,,Indiana Pacers,Hansbrough REBOUND (Off:5 Def:2),0:39
http://stats.nba.com/cvp.html?GameID=0021201004&GameEventID=250,2,[ 27 - 40 ],Indiana Pacers,Hansbrough 2' Putback Layup (7 PTS),0:38
http://stats.nba.com/cvp.html?GameID=0021201004&GameEventID=251,2,,Orlando Magic,MISS Nelson 12' Jump Shot,0:30
http://stats.nba.com/cvp.html?GameID=0021201004&GameEventID=253,2,,Orlando Magic,Vucevic REBOUND (Off:1 Def:4),0:29
http://stats.nba.com/cvp.html?GameID=0021201004&GameEventID=252,2,,Orlando Magic,MISS Vucevic 3' Tip Shot,0:29
http://stats.nba.com/cvp.html?GameID=0021201004&GameEventID=255,2,,Orlando Magic,Vucevic REBOUND (Off:2 Def:4),0:28
http://stats.nba.com/cvp.html?GameID=0021201004&GameEventID=254,2,[ 29 - 40 ],Orlando Magic,Vucevic 1' Tip Shot (4 PTS),0:28
http://stats.nba.com/cvp.html?GameID=0021201004&GameEventID=256,2,,Indiana Pacers,PACERS Timeout: Short (Full 2 Short 1),0:23
http://stats.nba.com/cvp.html?GameID=0021201004&GameEventID=258,2,,Orlando Magic,SUB: O'Quinn FOR Vucevic,0:23
http://stats.nba.com/cvp.html?GameID=0021201004&GameEventID=259,2,,Orlando Magic,SUB: Nicholson FOR Harris,0:23
http://stats.nba.com/cvp.html?GameID=0021201004&GameEventID=260,2,,Orlando Magic,SUB: Moore FOR Nelson,0:23
http://stats.nba.com/cvp.html?GameID=0021201004&GameEventID=261,2,,Indiana Pacers,SUB: Augustin FOR Mahinmi,0:23
http://stats.nba.com/cvp.html?GameID=0021201004&GameEventID=262,2,,Indiana Pacers,MISS George 4' Jump Shot,0:10
http://stats.nba.com/cvp.html?GameID=0021201004&GameEventID=264,2,,Indiana Pacers,Hansbrough REBOUND (Off:6 Def:2),0:10
http://stats.nba.com/cvp.html?GameID=0021201004&GameEventID=263,2,[ 29 - 42 ],Indiana Pacers,Hansbrough 1' Tip Shot (9 PTS),0:10
http://stats.nba.com/cvp.html?GameID=0021201004&GameEventID=265,2,,Orlando Magic,MISS Udrih 16' Jump Shot,0:00
http://stats.nba.com/cvp.html?GameID=0021201004&GameEventID=266,2,,Orlando Magic,Magic Rebound,0:00
http://stats.nba.com/cvp.html?GameID=0021201004&GameEventID=270,3,,Orlando Magic,Harkless P.FOUL (P3.T1),11:47
http://stats.nba.com/cvp.html?GameID=0021201004&GameEventID=271,3,,Indiana Pacers,MISS Stephenson 21' Jump Shot,11:37
http://stats.nba.com/cvp.html?GameID=0021201004&GameEventID=272,3,,Orlando Magic,Vucevic REBOUND (Off:2 Def:5),11:35
http://stats.nba.com/cvp.html?GameID=0021201004&GameEventID=273,3,,Indiana Pacers,Hansbrough BLOCK (1 BLK),11:19
http://stats.nba.com/cvp.html?GameID=0021201004&GameEventID=273,3,,Orlando Magic,MISS Vucevic 3' Layup,11:19
http://stats.nba.com/cvp.html?GameID=0021201004&GameEventID=274,3,,Indiana Pacers,Hibbert REBOUND (Off:1 Def:4),11:18
http://stats.nba.com/cvp.html?GameID=0021201004&GameEventID=275,3,,Indiana Pacers,Hansbrough Lost Ball Turnover (P1.T9),11:07
http://stats.nba.com/cvp.html?GameID=0021201004&GameEventID=275,3,,Orlando Magic,Harkless STEAL (4 STL),11:07
http://stats.nba.com/cvp.html?GameID=0021201004&GameEventID=276,3,,Indiana Pacers,George BLOCK (1 BLK),11:03
http://stats.nba.com/cvp.html?GameID=0021201004&GameEventID=276,3,,Orlando Magic,MISS Afflalo 3' Layup,11:03
http://stats.nba.com/cvp.html?GameID=0021201004&GameEventID=277,3,,Orlando Magic,Magic Rebound,11:03
http://stats.nba.com/cvp.html?GameID=0021201004&GameEventID=278,3,[ 31 - 42 ],Orlando Magic,Vucevic 17' Jump Shot (6 PTS) (Harris 1 AST),11:00
http://stats.nba.com/cvp.html?GameID=0021201004&GameEventID=279,3,,Indiana Pacers,MISS Hansbrough 16' Jump Shot,10:45
http://stats.nba.com/cvp.html?GameID=0021201004&GameEventID=280,3,,Indiana Pacers,PACERS Rebound,10:43
http://stats.nba.com/cvp.html?GameID=0021201004&GameEventID=281,3,[ 31 - 44 ],Indiana Pacers,Hibbert 1' Slam Dunk (6 PTS) (George 2 AST),10:28
http://stats.nba.com/cvp.html?GameID=0021201004&GameEventID=282,3,[ 34 - 44 ],Orlando Magic,Nelson 25' 3PT Jump Shot (6 PTS) (Harris 2 AST),10:01
http://stats.nba.com/cvp.html?GameID=0021201004&GameEventID=283,3,,Indiana Pacers,MISS Hansbrough 1' Layup,9:40
http://stats.nba.com/cvp.html?GameID=0021201004&GameEventID=283,3,,Orlando Magic,Afflalo BLOCK (1 BLK),9:40
http://stats.nba.com/cvp.html?GameID=0021201004&GameEventID=284,3,,Indiana Pacers,Hill REBOUND (Off:2 Def:5),9:32
http://stats.nba.com/cvp.html?GameID=0021201004&GameEventID=285,3,,Indiana Pacers,MISS Hibbert 6' Jump Shot,9:17
http://stats.nba.com/cvp.html?GameID=0021201004&GameEventID=286,3,,Orlando Magic,Magic Rebound,9:16
http://stats.nba.com/cvp.html?GameID=0021201004&GameEventID=287,3,,Indiana Pacers,Hansbrough L.B.FOUL (P2.T1),9:16
http://stats.nba.com/cvp.html?GameID=0021201004&GameEventID=288,3,,Orlando Magic,MISS Afflalo 5' Jump Shot,9:01
http://stats.nba.com/cvp.html?GameID=0021201004&GameEventID=289,3,,Orlando Magic,Harris REBOUND (Off:3 Def:5),9:00
http://stats.nba.com/cvp.html?GameID=0021201004&GameEventID=290,3,[ 36 - 44 ],Orlando Magic,Harris 8' Jump Shot (4 PTS),8:58
http://stats.nba.com/cvp.html?GameID=0021201004&GameEventID=291,3,,Indiana Pacers,MISS Hansbrough 1' Layup,8:41
http://stats.nba.com/cvp.html?GameID=0021201004&GameEventID=292,3,,Indiana Pacers,Hansbrough REBOUND (Off:7 Def:2),8:40
http://stats.nba.com/cvp.html?GameID=0021201004&GameEventID=293,3,[ 36 - 46 ],Indiana Pacers,Hansbrough 1' Dunk (11 PTS),8:38
http://stats.nba.com/cvp.html?GameID=0021201004&GameEventID=294,3,,Orlando Magic,Magic Timeout: Regular (Reg.3 Short 0),8:36
http://stats.nba.com/cvp.html?GameID=0021201004&GameEventID=296,3,,Orlando Magic,MISS Nelson 16' Jump Shot,8:26
http://stats.nba.com/cvp.html?GameID=0021201004&GameEventID=297,3,,Indiana Pacers,Hansbrough REBOUND (Off:7 Def:3),8:25
http://stats.nba.com/cvp.html?GameID=0021201004&GameEventID=298,3,,Orlando Magic,Vucevic S.FOUL (P3.T2),8:10
http://stats.nba.com/cvp.html?GameID=0021201004&GameEventID=299,3,[ 36 - 47 ],Indiana Pacers,Hibbert Free Throw 1 of 2 (7 PTS),8:10
http://stats.nba.com/cvp.html?GameID=0021201004&GameEventID=300,3,[ 36 - 48 ],Indiana Pacers,Hibbert Free Throw 2 of 2 (8 PTS),8:10
http://stats.nba.com/cvp.html?GameID=0021201004&GameEventID=302,3,,Orlando Magic,MISS Harris 9' Jump Shot,7:48
http://stats.nba.com/cvp.html?GameID=0021201004&GameEventID=303,3,,Indiana Pacers,George REBOUND (Off:0 Def:3),7:47
http://stats.nba.com/cvp.html?GameID=0021201004&GameEventID=304,3,,Indiana Pacers,MISS Hibbert 7' Jump Shot,7:39
http://stats.nba.com/cvp.html?GameID=0021201004&GameEventID=305,3,,Orlando Magic,Vucevic REBOUND (Off:2 Def:6),7:37
http://stats.nba.com/cvp.html?GameID=0021201004&GameEventID=306,3,[ 38 - 48 ],Orlando Magic,Vucevic 2' Layup (8 PTS) (Afflalo 3 AST),7:28
http://stats.nba.com/cvp.html?GameID=0021201004&GameEventID=307,3,,Indiana Pacers,Stephenson S.FOUL (P2.T2),7:28
http://stats.nba.com/cvp.html?GameID=0021201004&GameEventID=308,3,,Orlando Magic,MISS Vucevic Free Throw 1 of 1,7:28
http://stats.nba.com/cvp.html?GameID=0021201004&GameEventID=310,3,,Indiana Pacers,Hansbrough REBOUND (Off:7 Def:4),7:28
http://stats.nba.com/cvp.html?GameID=0021201004&GameEventID=311,3,[ 38 - 51 ],Indiana Pacers,Hill 26' 3PT Jump Shot (7 PTS) (Stephenson 3 AST),7:16
http://stats.nba.com/cvp.html?GameID=0021201004&GameEventID=312,3,,Orlando Magic,Vucevic S.FOUL (P4.T3),7:16
http://stats.nba.com/cvp.html?GameID=0021201004&GameEventID=313,3,[ 38 - 52 ],Indiana Pacers,Hibbert Free Throw 1 of 1 (9 PTS),7:16
http://stats.nba.com/cvp.html?GameID=0021201004&GameEventID=316,3,,Orlando Magic,MISS Nelson 25' 3PT Jump Shot,6:56
http://stats.nba.com/cvp.html?GameID=0021201004&GameEventID=317,3,,Indiana Pacers,Stephenson REBOUND (Off:0 Def:3),6:55
http://stats.nba.com/cvp.html?GameID=0021201004&GameEventID=318,3,,Indiana Pacers,Stephenson Bad Pass Turnover (P3.T10),6:49
http://stats.nba.com/cvp.html?GameID=0021201004&GameEventID=318,3,,Orlando Magic,Vucevic STEAL (1 STL),6:49
http://stats.nba.com/cvp.html?GameID=0021201004&GameEventID=319,3,,Indiana Pacers,George P.FOUL (P2.T3),6:42
http://stats.nba.com/cvp.html?GameID=0021201004&GameEventID=320,3,,Orlando Magic,SUB: O'Quinn FOR Vucevic,6:42
http://stats.nba.com/cvp.html?GameID=0021201004&GameEventID=321,3,,Indiana Pacers,Hansbrough P.FOUL (P3.T4),6:33
http://stats.nba.com/cvp.html?GameID=0021201004&GameEventID=322,3,,Indiana Pacers,Hibbert S.FOUL (P3.PN),6:25
http://stats.nba.com/cvp.html?GameID=0021201004&GameEventID=323,3,[ 39 - 52 ],Orlando Magic,Afflalo Free Throw 1 of 2 (3 PTS),6:25
http://stats.nba.com/cvp.html?GameID=0021201004&GameEventID=328,3,[ 40 - 52 ],Orlando Magic,Afflalo Free Throw 2 of 2 (4 PTS),6:25
http://stats.nba.com/cvp.html?GameID=0021201004&GameEventID=330,3,[ 40 - 54 ],Indiana Pacers,Stephenson 19' Pullup Jump Shot (2 PTS),6:07
http://stats.nba.com/cvp.html?GameID=0021201004&GameEventID=336,3,,Orlando Magic,Harris S.FOUL (P4.T4),6:07
http://stats.nba.com/cvp.html?GameID=0021201004&GameEventID=333,3,[ 40 - 55 ],Indiana Pacers,Hansbrough Free Throw 1 of 1 (12 PTS),6:07
http://stats.nba.com/cvp.html?GameID=0021201004&GameEventID=335,3,,Indiana Pacers,Hill S.FOUL (P1.PN),5:58
http://stats.nba.com/cvp.html?GameID=0021201004&GameEventID=337,3,[ 41 - 55 ],Orlando Magic,Afflalo Free Throw 1 of 2 (5 PTS),5:58
http://stats.nba.com/cvp.html?GameID=0021201004&GameEventID=339,3,[ 42 - 55 ],Orlando Magic,Afflalo Free Throw 2 of 2 (6 PTS),5:58
http://stats.nba.com/cvp.html?GameID=0021201004&GameEventID=341,3,,Indiana Pacers,Hill Bad Pass Turnover (P2.T11),5:46
http://stats.nba.com/cvp.html?GameID=0021201004&GameEventID=343,3,[ 44 - 55 ],Orlando Magic,Harkless 3' Driving Layup (8 PTS),5:26
http://stats.nba.com/cvp.html?GameID=0021201004&GameEventID=345,3,,Indiana Pacers,MISS George 19' Jump Shot,5:08
http://stats.nba.com/cvp.html?GameID=0021201004&GameEventID=346,3,,Orlando Magic,Afflalo REBOUND (Off:0 Def:2),5:06
http://stats.nba.com/cvp.html?GameID=0021201004&GameEventID=347,3,,Orlando Magic,MISS Afflalo 4' Jump Shot,4:56
http://stats.nba.com/cvp.html?GameID=0021201004&GameEventID=348,3,,Orlando Magic,O'Quinn REBOUND (Off:1 Def:2),4:55
http://stats.nba.com/cvp.html?GameID=0021201004&GameEventID=349,3,,Orlando Magic,MISS O'Quinn 2' Layup,4:52
http://stats.nba.com/cvp.html?GameID=0021201004&GameEventID=350,3,,Indiana Pacers,George REBOUND (Off:0 Def:4),4:50
http://stats.nba.com/cvp.html?GameID=0021201004&GameEventID=351,3,[ 44 - 57 ],Indiana Pacers,George 2' Driving Layup (14 PTS),4:47
http://stats.nba.com/cvp.html?GameID=0021201004&GameEventID=352,3,,Orlando Magic,Afflalo S.FOUL (P1.PN),4:47
http://stats.nba.com/cvp.html?GameID=0021201004&GameEventID=353,3,[ 44 - 58 ],Indiana Pacers,George Free Throw 1 of 1 (15 PTS),4:47
http://stats.nba.com/cvp.html?GameID=0021201004&GameEventID=358,3,[ 44 - 59 ],Indiana Pacers,George Free Throw Technical (16 PTS),4:47
http://stats.nba.com/cvp.html?GameID=0021201004&GameEventID=360,3,[ 44 - 60 ],Indiana Pacers,George Free Throw Technical (17 PTS),4:47
http://stats.nba.com/cvp.html?GameID=0021201004&GameEventID=362,3,,Orlando Magic,MISS Harkless 16' Jump Shot,4:33
http://stats.nba.com/cvp.html?GameID=0021201004&GameEventID=363,3,,Indiana Pacers,Hansbrough REBOUND (Off:7 Def:5),4:31
http://stats.nba.com/cvp.html?GameID=0021201004&GameEventID=364,3,,Indiana Pacers,George Bad Pass Turnover (P1.T12),4:20
http://stats.nba.com/cvp.html?GameID=0021201004&GameEventID=364,3,,Orlando Magic,O'Quinn STEAL (1 STL),4:20
http://stats.nba.com/cvp.html?GameID=0021201004&GameEventID=365,3,,Indiana Pacers,Stephenson STEAL (1 STL),4:18
http://stats.nba.com/cvp.html?GameID=0021201004&GameEventID=365,3,,Orlando Magic,Afflalo Lost Ball Turnover (P2.T7),4:18
http://stats.nba.com/cvp.html?GameID=0021201004&GameEventID=366,3,,Orlando Magic,Afflalo Personal Take Foul (P2.PN),4:18
http://stats.nba.com/cvp.html?GameID=0021201004&GameEventID=367,3,[ 44 - 61 ],Indiana Pacers,Stephenson Free Throw 1 of 2 (3 PTS),4:18
http://stats.nba.com/cvp.html?GameID=0021201004&GameEventID=369,3,,Indiana Pacers,SUB: Augustin FOR Hill,4:18
http://stats.nba.com/cvp.html?GameID=0021201004&GameEventID=370,3,[ 44 - 62 ],Indiana Pacers,Stephenson Free Throw 2 of 2 (4 PTS),4:18
http://stats.nba.com/cvp.html?GameID=0021201004&GameEventID=372,3,,Orlando Magic,MISS Nelson 21' Jump Shot,4:04
http://stats.nba.com/cvp.html?GameID=0021201004&GameEventID=373,3,,Orlando Magic,Harkless REBOUND (Off:4 Def:4),4:03
http://stats.nba.com/cvp.html?GameID=0021201004&GameEventID=374,3,[ 46 - 62 ],Orlando Magic,Harkless 2' Tip Shot (10 PTS),4:00
http://stats.nba.com/cvp.html?GameID=0021201004&GameEventID=375,3,,Indiana Pacers,MISS Augustin 27' 3PT Jump Shot,3:50
http://stats.nba.com/cvp.html?GameID=0021201004&GameEventID=376,3,,Orlando Magic,Magic Rebound,3:49
http://stats.nba.com/cvp.html?GameID=0021201004&GameEventID=377,3,,Indiana Pacers,Hibbert L.B.FOUL (P4.PN),3:49
http://stats.nba.com/cvp.html?GameID=0021201004&GameEventID=378,3,[ 47 - 62 ],Orlando Magic,O'Quinn Free Throw 1 of 2 (1 PTS),3:49
http://stats.nba.com/cvp.html?GameID=0021201004&GameEventID=380,3,,Indiana Pacers,SUB: Mahinmi FOR Hibbert,3:49
http://stats.nba.com/cvp.html?GameID=0021201004&GameEventID=381,3,,Indiana Pacers,SUB: Johnson FOR Stephenson,3:49
http://stats.nba.com/cvp.html?GameID=0021201004&GameEventID=382,3,,Orlando Magic,SUB: Nicholson FOR Harris,3:49
http://stats.nba.com/cvp.html?GameID=0021201004&GameEventID=383,3,[ 48 - 62 ],Orlando Magic,O'Quinn Free Throw 2 of 2 (2 PTS),3:49
http://stats.nba.com/cvp.html?GameID=0021201004&GameEventID=385,3,,Indiana Pacers,PACERS Timeout: Regular (Full 3 Short 1),3:45
http://stats.nba.com/cvp.html?GameID=0021201004&GameEventID=387,3,,Indiana Pacers,MISS Hansbrough 2' Layup,3:29
http://stats.nba.com/cvp.html?GameID=0021201004&GameEventID=387,3,,Orlando Magic,Nicholson BLOCK (1 BLK),3:29
http://stats.nba.com/cvp.html?GameID=0021201004&GameEventID=388,3,,Indiana Pacers,Hansbrough REBOUND (Off:8 Def:5),3:27
http://stats.nba.com/cvp.html?GameID=0021201004&GameEventID=389,3,,Indiana Pacers,MISS Hansbrough 2' Layup,3:27
http://stats.nba.com/cvp.html?GameID=0021201004&GameEventID=389,3,,Orlando Magic,Nicholson BLOCK (2 BLK),3:27
http://stats.nba.com/cvp.html?GameID=0021201004&GameEventID=390,3,,Indiana Pacers,Mahinmi REBOUND (Off:1 Def:1),3:27
http://stats.nba.com/cvp.html?GameID=0021201004&GameEventID=391,3,,Orlando Magic,Nicholson S.FOUL (P1.PN),3:27
http://stats.nba.com/cvp.html?GameID=0021201004&GameEventID=392,3,,Indiana Pacers,MISS Mahinmi Free Throw 1 of 2,3:27
http://stats.nba.com/cvp.html?GameID=0021201004&GameEventID=393,3,,Indiana Pacers,PACERS Rebound,3:27
http://stats.nba.com/cvp.html?GameID=0021201004&GameEventID=394,3,[ 48 - 63 ],Indiana Pacers,Mahinmi Free Throw 2 of 2 (7 PTS),3:27
http://stats.nba.com/cvp.html?GameID=0021201004&GameEventID=396,3,,Indiana Pacers,Augustin P.FOUL (P1.PN),3:13
http://stats.nba.com/cvp.html?GameID=0021201004&GameEventID=397,3,[ 49 - 63 ],Orlando Magic,Nelson Free Throw 1 of 2 (7 PTS),3:13
http://stats.nba.com/cvp.html?GameID=0021201004&GameEventID=399,3,,Orlando Magic,SUB: Udrih FOR Afflalo,3:13
http://stats.nba.com/cvp.html?GameID=0021201004&GameEventID=400,3,[ 50 - 63 ],Orlando Magic,Nelson Free Throw 2 of 2 (8 PTS),3:13
http://stats.nba.com/cvp.html?GameID=0021201004&GameEventID=402,3,[ 50 - 65 ],Indiana Pacers,George  Layup (19 PTS) (Hansbrough 1 AST),2:58
http://stats.nba.com/cvp.html?GameID=0021201004&GameEventID=403,3,,Orlando Magic,MISS Nelson 3' Layup,2:43
http://stats.nba.com/cvp.html?GameID=0021201004&GameEventID=404,3,,Indiana Pacers,Johnson REBOUND (Off:0 Def:6),2:42
http://stats.nba.com/cvp.html?GameID=0021201004&GameEventID=405,3,[ 50 - 67 ],Indiana Pacers,Johnson 9' Turnaround Jump Shot (2 PTS),2:33
http://stats.nba.com/cvp.html?GameID=0021201004&GameEventID=406,3,,Orlando Magic,Nicholson OFF.Foul (P2),2:22
http://stats.nba.com/cvp.html?GameID=0021201004&GameEventID=407,3,,Orlando Magic,Nicholson Foul Turnover (P1.T8),2:22
http://stats.nba.com/cvp.html?GameID=0021201004&GameEventID=408,3,,Orlando Magic,SUB: Vucevic FOR O'Quinn,2:22
http://stats.nba.com/cvp.html?GameID=0021201004&GameEventID=409,3,,Indiana Pacers,George Backcourt Turnover (P2.T13),2:09
http://stats.nba.com/cvp.html?GameID=0021201004&GameEventID=411,3,[ 52 - 67 ],Orlando Magic,Udrih 5' Running Bank Shot (6 PTS) (Nicholson 1 AST),1:55
http://stats.nba.com/cvp.html?GameID=0021201004&GameEventID=412,3,,Indiana Pacers,MISS Johnson 25' 3PT Jump Shot,1:40
http://stats.nba.com/cvp.html?GameID=0021201004&GameEventID=413,3,,Orlando Magic,Vucevic REBOUND (Off:2 Def:7),1:38
http://stats.nba.com/cvp.html?GameID=0021201004&GameEventID=414,3,,Indiana Pacers,Johnson BLOCK (1 BLK),1:26
http://stats.nba.com/cvp.html?GameID=0021201004&GameEventID=414,3,,Orlando Magic,MISS Nelson 1' Layup,1:26
http://stats.nba.com/cvp.html?GameID=0021201004&GameEventID=415,3,,Indiana Pacers,PACERS Rebound,1:25
http://stats.nba.com/cvp.html?GameID=0021201004&GameEventID=416,3,,Indiana Pacers,MISS George 14' Turnaround Fadeaway Shot,1:11
http://stats.nba.com/cvp.html?GameID=0021201004&GameEventID=417,3,,Orlando Magic,Udrih REBOUND (Off:0 Def:2),1:10
http://stats.nba.com/cvp.html?GameID=0021201004&GameEventID=418,3,[ 54 - 67 ],Orlando Magic,Udrih 1' Driving Layup (8 PTS),0:59
http://stats.nba.com/cvp.html?GameID=0021201004&GameEventID=419,3,,Indiana Pacers,Mahinmi OFF.Foul (P2),0:47
http://stats.nba.com/cvp.html?GameID=0021201004&GameEventID=420,3,,Indiana Pacers,Mahinmi Foul Turnover (P1.T14),0:47
http://stats.nba.com/cvp.html?GameID=0021201004&GameEventID=421,3,,Indiana Pacers,Augustin S.FOUL (P2.PN),0:38
http://stats.nba.com/cvp.html?GameID=0021201004&GameEventID=422,3,[ 55 - 67 ],Orlando Magic,Udrih Free Throw 1 of 2 (9 PTS),0:38
http://stats.nba.com/cvp.html?GameID=0021201004&GameEventID=424,3,,Orlando Magic,MISS Udrih Free Throw 2 of 2,0:38
http://stats.nba.com/cvp.html?GameID=0021201004&GameEventID=426,3,,Indiana Pacers,George REBOUND (Off:0 Def:5),0:37
http://stats.nba.com/cvp.html?GameID=0021201004&GameEventID=427,3,,Indiana Pacers,MISS Augustin 25' 3PT Jump Shot,0:29
http://stats.nba.com/cvp.html?GameID=0021201004&GameEventID=428,3,,Orlando Magic,Nicholson REBOUND (Off:0 Def:1),0:27
http://stats.nba.com/cvp.html?GameID=0021201004&GameEventID=429,3,,Orlando Magic,MISS Nelson 21' Jump Shot,0:08
http://stats.nba.com/cvp.html?GameID=0021201004&GameEventID=430,3,,Indiana Pacers,Augustin REBOUND (Off:0 Def:1),0:07
http://stats.nba.com/cvp.html?GameID=0021201004&GameEventID=431,3,,Indiana Pacers,MISS Johnson 24' 3PT Jump Shot,0:01
http://stats.nba.com/cvp.html?GameID=0021201004&GameEventID=433,3,,Indiana Pacers,Hansbrough REBOUND (Off:9 Def:5),0:00
http://stats.nba.com/cvp.html?GameID=0021201004&GameEventID=432,3,[ 55 - 69 ],Indiana Pacers,Hansbrough 2' Tip Shot (14 PTS),0:00
http://stats.nba.com/cvp.html?GameID=0021201004&GameEventID=439,4,,Indiana Pacers,Mahinmi Violation:Kicked Ball,11:50
http://stats.nba.com/cvp.html?GameID=0021201004&GameEventID=440,4,,Orlando Magic,MISS Udrih 14' Jump Shot,11:46
http://stats.nba.com/cvp.html?GameID=0021201004&GameEventID=441,4,,Indiana Pacers,Mahinmi REBOUND (Off:1 Def:2),11:44
http://stats.nba.com/cvp.html?GameID=0021201004&GameEventID=442,4,[ 55 - 71 ],Indiana Pacers,Pendergraph 17' Jump Shot (4 PTS) (Green 1 AST),11:26
http://stats.nba.com/cvp.html?GameID=0021201004&GameEventID=443,4,,Orlando Magic,MISS Harkless  3PT Jump Shot,11:13
http://stats.nba.com/cvp.html?GameID=0021201004&GameEventID=444,4,,Indiana Pacers,Johnson REBOUND (Off:0 Def:7),11:12
http://stats.nba.com/cvp.html?GameID=0021201004&GameEventID=445,4,[ 55 - 73 ],Indiana Pacers,Johnson 20' Pullup Jump Shot (4 PTS),11:05
http://stats.nba.com/cvp.html?GameID=0021201004&GameEventID=446,4,,Indiana Pacers,Pendergraph STEAL (2 STL),10:51
http://stats.nba.com/cvp.html?GameID=0021201004&GameEventID=446,4,,Orlando Magic,Udrih Lost Ball Turnover (P1.T9),10:51
http://stats.nba.com/cvp.html?GameID=0021201004&GameEventID=447,4,[ 55 - 76 ],Indiana Pacers,Hill  3PT Jump Shot (10 PTS) (Johnson 3 AST),10:44
http://stats.nba.com/cvp.html?GameID=0021201004&GameEventID=448,4,,Orlando Magic,Magic Timeout: Regular (Reg.4 Short 0),10:43
http://stats.nba.com/cvp.html?GameID=0021201004&GameEventID=450,4,,Orlando Magic,SUB: Afflalo FOR Nicholson,10:43
http://stats.nba.com/cvp.html?GameID=0021201004&GameEventID=451,4,,Orlando Magic,SUB: Harris FOR Udrih,10:43
http://stats.nba.com/cvp.html?GameID=0021201004&GameEventID=452,4,,Orlando Magic,MISS Vucevic 17' Jump Shot,10:25
http://stats.nba.com/cvp.html?GameID=0021201004&GameEventID=453,4,,Indiana Pacers,Green REBOUND (Off:0 Def:5),10:23
http://stats.nba.com/cvp.html?GameID=0021201004&GameEventID=454,4,,Indiana Pacers,MISS Pendergraph 20' Jump Shot,10:08
http://stats.nba.com/cvp.html?GameID=0021201004&GameEventID=455,4,,Orlando Magic,Harris REBOUND (Off:3 Def:6),10:06
http://stats.nba.com/cvp.html?GameID=0021201004&GameEventID=456,4,,Orlando Magic,MISS Harris 1' Layup,9:59
http://stats.nba.com/cvp.html?GameID=0021201004&GameEventID=457,4,,Indiana Pacers,Mahinmi REBOUND (Off:1 Def:3),9:58
http://stats.nba.com/cvp.html?GameID=0021201004&GameEventID=458,4,,Indiana Pacers,MISS Green 19' Jump Shot,9:38
http://stats.nba.com/cvp.html?GameID=0021201004&GameEventID=459,4,,Orlando Magic,Afflalo REBOUND (Off:0 Def:3),9:36
http://stats.nba.com/cvp.html?GameID=0021201004&GameEventID=460,4,[ 57 - 76 ],Orlando Magic,Afflalo 16' Pullup Jump Shot (8 PTS),9:26
http://stats.nba.com/cvp.html?GameID=0021201004&GameEventID=461,4,[ 57 - 78 ],Indiana Pacers,Hill 14' Pullup Jump Shot (12 PTS),9:00
http://stats.nba.com/cvp.html?GameID=0021201004&GameEventID=462,4,,Orlando Magic,MISS Harris 25' 3PT Jump Shot,8:43
http://stats.nba.com/cvp.html?GameID=0021201004&GameEventID=463,4,,Indiana Pacers,Green REBOUND (Off:0 Def:6),8:41
http://stats.nba.com/cvp.html?GameID=0021201004&GameEventID=464,4,[ 57 - 80 ],Indiana Pacers,Green 8' Floating Jump Shot (7 PTS),8:23
http://stats.nba.com/cvp.html?GameID=0021201004&GameEventID=465,4,[ 59 - 80 ],Orlando Magic,Moore 9' Floating Jump Shot (6 PTS),8:10
http://stats.nba.com/cvp.html?GameID=0021201004&GameEventID=466,4,,Indiana Pacers,MISS Pendergraph 8' Jump Shot,7:52
http://stats.nba.com/cvp.html?GameID=0021201004&GameEventID=466,4,,Orlando Magic,Harris BLOCK (2 BLK),7:52
http://stats.nba.com/cvp.html?GameID=0021201004&GameEventID=467,4,,Indiana Pacers,PACERS Rebound,7:52
http://stats.nba.com/cvp.html?GameID=0021201004&GameEventID=468,4,,Orlando Magic,SUB: Nelson FOR Harkless,7:52
http://stats.nba.com/cvp.html?GameID=0021201004&GameEventID=469,4,,Indiana Pacers,MISS Johnson 25' 3PT Jump Shot,7:45
http://stats.nba.com/cvp.html?GameID=0021201004&GameEventID=470,4,,Orlando Magic,Nelson REBOUND (Off:0 Def:1),7:43
http://stats.nba.com/cvp.html?GameID=0021201004&GameEventID=471,4,[ 61 - 80 ],Orlando Magic,Afflalo 17' Jump Shot (10 PTS) (Vucevic 1 AST),7:31
http://stats.nba.com/cvp.html?GameID=0021201004&GameEventID=472,4,,Indiana Pacers,MISS Hill 21' Jump Shot,7:12
http://stats.nba.com/cvp.html?GameID=0021201004&GameEventID=473,4,,Orlando Magic,Vucevic REBOUND (Off:2 Def:8),7:11
http://stats.nba.com/cvp.html?GameID=0021201004&GameEventID=474,4,[ 63 - 80 ],Orlando Magic,Harris 10' Jump Shot (6 PTS),6:56
http://stats.nba.com/cvp.html?GameID=0021201004&GameEventID=475,4,[ 63 - 82 ],Indiana Pacers,Hill 2' Layup (14 PTS) (Green 2 AST),6:38
http://stats.nba.com/cvp.html?GameID=0021201004&GameEventID=476,4,,Orlando Magic,MISS Afflalo 18' Jump Shot,6:24
http://stats.nba.com/cvp.html?GameID=0021201004&GameEventID=477,4,,Indiana Pacers,Pendergraph REBOUND (Off:0 Def:3),6:22
http://stats.nba.com/cvp.html?GameID=0021201004&GameEventID=478,4,[ 63 - 84 ],Indiana Pacers,Green 19' Turnaround Jump Shot (9 PTS) (Hill 2 AST),6:11
http://stats.nba.com/cvp.html?GameID=0021201004&GameEventID=479,4,,Orlando Magic,MISS Afflalo 18' Jump Shot,5:50
http://stats.nba.com/cvp.html?GameID=0021201004&GameEventID=480,4,,Indiana Pacers,Johnson REBOUND (Off:0 Def:8),5:49
http://stats.nba.com/cvp.html?GameID=0021201004&GameEventID=481,4,[ 63 - 86 ],Indiana Pacers,Mahinmi 19' Jump Shot (9 PTS) (Johnson 4 AST),5:39
http://stats.nba.com/cvp.html?GameID=0021201004&GameEventID=482,4,,Indiana Pacers,Johnson S.FOUL (P1.T1),5:26
http://stats.nba.com/cvp.html?GameID=0021201004&GameEventID=483,4,,Indiana Pacers,PACERS Timeout: Regular (Full 4 Short 1),5:26
http://stats.nba.com/cvp.html?GameID=0021201004&GameEventID=485,4,,Orlando Magic,SUB: Nicholson FOR Harris,5:26
http://stats.nba.com/cvp.html?GameID=0021201004&GameEventID=486,4,,Orlando Magic,SUB: Jones FOR Afflalo,5:26
http://stats.nba.com/cvp.html?GameID=0021201004&GameEventID=487,4,,Orlando Magic,SUB: Lamb FOR Nelson,5:26
http://stats.nba.com/cvp.html?GameID=0021201004&GameEventID=489,4,,Orlando Magic,MISS Vucevic Free Throw 1 of 2,5:26
http://stats.nba.com/cvp.html?GameID=0021201004&GameEventID=490,4,,Orlando Magic,Magic Rebound,5:26
http://stats.nba.com/cvp.html?GameID=0021201004&GameEventID=491,4,[ 64 - 86 ],Orlando Magic,Vucevic Free Throw 2 of 2 (9 PTS),5:26
http://stats.nba.com/cvp.html?GameID=0021201004&GameEventID=493,4,,Indiana Pacers,MISS Pendergraph 3' Jump Shot,5:06
http://stats.nba.com/cvp.html?GameID=0021201004&GameEventID=494,4,,Orlando Magic,Vucevic REBOUND (Off:2 Def:9),5:04
http://stats.nba.com/cvp.html?GameID=0021201004&GameEventID=495,4,,Orlando Magic,MISS Nicholson 21' Jump Shot,4:54
http://stats.nba.com/cvp.html?GameID=0021201004&GameEventID=496,4,,Indiana Pacers,Green REBOUND (Off:0 Def:7),4:53
http://stats.nba.com/cvp.html?GameID=0021201004&GameEventID=497,4,[ 64 - 89 ],Indiana Pacers,Green 25' 3PT Jump Shot (12 PTS) (Johnson 5 AST),4:41
http://stats.nba.com/cvp.html?GameID=0021201004&GameEventID=498,4,,Indiana Pacers,Hill Violation:Kicked Ball,4:28
http://stats.nba.com/cvp.html?GameID=0021201004&GameEventID=499,4,,Orlando Magic,SUB: O'Quinn FOR Vucevic,4:28
http://stats.nba.com/cvp.html?GameID=0021201004&GameEventID=500,4,,Indiana Pacers,SUB: Hansbrough FOR Hill,4:28
http://stats.nba.com/cvp.html?GameID=0021201004&GameEventID=501,4,,Indiana Pacers,SUB: Plumlee FOR Mahinmi,4:28
http://stats.nba.com/cvp.html?GameID=0021201004&GameEventID=502,4,,Orlando Magic,MISS Lamb 11' Jump Shot,4:23
http://stats.nba.com/cvp.html?GameID=0021201004&GameEventID=503,4,,Indiana Pacers,Plumlee REBOUND (Off:0 Def:1),4:22
http://stats.nba.com/cvp.html?GameID=0021201004&GameEventID=504,4,,Indiana Pacers,MISS Green 3' Jump Shot,4:09
http://stats.nba.com/cvp.html?GameID=0021201004&GameEventID=505,4,,Orlando Magic,Moore REBOUND (Off:0 Def:1),4:08
http://stats.nba.com/cvp.html?GameID=0021201004&GameEventID=506,4,[ 66 - 89 ],Orlando Magic,Jones 1' Layup (2 PTS),4:03
http://stats.nba.com/cvp.html?GameID=0021201004&GameEventID=507,4,,Indiana Pacers,Hansbrough S.FOUL (P1.T2),4:03
http://stats.nba.com/cvp.html?GameID=0021201004&GameEventID=509,4,,Indiana Pacers,SUB: Young FOR Johnson,4:03
http://stats.nba.com/cvp.html?GameID=0021201004&GameEventID=510,4,[ 67 - 89 ],Orlando Magic,Jones Free Throw 1 of 1 (3 PTS),4:03
http://stats.nba.com/cvp.html?GameID=0021201004&GameEventID=512,4,,Indiana Pacers,MISS Green 25' 3PT Jump Shot,3:48
http://stats.nba.com/cvp.html?GameID=0021201004&GameEventID=513,4,,Indiana Pacers,Pendergraph REBOUND (Off:1 Def:3),3:46
http://stats.nba.com/cvp.html?GameID=0021201004&GameEventID=514,4,,Indiana Pacers,MISS Pendergraph 1' Layup,3:43
http://stats.nba.com/cvp.html?GameID=0021201004&GameEventID=514,4,,Orlando Magic,O'Quinn BLOCK (1 BLK),3:43
http://stats.nba.com/cvp.html?GameID=0021201004&GameEventID=515,4,,Indiana Pacers,Plumlee REBOUND (Off:1 Def:1),3:41
http://stats.nba.com/cvp.html?GameID=0021201004&GameEventID=516,4,,Orlando Magic,O'Quinn S.FOUL (P2.T1),3:37
http://stats.nba.com/cvp.html?GameID=0021201004&GameEventID=517,4,,Indiana Pacers,MISS Plumlee Free Throw 1 of 2,3:37
http://stats.nba.com/cvp.html?GameID=0021201004&GameEventID=518,4,,Indiana Pacers,PACERS Rebound,3:37
http://stats.nba.com/cvp.html?GameID=0021201004&GameEventID=519,4,[ 67 - 90 ],Indiana Pacers,Plumlee Free Throw 2 of 2 (1 PTS),3:37
http://stats.nba.com/cvp.html?GameID=0021201004&GameEventID=521,4,,Orlando Magic,MISS Moore 26' 3PT Jump Shot,3:19
http://stats.nba.com/cvp.html?GameID=0021201004&GameEventID=522,4,,Indiana Pacers,Plumlee REBOUND (Off:1 Def:2),3:17
http://stats.nba.com/cvp.html?GameID=0021201004&GameEventID=523,4,,Indiana Pacers,Green Bad Pass Turnover (P1.T15),3:11
http://stats.nba.com/cvp.html?GameID=0021201004&GameEventID=524,4,,Orlando Magic,MISS Nicholson 5' Jump Shot,2:57
http://stats.nba.com/cvp.html?GameID=0021201004&GameEventID=525,4,,Indiana Pacers,Green REBOUND (Off:0 Def:8),2:56
http://stats.nba.com/cvp.html?GameID=0021201004&GameEventID=526,4,,Orlando Magic,O'Quinn P.FOUL (P3.T2),2:48
http://stats.nba.com/cvp.html?GameID=0021201004&GameEventID=529,4,,Indiana Pacers,MISS Plumlee 1' Layup,2:35
http://stats.nba.com/cvp.html?GameID=0021201004&GameEventID=530,4,,Orlando Magic,Magic Rebound,2:33
http://stats.nba.com/cvp.html?GameID=0021201004&GameEventID=531,4,[ 69 - 90 ],Orlando Magic,Moore 19' Jump Shot (8 PTS),2:19
http://stats.nba.com/cvp.html?GameID=0021201004&GameEventID=532,4,,Indiana Pacers,MISS Hansbrough 26' 3PT Jump Shot,2:04
http://stats.nba.com/cvp.html?GameID=0021201004&GameEventID=533,4,,Orlando Magic,Nicholson REBOUND (Off:0 Def:2),2:03
http://stats.nba.com/cvp.html?GameID=0021201004&GameEventID=534,4,,Orlando Magic,Moore Bad Pass Turnover (P1.T10),1:53
http://stats.nba.com/cvp.html?GameID=0021201004&GameEventID=535,4,,Indiana Pacers,MISS Plumlee 6' Jump Shot,1:38
http://stats.nba.com/cvp.html?GameID=0021201004&GameEventID=536,4,,Orlando Magic,O'Quinn REBOUND (Off:1 Def:3),1:36
http://stats.nba.com/cvp.html?GameID=0021201004&GameEventID=537,4,[ 71 - 90 ],Orlando Magic,Nicholson 17' Turnaround Jump Shot (6 PTS) (Moore 2 AST),1:21
http://stats.nba.com/cvp.html?GameID=0021201004&GameEventID=538,4,,Indiana Pacers,MISS Green 13' Jump Shot,1:05
http://stats.nba.com/cvp.html?GameID=0021201004&GameEventID=539,4,,Orlando Magic,O'Quinn REBOUND (Off:1 Def:4),1:04
http://stats.nba.com/cvp.html?GameID=0021201004&GameEventID=540,4,,Orlando Magic,MISS Nicholson 7' Jump Shot,0:51
http://stats.nba.com/cvp.html?GameID=0021201004&GameEventID=541,4,,Indiana Pacers,Pendergraph REBOUND (Off:1 Def:4),0:49
http://stats.nba.com/cvp.html?GameID=0021201004&GameEventID=542,4,,Orlando Magic,Jones S.FOUL (P1.T3),0:47
http://stats.nba.com/cvp.html?GameID=0021201004&GameEventID=543,4,[ 71 - 91 ],Indiana Pacers,Hansbrough Free Throw 1 of 2 (1 PTS),0:47
http://stats.nba.com/cvp.html?GameID=0021201004&GameEventID=545,4,[ 71 - 92 ],Indiana Pacers,Hansbrough Free Throw 2 of 2 (2 PTS),0:47
http://stats.nba.com/cvp.html?GameID=0021201004&GameEventID=547,4,[ 73 - 92 ],Orlando Magic,Nicholson 2' Slam Dunk (8 PTS) (Lamb 1 AST),0:33
http://stats.nba.com/cvp.html?GameID=0021201004&GameEventID=548,4,[ 73 - 95 ],Indiana Pacers,Green 26' 3PT Jump Shot (15 PTS) (Hansbrough 1 AST),0:09
http://stats.nba.com/cvp.html?GameID=0021201004&GameEventID=549,4,,Indiana Pacers,Hansbrough Personal Take Foul (P2.T3),0:05
http://stats.nba.com/cvp.html?GameID=0021201004&GameEventID=550,4,,Orlando Magic,MISS Moore 21' Jump Shot,0:00
http://stats.nba.com/cvp.html?GameID=0021201004&GameEventID=552,4,,Orlando Magic,Magic Rebound,0:00
