http://stats.nba.com/cvp.html?GameID=0021201031&GameEventID=1,1,,Phoenix Suns,Jump Ball Morris vs. Pekovic: Tip to Rubio,12:00
http://stats.nba.com/cvp.html?GameID=0021201031&GameEventID=2,1,[ 2 - 0 ],Minnesota Timberwolves,Pekovic 5' Jump Bank Shot (2 PTS) (Rubio 1 AST),11:43
http://stats.nba.com/cvp.html?GameID=0021201031&GameEventID=3,1,,Minnesota Timberwolves,Rubio P.FOUL (P1.T1),11:31
http://stats.nba.com/cvp.html?GameID=0021201031&GameEventID=4,1,,Phoenix Suns,MISS W. Johnson 1' Driving Layup,11:18
http://stats.nba.com/cvp.html?GameID=0021201031&GameEventID=5,1,,Minnesota Timberwolves,Timberwolves Rebound,11:17
http://stats.nba.com/cvp.html?GameID=0021201031&GameEventID=6,1,,Phoenix Suns,Morris STEAL (1 STL),10:54
http://stats.nba.com/cvp.html?GameID=0021201031&GameEventID=6,1,,Minnesota Timberwolves,Rubio Bad Pass Turnover (P1.T1),10:54
http://stats.nba.com/cvp.html?GameID=0021201031&GameEventID=7,1,[ 2 - 2 ],Phoenix Suns,Scola 17' Jump Shot (2 PTS) (Dragic 1 AST),10:46
http://stats.nba.com/cvp.html?GameID=0021201031&GameEventID=8,1,,Phoenix Suns,Scola P.FOUL (P1.T1),10:30
http://stats.nba.com/cvp.html?GameID=0021201031&GameEventID=9,1,,Minnesota Timberwolves,MISS Kirilenko 22' Jump Shot,10:25
http://stats.nba.com/cvp.html?GameID=0021201031&GameEventID=10,1,,Phoenix Suns,Scola REBOUND (Off:0 Def:1),10:23
http://stats.nba.com/cvp.html?GameID=0021201031&GameEventID=11,1,[ 2 - 4 ],Phoenix Suns,Scola 19' Jump Shot (4 PTS) (Dragic 2 AST),10:14
http://stats.nba.com/cvp.html?GameID=0021201031&GameEventID=12,1,[ 4 - 4 ],Minnesota Timberwolves,Kirilenko 18' Jump Shot (2 PTS) (Williams 1 AST),9:54
http://stats.nba.com/cvp.html?GameID=0021201031&GameEventID=13,1,,Phoenix Suns,MISS Scola 1' Driving Layup,9:39
http://stats.nba.com/cvp.html?GameID=0021201031&GameEventID=14,1,,Minnesota Timberwolves,Williams REBOUND (Off:0 Def:1),9:36
http://stats.nba.com/cvp.html?GameID=0021201031&GameEventID=15,1,[ 6 - 4 ],Minnesota Timberwolves,Pekovic 1' Layup (4 PTS) (Ridnour 1 AST),9:31
http://stats.nba.com/cvp.html?GameID=0021201031&GameEventID=16,1,,Minnesota Timberwolves,Kirilenko S.FOUL (P1.T2),9:10
http://stats.nba.com/cvp.html?GameID=0021201031&GameEventID=17,1,[ 6 - 5 ],Phoenix Suns,W. Johnson Free Throw 1 of 2 (1 PTS),9:10
http://stats.nba.com/cvp.html?GameID=0021201031&GameEventID=19,1,[ 6 - 6 ],Phoenix Suns,W. Johnson Free Throw 2 of 2 (2 PTS),9:10
http://stats.nba.com/cvp.html?GameID=0021201031&GameEventID=21,1,[ 8 - 6 ],Minnesota Timberwolves,Kirilenko 6' Running Jump Shot (4 PTS),8:51
http://stats.nba.com/cvp.html?GameID=0021201031&GameEventID=22,1,,Phoenix Suns,Morris S.FOUL (P1.T2),8:51
http://stats.nba.com/cvp.html?GameID=0021201031&GameEventID=23,1,[ 9 - 6 ],Minnesota Timberwolves,Kirilenko Free Throw 1 of 1 (5 PTS),8:51
http://stats.nba.com/cvp.html?GameID=0021201031&GameEventID=25,1,,Phoenix Suns,MISS W. Johnson 5' Jump Shot,8:35
http://stats.nba.com/cvp.html?GameID=0021201031&GameEventID=25,1,,Minnesota Timberwolves,Kirilenko BLOCK (1 BLK),8:35
http://stats.nba.com/cvp.html?GameID=0021201031&GameEventID=26,1,,Minnesota Timberwolves,Williams REBOUND (Off:0 Def:2),8:32
http://stats.nba.com/cvp.html?GameID=0021201031&GameEventID=27,1,,Minnesota Timberwolves,MISS Rubio 20' Jump Shot,8:25
http://stats.nba.com/cvp.html?GameID=0021201031&GameEventID=28,1,,Phoenix Suns,Tucker REBOUND (Off:0 Def:1),8:23
http://stats.nba.com/cvp.html?GameID=0021201031&GameEventID=29,1,[ 9 - 8 ],Phoenix Suns,Tucker  Dunk (2 PTS) (W. Johnson 1 AST),8:18
http://stats.nba.com/cvp.html?GameID=0021201031&GameEventID=30,1,,Phoenix Suns,Scola S.FOUL (P2.T3),8:00
http://stats.nba.com/cvp.html?GameID=0021201031&GameEventID=31,1,[ 10 - 8 ],Minnesota Timberwolves,Ridnour Free Throw 1 of 2 (1 PTS),8:00
http://stats.nba.com/cvp.html?GameID=0021201031&GameEventID=33,1,,Phoenix Suns,SUB: Haddadi FOR Scola,8:00
http://stats.nba.com/cvp.html?GameID=0021201031&GameEventID=34,1,[ 11 - 8 ],Minnesota Timberwolves,Ridnour Free Throw 2 of 2 (2 PTS),8:00
http://stats.nba.com/cvp.html?GameID=0021201031&GameEventID=36,1,,Phoenix Suns,MISS Dragic 18' Jump Shot,7:47
http://stats.nba.com/cvp.html?GameID=0021201031&GameEventID=37,1,,Minnesota Timberwolves,Williams REBOUND (Off:0 Def:3),7:46
http://stats.nba.com/cvp.html?GameID=0021201031&GameEventID=38,1,,Phoenix Suns,Tucker STEAL (1 STL),7:37
http://stats.nba.com/cvp.html?GameID=0021201031&GameEventID=38,1,,Minnesota Timberwolves,Ridnour Bad Pass Turnover (P1.T2),7:37
http://stats.nba.com/cvp.html?GameID=0021201031&GameEventID=39,1,,Minnesota Timberwolves,Pekovic Personal Block Foul (P1.T3),7:23
http://stats.nba.com/cvp.html?GameID=0021201031&GameEventID=40,1,,Phoenix Suns,MISS W. Johnson 17' Jump Shot,7:17
http://stats.nba.com/cvp.html?GameID=0021201031&GameEventID=41,1,,Phoenix Suns,Tucker REBOUND (Off:1 Def:1),7:16
http://stats.nba.com/cvp.html?GameID=0021201031&GameEventID=42,1,[ 11 - 10 ],Phoenix Suns,Tucker 1' Layup (4 PTS),7:15
http://stats.nba.com/cvp.html?GameID=0021201031&GameEventID=43,1,[ 13 - 10 ],Minnesota Timberwolves,Ridnour 16' Jump Shot (4 PTS) (Rubio 2 AST),6:55
http://stats.nba.com/cvp.html?GameID=0021201031&GameEventID=44,1,,Phoenix Suns,MISS Dragic 12' Jump Shot,6:44
http://stats.nba.com/cvp.html?GameID=0021201031&GameEventID=45,1,,Minnesota Timberwolves,Williams REBOUND (Off:0 Def:4),6:42
http://stats.nba.com/cvp.html?GameID=0021201031&GameEventID=46,1,[ 15 - 10 ],Minnesota Timberwolves,Kirilenko 20' Jump Shot (7 PTS) (Rubio 3 AST),6:36
http://stats.nba.com/cvp.html?GameID=0021201031&GameEventID=47,1,,Phoenix Suns,MISS Tucker 10' Jump Shot,6:17
http://stats.nba.com/cvp.html?GameID=0021201031&GameEventID=48,1,,Minnesota Timberwolves,Williams REBOUND (Off:0 Def:5),6:16
http://stats.nba.com/cvp.html?GameID=0021201031&GameEventID=49,1,[ 17 - 10 ],Minnesota Timberwolves,Rubio 15' Jump Shot (2 PTS),6:09
http://stats.nba.com/cvp.html?GameID=0021201031&GameEventID=50,1,[ 17 - 12 ],Phoenix Suns,Dragic 1' Driving Layup (2 PTS),6:00
http://stats.nba.com/cvp.html?GameID=0021201031&GameEventID=51,1,,Minnesota Timberwolves,Rubio Bad Pass Turnover (P2.T3),5:45
http://stats.nba.com/cvp.html?GameID=0021201031&GameEventID=52,1,,Phoenix Suns,SUNS Timeout: Regular (Full 1 Short 0),5:45
http://stats.nba.com/cvp.html?GameID=0021201031&GameEventID=56,1,,Phoenix Suns,MISS Morris 11' Jump Shot,5:25
http://stats.nba.com/cvp.html?GameID=0021201031&GameEventID=57,1,,Minnesota Timberwolves,Timberwolves Rebound,5:24
http://stats.nba.com/cvp.html?GameID=0021201031&GameEventID=58,1,,Minnesota Timberwolves,MISS Kirilenko 9' Turnaround Jump Shot,5:11
http://stats.nba.com/cvp.html?GameID=0021201031&GameEventID=59,1,,Phoenix Suns,Haddadi REBOUND (Off:0 Def:1),5:09
http://stats.nba.com/cvp.html?GameID=0021201031&GameEventID=60,1,,Phoenix Suns,Haddadi OFF.Foul (P1),5:03
http://stats.nba.com/cvp.html?GameID=0021201031&GameEventID=61,1,,Phoenix Suns,Haddadi Foul Turnover (P1.T1),5:03
http://stats.nba.com/cvp.html?GameID=0021201031&GameEventID=62,1,,Minnesota Timberwolves,MISS Pekovic 2' Layup,4:59
http://stats.nba.com/cvp.html?GameID=0021201031&GameEventID=63,1,,Phoenix Suns,Haddadi REBOUND (Off:0 Def:2),4:57
http://stats.nba.com/cvp.html?GameID=0021201031&GameEventID=64,1,,Phoenix Suns,Haddadi Bad Pass Turnover (P2.T2),4:55
http://stats.nba.com/cvp.html?GameID=0021201031&GameEventID=64,1,,Minnesota Timberwolves,Rubio STEAL (1 STL),4:55
http://stats.nba.com/cvp.html?GameID=0021201031&GameEventID=65,1,,Phoenix Suns,Haddadi S.FOUL (P2.T4),4:51
http://stats.nba.com/cvp.html?GameID=0021201031&GameEventID=66,1,[ 18 - 12 ],Minnesota Timberwolves,Kirilenko Free Throw 1 of 2 (8 PTS),4:51
http://stats.nba.com/cvp.html?GameID=0021201031&GameEventID=68,1,[ 19 - 12 ],Minnesota Timberwolves,Kirilenko Free Throw 2 of 2 (9 PTS),4:51
http://stats.nba.com/cvp.html?GameID=0021201031&GameEventID=70,1,[ 19 - 14 ],Phoenix Suns,W. Johnson 15' Jump Shot (4 PTS),4:32
http://stats.nba.com/cvp.html?GameID=0021201031&GameEventID=71,1,[ 21 - 14 ],Minnesota Timberwolves,Pekovic 2' Layup (6 PTS) (Rubio 4 AST),4:23
http://stats.nba.com/cvp.html?GameID=0021201031&GameEventID=72,1,,Phoenix Suns,MISS Tucker  3PT Jump Shot,4:01
http://stats.nba.com/cvp.html?GameID=0021201031&GameEventID=73,1,,Minnesota Timberwolves,Timberwolves Rebound,4:00
http://stats.nba.com/cvp.html?GameID=0021201031&GameEventID=74,1,,Phoenix Suns,Morris L.B.FOUL (P2.PN),4:00
http://stats.nba.com/cvp.html?GameID=0021201031&GameEventID=75,1,[ 22 - 14 ],Minnesota Timberwolves,Williams Free Throw 1 of 2 (1 PTS),4:00
http://stats.nba.com/cvp.html?GameID=0021201031&GameEventID=77,1,,Phoenix Suns,SUB: Beasley FOR Morris,4:00
http://stats.nba.com/cvp.html?GameID=0021201031&GameEventID=78,1,[ 23 - 14 ],Minnesota Timberwolves,Williams Free Throw 2 of 2 (2 PTS),4:00
http://stats.nba.com/cvp.html?GameID=0021201031&GameEventID=80,1,,Phoenix Suns,MISS W. Johnson 21' Jump Shot,3:50
http://stats.nba.com/cvp.html?GameID=0021201031&GameEventID=81,1,,Phoenix Suns,Haddadi REBOUND (Off:1 Def:2),3:48
http://stats.nba.com/cvp.html?GameID=0021201031&GameEventID=82,1,,Minnesota Timberwolves,Pekovic S.FOUL (P2.T4),3:48
http://stats.nba.com/cvp.html?GameID=0021201031&GameEventID=83,1,,Phoenix Suns,MISS Haddadi Free Throw 1 of 2,3:48
http://stats.nba.com/cvp.html?GameID=0021201031&GameEventID=84,1,,Phoenix Suns,SUNS Rebound,3:48
http://stats.nba.com/cvp.html?GameID=0021201031&GameEventID=85,1,,Minnesota Timberwolves,SUB: Stiemsma FOR Pekovic,3:48
http://stats.nba.com/cvp.html?GameID=0021201031&GameEventID=86,1,,Phoenix Suns,MISS Haddadi Free Throw 2 of 2,3:48
http://stats.nba.com/cvp.html?GameID=0021201031&GameEventID=88,1,,Minnesota Timberwolves,Kirilenko REBOUND (Off:0 Def:1),3:47
http://stats.nba.com/cvp.html?GameID=0021201031&GameEventID=89,1,,Minnesota Timberwolves,Stiemsma OFF.Foul (P1),3:39
http://stats.nba.com/cvp.html?GameID=0021201031&GameEventID=90,1,,Minnesota Timberwolves,Stiemsma Foul Turnover (P1.T4),3:39
http://stats.nba.com/cvp.html?GameID=0021201031&GameEventID=91,1,,Phoenix Suns,MISS Tucker 3' Reverse Layup,3:24
http://stats.nba.com/cvp.html?GameID=0021201031&GameEventID=92,1,,Minnesota Timberwolves,Kirilenko REBOUND (Off:0 Def:2),3:21
http://stats.nba.com/cvp.html?GameID=0021201031&GameEventID=93,1,,Minnesota Timberwolves,MISS Stiemsma 19' Jump Shot,3:13
http://stats.nba.com/cvp.html?GameID=0021201031&GameEventID=94,1,,Phoenix Suns,Dragic REBOUND (Off:0 Def:1),3:11
http://stats.nba.com/cvp.html?GameID=0021201031&GameEventID=95,1,,Phoenix Suns,MISS W. Johnson 24' 3PT Jump Shot,2:54
http://stats.nba.com/cvp.html?GameID=0021201031&GameEventID=96,1,,Minnesota Timberwolves,Rubio REBOUND (Off:0 Def:1),2:52
http://stats.nba.com/cvp.html?GameID=0021201031&GameEventID=97,1,,Minnesota Timberwolves,MISS Williams 2' Layup,2:48
http://stats.nba.com/cvp.html?GameID=0021201031&GameEventID=98,1,,Phoenix Suns,Dragic REBOUND (Off:0 Def:2),2:45
http://stats.nba.com/cvp.html?GameID=0021201031&GameEventID=99,1,,Phoenix Suns,MISS Tucker 2' Layup,2:38
http://stats.nba.com/cvp.html?GameID=0021201031&GameEventID=99,1,,Minnesota Timberwolves,Stiemsma BLOCK (1 BLK),2:38
http://stats.nba.com/cvp.html?GameID=0021201031&GameEventID=100,1,,Minnesota Timberwolves,Ridnour REBOUND (Off:0 Def:1),2:36
http://stats.nba.com/cvp.html?GameID=0021201031&GameEventID=101,1,[ 25 - 14 ],Minnesota Timberwolves,Kirilenko 1' Layup (11 PTS) (Ridnour 2 AST),2:34
http://stats.nba.com/cvp.html?GameID=0021201031&GameEventID=102,1,,Phoenix Suns,MISS Dragic 17' Jump Shot,2:18
http://stats.nba.com/cvp.html?GameID=0021201031&GameEventID=103,1,,Minnesota Timberwolves,Timberwolves Rebound,2:14
http://stats.nba.com/cvp.html?GameID=0021201031&GameEventID=104,1,,Minnesota Timberwolves,Timberwolves Timeout: Regular (Reg.1 Short 0),2:14
http://stats.nba.com/cvp.html?GameID=0021201031&GameEventID=106,1,,Minnesota Timberwolves,SUB: Budinger FOR Kirilenko,2:14
http://stats.nba.com/cvp.html?GameID=0021201031&GameEventID=107,1,,Phoenix Suns,SUB: Morris FOR Tucker,2:14
http://stats.nba.com/cvp.html?GameID=0021201031&GameEventID=108,1,[ 27 - 14 ],Minnesota Timberwolves,Stiemsma 9' Jump Shot (2 PTS) (Ridnour 3 AST),1:50
http://stats.nba.com/cvp.html?GameID=0021201031&GameEventID=109,1,,Phoenix Suns,W. Johnson Bad Pass Turnover (P1.T3),1:29
http://stats.nba.com/cvp.html?GameID=0021201031&GameEventID=109,1,,Minnesota Timberwolves,Rubio STEAL (2 STL),1:29
http://stats.nba.com/cvp.html?GameID=0021201031&GameEventID=110,1,,Phoenix Suns,Morris P.FOUL (P1.PN),1:24
http://stats.nba.com/cvp.html?GameID=0021201031&GameEventID=111,1,[ 28 - 14 ],Minnesota Timberwolves,Williams Free Throw 1 of 2 (3 PTS),1:24
http://stats.nba.com/cvp.html?GameID=0021201031&GameEventID=113,1,,Phoenix Suns,SUB: Brown FOR W. Johnson,1:24
http://stats.nba.com/cvp.html?GameID=0021201031&GameEventID=114,1,,Minnesota Timberwolves,SUB: Barea FOR Ridnour,1:24
http://stats.nba.com/cvp.html?GameID=0021201031&GameEventID=115,1,[ 29 - 14 ],Minnesota Timberwolves,Williams Free Throw 2 of 2 (4 PTS),1:24
http://stats.nba.com/cvp.html?GameID=0021201031&GameEventID=117,1,[ 29 - 16 ],Phoenix Suns,Beasley 11' Jump Shot (2 PTS) (Haddadi 1 AST),1:12
http://stats.nba.com/cvp.html?GameID=0021201031&GameEventID=118,1,,Minnesota Timberwolves,MISS Budinger 16' Jump Shot,0:55
http://stats.nba.com/cvp.html?GameID=0021201031&GameEventID=119,1,,Minnesota Timberwolves,Rubio REBOUND (Off:1 Def:1),0:53
http://stats.nba.com/cvp.html?GameID=0021201031&GameEventID=121,1,,Minnesota Timberwolves,MISS Rubio 10' Turnaround Jump Shot,0:35
http://stats.nba.com/cvp.html?GameID=0021201031&GameEventID=122,1,,Phoenix Suns,Haddadi REBOUND (Off:1 Def:3),0:32
http://stats.nba.com/cvp.html?GameID=0021201031&GameEventID=123,1,[ 29 - 18 ],Phoenix Suns,Beasley 2' Reverse Layup (4 PTS) (Dragic 3 AST),0:25
http://stats.nba.com/cvp.html?GameID=0021201031&GameEventID=124,1,[ 31 - 18 ],Minnesota Timberwolves,Barea 17' Jump Shot (2 PTS),0:04
http://stats.nba.com/cvp.html?GameID=0021201031&GameEventID=125,1,,Phoenix Suns,Dragic Bad Pass Turnover (P1.T4),0:00
http://stats.nba.com/cvp.html?GameID=0021201031&GameEventID=129,2,,Phoenix Suns,MISS Morris 19' Jump Shot,11:47
http://stats.nba.com/cvp.html?GameID=0021201031&GameEventID=130,2,,Minnesota Timberwolves,Stiemsma REBOUND (Off:0 Def:1),11:45
http://stats.nba.com/cvp.html?GameID=0021201031&GameEventID=131,2,[ 34 - 18 ],Minnesota Timberwolves,Budinger 26' 3PT Jump Shot (3 PTS) (Shved 1 AST),11:32
http://stats.nba.com/cvp.html?GameID=0021201031&GameEventID=132,2,,Phoenix Suns,MISS Brown 21' Jump Shot,11:19
http://stats.nba.com/cvp.html?GameID=0021201031&GameEventID=133,2,,Minnesota Timberwolves,Budinger REBOUND (Off:0 Def:1),11:17
http://stats.nba.com/cvp.html?GameID=0021201031&GameEventID=134,2,[ 36 - 18 ],Minnesota Timberwolves,Budinger 20' Jump Shot (5 PTS),11:08
http://stats.nba.com/cvp.html?GameID=0021201031&GameEventID=135,2,,Phoenix Suns,SUNS Timeout: Regular (Full 2 Short 0),11:00
http://stats.nba.com/cvp.html?GameID=0021201031&GameEventID=139,2,,Phoenix Suns,MISS Marshall 25' 3PT Jump Shot,10:54
http://stats.nba.com/cvp.html?GameID=0021201031&GameEventID=140,2,,Minnesota Timberwolves,Stiemsma REBOUND (Off:0 Def:2),10:52
http://stats.nba.com/cvp.html?GameID=0021201031&GameEventID=141,2,[ 38 - 18 ],Minnesota Timberwolves,Budinger 19' Jump Shot (7 PTS),10:38
http://stats.nba.com/cvp.html?GameID=0021201031&GameEventID=142,2,[ 38 - 20 ],Phoenix Suns,Brown 1' Alley Oop Dunk (2 PTS) (Marshall 1 AST),10:23
http://stats.nba.com/cvp.html?GameID=0021201031&GameEventID=143,2,,Minnesota Timberwolves,MISS Shved 25' 3PT Jump Shot,10:05
http://stats.nba.com/cvp.html?GameID=0021201031&GameEventID=144,2,,Phoenix Suns,Beasley REBOUND (Off:0 Def:1),10:03
http://stats.nba.com/cvp.html?GameID=0021201031&GameEventID=145,2,,Phoenix Suns,MISS Scola 3' Jump Shot,9:58
http://stats.nba.com/cvp.html?GameID=0021201031&GameEventID=145,2,,Minnesota Timberwolves,Stiemsma BLOCK (2 BLK),9:58
http://stats.nba.com/cvp.html?GameID=0021201031&GameEventID=147,2,,Phoenix Suns,Scola REBOUND (Off:1 Def:1),9:54
http://stats.nba.com/cvp.html?GameID=0021201031&GameEventID=146,2,,Phoenix Suns,MISS Scola 1' Layup,9:54
http://stats.nba.com/cvp.html?GameID=0021201031&GameEventID=149,2,,Phoenix Suns,Scola REBOUND (Off:2 Def:1),9:53
http://stats.nba.com/cvp.html?GameID=0021201031&GameEventID=148,2,[ 38 - 22 ],Phoenix Suns,Brown 1' Tip Shot (4 PTS),9:53
http://stats.nba.com/cvp.html?GameID=0021201031&GameEventID=150,2,,Phoenix Suns,Marshall P.FOUL (P1.T1),9:45
http://stats.nba.com/cvp.html?GameID=0021201031&GameEventID=151,2,[ 40 - 22 ],Minnesota Timberwolves,Shved 1' Driving Layup (2 PTS),9:36
http://stats.nba.com/cvp.html?GameID=0021201031&GameEventID=152,2,,Phoenix Suns,Morris Offensive Charge Foul (P2.T2),9:24
http://stats.nba.com/cvp.html?GameID=0021201031&GameEventID=153,2,,Phoenix Suns,Morris Foul Turnover (P1.T5),9:24
http://stats.nba.com/cvp.html?GameID=0021201031&GameEventID=154,2,,Phoenix Suns,Morris S.FOUL (P3.T3),9:16
http://stats.nba.com/cvp.html?GameID=0021201031&GameEventID=155,2,[ 41 - 22 ],Minnesota Timberwolves,Budinger Free Throw 1 of 2 (8 PTS),9:16
http://stats.nba.com/cvp.html?GameID=0021201031&GameEventID=157,2,,Minnesota Timberwolves,MISS Budinger Free Throw 2 of 2,9:16
http://stats.nba.com/cvp.html?GameID=0021201031&GameEventID=159,2,,Phoenix Suns,Scola REBOUND (Off:2 Def:2),9:14
http://stats.nba.com/cvp.html?GameID=0021201031&GameEventID=160,2,,Phoenix Suns,MISS Morris 26' 3PT Jump Shot,9:04
http://stats.nba.com/cvp.html?GameID=0021201031&GameEventID=161,2,,Minnesota Timberwolves,Shved REBOUND (Off:0 Def:1),9:02
http://stats.nba.com/cvp.html?GameID=0021201031&GameEventID=162,2,,Minnesota Timberwolves,MISS Cunningham 18' Jump Shot,8:51
http://stats.nba.com/cvp.html?GameID=0021201031&GameEventID=163,2,,Phoenix Suns,Scola REBOUND (Off:2 Def:3),8:50
http://stats.nba.com/cvp.html?GameID=0021201031&GameEventID=164,2,[ 41 - 24 ],Phoenix Suns,Scola 20' Jump Shot (6 PTS) (Morris 1 AST),8:31
http://stats.nba.com/cvp.html?GameID=0021201031&GameEventID=165,2,,Minnesota Timberwolves,MISS Budinger 25' 3PT Jump Shot,8:16
http://stats.nba.com/cvp.html?GameID=0021201031&GameEventID=166,2,,Phoenix Suns,Beasley REBOUND (Off:0 Def:2),8:14
http://stats.nba.com/cvp.html?GameID=0021201031&GameEventID=167,2,,Phoenix Suns,Brown Bad Pass Turnover (P1.T6),8:03
http://stats.nba.com/cvp.html?GameID=0021201031&GameEventID=167,2,,Minnesota Timberwolves,Cunningham STEAL (1 STL),8:03
http://stats.nba.com/cvp.html?GameID=0021201031&GameEventID=168,2,,Minnesota Timberwolves,MISS Barea 2' Driving Reverse Layup,7:55
http://stats.nba.com/cvp.html?GameID=0021201031&GameEventID=170,2,,Minnesota Timberwolves,Cunningham REBOUND (Off:1 Def:0),7:52
http://stats.nba.com/cvp.html?GameID=0021201031&GameEventID=169,2,[ 43 - 24 ],Minnesota Timberwolves,Cunningham 2' Tip Shot (2 PTS),7:52
http://stats.nba.com/cvp.html?GameID=0021201031&GameEventID=171,2,,Phoenix Suns,Beasley Bad Pass Turnover (P1.T7),7:45
http://stats.nba.com/cvp.html?GameID=0021201031&GameEventID=172,2,[ 46 - 24 ],Minnesota Timberwolves,Barea 25' 3PT Jump Shot (5 PTS) (Shved 2 AST),7:31
http://stats.nba.com/cvp.html?GameID=0021201031&GameEventID=173,2,,Phoenix Suns,SUNS Timeout: Short (Full 2 Short 1),7:21
http://stats.nba.com/cvp.html?GameID=0021201031&GameEventID=176,2,,Phoenix Suns,SUB: Dragic FOR Brown,7:21
http://stats.nba.com/cvp.html?GameID=0021201031&GameEventID=177,2,,Phoenix Suns,SUB: Garrett FOR Marshall,7:21
http://stats.nba.com/cvp.html?GameID=0021201031&GameEventID=178,2,[ 46 - 27 ],Phoenix Suns,Beasley  3PT Jump Shot (7 PTS) (Scola 1 AST),7:06
http://stats.nba.com/cvp.html?GameID=0021201031&GameEventID=179,2,[ 48 - 27 ],Minnesota Timberwolves,Stiemsma 19' Jump Shot (4 PTS) (Shved 3 AST),6:48
http://stats.nba.com/cvp.html?GameID=0021201031&GameEventID=180,2,,Phoenix Suns,Morris Bad Pass Turnover (P2.T8),6:32
http://stats.nba.com/cvp.html?GameID=0021201031&GameEventID=180,2,,Minnesota Timberwolves,Shved STEAL (1 STL),6:32
http://stats.nba.com/cvp.html?GameID=0021201031&GameEventID=181,2,,Minnesota Timberwolves,MISS Cunningham 9' Turnaround Jump Shot,6:29
http://stats.nba.com/cvp.html?GameID=0021201031&GameEventID=182,2,,Phoenix Suns,Dragic REBOUND (Off:0 Def:3),6:29
http://stats.nba.com/cvp.html?GameID=0021201031&GameEventID=183,2,,Phoenix Suns,Dragic Bad Pass Turnover (P2.T9),6:29
http://stats.nba.com/cvp.html?GameID=0021201031&GameEventID=184,2,,Phoenix Suns,SUB: W. Johnson FOR Morris,6:29
http://stats.nba.com/cvp.html?GameID=0021201031&GameEventID=185,2,[ 50 - 27 ],Minnesota Timberwolves,Stiemsma 2' Layup (6 PTS) (Barea 1 AST),6:17
http://stats.nba.com/cvp.html?GameID=0021201031&GameEventID=186,2,,Phoenix Suns,Scola S.FOUL (P3.T4),6:17
http://stats.nba.com/cvp.html?GameID=0021201031&GameEventID=187,2,,Minnesota Timberwolves,MISS Stiemsma Free Throw 1 of 1,6:17
http://stats.nba.com/cvp.html?GameID=0021201031&GameEventID=189,2,,Phoenix Suns,Scola REBOUND (Off:2 Def:4),6:15
http://stats.nba.com/cvp.html?GameID=0021201031&GameEventID=190,2,,Phoenix Suns,MISS Beasley 2' Layup,5:59
http://stats.nba.com/cvp.html?GameID=0021201031&GameEventID=192,2,,Phoenix Suns,Scola REBOUND (Off:3 Def:4),5:57
http://stats.nba.com/cvp.html?GameID=0021201031&GameEventID=191,2,[ 50 - 29 ],Phoenix Suns,Scola  Putback Dunk (8 PTS),5:57
http://stats.nba.com/cvp.html?GameID=0021201031&GameEventID=193,2,[ 52 - 29 ],Minnesota Timberwolves,Stiemsma 11' Jump Shot (8 PTS) (Barea 2 AST),5:45
http://stats.nba.com/cvp.html?GameID=0021201031&GameEventID=194,2,[ 52 - 31 ],Phoenix Suns,Scola 16' Jump Shot (10 PTS) (Dragic 4 AST),5:33
http://stats.nba.com/cvp.html?GameID=0021201031&GameEventID=195,2,,Minnesota Timberwolves,MISS Barea 25' 3PT Jump Shot,5:16
http://stats.nba.com/cvp.html?GameID=0021201031&GameEventID=196,2,,Phoenix Suns,Beasley REBOUND (Off:0 Def:3),5:14
http://stats.nba.com/cvp.html?GameID=0021201031&GameEventID=197,2,[ 52 - 33 ],Phoenix Suns,Dragic 1' Layup (4 PTS) (W. Johnson 2 AST),5:04
http://stats.nba.com/cvp.html?GameID=0021201031&GameEventID=198,2,,Minnesota Timberwolves,Budinger S.FOUL (P1.T1),5:04
http://stats.nba.com/cvp.html?GameID=0021201031&GameEventID=199,2,,Minnesota Timberwolves,Stiemsma T.FOUL (P1.T1),5:04
http://stats.nba.com/cvp.html?GameID=0021201031&GameEventID=202,2,,Minnesota Timberwolves,SUB: Rubio FOR Stiemsma,5:04
http://stats.nba.com/cvp.html?GameID=0021201031&GameEventID=203,2,,Minnesota Timberwolves,SUB: Ridnour FOR Barea,5:04
http://stats.nba.com/cvp.html?GameID=0021201031&GameEventID=204,2,,Minnesota Timberwolves,SUB: Pekovic FOR Shved,5:04
http://stats.nba.com/cvp.html?GameID=0021201031&GameEventID=205,2,,Phoenix Suns,SUB: Morris FOR Scola,5:04
http://stats.nba.com/cvp.html?GameID=0021201031&GameEventID=206,2,[ 52 - 34 ],Phoenix Suns,Dragic Free Throw Technical (5 PTS),5:04
http://stats.nba.com/cvp.html?GameID=0021201031&GameEventID=208,2,,Phoenix Suns,MISS Dragic Free Throw 1 of 1,5:04
http://stats.nba.com/cvp.html?GameID=0021201031&GameEventID=210,2,,Minnesota Timberwolves,Pekovic REBOUND (Off:0 Def:1),5:03
http://stats.nba.com/cvp.html?GameID=0021201031&GameEventID=211,2,[ 54 - 34 ],Minnesota Timberwolves,Cunningham 17' Jump Shot (4 PTS) (Ridnour 4 AST),4:40
http://stats.nba.com/cvp.html?GameID=0021201031&GameEventID=212,2,,Phoenix Suns,MISS Beasley 25' 3PT Jump Shot,4:14
http://stats.nba.com/cvp.html?GameID=0021201031&GameEventID=213,2,,Phoenix Suns,Morris REBOUND (Off:1 Def:0),4:12
http://stats.nba.com/cvp.html?GameID=0021201031&GameEventID=214,2,,Phoenix Suns,W. Johnson Bad Pass Turnover (P2.T10),4:00
http://stats.nba.com/cvp.html?GameID=0021201031&GameEventID=214,2,,Minnesota Timberwolves,Pekovic STEAL (1 STL),4:00
http://stats.nba.com/cvp.html?GameID=0021201031&GameEventID=215,2,,Phoenix Suns,Beasley BLOCK (1 BLK),3:56
http://stats.nba.com/cvp.html?GameID=0021201031&GameEventID=215,2,,Minnesota Timberwolves,MISS Ridnour 2' Layup,3:56
http://stats.nba.com/cvp.html?GameID=0021201031&GameEventID=217,2,,Minnesota Timberwolves,Pekovic REBOUND (Off:1 Def:1),3:52
http://stats.nba.com/cvp.html?GameID=0021201031&GameEventID=216,2,[ 56 - 34 ],Minnesota Timberwolves,Pekovic  Layup (8 PTS),3:52
http://stats.nba.com/cvp.html?GameID=0021201031&GameEventID=218,2,,Phoenix Suns,MISS W. Johnson 24' 3PT Jump Shot,3:46
http://stats.nba.com/cvp.html?GameID=0021201031&GameEventID=219,2,,Minnesota Timberwolves,Rubio REBOUND (Off:1 Def:2),3:44
http://stats.nba.com/cvp.html?GameID=0021201031&GameEventID=220,2,,Phoenix Suns,Garrett S.FOUL (P1.PN),3:40
http://stats.nba.com/cvp.html?GameID=0021201031&GameEventID=221,2,[ 57 - 34 ],Minnesota Timberwolves,Rubio Free Throw 1 of 2 (3 PTS),3:40
http://stats.nba.com/cvp.html?GameID=0021201031&GameEventID=223,2,,Phoenix Suns,SUB: Haddadi FOR Beasley,3:40
http://stats.nba.com/cvp.html?GameID=0021201031&GameEventID=224,2,,Minnesota Timberwolves,SUB: Kirilenko FOR Budinger,3:40
http://stats.nba.com/cvp.html?GameID=0021201031&GameEventID=225,2,[ 58 - 34 ],Minnesota Timberwolves,Rubio Free Throw 2 of 2 (4 PTS),3:40
http://stats.nba.com/cvp.html?GameID=0021201031&GameEventID=227,2,,Phoenix Suns,MISS Garrett 24' 3PT Jump Shot,3:28
http://stats.nba.com/cvp.html?GameID=0021201031&GameEventID=228,2,,Minnesota Timberwolves,Rubio REBOUND (Off:1 Def:3),3:26
http://stats.nba.com/cvp.html?GameID=0021201031&GameEventID=229,2,[ 60 - 34 ],Minnesota Timberwolves,Pekovic 1' Layup (10 PTS) (Cunningham 1 AST),3:21
http://stats.nba.com/cvp.html?GameID=0021201031&GameEventID=230,2,[ 60 - 36 ],Phoenix Suns,Garrett 8' Jump Shot (2 PTS) (Dragic 5 AST),3:13
http://stats.nba.com/cvp.html?GameID=0021201031&GameEventID=231,2,,Minnesota Timberwolves,MISS Pekovic 9' Turnaround Jump Shot,2:50
http://stats.nba.com/cvp.html?GameID=0021201031&GameEventID=232,2,,Phoenix Suns,W. Johnson REBOUND (Off:0 Def:1),2:48
http://stats.nba.com/cvp.html?GameID=0021201031&GameEventID=233,2,,Phoenix Suns,MISS Garrett 22' Jump Shot,2:39
http://stats.nba.com/cvp.html?GameID=0021201031&GameEventID=234,2,,Minnesota Timberwolves,Kirilenko REBOUND (Off:0 Def:3),2:37
http://stats.nba.com/cvp.html?GameID=0021201031&GameEventID=235,2,,Phoenix Suns,Haddadi S.FOUL (P3.PN),2:22
http://stats.nba.com/cvp.html?GameID=0021201031&GameEventID=236,2,,Minnesota Timberwolves,Timberwolves Timeout: Regular (Reg.2 Short 0),2:22
http://stats.nba.com/cvp.html?GameID=0021201031&GameEventID=239,2,,Phoenix Suns,SUB: Tucker FOR Garrett,2:22
http://stats.nba.com/cvp.html?GameID=0021201031&GameEventID=240,2,,Minnesota Timberwolves,MISS Pekovic Free Throw 1 of 2,2:22
http://stats.nba.com/cvp.html?GameID=0021201031&GameEventID=241,2,,Minnesota Timberwolves,Timberwolves Rebound,2:22
http://stats.nba.com/cvp.html?GameID=0021201031&GameEventID=242,2,,Minnesota Timberwolves,MISS Pekovic Free Throw 2 of 2,2:22
http://stats.nba.com/cvp.html?GameID=0021201031&GameEventID=244,2,,Minnesota Timberwolves,Kirilenko REBOUND (Off:1 Def:3),2:21
http://stats.nba.com/cvp.html?GameID=0021201031&GameEventID=245,2,,Minnesota Timberwolves,MISS Ridnour 25' 3PT Jump Shot,2:07
http://stats.nba.com/cvp.html?GameID=0021201031&GameEventID=246,2,,Phoenix Suns,Haddadi REBOUND (Off:1 Def:4),2:05
http://stats.nba.com/cvp.html?GameID=0021201031&GameEventID=247,2,,Phoenix Suns,Haddadi Bad Pass Turnover (P3.T11),2:04
http://stats.nba.com/cvp.html?GameID=0021201031&GameEventID=247,2,,Minnesota Timberwolves,Rubio STEAL (3 STL),2:04
http://stats.nba.com/cvp.html?GameID=0021201031&GameEventID=248,2,,Phoenix Suns,Morris S.FOUL (P3.PN),2:03
http://stats.nba.com/cvp.html?GameID=0021201031&GameEventID=249,2,,Minnesota Timberwolves,MISS Pekovic Free Throw 1 of 2,2:03
http://stats.nba.com/cvp.html?GameID=0021201031&GameEventID=250,2,,Minnesota Timberwolves,Timberwolves Rebound,2:03
http://stats.nba.com/cvp.html?GameID=0021201031&GameEventID=251,2,,Phoenix Suns,SUB: Morris FOR Morris,2:03
http://stats.nba.com/cvp.html?GameID=0021201031&GameEventID=252,2,[ 61 - 36 ],Minnesota Timberwolves,Pekovic Free Throw 2 of 2 (11 PTS),2:03
http://stats.nba.com/cvp.html?GameID=0021201031&GameEventID=254,2,,Minnesota Timberwolves,Rubio P.FOUL (P2.T2),1:48
http://stats.nba.com/cvp.html?GameID=0021201031&GameEventID=255,2,,Phoenix Suns,MISS W. Johnson 2' Layup,1:37
http://stats.nba.com/cvp.html?GameID=0021201031&GameEventID=256,2,,Minnesota Timberwolves,Cunningham REBOUND (Off:1 Def:1),1:35
http://stats.nba.com/cvp.html?GameID=0021201031&GameEventID=257,2,,Phoenix Suns,Dragic S.FOUL (P1.PN),1:29
http://stats.nba.com/cvp.html?GameID=0021201031&GameEventID=258,2,,Minnesota Timberwolves,MISS Rubio Free Throw 1 of 2,1:29
http://stats.nba.com/cvp.html?GameID=0021201031&GameEventID=259,2,,Minnesota Timberwolves,Timberwolves Rebound,1:29
http://stats.nba.com/cvp.html?GameID=0021201031&GameEventID=260,2,[ 62 - 36 ],Minnesota Timberwolves,Rubio Free Throw 2 of 2 (5 PTS),1:29
http://stats.nba.com/cvp.html?GameID=0021201031&GameEventID=262,2,[ 62 - 38 ],Phoenix Suns,Dragic 12' Turnaround Fadeaway (7 PTS),1:11
http://stats.nba.com/cvp.html?GameID=0021201031&GameEventID=263,2,[ 64 - 38 ],Minnesota Timberwolves,Ridnour 17' Jump Shot (6 PTS) (Rubio 5 AST),0:59
http://stats.nba.com/cvp.html?GameID=0021201031&GameEventID=264,2,,Minnesota Timberwolves,Pekovic S.FOUL (P3.PN),0:52
http://stats.nba.com/cvp.html?GameID=0021201031&GameEventID=265,2,,Phoenix Suns,MISS Dragic Free Throw 1 of 2,0:52
http://stats.nba.com/cvp.html?GameID=0021201031&GameEventID=266,2,,Phoenix Suns,SUNS Rebound,0:52
http://stats.nba.com/cvp.html?GameID=0021201031&GameEventID=267,2,,Minnesota Timberwolves,SUB: Stiemsma FOR Pekovic,0:52
http://stats.nba.com/cvp.html?GameID=0021201031&GameEventID=268,2,,Phoenix Suns,SUB: Brown FOR W. Johnson,0:52
http://stats.nba.com/cvp.html?GameID=0021201031&GameEventID=269,2,[ 64 - 39 ],Phoenix Suns,Dragic Free Throw 2 of 2 (8 PTS),0:52
http://stats.nba.com/cvp.html?GameID=0021201031&GameEventID=271,2,[ 66 - 39 ],Minnesota Timberwolves,Rubio 1' Driving Reverse Layup (7 PTS),0:34
http://stats.nba.com/cvp.html?GameID=0021201031&GameEventID=272,2,,Phoenix Suns,Haddadi S.FOUL (P4.PN),0:34
http://stats.nba.com/cvp.html?GameID=0021201031&GameEventID=274,2,[ 67 - 39 ],Minnesota Timberwolves,Rubio Free Throw 1 of 1 (8 PTS),0:34
http://stats.nba.com/cvp.html?GameID=0021201031&GameEventID=276,2,,Phoenix Suns,MISS Morris 25' 3PT Jump Shot,0:12
http://stats.nba.com/cvp.html?GameID=0021201031&GameEventID=277,2,,Minnesota Timberwolves,Kirilenko REBOUND (Off:1 Def:4),0:10
http://stats.nba.com/cvp.html?GameID=0021201031&GameEventID=278,2,,Minnesota Timberwolves,MISS Rubio 22' Jump Shot,0:02
http://stats.nba.com/cvp.html?GameID=0021201031&GameEventID=279,2,,Phoenix Suns,Haddadi REBOUND (Off:1 Def:5),0:01
http://stats.nba.com/cvp.html?GameID=0021201031&GameEventID=283,3,,Phoenix Suns,Dragic Bad Pass Turnover (P3.T12),11:52
http://stats.nba.com/cvp.html?GameID=0021201031&GameEventID=283,3,,Minnesota Timberwolves,Rubio STEAL (4 STL),11:52
http://stats.nba.com/cvp.html?GameID=0021201031&GameEventID=284,3,,Phoenix Suns,Dragic STEAL (1 STL),11:49
http://stats.nba.com/cvp.html?GameID=0021201031&GameEventID=284,3,,Minnesota Timberwolves,Rubio Lost Ball Turnover (P3.T5),11:49
http://stats.nba.com/cvp.html?GameID=0021201031&GameEventID=285,3,[ 67 - 41 ],Phoenix Suns,Scola 8' Hook Shot (12 PTS) (W. Johnson 3 AST),11:40
http://stats.nba.com/cvp.html?GameID=0021201031&GameEventID=286,3,[ 69 - 41 ],Minnesota Timberwolves,Kirilenko  Layup (13 PTS) (Rubio 6 AST),11:28
http://stats.nba.com/cvp.html?GameID=0021201031&GameEventID=287,3,,Phoenix Suns,Tucker S.FOUL (P1.T1),11:28
http://stats.nba.com/cvp.html?GameID=0021201031&GameEventID=288,3,[ 70 - 41 ],Minnesota Timberwolves,Kirilenko Free Throw 1 of 1 (14 PTS),11:28
http://stats.nba.com/cvp.html?GameID=0021201031&GameEventID=290,3,,Phoenix Suns,MISS W. Johnson 22' Jump Shot,11:12
http://stats.nba.com/cvp.html?GameID=0021201031&GameEventID=291,3,,Phoenix Suns,Dragic REBOUND (Off:1 Def:3),11:10
http://stats.nba.com/cvp.html?GameID=0021201031&GameEventID=292,3,[ 70 - 43 ],Phoenix Suns,W. Johnson 5' Jump Bank Shot (6 PTS),11:05
http://stats.nba.com/cvp.html?GameID=0021201031&GameEventID=293,3,,Minnesota Timberwolves,Pekovic S.FOUL (P4.T1),11:05
http://stats.nba.com/cvp.html?GameID=0021201031&GameEventID=294,3,[ 70 - 44 ],Phoenix Suns,W. Johnson Free Throw 1 of 1 (7 PTS),11:05
http://stats.nba.com/cvp.html?GameID=0021201031&GameEventID=296,3,,Minnesota Timberwolves,Williams Step Out of Bounds Turnover (P1.T6),10:52
http://stats.nba.com/cvp.html?GameID=0021201031&GameEventID=297,3,,Minnesota Timberwolves,SUB: Stiemsma FOR Pekovic,10:52
http://stats.nba.com/cvp.html?GameID=0021201031&GameEventID=298,3,,Phoenix Suns,MISS Morris 10' Turnaround Jump Shot,10:34
http://stats.nba.com/cvp.html?GameID=0021201031&GameEventID=299,3,,Phoenix Suns,SUNS Rebound,10:34
http://stats.nba.com/cvp.html?GameID=0021201031&GameEventID=300,3,,Minnesota Timberwolves,Rubio L.B.FOUL (P3.T2),10:34
http://stats.nba.com/cvp.html?GameID=0021201031&GameEventID=301,3,,Phoenix Suns,MISS Dragic 24' 3PT Jump Shot,10:25
http://stats.nba.com/cvp.html?GameID=0021201031&GameEventID=302,3,,Minnesota Timberwolves,Williams REBOUND (Off:0 Def:6),10:23
http://stats.nba.com/cvp.html?GameID=0021201031&GameEventID=303,3,,Minnesota Timberwolves,MISS Williams 25' 3PT Jump Shot,10:15
http://stats.nba.com/cvp.html?GameID=0021201031&GameEventID=304,3,,Minnesota Timberwolves,Stiemsma REBOUND (Off:1 Def:2),10:12
http://stats.nba.com/cvp.html?GameID=0021201031&GameEventID=305,3,,Phoenix Suns,Tucker STEAL (2 STL),10:10
http://stats.nba.com/cvp.html?GameID=0021201031&GameEventID=305,3,,Minnesota Timberwolves,Stiemsma Bad Pass Turnover (P2.T7),10:10
http://stats.nba.com/cvp.html?GameID=0021201031&GameEventID=306,3,[ 70 - 46 ],Phoenix Suns,Morris 1' Dunk (2 PTS) (Tucker 1 AST),10:07
http://stats.nba.com/cvp.html?GameID=0021201031&GameEventID=307,3,,Minnesota Timberwolves,MISS Stiemsma 3' Alley Oop Layup,9:45
http://stats.nba.com/cvp.html?GameID=0021201031&GameEventID=309,3,,Minnesota Timberwolves,Stiemsma REBOUND (Off:2 Def:2),9:43
http://stats.nba.com/cvp.html?GameID=0021201031&GameEventID=308,3,,Minnesota Timberwolves,MISS Stiemsma 3' Layup,9:43
http://stats.nba.com/cvp.html?GameID=0021201031&GameEventID=310,3,,Phoenix Suns,Morris REBOUND (Off:1 Def:1),9:41
http://stats.nba.com/cvp.html?GameID=0021201031&GameEventID=311,3,,Phoenix Suns,W. Johnson Offensive Charge Foul (P1.T2),9:38
http://stats.nba.com/cvp.html?GameID=0021201031&GameEventID=312,3,,Phoenix Suns,W. Johnson Foul Turnover (P3.T13),9:38
http://stats.nba.com/cvp.html?GameID=0021201031&GameEventID=313,3,,Minnesota Timberwolves,SUB: Cunningham FOR Williams,9:38
http://stats.nba.com/cvp.html?GameID=0021201031&GameEventID=314,3,,Minnesota Timberwolves,MISS Ridnour 21' Jump Shot,9:26
http://stats.nba.com/cvp.html?GameID=0021201031&GameEventID=315,3,,Phoenix Suns,Morris REBOUND (Off:1 Def:2),9:24
http://stats.nba.com/cvp.html?GameID=0021201031&GameEventID=316,3,,Phoenix Suns,MISS Morris  3PT Jump Shot,9:11
http://stats.nba.com/cvp.html?GameID=0021201031&GameEventID=317,3,,Phoenix Suns,Tucker REBOUND (Off:2 Def:1),9:09
http://stats.nba.com/cvp.html?GameID=0021201031&GameEventID=318,3,,Phoenix Suns,MISS Scola 5' Jump Bank Shot,9:01
http://stats.nba.com/cvp.html?GameID=0021201031&GameEventID=319,3,,Minnesota Timberwolves,Kirilenko REBOUND (Off:1 Def:5),8:59
http://stats.nba.com/cvp.html?GameID=0021201031&GameEventID=320,3,,Minnesota Timberwolves,Rubio Traveling Turnover (P4.T8),8:47
http://stats.nba.com/cvp.html?GameID=0021201031&GameEventID=321,3,,Phoenix Suns,MISS W. Johnson  3PT Jump Shot,8:36
http://stats.nba.com/cvp.html?GameID=0021201031&GameEventID=322,3,,Minnesota Timberwolves,Ridnour REBOUND (Off:0 Def:2),8:34
http://stats.nba.com/cvp.html?GameID=0021201031&GameEventID=323,3,[ 72 - 46 ],Minnesota Timberwolves,Ridnour 1' Driving Reverse Layup (8 PTS),8:27
http://stats.nba.com/cvp.html?GameID=0021201031&GameEventID=324,3,,Phoenix Suns,MISS Dragic 2' Driving Layup,8:16
http://stats.nba.com/cvp.html?GameID=0021201031&GameEventID=326,3,,Phoenix Suns,Morris REBOUND (Off:2 Def:2),8:13
http://stats.nba.com/cvp.html?GameID=0021201031&GameEventID=325,3,[ 72 - 48 ],Phoenix Suns,Morris 2' Tip Shot (4 PTS),8:13
http://stats.nba.com/cvp.html?GameID=0021201031&GameEventID=327,3,,Phoenix Suns,Tucker S.FOUL (P2.T3),8:01
http://stats.nba.com/cvp.html?GameID=0021201031&GameEventID=328,3,,Minnesota Timberwolves,MISS Kirilenko Free Throw 1 of 2,8:01
http://stats.nba.com/cvp.html?GameID=0021201031&GameEventID=329,3,,Minnesota Timberwolves,Timberwolves Rebound,8:01
http://stats.nba.com/cvp.html?GameID=0021201031&GameEventID=330,3,[ 73 - 48 ],Minnesota Timberwolves,Kirilenko Free Throw 2 of 2 (15 PTS),8:01
http://stats.nba.com/cvp.html?GameID=0021201031&GameEventID=332,3,[ 73 - 50 ],Phoenix Suns,Tucker 7' Jump Shot (6 PTS) (Scola 2 AST),7:42
http://stats.nba.com/cvp.html?GameID=0021201031&GameEventID=333,3,[ 75 - 50 ],Minnesota Timberwolves,Kirilenko 1' Layup (17 PTS) (Ridnour 5 AST),7:19
http://stats.nba.com/cvp.html?GameID=0021201031&GameEventID=334,3,,Phoenix Suns,Scola S.FOUL (P4.T4),7:19
http://stats.nba.com/cvp.html?GameID=0021201031&GameEventID=335,3,[ 76 - 50 ],Minnesota Timberwolves,Kirilenko Free Throw 1 of 1 (18 PTS),7:19
http://stats.nba.com/cvp.html?GameID=0021201031&GameEventID=337,3,,Phoenix Suns,MISS W. Johnson 1' Reverse Layup,7:02
http://stats.nba.com/cvp.html?GameID=0021201031&GameEventID=338,3,,Minnesota Timberwolves,Timberwolves Rebound,7:02
http://stats.nba.com/cvp.html?GameID=0021201031&GameEventID=339,3,,Phoenix Suns,W. Johnson STEAL (1 STL),6:49
http://stats.nba.com/cvp.html?GameID=0021201031&GameEventID=339,3,,Minnesota Timberwolves,Kirilenko Bad Pass Turnover (P1.T9),6:49
http://stats.nba.com/cvp.html?GameID=0021201031&GameEventID=340,3,[ 76 - 53 ],Phoenix Suns,Dragic 24' 3PT Jump Shot (11 PTS) (W. Johnson 4 AST),6:41
http://stats.nba.com/cvp.html?GameID=0021201031&GameEventID=341,3,,Minnesota Timberwolves,MISS Ridnour 19' Jump Shot,6:25
http://stats.nba.com/cvp.html?GameID=0021201031&GameEventID=342,3,,Phoenix Suns,Tucker REBOUND (Off:2 Def:2),6:23
http://stats.nba.com/cvp.html?GameID=0021201031&GameEventID=343,3,[ 76 - 55 ],Phoenix Suns,Dragic 9' Turnaround Bank Shot (13 PTS),6:17
http://stats.nba.com/cvp.html?GameID=0021201031&GameEventID=344,3,,Phoenix Suns,Dragic S.FOUL (P2.PN),6:05
http://stats.nba.com/cvp.html?GameID=0021201031&GameEventID=345,3,[ 77 - 55 ],Minnesota Timberwolves,Rubio Free Throw 1 of 2 (9 PTS),6:05
http://stats.nba.com/cvp.html?GameID=0021201031&GameEventID=347,3,,Phoenix Suns,SUB: Marshall FOR W. Johnson,6:05
http://stats.nba.com/cvp.html?GameID=0021201031&GameEventID=348,3,[ 78 - 55 ],Minnesota Timberwolves,Rubio Free Throw 2 of 2 (10 PTS),6:05
http://stats.nba.com/cvp.html?GameID=0021201031&GameEventID=350,3,,Phoenix Suns,MISS Dragic 26' 3PT Jump Shot,5:54
http://stats.nba.com/cvp.html?GameID=0021201031&GameEventID=351,3,,Minnesota Timberwolves,Rubio REBOUND (Off:1 Def:4),5:52
http://stats.nba.com/cvp.html?GameID=0021201031&GameEventID=352,3,,Minnesota Timberwolves,MISS Rubio 2' Driving Layup,5:40
http://stats.nba.com/cvp.html?GameID=0021201031&GameEventID=353,3,,Phoenix Suns,Scola REBOUND (Off:3 Def:5),5:37
http://stats.nba.com/cvp.html?GameID=0021201031&GameEventID=354,3,[ 78 - 58 ],Phoenix Suns,Marshall 24' 3PT Jump Shot (3 PTS) (Dragic 6 AST),5:31
http://stats.nba.com/cvp.html?GameID=0021201031&GameEventID=355,3,[ 80 - 58 ],Minnesota Timberwolves,Cunningham 20' Jump Shot (6 PTS) (Kirilenko 1 AST),5:08
http://stats.nba.com/cvp.html?GameID=0021201031&GameEventID=356,3,[ 80 - 60 ],Phoenix Suns,Scola 12' Jump Shot (14 PTS) (Dragic 7 AST),4:43
http://stats.nba.com/cvp.html?GameID=0021201031&GameEventID=357,3,[ 82 - 60 ],Minnesota Timberwolves,Rubio 1' Driving Layup (12 PTS),4:29
http://stats.nba.com/cvp.html?GameID=0021201031&GameEventID=358,3,[ 82 - 63 ],Phoenix Suns,Morris 24' 3PT Jump Shot (7 PTS) (Dragic 8 AST),4:14
http://stats.nba.com/cvp.html?GameID=0021201031&GameEventID=359,3,,Minnesota Timberwolves,MISS Kirilenko 25' 3PT Jump Shot,3:45
http://stats.nba.com/cvp.html?GameID=0021201031&GameEventID=360,3,,Minnesota Timberwolves,Timberwolves Rebound,3:45
http://stats.nba.com/cvp.html?GameID=0021201031&GameEventID=361,3,,Minnesota Timberwolves,Timberwolves Turnover: Shot Clock (T#10),3:45
http://stats.nba.com/cvp.html?GameID=0021201031&GameEventID=362,3,,Phoenix Suns,SUNS Timeout: Regular (Full 3 Short 1),3:45
http://stats.nba.com/cvp.html?GameID=0021201031&GameEventID=366,3,,Phoenix Suns,Scola Lost Ball Turnover (P1.T14),3:27
http://stats.nba.com/cvp.html?GameID=0021201031&GameEventID=366,3,,Minnesota Timberwolves,Rubio STEAL (5 STL),3:27
http://stats.nba.com/cvp.html?GameID=0021201031&GameEventID=367,3,[ 84 - 63 ],Minnesota Timberwolves,Cunningham 16' Jump Shot (8 PTS) (Ridnour 6 AST),3:20
http://stats.nba.com/cvp.html?GameID=0021201031&GameEventID=368,3,,Minnesota Timberwolves,Stiemsma P.FOUL (P2.T3),3:05
http://stats.nba.com/cvp.html?GameID=0021201031&GameEventID=369,3,,Minnesota Timberwolves,SUB: Budinger FOR Kirilenko,3:05
http://stats.nba.com/cvp.html?GameID=0021201031&GameEventID=370,3,,Minnesota Timberwolves,SUB: Barea FOR Ridnour,3:05
http://stats.nba.com/cvp.html?GameID=0021201031&GameEventID=371,3,[ 84 - 65 ],Phoenix Suns,Tucker 1' Alley Oop Dunk (8 PTS) (Dragic 9 AST),3:00
http://stats.nba.com/cvp.html?GameID=0021201031&GameEventID=372,3,,Minnesota Timberwolves,MISS Budinger 17' Jump Shot,2:38
http://stats.nba.com/cvp.html?GameID=0021201031&GameEventID=373,3,,Minnesota Timberwolves,Rubio REBOUND (Off:2 Def:4),2:36
http://stats.nba.com/cvp.html?GameID=0021201031&GameEventID=374,3,[ 86 - 65 ],Minnesota Timberwolves,Budinger 14' Jump Shot (10 PTS) (Rubio 7 AST),2:30
http://stats.nba.com/cvp.html?GameID=0021201031&GameEventID=375,3,,Phoenix Suns,Dragic Bad Pass Turnover (P4.T15),2:17
http://stats.nba.com/cvp.html?GameID=0021201031&GameEventID=375,3,,Minnesota Timberwolves,Cunningham STEAL (2 STL),2:17
http://stats.nba.com/cvp.html?GameID=0021201031&GameEventID=376,3,,Phoenix Suns,Dragic L.B.FOUL (P3.PN),2:17
http://stats.nba.com/cvp.html?GameID=0021201031&GameEventID=379,3,,Phoenix Suns,SUB: Brown FOR Morris,2:17
http://stats.nba.com/cvp.html?GameID=0021201031&GameEventID=380,3,,Phoenix Suns,SUB: Beasley FOR Dragic,2:17
http://stats.nba.com/cvp.html?GameID=0021201031&GameEventID=381,3,[ 87 - 65 ],Minnesota Timberwolves,Cunningham Free Throw 1 of 2 (9 PTS),2:17
http://stats.nba.com/cvp.html?GameID=0021201031&GameEventID=383,3,[ 88 - 65 ],Minnesota Timberwolves,Cunningham Free Throw 2 of 2 (10 PTS),2:17
http://stats.nba.com/cvp.html?GameID=0021201031&GameEventID=385,3,,Phoenix Suns,MISS Tucker 1' Alley Oop Dunk,2:08
http://stats.nba.com/cvp.html?GameID=0021201031&GameEventID=386,3,,Minnesota Timberwolves,Budinger REBOUND (Off:0 Def:2),2:04
http://stats.nba.com/cvp.html?GameID=0021201031&GameEventID=387,3,,Minnesota Timberwolves,MISS Budinger 4' Jump Shot,1:50
http://stats.nba.com/cvp.html?GameID=0021201031&GameEventID=388,3,,Phoenix Suns,Scola REBOUND (Off:3 Def:6),1:49
http://stats.nba.com/cvp.html?GameID=0021201031&GameEventID=389,3,,Phoenix Suns,MISS Beasley 26' 3PT Jump Shot,1:40
http://stats.nba.com/cvp.html?GameID=0021201031&GameEventID=390,3,,Phoenix Suns,Tucker REBOUND (Off:3 Def:2),1:38
http://stats.nba.com/cvp.html?GameID=0021201031&GameEventID=391,3,,Phoenix Suns,MISS Brown 22' Jump Shot,1:35
http://stats.nba.com/cvp.html?GameID=0021201031&GameEventID=392,3,,Minnesota Timberwolves,Cunningham REBOUND (Off:1 Def:2),1:33
http://stats.nba.com/cvp.html?GameID=0021201031&GameEventID=393,3,[ 90 - 65 ],Minnesota Timberwolves,Cunningham 1' Layup (12 PTS) (Barea 3 AST),1:28
http://stats.nba.com/cvp.html?GameID=0021201031&GameEventID=394,3,[ 90 - 67 ],Phoenix Suns,Beasley 1' Layup (9 PTS) (Marshall 2 AST),1:14
http://stats.nba.com/cvp.html?GameID=0021201031&GameEventID=395,3,,Phoenix Suns,Beasley S.FOUL (P1.PN),1:03
http://stats.nba.com/cvp.html?GameID=0021201031&GameEventID=396,3,[ 91 - 67 ],Minnesota Timberwolves,Budinger Free Throw 1 of 2 (11 PTS),1:03
http://stats.nba.com/cvp.html?GameID=0021201031&GameEventID=398,3,,Phoenix Suns,SUB: Garrett FOR Scola,1:03
http://stats.nba.com/cvp.html?GameID=0021201031&GameEventID=399,3,,Minnesota Timberwolves,MISS Budinger Free Throw 2 of 2,1:03
http://stats.nba.com/cvp.html?GameID=0021201031&GameEventID=401,3,,Phoenix Suns,Beasley REBOUND (Off:0 Def:4),1:02
http://stats.nba.com/cvp.html?GameID=0021201031&GameEventID=402,3,[ 91 - 69 ],Phoenix Suns,Beasley 21' Jump Shot (11 PTS) (Marshall 3 AST),0:54
http://stats.nba.com/cvp.html?GameID=0021201031&GameEventID=403,3,[ 93 - 69 ],Minnesota Timberwolves,Cunningham 18' Jump Shot (14 PTS) (Rubio 8 AST),0:40
http://stats.nba.com/cvp.html?GameID=0021201031&GameEventID=404,3,,Phoenix Suns,MISS Garrett 24' 3PT Jump Shot,0:22
http://stats.nba.com/cvp.html?GameID=0021201031&GameEventID=405,3,,Minnesota Timberwolves,Barea REBOUND (Off:0 Def:1),0:20
http://stats.nba.com/cvp.html?GameID=0021201031&GameEventID=406,3,,Phoenix Suns,Brown BLOCK (1 BLK),0:01
http://stats.nba.com/cvp.html?GameID=0021201031&GameEventID=406,3,,Minnesota Timberwolves,MISS Barea 3' Jump Shot,0:01
http://stats.nba.com/cvp.html?GameID=0021201031&GameEventID=408,3,,Minnesota Timberwolves,Cunningham REBOUND (Off:2 Def:2),0:00
http://stats.nba.com/cvp.html?GameID=0021201031&GameEventID=407,3,[ 95 - 69 ],Minnesota Timberwolves,Cunningham 1' Layup (16 PTS),0:00
http://stats.nba.com/cvp.html?GameID=0021201031&GameEventID=412,4,,Minnesota Timberwolves,MISS Barea 11' Jump Shot,11:35
http://stats.nba.com/cvp.html?GameID=0021201031&GameEventID=413,4,,Phoenix Suns,Beasley REBOUND (Off:0 Def:5),11:33
http://stats.nba.com/cvp.html?GameID=0021201031&GameEventID=414,4,,Phoenix Suns,MISS Marshall 6' Running Bank Shot,11:26
http://stats.nba.com/cvp.html?GameID=0021201031&GameEventID=415,4,,Phoenix Suns,Garrett REBOUND (Off:1 Def:0),11:21
http://stats.nba.com/cvp.html?GameID=0021201031&GameEventID=416,4,,Phoenix Suns,MISS Brown 2' Reverse Layup,11:18
http://stats.nba.com/cvp.html?GameID=0021201031&GameEventID=416,4,,Minnesota Timberwolves,Stiemsma BLOCK (3 BLK),11:18
http://stats.nba.com/cvp.html?GameID=0021201031&GameEventID=417,4,,Minnesota Timberwolves,Cunningham REBOUND (Off:2 Def:3),11:16
http://stats.nba.com/cvp.html?GameID=0021201031&GameEventID=418,4,,Minnesota Timberwolves,MISS Budinger 24' 3PT Jump Shot,10:59
http://stats.nba.com/cvp.html?GameID=0021201031&GameEventID=419,4,,Phoenix Suns,Marshall REBOUND (Off:0 Def:1),10:58
http://stats.nba.com/cvp.html?GameID=0021201031&GameEventID=420,4,,Minnesota Timberwolves,Ridnour P.FOUL (P1.T1),10:57
http://stats.nba.com/cvp.html?GameID=0021201031&GameEventID=421,4,,Phoenix Suns,MISS Beasley 16' Jump Shot,10:51
http://stats.nba.com/cvp.html?GameID=0021201031&GameEventID=422,4,,Minnesota Timberwolves,Cunningham REBOUND (Off:2 Def:4),10:49
http://stats.nba.com/cvp.html?GameID=0021201031&GameEventID=423,4,,Minnesota Timberwolves,MISS Cunningham 7' Running Bank Shot,10:29
http://stats.nba.com/cvp.html?GameID=0021201031&GameEventID=424,4,,Phoenix Suns,Brown REBOUND (Off:0 Def:1),10:26
http://stats.nba.com/cvp.html?GameID=0021201031&GameEventID=425,4,,Phoenix Suns,Garrett Lost Ball Turnover (P1.T16),10:22
http://stats.nba.com/cvp.html?GameID=0021201031&GameEventID=425,4,,Minnesota Timberwolves,Budinger STEAL (1 STL),10:22
http://stats.nba.com/cvp.html?GameID=0021201031&GameEventID=426,4,,Minnesota Timberwolves,MISS Barea 27' 3PT Jump Shot,10:03
http://stats.nba.com/cvp.html?GameID=0021201031&GameEventID=427,4,,Minnesota Timberwolves,Stiemsma REBOUND (Off:3 Def:2),10:01
http://stats.nba.com/cvp.html?GameID=0021201031&GameEventID=428,4,,Phoenix Suns,Brown P.FOUL (P1.T1),10:01
http://stats.nba.com/cvp.html?GameID=0021201031&GameEventID=429,4,,Minnesota Timberwolves,SUB: Kirilenko FOR Budinger,10:01
http://stats.nba.com/cvp.html?GameID=0021201031&GameEventID=430,4,,Phoenix Suns,Brown S.FOUL (P2.T2),9:53
http://stats.nba.com/cvp.html?GameID=0021201031&GameEventID=431,4,[ 96 - 69 ],Minnesota Timberwolves,Kirilenko Free Throw 1 of 3 (19 PTS),9:53
http://stats.nba.com/cvp.html?GameID=0021201031&GameEventID=433,4,[ 97 - 69 ],Minnesota Timberwolves,Kirilenko Free Throw 2 of 3 (20 PTS),9:53
http://stats.nba.com/cvp.html?GameID=0021201031&GameEventID=435,4,,Minnesota Timberwolves,SUB: Pekovic FOR Stiemsma,9:53
http://stats.nba.com/cvp.html?GameID=0021201031&GameEventID=436,4,,Minnesota Timberwolves,MISS Kirilenko Free Throw 3 of 3,9:53
http://stats.nba.com/cvp.html?GameID=0021201031&GameEventID=438,4,,Phoenix Suns,Marshall REBOUND (Off:0 Def:2),9:53
http://stats.nba.com/cvp.html?GameID=0021201031&GameEventID=439,4,,Phoenix Suns,MISS Morris 25' 3PT Jump Shot,9:47
http://stats.nba.com/cvp.html?GameID=0021201031&GameEventID=440,4,,Phoenix Suns,SUNS Rebound,9:45
http://stats.nba.com/cvp.html?GameID=0021201031&GameEventID=441,4,,Minnesota Timberwolves,Pekovic S.FOUL (P5.T2),9:39
http://stats.nba.com/cvp.html?GameID=0021201031&GameEventID=442,4,,Phoenix Suns,MISS Morris Free Throw 1 of 2,9:39
http://stats.nba.com/cvp.html?GameID=0021201031&GameEventID=443,4,,Phoenix Suns,SUNS Rebound,9:39
http://stats.nba.com/cvp.html?GameID=0021201031&GameEventID=444,4,,Phoenix Suns,SUB: Scola FOR Garrett,9:39
http://stats.nba.com/cvp.html?GameID=0021201031&GameEventID=445,4,,Minnesota Timberwolves,SUB: Stiemsma FOR Pekovic,9:39
http://stats.nba.com/cvp.html?GameID=0021201031&GameEventID=446,4,,Phoenix Suns,MISS Morris Free Throw 2 of 2,9:39
http://stats.nba.com/cvp.html?GameID=0021201031&GameEventID=448,4,,Minnesota Timberwolves,Kirilenko REBOUND (Off:1 Def:6),9:37
http://stats.nba.com/cvp.html?GameID=0021201031&GameEventID=449,4,[ 99 - 69 ],Minnesota Timberwolves,Stiemsma 1' Dunk (10 PTS) (Ridnour 7 AST),9:19
http://stats.nba.com/cvp.html?GameID=0021201031&GameEventID=450,4,,Phoenix Suns,MISS Marshall 25' 3PT Jump Shot,8:57
http://stats.nba.com/cvp.html?GameID=0021201031&GameEventID=451,4,,Minnesota Timberwolves,Cunningham REBOUND (Off:2 Def:5),8:55
http://stats.nba.com/cvp.html?GameID=0021201031&GameEventID=452,4,[ 101 - 69 ],Minnesota Timberwolves,Ridnour 11' Floating Jump Shot (10 PTS),8:44
http://stats.nba.com/cvp.html?GameID=0021201031&GameEventID=453,4,,Phoenix Suns,SUNS Timeout: Regular (Full 4 Short 1),8:38
http://stats.nba.com/cvp.html?GameID=0021201031&GameEventID=456,4,,Phoenix Suns,SUB: Dragic FOR Beasley,8:38
http://stats.nba.com/cvp.html?GameID=0021201031&GameEventID=457,4,,Phoenix Suns,SUB: Tucker FOR Marshall,8:38
http://stats.nba.com/cvp.html?GameID=0021201031&GameEventID=458,4,[ 101 - 71 ],Phoenix Suns,Morris 11' Running Jump Shot (2 PTS),8:18
http://stats.nba.com/cvp.html?GameID=0021201031&GameEventID=459,4,,Minnesota Timberwolves,MISS Kirilenko 26' 3PT Jump Shot,7:58
http://stats.nba.com/cvp.html?GameID=0021201031&GameEventID=460,4,,Phoenix Suns,Scola REBOUND (Off:3 Def:7),7:56
http://stats.nba.com/cvp.html?GameID=0021201031&GameEventID=461,4,,Minnesota Timberwolves,Ridnour S.FOUL (P2.T3),7:44
http://stats.nba.com/cvp.html?GameID=0021201031&GameEventID=462,4,[ 101 - 72 ],Phoenix Suns,Scola Free Throw 1 of 2 (15 PTS),7:44
http://stats.nba.com/cvp.html?GameID=0021201031&GameEventID=464,4,[ 101 - 73 ],Phoenix Suns,Scola Free Throw 2 of 2 (16 PTS),7:44
http://stats.nba.com/cvp.html?GameID=0021201031&GameEventID=466,4,,Phoenix Suns,Morris P.FOUL (P4.T3),7:33
http://stats.nba.com/cvp.html?GameID=0021201031&GameEventID=467,4,,Phoenix Suns,Tucker S.FOUL (P3.T4),7:21
http://stats.nba.com/cvp.html?GameID=0021201031&GameEventID=468,4,[ 102 - 73 ],Minnesota Timberwolves,Ridnour Free Throw 1 of 2 (11 PTS),7:21
http://stats.nba.com/cvp.html?GameID=0021201031&GameEventID=470,4,,Minnesota Timberwolves,SUB: Budinger FOR Kirilenko,7:21
http://stats.nba.com/cvp.html?GameID=0021201031&GameEventID=471,4,[ 103 - 73 ],Minnesota Timberwolves,Ridnour Free Throw 2 of 2 (12 PTS),7:21
http://stats.nba.com/cvp.html?GameID=0021201031&GameEventID=473,4,,Phoenix Suns,MISS Dragic 10' Jump Shot,7:10
http://stats.nba.com/cvp.html?GameID=0021201031&GameEventID=480,4,,Phoenix Suns,Brown REBOUND (Off:1 Def:1),7:10
http://stats.nba.com/cvp.html?GameID=0021201031&GameEventID=483,4,,Phoenix Suns,MISS Brown 1' Tip Shot,7:10
http://stats.nba.com/cvp.html?GameID=0021201031&GameEventID=475,4,,Phoenix Suns,Scola REBOUND (Off:4 Def:7),7:10
http://stats.nba.com/cvp.html?GameID=0021201031&GameEventID=474,4,,Phoenix Suns,MISS Scola 2' Layup,7:10
http://stats.nba.com/cvp.html?GameID=0021201031&GameEventID=476,4,,Minnesota Timberwolves,Stiemsma REBOUND (Off:3 Def:3),7:04
http://stats.nba.com/cvp.html?GameID=0021201031&GameEventID=477,4,,Phoenix Suns,Scola STEAL (1 STL),6:56
http://stats.nba.com/cvp.html?GameID=0021201031&GameEventID=477,4,,Minnesota Timberwolves,Stiemsma Lost Ball Turnover (P3.T11),6:56
http://stats.nba.com/cvp.html?GameID=0021201031&GameEventID=478,4,[ 103 - 75 ],Phoenix Suns,Tucker  Layup (10 PTS) (Dragic 10 AST),6:52
http://stats.nba.com/cvp.html?GameID=0021201031&GameEventID=479,4,,Phoenix Suns,Scola P.FOUL (P5.PN),6:36
http://stats.nba.com/cvp.html?GameID=0021201031&GameEventID=481,4,[ 104 - 75 ],Minnesota Timberwolves,Stiemsma Free Throw 1 of 2 (11 PTS),6:36
http://stats.nba.com/cvp.html?GameID=0021201031&GameEventID=484,4,,Minnesota Timberwolves,SUB: Gelabale FOR Budinger,6:36
http://stats.nba.com/cvp.html?GameID=0021201031&GameEventID=485,4,,Minnesota Timberwolves,SUB: Shved FOR Ridnour,6:36
http://stats.nba.com/cvp.html?GameID=0021201031&GameEventID=486,4,[ 105 - 75 ],Minnesota Timberwolves,Stiemsma Free Throw 2 of 2 (12 PTS),6:36
http://stats.nba.com/cvp.html?GameID=0021201031&GameEventID=488,4,,Phoenix Suns,MISS Scola 15' Jump Shot,6:18
http://stats.nba.com/cvp.html?GameID=0021201031&GameEventID=489,4,,Minnesota Timberwolves,Gelabale REBOUND (Off:0 Def:1),6:16
http://stats.nba.com/cvp.html?GameID=0021201031&GameEventID=490,4,,Minnesota Timberwolves,MISS Gelabale 8' Turnaround Jump Shot,6:00
http://stats.nba.com/cvp.html?GameID=0021201031&GameEventID=491,4,,Phoenix Suns,Scola REBOUND (Off:4 Def:8),5:58
http://stats.nba.com/cvp.html?GameID=0021201031&GameEventID=492,4,,Minnesota Timberwolves,Stiemsma S.FOUL (P3.T4),5:55
http://stats.nba.com/cvp.html?GameID=0021201031&GameEventID=496,4,,Phoenix Suns,MISS Morris Free Throw 1 of 2,5:55
http://stats.nba.com/cvp.html?GameID=0021201031&GameEventID=497,4,,Phoenix Suns,SUNS Rebound,5:55
http://stats.nba.com/cvp.html?GameID=0021201031&GameEventID=498,4,,Phoenix Suns,MISS Morris Free Throw 2 of 2,5:55
http://stats.nba.com/cvp.html?GameID=0021201031&GameEventID=500,4,,Minnesota Timberwolves,Cunningham REBOUND (Off:2 Def:6),5:54
http://stats.nba.com/cvp.html?GameID=0021201031&GameEventID=501,4,,Minnesota Timberwolves,Barea Bad Pass Turnover (P1.T12),5:39
http://stats.nba.com/cvp.html?GameID=0021201031&GameEventID=502,4,,Phoenix Suns,MISS Morris 25' 3PT Step Back Jump Shot,5:24
http://stats.nba.com/cvp.html?GameID=0021201031&GameEventID=503,4,,Phoenix Suns,SUNS Rebound,5:24
http://stats.nba.com/cvp.html?GameID=0021201031&GameEventID=504,4,,Minnesota Timberwolves,Gelabale L.B.FOUL (P1.PN),5:24
http://stats.nba.com/cvp.html?GameID=0021201031&GameEventID=505,4,[ 105 - 76 ],Phoenix Suns,Scola Free Throw 1 of 2 (17 PTS),5:24
http://stats.nba.com/cvp.html?GameID=0021201031&GameEventID=507,4,,Phoenix Suns,MISS Scola Free Throw 2 of 2,5:24
http://stats.nba.com/cvp.html?GameID=0021201031&GameEventID=509,4,,Minnesota Timberwolves,Stiemsma REBOUND (Off:3 Def:4),5:22
http://stats.nba.com/cvp.html?GameID=0021201031&GameEventID=510,4,,Minnesota Timberwolves,MISS Shved 21' Jump Shot,5:02
http://stats.nba.com/cvp.html?GameID=0021201031&GameEventID=511,4,,Phoenix Suns,Tucker REBOUND (Off:3 Def:3),5:00
http://stats.nba.com/cvp.html?GameID=0021201031&GameEventID=512,4,,Phoenix Suns,MISS Morris 24' 3PT Jump Shot,4:47
http://stats.nba.com/cvp.html?GameID=0021201031&GameEventID=513,4,,Minnesota Timberwolves,Gelabale REBOUND (Off:0 Def:2),4:45
http://stats.nba.com/cvp.html?GameID=0021201031&GameEventID=514,4,[ 107 - 76 ],Minnesota Timberwolves,Cunningham 20' Jump Shot (18 PTS) (Barea 4 AST),4:34
http://stats.nba.com/cvp.html?GameID=0021201031&GameEventID=515,4,,Minnesota Timberwolves,Stiemsma S.FOUL (P4.PN),4:19
http://stats.nba.com/cvp.html?GameID=0021201031&GameEventID=516,4,[ 107 - 77 ],Phoenix Suns,Morris Free Throw 1 of 2 (3 PTS),4:19
http://stats.nba.com/cvp.html?GameID=0021201031&GameEventID=518,4,,Phoenix Suns,SUB: Haddadi FOR Scola,4:19
http://stats.nba.com/cvp.html?GameID=0021201031&GameEventID=519,4,,Phoenix Suns,SUB: Marshall FOR Dragic,4:19
http://stats.nba.com/cvp.html?GameID=0021201031&GameEventID=520,4,,Phoenix Suns,MISS Morris Free Throw 2 of 2,4:19
http://stats.nba.com/cvp.html?GameID=0021201031&GameEventID=522,4,,Minnesota Timberwolves,Stiemsma REBOUND (Off:3 Def:5),4:18
http://stats.nba.com/cvp.html?GameID=0021201031&GameEventID=523,4,,Phoenix Suns,Marshall STEAL (1 STL),4:01
http://stats.nba.com/cvp.html?GameID=0021201031&GameEventID=523,4,,Minnesota Timberwolves,Barea Bad Pass Turnover (P2.T13),4:01
http://stats.nba.com/cvp.html?GameID=0021201031&GameEventID=524,4,,Phoenix Suns,MISS Tucker 1' Layup,3:56
http://stats.nba.com/cvp.html?GameID=0021201031&GameEventID=525,4,,Minnesota Timberwolves,Stiemsma REBOUND (Off:3 Def:6),3:53
http://stats.nba.com/cvp.html?GameID=0021201031&GameEventID=526,4,[ 109 - 77 ],Minnesota Timberwolves,Gelabale 7' Hook Shot (2 PTS) (Shved 4 AST),3:47
http://stats.nba.com/cvp.html?GameID=0021201031&GameEventID=527,4,,Minnesota Timberwolves,Stiemsma S.FOUL (P5.PN),3:37
http://stats.nba.com/cvp.html?GameID=0021201031&GameEventID=528,4,,Phoenix Suns,MISS Tucker Free Throw 1 of 2,3:37
http://stats.nba.com/cvp.html?GameID=0021201031&GameEventID=529,4,,Phoenix Suns,SUNS Rebound,3:37
http://stats.nba.com/cvp.html?GameID=0021201031&GameEventID=530,4,,Minnesota Timberwolves,SUB: Johnson FOR Cunningham,3:37
http://stats.nba.com/cvp.html?GameID=0021201031&GameEventID=531,4,[ 109 - 78 ],Phoenix Suns,Tucker Free Throw 2 of 2 (11 PTS),3:37
http://stats.nba.com/cvp.html?GameID=0021201031&GameEventID=533,4,[ 111 - 78 ],Minnesota Timberwolves,Stiemsma 18' Jump Shot (14 PTS) (Shved 5 AST),3:22
http://stats.nba.com/cvp.html?GameID=0021201031&GameEventID=534,4,[ 111 - 80 ],Phoenix Suns,Haddadi 1' Dunk (2 PTS) (Marshall 4 AST),3:04
http://stats.nba.com/cvp.html?GameID=0021201031&GameEventID=535,4,[ 113 - 80 ],Minnesota Timberwolves,Shved 2' Driving Layup (4 PTS),2:41
http://stats.nba.com/cvp.html?GameID=0021201031&GameEventID=536,4,,Phoenix Suns,MISS Brown 19' Jump Shot,2:32
http://stats.nba.com/cvp.html?GameID=0021201031&GameEventID=537,4,,Minnesota Timberwolves,Gelabale REBOUND (Off:0 Def:3),2:30
http://stats.nba.com/cvp.html?GameID=0021201031&GameEventID=538,4,[ 115 - 80 ],Minnesota Timberwolves,Johnson  Dunk (2 PTS) (Stiemsma 1 AST),2:17
http://stats.nba.com/cvp.html?GameID=0021201031&GameEventID=539,4,,Phoenix Suns,MISS Marshall 7' Running Bank Shot,2:04
http://stats.nba.com/cvp.html?GameID=0021201031&GameEventID=540,4,,Phoenix Suns,Haddadi REBOUND (Off:2 Def:5),2:02
http://stats.nba.com/cvp.html?GameID=0021201031&GameEventID=541,4,[ 115 - 82 ],Phoenix Suns,Haddadi 1' Layup (4 PTS),2:00
http://stats.nba.com/cvp.html?GameID=0021201031&GameEventID=542,4,,Phoenix Suns,Brown Personal Take Foul (P3.PN),1:53
http://stats.nba.com/cvp.html?GameID=0021201031&GameEventID=543,4,,Minnesota Timberwolves,Timberwolves Timeout: Regular (Reg.3 Short 0),1:53
http://stats.nba.com/cvp.html?GameID=0021201031&GameEventID=546,4,,Phoenix Suns,SUB: Garrett FOR Tucker,1:53
http://stats.nba.com/cvp.html?GameID=0021201031&GameEventID=547,4,[ 116 - 82 ],Minnesota Timberwolves,Shved Free Throw 1 of 2 (5 PTS),1:53
http://stats.nba.com/cvp.html?GameID=0021201031&GameEventID=549,4,[ 117 - 82 ],Minnesota Timberwolves,Shved Free Throw 2 of 2 (6 PTS),1:53
http://stats.nba.com/cvp.html?GameID=0021201031&GameEventID=551,4,[ 117 - 84 ],Phoenix Suns,Haddadi 10' Turnaround Jump Shot (6 PTS),1:40
http://stats.nba.com/cvp.html?GameID=0021201031&GameEventID=552,4,,Minnesota Timberwolves,MISS Stiemsma 18' Jump Shot,1:25
http://stats.nba.com/cvp.html?GameID=0021201031&GameEventID=553,4,,Minnesota Timberwolves,Gelabale REBOUND (Off:1 Def:3),1:24
http://stats.nba.com/cvp.html?GameID=0021201031&GameEventID=554,4,,Phoenix Suns,Marshall STEAL (2 STL),1:12
http://stats.nba.com/cvp.html?GameID=0021201031&GameEventID=554,4,,Minnesota Timberwolves,Barea Lost Ball Turnover (P3.T14),1:12
http://stats.nba.com/cvp.html?GameID=0021201031&GameEventID=555,4,,Phoenix Suns,MISS Brown 19' Jump Shot,1:03
http://stats.nba.com/cvp.html?GameID=0021201031&GameEventID=556,4,,Phoenix Suns,Haddadi REBOUND (Off:3 Def:5),1:01
http://stats.nba.com/cvp.html?GameID=0021201031&GameEventID=557,4,,Phoenix Suns,MISS Haddadi 6' Hook Shot,0:59
http://stats.nba.com/cvp.html?GameID=0021201031&GameEventID=558,4,,Minnesota Timberwolves,Shved REBOUND (Off:0 Def:2),0:56
http://stats.nba.com/cvp.html?GameID=0021201031&GameEventID=559,4,,Minnesota Timberwolves,MISS Gelabale 26' 3PT Jump Shot,0:51
http://stats.nba.com/cvp.html?GameID=0021201031&GameEventID=560,4,,Phoenix Suns,Morris REBOUND (Off:0 Def:1),0:48
http://stats.nba.com/cvp.html?GameID=0021201031&GameEventID=561,4,,Phoenix Suns,MISS Morris 8' Jump Shot,0:44
http://stats.nba.com/cvp.html?GameID=0021201031&GameEventID=563,4,,Phoenix Suns,Morris REBOUND (Off:1 Def:1),0:42
http://stats.nba.com/cvp.html?GameID=0021201031&GameEventID=562,4,,Phoenix Suns,MISS Morris 4' Jump Shot,0:42
http://stats.nba.com/cvp.html?GameID=0021201031&GameEventID=564,4,,Phoenix Suns,Morris REBOUND (Off:2 Def:1),0:40
http://stats.nba.com/cvp.html?GameID=0021201031&GameEventID=565,4,,Phoenix Suns,MISS Garrett 12' Jump Shot,0:36
http://stats.nba.com/cvp.html?GameID=0021201031&GameEventID=566,4,,Minnesota Timberwolves,Stiemsma REBOUND (Off:3 Def:7),0:33
http://stats.nba.com/cvp.html?GameID=0021201031&GameEventID=567,4,,Phoenix Suns,Brown STEAL (1 STL),0:22
http://stats.nba.com/cvp.html?GameID=0021201031&GameEventID=567,4,,Minnesota Timberwolves,Shved Bad Pass Turnover (P1.T15),0:22
http://stats.nba.com/cvp.html?GameID=0021201031&GameEventID=568,4,[ 117 - 86 ],Phoenix Suns,Garrett 1' Layup (4 PTS) (Brown 1 AST),0:21
