http://stats.nba.com/cvp.html?GameID=0021201165&GameEventID=1,1,,Washington Wizards,Jump Ball Okafor vs. Anthony: Tip to Battier,12:00
http://stats.nba.com/cvp.html?GameID=0021201165&GameEventID=2,1,,Washington Wizards,Wall BLOCK (1 BLK),11:41
http://stats.nba.com/cvp.html?GameID=0021201165&GameEventID=2,1,,Miami Heat,MISS Chalmers 12' Jump Shot,11:41
http://stats.nba.com/cvp.html?GameID=0021201165&GameEventID=3,1,,Miami Heat,Chalmers REBOUND (Off:1 Def:0),11:39
http://stats.nba.com/cvp.html?GameID=0021201165&GameEventID=4,1,[ 3 - 0 ],Miami Heat,Miller 26' 3PT Jump Shot (3 PTS) (Chalmers 1 AST),11:36
http://stats.nba.com/cvp.html?GameID=0021201165&GameEventID=5,1,,Washington Wizards,Webster Step Out of Bounds Turnover (P1.T1),11:23
http://stats.nba.com/cvp.html?GameID=0021201165&GameEventID=7,1,,Miami Heat,MISS Lewis  3PT Jump Shot,10:58
http://stats.nba.com/cvp.html?GameID=0021201165&GameEventID=8,1,,Miami Heat,Heat Rebound,10:58
http://stats.nba.com/cvp.html?GameID=0021201165&GameEventID=9,1,,Miami Heat,Heat Turnover: Shot Clock (T#1),10:58
http://stats.nba.com/cvp.html?GameID=0021201165&GameEventID=10,1,,Washington Wizards,MISS Temple 18' Jump Shot,10:45
http://stats.nba.com/cvp.html?GameID=0021201165&GameEventID=11,1,,Miami Heat,Anthony REBOUND (Off:0 Def:1),10:44
http://stats.nba.com/cvp.html?GameID=0021201165&GameEventID=12,1,[ 6 - 0 ],Miami Heat,Miller 29' 3PT Jump Shot (6 PTS) (Chalmers 2 AST),10:38
http://stats.nba.com/cvp.html?GameID=0021201165&GameEventID=13,1,,Washington Wizards,MISS Wall 17' Jump Shot,10:17
http://stats.nba.com/cvp.html?GameID=0021201165&GameEventID=14,1,,Washington Wizards,Wall REBOUND (Off:1 Def:0),10:16
http://stats.nba.com/cvp.html?GameID=0021201165&GameEventID=15,1,,Washington Wizards,MISS Wall  Layup,10:12
http://stats.nba.com/cvp.html?GameID=0021201165&GameEventID=16,1,,Miami Heat,Miller REBOUND (Off:0 Def:1),10:11
http://stats.nba.com/cvp.html?GameID=0021201165&GameEventID=17,1,[ 8 - 0 ],Miami Heat,Lewis 16' Jump Shot (2 PTS) (Chalmers 3 AST),9:57
http://stats.nba.com/cvp.html?GameID=0021201165&GameEventID=19,1,,Washington Wizards,MISS Okafor 15' Jump Shot,9:39
http://stats.nba.com/cvp.html?GameID=0021201165&GameEventID=20,1,,Miami Heat,Chalmers REBOUND (Off:1 Def:1),9:38
http://stats.nba.com/cvp.html?GameID=0021201165&GameEventID=21,1,,Washington Wizards,Okafor STEAL (1 STL),9:28
http://stats.nba.com/cvp.html?GameID=0021201165&GameEventID=21,1,,Miami Heat,Chalmers Bad Pass Turnover (P1.T2),9:28
http://stats.nba.com/cvp.html?GameID=0021201165&GameEventID=22,1,,Miami Heat,Lewis S.FOUL (P1.T1),9:23
http://stats.nba.com/cvp.html?GameID=0021201165&GameEventID=23,1,,Washington Wizards,MISS Webster Free Throw 1 of 2,9:23
http://stats.nba.com/cvp.html?GameID=0021201165&GameEventID=24,1,,Washington Wizards,WIZARDS Rebound,9:23
http://stats.nba.com/cvp.html?GameID=0021201165&GameEventID=25,1,[ 8 - 1 ],Washington Wizards,Webster Free Throw 2 of 2 (1 PTS),9:23
http://stats.nba.com/cvp.html?GameID=0021201165&GameEventID=28,1,,Miami Heat,MISS Chalmers 26' 3PT Jump Shot,9:10
http://stats.nba.com/cvp.html?GameID=0021201165&GameEventID=29,1,,Washington Wizards,Okafor REBOUND (Off:0 Def:1),9:09
http://stats.nba.com/cvp.html?GameID=0021201165&GameEventID=30,1,,Washington Wizards,Okafor Out of Bounds Lost Ball Turnover (P1.T2),8:54
http://stats.nba.com/cvp.html?GameID=0021201165&GameEventID=31,1,,Washington Wizards,Temple STEAL (1 STL),8:40
http://stats.nba.com/cvp.html?GameID=0021201165&GameEventID=31,1,,Miami Heat,Miller Lost Ball Turnover (P1.T3),8:40
http://stats.nba.com/cvp.html?GameID=0021201165&GameEventID=32,1,[ 8 - 3 ],Washington Wizards,Wall 1' Slam Dunk (2 PTS) (Temple 1 AST),8:35
http://stats.nba.com/cvp.html?GameID=0021201165&GameEventID=33,1,,Miami Heat,Chalmers Out of Bounds Lost Ball Turnover (P2.T4),8:22
http://stats.nba.com/cvp.html?GameID=0021201165&GameEventID=34,1,,Miami Heat,Chalmers P.FOUL (P1.T2),8:20
http://stats.nba.com/cvp.html?GameID=0021201165&GameEventID=35,1,[ 8 - 6 ],Washington Wizards,Temple 27' 3PT Jump Shot (3 PTS) (Wall 1 AST),8:04
http://stats.nba.com/cvp.html?GameID=0021201165&GameEventID=37,1,,Miami Heat,Heat Turnover: Shot Clock (T#5),7:37
http://stats.nba.com/cvp.html?GameID=0021201165&GameEventID=38,1,,Washington Wizards,MISS Nene 16' Jump Shot,7:23
http://stats.nba.com/cvp.html?GameID=0021201165&GameEventID=39,1,,Miami Heat,Lewis REBOUND (Off:0 Def:1),7:22
http://stats.nba.com/cvp.html?GameID=0021201165&GameEventID=40,1,,Miami Heat,MISS Chalmers 14' Jump Shot,7:15
http://stats.nba.com/cvp.html?GameID=0021201165&GameEventID=41,1,,Washington Wizards,Wall REBOUND (Off:1 Def:1),7:14
http://stats.nba.com/cvp.html?GameID=0021201165&GameEventID=42,1,,Miami Heat,Battier S.FOUL (P1.T3),7:08
http://stats.nba.com/cvp.html?GameID=0021201165&GameEventID=43,1,,Washington Wizards,MISS Nene Free Throw 1 of 2,7:08
http://stats.nba.com/cvp.html?GameID=0021201165&GameEventID=44,1,,Washington Wizards,WIZARDS Rebound,7:08
http://stats.nba.com/cvp.html?GameID=0021201165&GameEventID=45,1,[ 8 - 7 ],Washington Wizards,Nene Free Throw 2 of 2 (1 PTS),7:08
http://stats.nba.com/cvp.html?GameID=0021201165&GameEventID=48,1,,Washington Wizards,Temple STEAL (2 STL),6:51
http://stats.nba.com/cvp.html?GameID=0021201165&GameEventID=48,1,,Miami Heat,Miller Bad Pass Turnover (P2.T6),6:51
http://stats.nba.com/cvp.html?GameID=0021201165&GameEventID=49,1,,Washington Wizards,MISS Nene 14' Jump Shot,6:43
http://stats.nba.com/cvp.html?GameID=0021201165&GameEventID=50,1,,Miami Heat,Battier REBOUND (Off:0 Def:1),6:43
http://stats.nba.com/cvp.html?GameID=0021201165&GameEventID=51,1,[ 11 - 7 ],Miami Heat,Battier 27' 3PT Pullup Jump Shot (3 PTS) (Miller 1 AST),6:35
http://stats.nba.com/cvp.html?GameID=0021201165&GameEventID=53,1,,Washington Wizards,MISS Webster 24' 3PT Jump Shot,6:20
http://stats.nba.com/cvp.html?GameID=0021201165&GameEventID=54,1,,Washington Wizards,Okafor REBOUND (Off:1 Def:1),6:20
http://stats.nba.com/cvp.html?GameID=0021201165&GameEventID=55,1,[ 11 - 9 ],Washington Wizards,Okafor 1' Dunk (2 PTS),6:20
http://stats.nba.com/cvp.html?GameID=0021201165&GameEventID=56,1,,Miami Heat,Miller S.FOUL (P1.T4),6:20
http://stats.nba.com/cvp.html?GameID=0021201165&GameEventID=57,1,,Miami Heat,SUB: Allen FOR Lewis,6:20
http://stats.nba.com/cvp.html?GameID=0021201165&GameEventID=58,1,[ 11 - 10 ],Washington Wizards,Okafor Free Throw 1 of 1 (3 PTS),6:20
http://stats.nba.com/cvp.html?GameID=0021201165&GameEventID=61,1,,Washington Wizards,Temple STEAL (3 STL),6:07
http://stats.nba.com/cvp.html?GameID=0021201165&GameEventID=61,1,,Miami Heat,Chalmers Bad Pass Turnover (P3.T7),6:07
http://stats.nba.com/cvp.html?GameID=0021201165&GameEventID=62,1,,Washington Wizards,Temple Bad Pass Turnover (P1.T3),6:02
http://stats.nba.com/cvp.html?GameID=0021201165&GameEventID=62,1,,Miami Heat,Chalmers STEAL (1 STL),6:02
http://stats.nba.com/cvp.html?GameID=0021201165&GameEventID=63,1,[ 14 - 10 ],Miami Heat,Battier  3PT Jump Shot (6 PTS) (Chalmers 4 AST),5:53
http://stats.nba.com/cvp.html?GameID=0021201165&GameEventID=64,1,[ 14 - 12 ],Washington Wizards,Okafor 1' Layup (5 PTS) (Nene 1 AST),5:42
http://stats.nba.com/cvp.html?GameID=0021201165&GameEventID=65,1,,Miami Heat,Allen S.FOUL (P1.PN),5:42
http://stats.nba.com/cvp.html?GameID=0021201165&GameEventID=66,1,,Washington Wizards,WIZARDS Timeout: Regular (Full 1 Short 0),5:42
http://stats.nba.com/cvp.html?GameID=0021201165&GameEventID=68,1,[ 14 - 13 ],Washington Wizards,Okafor Free Throw 1 of 1 (6 PTS),5:42
http://stats.nba.com/cvp.html?GameID=0021201165&GameEventID=71,1,[ 17 - 13 ],Miami Heat,Chalmers 30' 3PT Jump Shot (3 PTS),5:16
http://stats.nba.com/cvp.html?GameID=0021201165&GameEventID=72,1,,Miami Heat,Allen S.FOUL (P2.PN),5:00
http://stats.nba.com/cvp.html?GameID=0021201165&GameEventID=73,1,,Washington Wizards,MISS Webster Free Throw 1 of 2,5:00
http://stats.nba.com/cvp.html?GameID=0021201165&GameEventID=74,1,,Washington Wizards,WIZARDS Rebound,5:00
http://stats.nba.com/cvp.html?GameID=0021201165&GameEventID=75,1,,Washington Wizards,SUB: Singleton FOR Nene,5:00
http://stats.nba.com/cvp.html?GameID=0021201165&GameEventID=76,1,[ 17 - 14 ],Washington Wizards,Webster Free Throw 2 of 2 (2 PTS),5:00
http://stats.nba.com/cvp.html?GameID=0021201165&GameEventID=79,1,[ 19 - 14 ],Miami Heat,Allen 1' Driving Dunk (2 PTS),4:42
http://stats.nba.com/cvp.html?GameID=0021201165&GameEventID=80,1,,Washington Wizards,MISS Temple 1' Layup,4:20
http://stats.nba.com/cvp.html?GameID=0021201165&GameEventID=80,1,,Miami Heat,Anthony BLOCK (1 BLK),4:20
http://stats.nba.com/cvp.html?GameID=0021201165&GameEventID=81,1,,Miami Heat,Heat Rebound,4:19
http://stats.nba.com/cvp.html?GameID=0021201165&GameEventID=82,1,,Miami Heat,MISS Anthony 6' Jump Shot,4:04
http://stats.nba.com/cvp.html?GameID=0021201165&GameEventID=83,1,,Washington Wizards,Okafor REBOUND (Off:1 Def:2),4:03
http://stats.nba.com/cvp.html?GameID=0021201165&GameEventID=84,1,[ 19 - 16 ],Washington Wizards,Wall 13' Pullup Jump Shot (4 PTS),3:58
http://stats.nba.com/cvp.html?GameID=0021201165&GameEventID=85,1,,Washington Wizards,Temple P.FOUL (P1.T1),3:40
http://stats.nba.com/cvp.html?GameID=0021201165&GameEventID=86,1,,Washington Wizards,SUB: Price FOR Webster,3:40
http://stats.nba.com/cvp.html?GameID=0021201165&GameEventID=87,1,,Miami Heat,SUB: Andersen FOR Anthony,3:40
http://stats.nba.com/cvp.html?GameID=0021201165&GameEventID=88,1,[ 21 - 16 ],Miami Heat,Allen  Layup (4 PTS) (Battier 1 AST),3:34
http://stats.nba.com/cvp.html?GameID=0021201165&GameEventID=90,1,,Washington Wizards,MISS Wall 19' Jump Shot,3:15
http://stats.nba.com/cvp.html?GameID=0021201165&GameEventID=91,1,,Miami Heat,Miller REBOUND (Off:0 Def:2),3:14
http://stats.nba.com/cvp.html?GameID=0021201165&GameEventID=92,1,,Miami Heat,Andersen Traveling Turnover (P1.T8),3:06
http://stats.nba.com/cvp.html?GameID=0021201165&GameEventID=93,1,,Washington Wizards,Price Lost Ball Turnover (P1.T4),2:58
http://stats.nba.com/cvp.html?GameID=0021201165&GameEventID=93,1,,Miami Heat,Battier STEAL (1 STL),2:58
http://stats.nba.com/cvp.html?GameID=0021201165&GameEventID=94,1,,Washington Wizards,Singleton S.FOUL (P1.T2),2:53
http://stats.nba.com/cvp.html?GameID=0021201165&GameEventID=95,1,,Miami Heat,Heat Timeout: Regular (Reg.1 Short 0),2:53
http://stats.nba.com/cvp.html?GameID=0021201165&GameEventID=97,1,,Miami Heat,SUB: Lewis FOR Miller,2:53
http://stats.nba.com/cvp.html?GameID=0021201165&GameEventID=98,1,,Miami Heat,SUB: Cole FOR Battier,2:53
http://stats.nba.com/cvp.html?GameID=0021201165&GameEventID=99,1,,Miami Heat,SUB: Jones FOR Chalmers,2:53
http://stats.nba.com/cvp.html?GameID=0021201165&GameEventID=100,1,[ 22 - 16 ],Miami Heat,Andersen Free Throw 1 of 2 (1 PTS),2:53
http://stats.nba.com/cvp.html?GameID=0021201165&GameEventID=102,1,[ 23 - 16 ],Miami Heat,Andersen Free Throw 2 of 2 (2 PTS),2:53
http://stats.nba.com/cvp.html?GameID=0021201165&GameEventID=105,1,,Washington Wizards,Okafor Lost Ball Turnover (P2.T5),2:39
http://stats.nba.com/cvp.html?GameID=0021201165&GameEventID=105,1,,Miami Heat,Andersen STEAL (1 STL),2:39
http://stats.nba.com/cvp.html?GameID=0021201165&GameEventID=106,1,,Miami Heat,MISS Lewis  3PT Jump Shot,2:25
http://stats.nba.com/cvp.html?GameID=0021201165&GameEventID=107,1,,Washington Wizards,Okafor REBOUND (Off:1 Def:3),2:24
http://stats.nba.com/cvp.html?GameID=0021201165&GameEventID=108,1,[ 23 - 19 ],Washington Wizards,Price 26' 3PT Jump Shot (3 PTS) (Wall 2 AST),2:17
http://stats.nba.com/cvp.html?GameID=0021201165&GameEventID=109,1,,Miami Heat,Cole Traveling Turnover (P1.T9),2:07
http://stats.nba.com/cvp.html?GameID=0021201165&GameEventID=110,1,,Washington Wizards,SUB: Seraphin FOR Okafor,2:07
http://stats.nba.com/cvp.html?GameID=0021201165&GameEventID=111,1,,Washington Wizards,MISS Seraphin 4' Jump Shot,1:53
http://stats.nba.com/cvp.html?GameID=0021201165&GameEventID=112,1,,Miami Heat,Jones REBOUND (Off:0 Def:1),1:52
http://stats.nba.com/cvp.html?GameID=0021201165&GameEventID=113,1,,Miami Heat,Cole Out of Bounds Lost Ball Turnover (P2.T10),1:34
http://stats.nba.com/cvp.html?GameID=0021201165&GameEventID=114,1,,Washington Wizards,MISS Seraphin 13' Jump Shot,1:18
http://stats.nba.com/cvp.html?GameID=0021201165&GameEventID=115,1,,Miami Heat,Jones REBOUND (Off:0 Def:2),1:17
http://stats.nba.com/cvp.html?GameID=0021201165&GameEventID=116,1,[ 25 - 19 ],Miami Heat,Cole 15' Pullup Jump Shot (2 PTS),1:08
http://stats.nba.com/cvp.html?GameID=0021201165&GameEventID=117,1,,Washington Wizards,MISS Temple 25' 3PT Jump Shot,0:55
http://stats.nba.com/cvp.html?GameID=0021201165&GameEventID=118,1,,Washington Wizards,Price REBOUND (Off:1 Def:0),0:54
http://stats.nba.com/cvp.html?GameID=0021201165&GameEventID=119,1,[ 25 - 22 ],Washington Wizards,Price 30' 3PT Jump Shot (6 PTS) (Wall 3 AST),0:35
http://stats.nba.com/cvp.html?GameID=0021201165&GameEventID=120,1,,Miami Heat,Cole Bad Pass Turnover (P3.T11),0:21
http://stats.nba.com/cvp.html?GameID=0021201165&GameEventID=121,1,,Washington Wizards,Wall Discontinue Dribble Turnover (P1.T6),0:04
http://stats.nba.com/cvp.html?GameID=0021201165&GameEventID=122,1,,Miami Heat,MISS Lewis 27' 3PT Jump Shot,0:01
http://stats.nba.com/cvp.html?GameID=0021201165&GameEventID=123,1,,Washington Wizards,WIZARDS Rebound,0:00
http://stats.nba.com/cvp.html?GameID=0021201165&GameEventID=127,2,,Washington Wizards,MISS Seraphin 4' Jump Shot,11:44
http://stats.nba.com/cvp.html?GameID=0021201165&GameEventID=127,2,,Miami Heat,Andersen BLOCK (1 BLK),11:44
http://stats.nba.com/cvp.html?GameID=0021201165&GameEventID=128,2,,Miami Heat,Andersen REBOUND (Off:0 Def:1),11:42
http://stats.nba.com/cvp.html?GameID=0021201165&GameEventID=129,2,,Washington Wizards,Wall STEAL (1 STL),11:41
http://stats.nba.com/cvp.html?GameID=0021201165&GameEventID=129,2,,Miami Heat,Andersen Lost Ball Turnover (P2.T12),11:41
http://stats.nba.com/cvp.html?GameID=0021201165&GameEventID=130,2,[ 25 - 24 ],Washington Wizards,Wall 1' Layup (6 PTS),11:41
http://stats.nba.com/cvp.html?GameID=0021201165&GameEventID=131,2,,Miami Heat,Andersen S.FOUL (P1.T1),11:41
http://stats.nba.com/cvp.html?GameID=0021201165&GameEventID=132,2,,Washington Wizards,SUB: Martin FOR Temple,11:41
http://stats.nba.com/cvp.html?GameID=0021201165&GameEventID=133,2,[ 25 - 25 ],Washington Wizards,Wall Free Throw 1 of 1 (7 PTS),11:41
http://stats.nba.com/cvp.html?GameID=0021201165&GameEventID=136,2,,Miami Heat,MISS Cole 25' 3PT Jump Shot,11:23
http://stats.nba.com/cvp.html?GameID=0021201165&GameEventID=137,2,,Washington Wizards,Wall REBOUND (Off:1 Def:2),11:22
http://stats.nba.com/cvp.html?GameID=0021201165&GameEventID=138,2,,Washington Wizards,MISS Martin 27' 3PT Jump Shot,11:16
http://stats.nba.com/cvp.html?GameID=0021201165&GameEventID=139,2,,Miami Heat,Allen REBOUND (Off:0 Def:1),11:14
http://stats.nba.com/cvp.html?GameID=0021201165&GameEventID=140,2,,Miami Heat,MISS Allen 27' 3PT Jump Shot,11:09
http://stats.nba.com/cvp.html?GameID=0021201165&GameEventID=141,2,,Miami Heat,Lewis REBOUND (Off:1 Def:1),11:07
http://stats.nba.com/cvp.html?GameID=0021201165&GameEventID=142,2,,Miami Heat,MISS Allen 27' 3PT Jump Shot,10:50
http://stats.nba.com/cvp.html?GameID=0021201165&GameEventID=143,2,,Washington Wizards,Seraphin REBOUND (Off:0 Def:1),10:49
http://stats.nba.com/cvp.html?GameID=0021201165&GameEventID=144,2,[ 25 - 28 ],Washington Wizards,Martin 24' 3PT Jump Shot (3 PTS) (Wall 4 AST),10:33
http://stats.nba.com/cvp.html?GameID=0021201165&GameEventID=145,2,,Miami Heat,MISS Lewis 16' Jump Shot,10:14
http://stats.nba.com/cvp.html?GameID=0021201165&GameEventID=146,2,,Miami Heat,Allen REBOUND (Off:1 Def:1),10:13
http://stats.nba.com/cvp.html?GameID=0021201165&GameEventID=147,2,[ 27 - 28 ],Miami Heat,Allen 2' Layup (6 PTS),10:11
http://stats.nba.com/cvp.html?GameID=0021201165&GameEventID=148,2,,Washington Wizards,MISS Singleton 18' Jump Shot,9:59
http://stats.nba.com/cvp.html?GameID=0021201165&GameEventID=149,2,,Miami Heat,Jones REBOUND (Off:0 Def:3),9:58
http://stats.nba.com/cvp.html?GameID=0021201165&GameEventID=150,2,,Miami Heat,MISS Allen 19' Jump Shot,9:51
http://stats.nba.com/cvp.html?GameID=0021201165&GameEventID=151,2,,Washington Wizards,Martin REBOUND (Off:0 Def:1),9:50
http://stats.nba.com/cvp.html?GameID=0021201165&GameEventID=152,2,,Washington Wizards,Wall Discontinue Dribble Turnover (P2.T7),9:40
http://stats.nba.com/cvp.html?GameID=0021201165&GameEventID=153,2,,Washington Wizards,SUB: Webster FOR Wall,9:40
http://stats.nba.com/cvp.html?GameID=0021201165&GameEventID=154,2,,Miami Heat,MISS Allen 5' Jump Shot,9:27
http://stats.nba.com/cvp.html?GameID=0021201165&GameEventID=155,2,,Washington Wizards,Singleton REBOUND (Off:0 Def:1),9:27
http://stats.nba.com/cvp.html?GameID=0021201165&GameEventID=156,2,,Washington Wizards,Seraphin OFF.Foul (P1),9:19
http://stats.nba.com/cvp.html?GameID=0021201165&GameEventID=157,2,,Washington Wizards,Seraphin Foul Turnover (P1.T8),9:19
http://stats.nba.com/cvp.html?GameID=0021201165&GameEventID=159,2,,Miami Heat,MISS Andersen 1' Layup,9:05
http://stats.nba.com/cvp.html?GameID=0021201165&GameEventID=160,2,,Miami Heat,Heat Rebound,9:04
http://stats.nba.com/cvp.html?GameID=0021201165&GameEventID=161,2,,Miami Heat,MISS Lewis 16' Jump Shot,8:53
http://stats.nba.com/cvp.html?GameID=0021201165&GameEventID=162,2,,Miami Heat,Cole REBOUND (Off:1 Def:0),8:51
http://stats.nba.com/cvp.html?GameID=0021201165&GameEventID=163,2,[ 30 - 28 ],Miami Heat,Lewis 24' 3PT Jump Shot (5 PTS) (Cole 1 AST),8:43
http://stats.nba.com/cvp.html?GameID=0021201165&GameEventID=164,2,,Washington Wizards,Price Bad Pass Turnover (P2.T9),8:25
http://stats.nba.com/cvp.html?GameID=0021201165&GameEventID=164,2,,Miami Heat,Allen STEAL (1 STL),8:25
http://stats.nba.com/cvp.html?GameID=0021201165&GameEventID=165,2,,Washington Wizards,Martin P.FOUL (P1.T1),8:22
http://stats.nba.com/cvp.html?GameID=0021201165&GameEventID=168,2,,Miami Heat,MISS Lewis 8' Jump Shot,8:05
http://stats.nba.com/cvp.html?GameID=0021201165&GameEventID=169,2,,Miami Heat,Andersen REBOUND (Off:1 Def:1),8:04
http://stats.nba.com/cvp.html?GameID=0021201165&GameEventID=171,2,,Miami Heat,MISS Allen  3PT Jump Shot,7:55
http://stats.nba.com/cvp.html?GameID=0021201165&GameEventID=172,2,,Miami Heat,Lewis REBOUND (Off:2 Def:1),7:54
http://stats.nba.com/cvp.html?GameID=0021201165&GameEventID=173,2,[ 32 - 28 ],Miami Heat,Allen 3' Running Jump Shot (8 PTS) (Cole 2 AST),7:42
http://stats.nba.com/cvp.html?GameID=0021201165&GameEventID=174,2,[ 32 - 30 ],Washington Wizards,Seraphin 6' Turnaround Hook Shot (2 PTS),7:21
http://stats.nba.com/cvp.html?GameID=0021201165&GameEventID=175,2,,Washington Wizards,Price S.FOUL (P1.T2),7:06
http://stats.nba.com/cvp.html?GameID=0021201165&GameEventID=176,2,[ 33 - 30 ],Miami Heat,Cole Free Throw 1 of 2 (3 PTS),7:06
http://stats.nba.com/cvp.html?GameID=0021201165&GameEventID=178,2,,Miami Heat,SUB: Chalmers FOR Allen,7:06
http://stats.nba.com/cvp.html?GameID=0021201165&GameEventID=179,2,,Washington Wizards,SUB: Vesely FOR Singleton,7:06
http://stats.nba.com/cvp.html?GameID=0021201165&GameEventID=180,2,,Miami Heat,MISS Cole Free Throw 2 of 2,7:06
http://stats.nba.com/cvp.html?GameID=0021201165&GameEventID=182,2,,Washington Wizards,Seraphin REBOUND (Off:0 Def:2),7:04
http://stats.nba.com/cvp.html?GameID=0021201165&GameEventID=184,2,,Washington Wizards,MISS Martin 18' Jump Shot,6:53
http://stats.nba.com/cvp.html?GameID=0021201165&GameEventID=185,2,,Miami Heat,Cole REBOUND (Off:1 Def:1),6:52
http://stats.nba.com/cvp.html?GameID=0021201165&GameEventID=186,2,,Washington Wizards,Price S.FOUL (P2.T3),6:47
http://stats.nba.com/cvp.html?GameID=0021201165&GameEventID=187,2,,Miami Heat,MISS Cole Free Throw 1 of 2,6:47
http://stats.nba.com/cvp.html?GameID=0021201165&GameEventID=188,2,,Miami Heat,Heat Rebound,6:47
http://stats.nba.com/cvp.html?GameID=0021201165&GameEventID=189,2,,Miami Heat,SUB: Anthony FOR Andersen,6:47
http://stats.nba.com/cvp.html?GameID=0021201165&GameEventID=190,2,[ 34 - 30 ],Miami Heat,Cole Free Throw 2 of 2 (4 PTS),6:47
http://stats.nba.com/cvp.html?GameID=0021201165&GameEventID=193,2,,Miami Heat,Jones S.FOUL (P1.T2),6:30
http://stats.nba.com/cvp.html?GameID=0021201165&GameEventID=194,2,[ 34 - 31 ],Washington Wizards,Webster Free Throw 1 of 2 (3 PTS),6:30
http://stats.nba.com/cvp.html?GameID=0021201165&GameEventID=196,2,[ 34 - 32 ],Washington Wizards,Webster Free Throw 2 of 2 (4 PTS),6:30
http://stats.nba.com/cvp.html?GameID=0021201165&GameEventID=199,2,[ 36 - 32 ],Miami Heat,Lewis 17' Fadeaway Jumper (7 PTS),6:09
http://stats.nba.com/cvp.html?GameID=0021201165&GameEventID=200,2,[ 36 - 35 ],Washington Wizards,Webster 27' 3PT Step Back Jump Shot (7 PTS),5:53
http://stats.nba.com/cvp.html?GameID=0021201165&GameEventID=201,2,,Washington Wizards,Seraphin BLOCK (1 BLK),5:36
http://stats.nba.com/cvp.html?GameID=0021201165&GameEventID=201,2,,Miami Heat,MISS Chalmers 1' Layup,5:36
http://stats.nba.com/cvp.html?GameID=0021201165&GameEventID=202,2,,Miami Heat,Heat Rebound,5:36
http://stats.nba.com/cvp.html?GameID=0021201165&GameEventID=203,2,,Washington Wizards,WIZARDS Timeout: Regular (Full 2 Short 0),5:36
http://stats.nba.com/cvp.html?GameID=0021201165&GameEventID=205,2,,Washington Wizards,SUB: Wall FOR Martin,5:36
http://stats.nba.com/cvp.html?GameID=0021201165&GameEventID=206,2,,Miami Heat,SUB: Miller FOR Jones,5:36
http://stats.nba.com/cvp.html?GameID=0021201165&GameEventID=207,2,,Washington Wizards,Webster STEAL (1 STL),5:32
http://stats.nba.com/cvp.html?GameID=0021201165&GameEventID=207,2,,Miami Heat,Lewis Bad Pass Turnover (P1.T13),5:32
http://stats.nba.com/cvp.html?GameID=0021201165&GameEventID=208,2,,Washington Wizards,MISS Wall 14' Jump Shot,5:24
http://stats.nba.com/cvp.html?GameID=0021201165&GameEventID=209,2,,Miami Heat,Chalmers REBOUND (Off:1 Def:2),5:22
http://stats.nba.com/cvp.html?GameID=0021201165&GameEventID=210,2,[ 38 - 35 ],Miami Heat,Miller 21' Jump Shot (8 PTS) (Chalmers 5 AST),5:03
http://stats.nba.com/cvp.html?GameID=0021201165&GameEventID=211,2,[ 38 - 37 ],Washington Wizards,Wall  Alley Oop Layup (9 PTS) (Webster 1 AST),4:45
http://stats.nba.com/cvp.html?GameID=0021201165&GameEventID=212,2,,Washington Wizards,Price STEAL (1 STL),4:33
http://stats.nba.com/cvp.html?GameID=0021201165&GameEventID=212,2,,Miami Heat,Miller Lost Ball Turnover (P3.T14),4:33
http://stats.nba.com/cvp.html?GameID=0021201165&GameEventID=213,2,[ 38 - 39 ],Washington Wizards,Price 11' Pullup Jump Shot (8 PTS),4:28
http://stats.nba.com/cvp.html?GameID=0021201165&GameEventID=214,2,,Miami Heat,MISS Chalmers 16' Jump Shot,4:10
http://stats.nba.com/cvp.html?GameID=0021201165&GameEventID=215,2,,Miami Heat,Heat Rebound,4:09
http://stats.nba.com/cvp.html?GameID=0021201165&GameEventID=216,2,,Washington Wizards,SUB: Nene FOR Seraphin,4:07
http://stats.nba.com/cvp.html?GameID=0021201165&GameEventID=217,2,,Miami Heat,SUB: Allen FOR Lewis,4:07
http://stats.nba.com/cvp.html?GameID=0021201165&GameEventID=218,2,,Miami Heat,SUB: Battier FOR Cole,4:07
http://stats.nba.com/cvp.html?GameID=0021201165&GameEventID=220,2,,Miami Heat,MISS Chalmers 27' 3PT Jump Shot,3:50
http://stats.nba.com/cvp.html?GameID=0021201165&GameEventID=221,2,,Washington Wizards,Vesely REBOUND (Off:0 Def:1),3:49
http://stats.nba.com/cvp.html?GameID=0021201165&GameEventID=222,2,,Washington Wizards,MISS Price  3PT Jump Shot,3:39
http://stats.nba.com/cvp.html?GameID=0021201165&GameEventID=223,2,,Miami Heat,Battier REBOUND (Off:0 Def:2),3:38
http://stats.nba.com/cvp.html?GameID=0021201165&GameEventID=224,2,,Washington Wizards,Vesely BLOCK (1 BLK),3:27
http://stats.nba.com/cvp.html?GameID=0021201165&GameEventID=224,2,,Miami Heat,MISS Battier 28' 3PT Jump Shot,3:27
http://stats.nba.com/cvp.html?GameID=0021201165&GameEventID=225,2,,Washington Wizards,Wall REBOUND (Off:1 Def:3),3:25
http://stats.nba.com/cvp.html?GameID=0021201165&GameEventID=226,2,,Miami Heat,Chalmers S.FOUL (P2.T3),3:19
http://stats.nba.com/cvp.html?GameID=0021201165&GameEventID=227,2,[ 38 - 40 ],Washington Wizards,Wall Free Throw 1 of 2 (10 PTS),3:19
http://stats.nba.com/cvp.html?GameID=0021201165&GameEventID=229,2,,Miami Heat,SUB: Andersen FOR Anthony,3:19
http://stats.nba.com/cvp.html?GameID=0021201165&GameEventID=230,2,[ 38 - 41 ],Washington Wizards,Wall Free Throw 2 of 2 (11 PTS),3:19
http://stats.nba.com/cvp.html?GameID=0021201165&GameEventID=233,2,,Washington Wizards,Vesely S.FOUL (P1.T4),3:00
http://stats.nba.com/cvp.html?GameID=0021201165&GameEventID=234,2,[ 39 - 41 ],Miami Heat,Allen Free Throw 1 of 2 (9 PTS),3:00
http://stats.nba.com/cvp.html?GameID=0021201165&GameEventID=236,2,[ 40 - 41 ],Miami Heat,Allen Free Throw 2 of 2 (10 PTS),3:00
http://stats.nba.com/cvp.html?GameID=0021201165&GameEventID=239,2,,Washington Wizards,MISS Webster 3' Layup,2:43
http://stats.nba.com/cvp.html?GameID=0021201165&GameEventID=240,2,,Washington Wizards,Nene REBOUND (Off:1 Def:0),2:42
http://stats.nba.com/cvp.html?GameID=0021201165&GameEventID=241,2,[ 40 - 43 ],Washington Wizards,Nene 1' Layup (3 PTS),2:39
http://stats.nba.com/cvp.html?GameID=0021201165&GameEventID=242,2,,Miami Heat,Heat Timeout: Regular (Reg.2 Short 0),2:28
http://stats.nba.com/cvp.html?GameID=0021201165&GameEventID=244,2,[ 43 - 43 ],Miami Heat,Battier 27' 3PT Jump Shot (9 PTS) (Chalmers 6 AST),2:20
http://stats.nba.com/cvp.html?GameID=0021201165&GameEventID=245,2,,Washington Wizards,MISS Vesely 14' Jump Shot,2:03
http://stats.nba.com/cvp.html?GameID=0021201165&GameEventID=246,2,,Washington Wizards,Wall REBOUND (Off:2 Def:3),2:01
http://stats.nba.com/cvp.html?GameID=0021201165&GameEventID=247,2,[ 43 - 45 ],Washington Wizards,Wall 6' Floating Jump Shot (13 PTS),1:59
http://stats.nba.com/cvp.html?GameID=0021201165&GameEventID=248,2,[ 46 - 45 ],Miami Heat,Miller 43' 3PT Jump Shot (11 PTS) (Chalmers 7 AST),1:34
http://stats.nba.com/cvp.html?GameID=0021201165&GameEventID=249,2,,Miami Heat,Chalmers P.FOUL (P3.T4),1:23
http://stats.nba.com/cvp.html?GameID=0021201165&GameEventID=250,2,,Miami Heat,SUB: Cole FOR Chalmers,1:23
http://stats.nba.com/cvp.html?GameID=0021201165&GameEventID=251,2,,Washington Wizards,MISS Nene 1' Layup,1:12
http://stats.nba.com/cvp.html?GameID=0021201165&GameEventID=252,2,,Washington Wizards,Nene REBOUND (Off:2 Def:0),1:10
http://stats.nba.com/cvp.html?GameID=0021201165&GameEventID=253,2,[ 46 - 47 ],Washington Wizards,Nene 1' Layup (5 PTS),1:08
http://stats.nba.com/cvp.html?GameID=0021201165&GameEventID=254,2,,Washington Wizards,Webster STEAL (2 STL),0:50
http://stats.nba.com/cvp.html?GameID=0021201165&GameEventID=254,2,,Miami Heat,Andersen Bad Pass Turnover (P3.T15),0:50
http://stats.nba.com/cvp.html?GameID=0021201165&GameEventID=255,2,,Washington Wizards,Webster Bad Pass Turnover (P2.T10),0:45
http://stats.nba.com/cvp.html?GameID=0021201165&GameEventID=256,2,,Miami Heat,MISS Miller 26' 3PT Jump Shot,0:26
http://stats.nba.com/cvp.html?GameID=0021201165&GameEventID=257,2,,Washington Wizards,Vesely REBOUND (Off:0 Def:2),0:24
http://stats.nba.com/cvp.html?GameID=0021201165&GameEventID=258,2,[ 46 - 50 ],Washington Wizards,Webster 24' 3PT Jump Shot (10 PTS) (Vesely 1 AST),0:02
http://stats.nba.com/cvp.html?GameID=0021201165&GameEventID=259,2,,Miami Heat,MISS Allen 39' 3PT Jump Shot,0:00
http://stats.nba.com/cvp.html?GameID=0021201165&GameEventID=260,2,,Washington Wizards,WIZARDS Rebound,0:00
http://stats.nba.com/cvp.html?GameID=0021201165&GameEventID=265,3,[ 46 - 52 ],Washington Wizards,Temple 18' Jump Shot (5 PTS) (Wall 5 AST),11:41
http://stats.nba.com/cvp.html?GameID=0021201165&GameEventID=266,3,[ 49 - 52 ],Miami Heat,Battier 24' 3PT Jump Shot (12 PTS) (Anthony 1 AST),11:19
http://stats.nba.com/cvp.html?GameID=0021201165&GameEventID=267,3,[ 49 - 54 ],Washington Wizards,Nene 1' Layup (7 PTS),11:04
http://stats.nba.com/cvp.html?GameID=0021201165&GameEventID=268,3,,Washington Wizards,Nene P.FOUL (P1.T1),10:45
http://stats.nba.com/cvp.html?GameID=0021201165&GameEventID=269,3,,Miami Heat,Anthony Step Out of Bounds Turnover (P1.T16),10:44
http://stats.nba.com/cvp.html?GameID=0021201165&GameEventID=270,3,,Washington Wizards,MISS Webster 24' 3PT Jump Shot,10:30
http://stats.nba.com/cvp.html?GameID=0021201165&GameEventID=271,3,,Miami Heat,Miller REBOUND (Off:0 Def:3),10:29
http://stats.nba.com/cvp.html?GameID=0021201165&GameEventID=272,3,,Washington Wizards,Webster STEAL (3 STL),10:24
http://stats.nba.com/cvp.html?GameID=0021201165&GameEventID=272,3,,Miami Heat,Miller Bad Pass Turnover (P4.T17),10:24
http://stats.nba.com/cvp.html?GameID=0021201165&GameEventID=273,3,,Miami Heat,Lewis P.FOUL (P2.T1),10:24
http://stats.nba.com/cvp.html?GameID=0021201165&GameEventID=274,3,,Washington Wizards,MISS Wall 15' Jump Shot,10:15
http://stats.nba.com/cvp.html?GameID=0021201165&GameEventID=275,3,,Miami Heat,Anthony REBOUND (Off:0 Def:2),10:14
http://stats.nba.com/cvp.html?GameID=0021201165&GameEventID=276,3,,Washington Wizards,Nene P.FOUL (P2.T2),10:08
http://stats.nba.com/cvp.html?GameID=0021201165&GameEventID=277,3,,Miami Heat,MISS Chalmers 7' Jump Shot,10:01
http://stats.nba.com/cvp.html?GameID=0021201165&GameEventID=278,3,,Miami Heat,Anthony REBOUND (Off:1 Def:2),10:00
http://stats.nba.com/cvp.html?GameID=0021201165&GameEventID=279,3,[ 51 - 54 ],Miami Heat,Anthony 2' Tip Shot (2 PTS),9:58
http://stats.nba.com/cvp.html?GameID=0021201165&GameEventID=280,3,,Washington Wizards,MISS Webster 5' Jump Shot,9:43
http://stats.nba.com/cvp.html?GameID=0021201165&GameEventID=281,3,,Miami Heat,Miller REBOUND (Off:0 Def:4),9:42
http://stats.nba.com/cvp.html?GameID=0021201165&GameEventID=282,3,,Miami Heat,MISS Lewis  3PT Jump Shot,9:35
http://stats.nba.com/cvp.html?GameID=0021201165&GameEventID=283,3,,Washington Wizards,Nene REBOUND (Off:2 Def:1),9:34
http://stats.nba.com/cvp.html?GameID=0021201165&GameEventID=284,3,,Washington Wizards,MISS Wall 15' Jump Shot,9:30
http://stats.nba.com/cvp.html?GameID=0021201165&GameEventID=285,3,,Miami Heat,Anthony REBOUND (Off:1 Def:3),9:28
http://stats.nba.com/cvp.html?GameID=0021201165&GameEventID=286,3,,Miami Heat,MISS Chalmers 27' 3PT Jump Shot,9:20
http://stats.nba.com/cvp.html?GameID=0021201165&GameEventID=287,3,,Miami Heat,Lewis REBOUND (Off:3 Def:1),9:19
http://stats.nba.com/cvp.html?GameID=0021201165&GameEventID=288,3,,Washington Wizards,Nene STEAL (1 STL),9:11
http://stats.nba.com/cvp.html?GameID=0021201165&GameEventID=288,3,,Miami Heat,Lewis Lost Ball Turnover (P2.T18),9:11
http://stats.nba.com/cvp.html?GameID=0021201165&GameEventID=289,3,,Washington Wizards,MISS Okafor 2' Layup,9:01
http://stats.nba.com/cvp.html?GameID=0021201165&GameEventID=289,3,,Miami Heat,Anthony BLOCK (2 BLK),9:01
http://stats.nba.com/cvp.html?GameID=0021201165&GameEventID=290,3,,Washington Wizards,Webster REBOUND (Off:1 Def:0),9:00
http://stats.nba.com/cvp.html?GameID=0021201165&GameEventID=291,3,,Miami Heat,Lewis S.FOUL (P3.T2),9:00
http://stats.nba.com/cvp.html?GameID=0021201165&GameEventID=292,3,[ 51 - 55 ],Washington Wizards,Webster Free Throw 1 of 2 (11 PTS),9:00
http://stats.nba.com/cvp.html?GameID=0021201165&GameEventID=294,3,[ 51 - 56 ],Washington Wizards,Webster Free Throw 2 of 2 (12 PTS),9:00
http://stats.nba.com/cvp.html?GameID=0021201165&GameEventID=297,3,,Miami Heat,MISS Lewis  3PT Jump Shot,8:37
http://stats.nba.com/cvp.html?GameID=0021201165&GameEventID=298,3,,Washington Wizards,Temple REBOUND (Off:0 Def:1),8:36
http://stats.nba.com/cvp.html?GameID=0021201165&GameEventID=299,3,,Washington Wizards,MISS Webster 19' Jump Shot,8:20
http://stats.nba.com/cvp.html?GameID=0021201165&GameEventID=300,3,,Miami Heat,Miller REBOUND (Off:0 Def:5),8:19
http://stats.nba.com/cvp.html?GameID=0021201165&GameEventID=301,3,,Washington Wizards,Webster STEAL (4 STL),8:16
http://stats.nba.com/cvp.html?GameID=0021201165&GameEventID=301,3,,Miami Heat,Miller Bad Pass Turnover (P5.T19),8:16
http://stats.nba.com/cvp.html?GameID=0021201165&GameEventID=302,3,,Washington Wizards,MISS Wall 16' Jump Shot,8:09
http://stats.nba.com/cvp.html?GameID=0021201165&GameEventID=303,3,,Miami Heat,Miller REBOUND (Off:0 Def:6),8:07
http://stats.nba.com/cvp.html?GameID=0021201165&GameEventID=304,3,[ 53 - 56 ],Miami Heat,Chalmers 1' Driving Reverse Layup (5 PTS),7:47
http://stats.nba.com/cvp.html?GameID=0021201165&GameEventID=305,3,[ 53 - 58 ],Washington Wizards,Nene 1' Layup (9 PTS),7:28
http://stats.nba.com/cvp.html?GameID=0021201165&GameEventID=306,3,,Miami Heat,MISS Battier 24' 3PT Jump Shot,7:06
http://stats.nba.com/cvp.html?GameID=0021201165&GameEventID=307,3,,Washington Wizards,Wall REBOUND (Off:2 Def:4),7:04
http://stats.nba.com/cvp.html?GameID=0021201165&GameEventID=308,3,,Washington Wizards,MISS Wall 1' Layup,7:00
http://stats.nba.com/cvp.html?GameID=0021201165&GameEventID=309,3,,Miami Heat,Miller REBOUND (Off:0 Def:7),6:58
http://stats.nba.com/cvp.html?GameID=0021201165&GameEventID=310,3,[ 56 - 58 ],Miami Heat,Chalmers 25' 3PT Pullup Jump Shot (8 PTS),6:50
http://stats.nba.com/cvp.html?GameID=0021201165&GameEventID=311,3,[ 56 - 61 ],Washington Wizards,Temple 25' 3PT Jump Shot (8 PTS) (Nene 2 AST),6:34
http://stats.nba.com/cvp.html?GameID=0021201165&GameEventID=313,3,[ 59 - 61 ],Miami Heat,Chalmers 27' 3PT Pullup Jump Shot (11 PTS),6:07
http://stats.nba.com/cvp.html?GameID=0021201165&GameEventID=314,3,,Washington Wizards,Nene Out of Bounds Lost Ball Turnover (P1.T11),5:55
http://stats.nba.com/cvp.html?GameID=0021201165&GameEventID=315,3,,Washington Wizards,WIZARDS Timeout: Regular (Full 3 Short 0),5:55
http://stats.nba.com/cvp.html?GameID=0021201165&GameEventID=317,3,,Miami Heat,SUB: Allen FOR Lewis,5:55
http://stats.nba.com/cvp.html?GameID=0021201165&GameEventID=318,3,,Miami Heat,MISS Anthony 3' Layup,5:35
http://stats.nba.com/cvp.html?GameID=0021201165&GameEventID=319,3,,Washington Wizards,Okafor REBOUND (Off:1 Def:4),5:33
http://stats.nba.com/cvp.html?GameID=0021201165&GameEventID=320,3,[ 59 - 63 ],Washington Wizards,Okafor 14' Step Back Jump Shot (8 PTS) (Wall 6 AST),5:23
http://stats.nba.com/cvp.html?GameID=0021201165&GameEventID=321,3,,Washington Wizards,Wall STEAL (2 STL),5:09
http://stats.nba.com/cvp.html?GameID=0021201165&GameEventID=321,3,,Miami Heat,Miller Lost Ball Turnover (P6.T20),5:09
http://stats.nba.com/cvp.html?GameID=0021201165&GameEventID=322,3,[ 59 - 65 ],Washington Wizards,Wall  Reverse Dunk (15 PTS) (Webster 2 AST),5:04
http://stats.nba.com/cvp.html?GameID=0021201165&GameEventID=323,3,,Miami Heat,MISS Chalmers 26' 3PT Jump Shot,4:46
http://stats.nba.com/cvp.html?GameID=0021201165&GameEventID=324,3,,Miami Heat,Battier REBOUND (Off:1 Def:2),4:45
http://stats.nba.com/cvp.html?GameID=0021201165&GameEventID=325,3,[ 62 - 65 ],Miami Heat,Miller  3PT Jump Shot (14 PTS) (Allen 1 AST),4:33
http://stats.nba.com/cvp.html?GameID=0021201165&GameEventID=326,3,,Washington Wizards,MISS Wall 3' Jump Shot,4:18
http://stats.nba.com/cvp.html?GameID=0021201165&GameEventID=327,3,,Miami Heat,Anthony REBOUND (Off:1 Def:4),4:17
http://stats.nba.com/cvp.html?GameID=0021201165&GameEventID=328,3,,Washington Wizards,Nene STEAL (2 STL),3:58
http://stats.nba.com/cvp.html?GameID=0021201165&GameEventID=328,3,,Miami Heat,Battier Lost Ball Turnover (P1.T21),3:58
http://stats.nba.com/cvp.html?GameID=0021201165&GameEventID=329,3,,Miami Heat,Anthony S.FOUL (P1.T3),3:52
http://stats.nba.com/cvp.html?GameID=0021201165&GameEventID=330,3,,Washington Wizards,MISS Nene Free Throw 1 of 2,3:52
http://stats.nba.com/cvp.html?GameID=0021201165&GameEventID=331,3,,Washington Wizards,WIZARDS Rebound,3:52
http://stats.nba.com/cvp.html?GameID=0021201165&GameEventID=332,3,,Washington Wizards,SUB: Price FOR Webster,3:52
http://stats.nba.com/cvp.html?GameID=0021201165&GameEventID=333,3,,Washington Wizards,MISS Nene Free Throw 2 of 2,3:52
http://stats.nba.com/cvp.html?GameID=0021201165&GameEventID=335,3,,Miami Heat,Miller REBOUND (Off:0 Def:8),3:51
http://stats.nba.com/cvp.html?GameID=0021201165&GameEventID=337,3,,Miami Heat,MISS Miller 26' 3PT Jump Shot,3:39
http://stats.nba.com/cvp.html?GameID=0021201165&GameEventID=338,3,,Miami Heat,Anthony REBOUND (Off:2 Def:4),3:38
http://stats.nba.com/cvp.html?GameID=0021201165&GameEventID=339,3,[ 65 - 65 ],Miami Heat,Battier 26' 3PT Jump Shot (15 PTS) (Chalmers 8 AST),3:22
http://stats.nba.com/cvp.html?GameID=0021201165&GameEventID=340,3,[ 65 - 68 ],Washington Wizards,Price 24' 3PT Jump Shot (11 PTS) (Temple 2 AST),3:01
http://stats.nba.com/cvp.html?GameID=0021201165&GameEventID=341,3,,Miami Heat,MISS Allen 15' Jump Shot,2:42
http://stats.nba.com/cvp.html?GameID=0021201165&GameEventID=342,3,,Miami Heat,Allen REBOUND (Off:2 Def:1),2:41
http://stats.nba.com/cvp.html?GameID=0021201165&GameEventID=343,3,,Miami Heat,MISS Allen 10' Jump Shot,2:35
http://stats.nba.com/cvp.html?GameID=0021201165&GameEventID=344,3,,Washington Wizards,Temple REBOUND (Off:0 Def:2),2:34
http://stats.nba.com/cvp.html?GameID=0021201165&GameEventID=345,3,[ 65 - 70 ],Washington Wizards,Nene 1' Finger Roll Layup (11 PTS) (Wall 7 AST),2:29
http://stats.nba.com/cvp.html?GameID=0021201165&GameEventID=346,3,,Miami Heat,Heat Timeout: Regular (Reg.3 Short 0),2:28
http://stats.nba.com/cvp.html?GameID=0021201165&GameEventID=349,3,,Miami Heat,SUB: Andersen FOR Battier,2:28
http://stats.nba.com/cvp.html?GameID=0021201165&GameEventID=350,3,,Miami Heat,SUB: Lewis FOR Anthony,2:28
http://stats.nba.com/cvp.html?GameID=0021201165&GameEventID=351,3,,Miami Heat,SUB: Cole FOR Miller,2:28
http://stats.nba.com/cvp.html?GameID=0021201165&GameEventID=352,3,,Miami Heat,SUB: Jones FOR Chalmers,2:28
http://stats.nba.com/cvp.html?GameID=0021201165&GameEventID=353,3,,Washington Wizards,SUB: Vesely FOR Nene,2:28
http://stats.nba.com/cvp.html?GameID=0021201165&GameEventID=354,3,,Washington Wizards,Vesely S.FOUL (P2.T3),2:06
http://stats.nba.com/cvp.html?GameID=0021201165&GameEventID=355,3,[ 66 - 70 ],Miami Heat,Lewis Free Throw 1 of 2 (8 PTS),2:06
http://stats.nba.com/cvp.html?GameID=0021201165&GameEventID=357,3,[ 67 - 70 ],Miami Heat,Lewis Free Throw 2 of 2 (9 PTS),2:06
http://stats.nba.com/cvp.html?GameID=0021201165&GameEventID=360,3,[ 67 - 72 ],Washington Wizards,Price 7' Floating Jump Shot (13 PTS),1:43
http://stats.nba.com/cvp.html?GameID=0021201165&GameEventID=361,3,,Miami Heat,MISS Cole 32' 3PT Jump Shot,1:17
http://stats.nba.com/cvp.html?GameID=0021201165&GameEventID=362,3,,Washington Wizards,Okafor REBOUND (Off:1 Def:5),1:16
http://stats.nba.com/cvp.html?GameID=0021201165&GameEventID=363,3,,Washington Wizards,MISS Okafor 15' Jump Shot,1:05
http://stats.nba.com/cvp.html?GameID=0021201165&GameEventID=364,3,,Miami Heat,Andersen REBOUND (Off:1 Def:2),1:04
http://stats.nba.com/cvp.html?GameID=0021201165&GameEventID=365,3,,Washington Wizards,Vesely P.FOUL (P3.T4),0:59
http://stats.nba.com/cvp.html?GameID=0021201165&GameEventID=366,3,,Washington Wizards,SUB: Seraphin FOR Okafor,0:59
http://stats.nba.com/cvp.html?GameID=0021201165&GameEventID=367,3,,Miami Heat,MISS Lewis 21' Jump Shot,0:47
http://stats.nba.com/cvp.html?GameID=0021201165&GameEventID=368,3,,Washington Wizards,Vesely REBOUND (Off:0 Def:3),0:46
http://stats.nba.com/cvp.html?GameID=0021201165&GameEventID=369,3,,Washington Wizards,MISS Price 1' Layup,0:37
http://stats.nba.com/cvp.html?GameID=0021201165&GameEventID=369,3,,Miami Heat,Andersen BLOCK (2 BLK),0:37
http://stats.nba.com/cvp.html?GameID=0021201165&GameEventID=370,3,,Washington Wizards,WIZARDS Rebound,0:37
http://stats.nba.com/cvp.html?GameID=0021201165&GameEventID=371,3,,Miami Heat,Cole P.FOUL (P1.T4),0:32
http://stats.nba.com/cvp.html?GameID=0021201165&GameEventID=372,3,,Washington Wizards,MISS Wall 1' Layup,0:27
http://stats.nba.com/cvp.html?GameID=0021201165&GameEventID=372,3,,Miami Heat,Andersen BLOCK (3 BLK),0:27
http://stats.nba.com/cvp.html?GameID=0021201165&GameEventID=373,3,,Miami Heat,Allen REBOUND (Off:2 Def:2),0:25
http://stats.nba.com/cvp.html?GameID=0021201165&GameEventID=374,3,,Washington Wizards,Price P.FOUL (P3.PN),0:25
http://stats.nba.com/cvp.html?GameID=0021201165&GameEventID=375,3,[ 68 - 72 ],Miami Heat,Allen Free Throw 1 of 2 (11 PTS),0:25
http://stats.nba.com/cvp.html?GameID=0021201165&GameEventID=377,3,[ 69 - 72 ],Miami Heat,Allen Free Throw 2 of 2 (12 PTS),0:25
http://stats.nba.com/cvp.html?GameID=0021201165&GameEventID=380,3,,Washington Wizards,MISS Temple 26' 3PT Jump Shot,0:02
http://stats.nba.com/cvp.html?GameID=0021201165&GameEventID=381,3,,Miami Heat,Cole REBOUND (Off:1 Def:2),0:01
http://stats.nba.com/cvp.html?GameID=0021201165&GameEventID=385,4,,Miami Heat,MISS Jones  3PT Jump Shot,11:39
http://stats.nba.com/cvp.html?GameID=0021201165&GameEventID=386,4,,Washington Wizards,Seraphin REBOUND (Off:0 Def:3),11:38
http://stats.nba.com/cvp.html?GameID=0021201165&GameEventID=387,4,,Washington Wizards,MISS Price 27' 3PT Jump Shot,11:24
http://stats.nba.com/cvp.html?GameID=0021201165&GameEventID=388,4,,Miami Heat,Allen REBOUND (Off:2 Def:3),11:22
http://stats.nba.com/cvp.html?GameID=0021201165&GameEventID=389,4,[ 71 - 72 ],Miami Heat,Cole 1' Layup (6 PTS),11:04
http://stats.nba.com/cvp.html?GameID=0021201165&GameEventID=390,4,,Washington Wizards,SUB: Martin FOR Wall,10:47
http://stats.nba.com/cvp.html?GameID=0021201165&GameEventID=391,4,,Washington Wizards,MISS Seraphin 20' Jump Shot,10:40
http://stats.nba.com/cvp.html?GameID=0021201165&GameEventID=392,4,,Miami Heat,Jones REBOUND (Off:0 Def:4),10:39
http://stats.nba.com/cvp.html?GameID=0021201165&GameEventID=393,4,,Miami Heat,MISS Allen 25' 3PT Jump Shot,10:28
http://stats.nba.com/cvp.html?GameID=0021201165&GameEventID=394,4,,Washington Wizards,Vesely REBOUND (Off:0 Def:4),10:27
http://stats.nba.com/cvp.html?GameID=0021201165&GameEventID=395,4,,Miami Heat,Jones S.FOUL (P2.T1),10:23
http://stats.nba.com/cvp.html?GameID=0021201165&GameEventID=396,4,[ 71 - 73 ],Washington Wizards,Price Free Throw 1 of 2 (14 PTS),10:23
http://stats.nba.com/cvp.html?GameID=0021201165&GameEventID=398,4,[ 71 - 74 ],Washington Wizards,Price Free Throw 2 of 2 (15 PTS),10:23
http://stats.nba.com/cvp.html?GameID=0021201165&GameEventID=401,4,,Washington Wizards,Temple P.FOUL (P2.T1),10:06
http://stats.nba.com/cvp.html?GameID=0021201165&GameEventID=402,4,[ 73 - 74 ],Miami Heat,Allen 6' Driving Bank Shot (14 PTS),9:51
http://stats.nba.com/cvp.html?GameID=0021201165&GameEventID=403,4,,Washington Wizards,MISS Temple 24' 3PT Jump Shot,9:36
http://stats.nba.com/cvp.html?GameID=0021201165&GameEventID=404,4,,Miami Heat,Andersen REBOUND (Off:1 Def:3),9:35
http://stats.nba.com/cvp.html?GameID=0021201165&GameEventID=405,4,,Washington Wizards,Seraphin BLOCK (2 BLK),9:25
http://stats.nba.com/cvp.html?GameID=0021201165&GameEventID=405,4,,Miami Heat,MISS Andersen 1' Layup,9:25
http://stats.nba.com/cvp.html?GameID=0021201165&GameEventID=406,4,,Miami Heat,Andersen REBOUND (Off:2 Def:3),9:23
http://stats.nba.com/cvp.html?GameID=0021201165&GameEventID=407,4,[ 76 - 74 ],Miami Heat,Jones  3PT Jump Shot (3 PTS) (Andersen 1 AST),9:18
http://stats.nba.com/cvp.html?GameID=0021201165&GameEventID=408,4,,Washington Wizards,Temple Bad Pass Turnover (P2.T12),9:08
http://stats.nba.com/cvp.html?GameID=0021201165&GameEventID=408,4,,Miami Heat,Allen STEAL (2 STL),9:08
http://stats.nba.com/cvp.html?GameID=0021201165&GameEventID=409,4,[ 78 - 74 ],Miami Heat,Allen 2' Reverse Layup (16 PTS),8:48
http://stats.nba.com/cvp.html?GameID=0021201165&GameEventID=410,4,,Washington Wizards,WIZARDS Timeout: Regular (Full 4 Short 0),8:48
http://stats.nba.com/cvp.html?GameID=0021201165&GameEventID=412,4,,Washington Wizards,Seraphin Bad Pass Turnover (P2.T13),8:32
http://stats.nba.com/cvp.html?GameID=0021201165&GameEventID=412,4,,Miami Heat,Allen STEAL (3 STL),8:32
http://stats.nba.com/cvp.html?GameID=0021201165&GameEventID=413,4,[ 80 - 74 ],Miami Heat,Cole 1' Running Layup (8 PTS) (Allen 2 AST),8:27
http://stats.nba.com/cvp.html?GameID=0021201165&GameEventID=414,4,,Washington Wizards,Temple Bad Pass Turnover (P3.T14),8:09
http://stats.nba.com/cvp.html?GameID=0021201165&GameEventID=414,4,,Miami Heat,Cole STEAL (1 STL),8:09
http://stats.nba.com/cvp.html?GameID=0021201165&GameEventID=415,4,,Washington Wizards,Vesely STEAL (1 STL),8:05
http://stats.nba.com/cvp.html?GameID=0021201165&GameEventID=415,4,,Miami Heat,Cole Bad Pass Turnover (P4.T22),8:05
http://stats.nba.com/cvp.html?GameID=0021201165&GameEventID=416,4,,Washington Wizards,MISS Martin 4' Jump Shot,7:41
http://stats.nba.com/cvp.html?GameID=0021201165&GameEventID=417,4,,Miami Heat,Jones REBOUND (Off:0 Def:5),7:40
http://stats.nba.com/cvp.html?GameID=0021201165&GameEventID=418,4,[ 83 - 74 ],Miami Heat,Lewis  3PT Jump Shot (12 PTS) (Allen 3 AST),7:22
http://stats.nba.com/cvp.html?GameID=0021201165&GameEventID=419,4,[ 83 - 76 ],Washington Wizards,Seraphin 4' Turnaround Hook Shot (4 PTS) (Vesely 2 AST),7:01
http://stats.nba.com/cvp.html?GameID=0021201165&GameEventID=420,4,,Washington Wizards,Seraphin S.FOUL (P2.T2),6:42
http://stats.nba.com/cvp.html?GameID=0021201165&GameEventID=421,4,[ 84 - 76 ],Miami Heat,Andersen Free Throw 1 of 2 (3 PTS),6:42
http://stats.nba.com/cvp.html?GameID=0021201165&GameEventID=423,4,,Washington Wizards,SUB: Wall FOR Temple,6:42
http://stats.nba.com/cvp.html?GameID=0021201165&GameEventID=424,4,[ 85 - 76 ],Miami Heat,Andersen Free Throw 2 of 2 (4 PTS),6:42
http://stats.nba.com/cvp.html?GameID=0021201165&GameEventID=427,4,[ 85 - 79 ],Washington Wizards,Price 26' 3PT Jump Shot (18 PTS) (Wall 8 AST),6:31
http://stats.nba.com/cvp.html?GameID=0021201165&GameEventID=428,4,,Washington Wizards,Martin S.FOUL (P2.T3),6:09
http://stats.nba.com/cvp.html?GameID=0021201165&GameEventID=429,4,[ 86 - 79 ],Miami Heat,Andersen Free Throw 1 of 2 (5 PTS),6:09
http://stats.nba.com/cvp.html?GameID=0021201165&GameEventID=431,4,[ 87 - 79 ],Miami Heat,Andersen Free Throw 2 of 2 (6 PTS),6:09
http://stats.nba.com/cvp.html?GameID=0021201165&GameEventID=433,4,[ 87 - 82 ],Washington Wizards,Price 28' 3PT Jump Shot (21 PTS) (Wall 9 AST),5:58
http://stats.nba.com/cvp.html?GameID=0021201165&GameEventID=434,4,,Miami Heat,MISS Jones 24' 3PT Jump Shot,5:38
http://stats.nba.com/cvp.html?GameID=0021201165&GameEventID=435,4,,Washington Wizards,Wall REBOUND (Off:2 Def:5),5:37
http://stats.nba.com/cvp.html?GameID=0021201165&GameEventID=436,4,[ 87 - 84 ],Washington Wizards,Wall 2' Driving Layup (17 PTS),5:32
http://stats.nba.com/cvp.html?GameID=0021201165&GameEventID=437,4,,Miami Heat,Heat Timeout: Regular (Reg.4 Short 0),5:32
http://stats.nba.com/cvp.html?GameID=0021201165&GameEventID=440,4,,Miami Heat,SUB: Battier FOR Jones,5:32
http://stats.nba.com/cvp.html?GameID=0021201165&GameEventID=441,4,,Miami Heat,Allen OFF.Foul (P3),5:14
http://stats.nba.com/cvp.html?GameID=0021201165&GameEventID=442,4,,Miami Heat,Allen Foul Turnover (P1.T23),5:14
http://stats.nba.com/cvp.html?GameID=0021201165&GameEventID=443,4,,Miami Heat,SUB: Chalmers FOR Cole,5:14
http://stats.nba.com/cvp.html?GameID=0021201165&GameEventID=444,4,[ 87 - 86 ],Washington Wizards,Seraphin 4' Hook Shot (6 PTS),4:59
http://stats.nba.com/cvp.html?GameID=0021201165&GameEventID=445,4,[ 89 - 86 ],Miami Heat,Allen 3' Turnaround Bank Shot (18 PTS) (Lewis 1 AST),4:43
http://stats.nba.com/cvp.html?GameID=0021201165&GameEventID=446,4,,Washington Wizards,Wall S.FOUL (P1.T4),4:43
http://stats.nba.com/cvp.html?GameID=0021201165&GameEventID=447,4,,Washington Wizards,SUB: Nene FOR Seraphin,4:43
http://stats.nba.com/cvp.html?GameID=0021201165&GameEventID=448,4,[ 90 - 86 ],Miami Heat,Allen Free Throw 1 of 1 (19 PTS),4:43
http://stats.nba.com/cvp.html?GameID=0021201165&GameEventID=451,4,,Washington Wizards,Martin Step Out of Bounds Turnover (P1.T15),4:32
http://stats.nba.com/cvp.html?GameID=0021201165&GameEventID=452,4,[ 93 - 86 ],Miami Heat,Allen 25' 3PT Step Back Jump Shot (22 PTS),4:12
http://stats.nba.com/cvp.html?GameID=0021201165&GameEventID=453,4,[ 93 - 88 ],Washington Wizards,Nene 1' Driving Slam Dunk (13 PTS),3:58
http://stats.nba.com/cvp.html?GameID=0021201165&GameEventID=454,4,[ 96 - 88 ],Miami Heat,Lewis  3PT Jump Shot (15 PTS) (Allen 4 AST),3:24
http://stats.nba.com/cvp.html?GameID=0021201165&GameEventID=455,4,,Washington Wizards,MISS Nene 19' Jump Shot,3:12
http://stats.nba.com/cvp.html?GameID=0021201165&GameEventID=456,4,,Washington Wizards,Wall REBOUND (Off:3 Def:5),3:11
http://stats.nba.com/cvp.html?GameID=0021201165&GameEventID=457,4,,Washington Wizards,MISS Wall 26' 3PT Jump Shot,3:05
http://stats.nba.com/cvp.html?GameID=0021201165&GameEventID=458,4,,Miami Heat,Chalmers REBOUND (Off:1 Def:3),3:04
http://stats.nba.com/cvp.html?GameID=0021201165&GameEventID=459,4,,Washington Wizards,Vesely S.FOUL (P4.PN),2:52
http://stats.nba.com/cvp.html?GameID=0021201165&GameEventID=462,4,,Washington Wizards,SUB: Temple FOR Martin,2:52
http://stats.nba.com/cvp.html?GameID=0021201165&GameEventID=463,4,[ 97 - 88 ],Miami Heat,Andersen Free Throw 1 of 2 (7 PTS),2:52
http://stats.nba.com/cvp.html?GameID=0021201165&GameEventID=465,4,[ 98 - 88 ],Miami Heat,Andersen Free Throw 2 of 2 (8 PTS),2:52
http://stats.nba.com/cvp.html?GameID=0021201165&GameEventID=468,4,,Miami Heat,Allen P.FOUL (P4.T2),2:47
http://stats.nba.com/cvp.html?GameID=0021201165&GameEventID=469,4,,Washington Wizards,MISS Temple 8' Jump Shot,2:35
http://stats.nba.com/cvp.html?GameID=0021201165&GameEventID=470,4,,Miami Heat,Allen REBOUND (Off:2 Def:4),2:34
http://stats.nba.com/cvp.html?GameID=0021201165&GameEventID=471,4,,Washington Wizards,Wall BLOCK (2 BLK),2:12
http://stats.nba.com/cvp.html?GameID=0021201165&GameEventID=471,4,,Miami Heat,MISS Andersen 2' Layup,2:12
http://stats.nba.com/cvp.html?GameID=0021201165&GameEventID=472,4,,Washington Wizards,Temple REBOUND (Off:0 Def:3),2:10
http://stats.nba.com/cvp.html?GameID=0021201165&GameEventID=473,4,,Washington Wizards,Temple OFF.Foul (P3),2:07
http://stats.nba.com/cvp.html?GameID=0021201165&GameEventID=474,4,,Washington Wizards,Temple Foul Turnover (P4.T16),2:07
http://stats.nba.com/cvp.html?GameID=0021201165&GameEventID=476,4,,Miami Heat,MISS Allen 26' 3PT Jump Shot,1:53
http://stats.nba.com/cvp.html?GameID=0021201165&GameEventID=477,4,,Washington Wizards,Vesely REBOUND (Off:0 Def:5),1:51
http://stats.nba.com/cvp.html?GameID=0021201165&GameEventID=478,4,,Washington Wizards,MISS Price 27' 3PT Jump Shot,1:43
http://stats.nba.com/cvp.html?GameID=0021201165&GameEventID=479,4,,Miami Heat,Andersen REBOUND (Off:2 Def:4),1:41
http://stats.nba.com/cvp.html?GameID=0021201165&GameEventID=480,4,,Miami Heat,Heat Turnover: Backcourt (T#24),1:23
http://stats.nba.com/cvp.html?GameID=0021201165&GameEventID=481,4,,Washington Wizards,WIZARDS Timeout: Regular (Full 5 Short 0),1:23
http://stats.nba.com/cvp.html?GameID=0021201165&GameEventID=483,4,,Washington Wizards,SUB: Martin FOR Temple,1:23
http://stats.nba.com/cvp.html?GameID=0021201165&GameEventID=484,4,,Washington Wizards,SUB: Seraphin FOR Nene,1:23
http://stats.nba.com/cvp.html?GameID=0021201165&GameEventID=485,4,,Miami Heat,Battier S.FOUL (P2.T3),1:18
http://stats.nba.com/cvp.html?GameID=0021201165&GameEventID=486,4,[ 98 - 89 ],Washington Wizards,Seraphin Free Throw 1 of 2 (7 PTS),1:18
http://stats.nba.com/cvp.html?GameID=0021201165&GameEventID=488,4,,Washington Wizards,MISS Seraphin Free Throw 2 of 2,1:18
http://stats.nba.com/cvp.html?GameID=0021201165&GameEventID=490,4,,Miami Heat,Lewis REBOUND (Off:3 Def:2),1:17
http://stats.nba.com/cvp.html?GameID=0021201165&GameEventID=491,4,,Miami Heat,MISS Battier 28' 3PT Jump Shot,0:56
http://stats.nba.com/cvp.html?GameID=0021201165&GameEventID=492,4,,Washington Wizards,Wall REBOUND (Off:3 Def:6),0:55
http://stats.nba.com/cvp.html?GameID=0021201165&GameEventID=493,4,[ 98 - 91 ],Washington Wizards,Martin 1' Layup (5 PTS) (Wall 10 AST),0:53
http://stats.nba.com/cvp.html?GameID=0021201165&GameEventID=494,4,[ 100 - 91 ],Miami Heat,Chalmers 2' Running Layup (13 PTS),0:31
http://stats.nba.com/cvp.html?GameID=0021201165&GameEventID=496,4,,Miami Heat,Andersen Violation:Defensive Goaltending,0:19
http://stats.nba.com/cvp.html?GameID=0021201165&GameEventID=495,4,[ 100 - 93 ],Washington Wizards,Seraphin 5' Turnaround Hook Shot (9 PTS) (Wall 11 AST),0:19
http://stats.nba.com/cvp.html?GameID=0021201165&GameEventID=498,4,,Washington Wizards,Price STEAL (2 STL),0:18
http://stats.nba.com/cvp.html?GameID=0021201165&GameEventID=498,4,,Miami Heat,Chalmers Bad Pass Turnover (P4.T25),0:18
http://stats.nba.com/cvp.html?GameID=0021201165&GameEventID=499,4,[ 100 - 95 ],Washington Wizards,Price 1' Layup (23 PTS),0:18
http://stats.nba.com/cvp.html?GameID=0021201165&GameEventID=500,4,,Miami Heat,Heat Timeout: Regular (Reg.5 Short 0),0:18
http://stats.nba.com/cvp.html?GameID=0021201165&GameEventID=502,4,,Washington Wizards,SUB: Temple FOR Seraphin,0:18
http://stats.nba.com/cvp.html?GameID=0021201165&GameEventID=503,4,,Washington Wizards,Wall P.FOUL (P2.PN),0:16
http://stats.nba.com/cvp.html?GameID=0021201165&GameEventID=504,4,[ 101 - 95 ],Miami Heat,Lewis Free Throw 1 of 2 (16 PTS),0:16
http://stats.nba.com/cvp.html?GameID=0021201165&GameEventID=506,4,,Washington Wizards,SUB: Seraphin FOR Temple,0:16
http://stats.nba.com/cvp.html?GameID=0021201165&GameEventID=507,4,[ 102 - 95 ],Miami Heat,Lewis Free Throw 2 of 2 (17 PTS),0:16
http://stats.nba.com/cvp.html?GameID=0021201165&GameEventID=509,4,,Washington Wizards,WIZARDS Timeout: Short (Full 5 Short 1),0:16
http://stats.nba.com/cvp.html?GameID=0021201165&GameEventID=510,4,,Washington Wizards,SUB: Temple FOR Vesely,0:16
http://stats.nba.com/cvp.html?GameID=0021201165&GameEventID=512,4,,Washington Wizards,MISS Temple 26' 3PT Jump Shot,0:10
http://stats.nba.com/cvp.html?GameID=0021201165&GameEventID=513,4,,Washington Wizards,Martin REBOUND (Off:1 Def:1),0:09
http://stats.nba.com/cvp.html?GameID=0021201165&GameEventID=514,4,[ 102 - 98 ],Washington Wizards,Martin 27' 3PT Jump Shot (8 PTS),0:07
http://stats.nba.com/cvp.html?GameID=0021201165&GameEventID=515,4,,Washington Wizards,Price P.FOUL (P4.PN),0:06
http://stats.nba.com/cvp.html?GameID=0021201165&GameEventID=516,4,,Miami Heat,MISS Allen Free Throw 1 of 2,0:06
http://stats.nba.com/cvp.html?GameID=0021201165&GameEventID=517,4,,Miami Heat,Heat Rebound,0:06
http://stats.nba.com/cvp.html?GameID=0021201165&GameEventID=518,4,[ 103 - 98 ],Miami Heat,Allen Free Throw 2 of 2 (23 PTS),0:06
http://stats.nba.com/cvp.html?GameID=0021201165&GameEventID=520,4,,Washington Wizards,WIZARDS Timeout: Short (Full 5 Short 2),0:06
http://stats.nba.com/cvp.html?GameID=0021201165&GameEventID=521,4,,Washington Wizards,MISS Martin 24' 3PT Jump Shot,0:03
http://stats.nba.com/cvp.html?GameID=0021201165&GameEventID=521,4,,Miami Heat,Lewis BLOCK (1 BLK),0:03
http://stats.nba.com/cvp.html?GameID=0021201165&GameEventID=522,4,,Miami Heat,Andersen REBOUND (Off:2 Def:5),0:01
