http://stats.nba.com/cvp.html?GameID=0021200550&GameEventID=1,1,,Toronto Raptors,Jump Ball Johnson vs. Sanders: Tip to Calderon,12:00
http://stats.nba.com/cvp.html?GameID=0021200550&GameEventID=2,1,[ 0 - 2 ],Toronto Raptors,Calderon 17' Pullup Jump Shot (2 PTS),11:35
http://stats.nba.com/cvp.html?GameID=0021200550&GameEventID=3,1,,Milwaukee Bucks,MISS Ellis 4' Driving Hook Shot,11:17
http://stats.nba.com/cvp.html?GameID=0021200550&GameEventID=4,1,,Toronto Raptors,Johnson REBOUND (Off:0 Def:1),11:16
http://stats.nba.com/cvp.html?GameID=0021200550&GameEventID=5,1,[ 0 - 4 ],Toronto Raptors,Johnson 3' Running Layup (2 PTS) (Fields 1 AST),11:10
http://stats.nba.com/cvp.html?GameID=0021200550&GameEventID=6,1,,Milwaukee Bucks,Sanders Traveling Turnover (P1.T1),11:02
http://stats.nba.com/cvp.html?GameID=0021200550&GameEventID=7,1,,Toronto Raptors,MISS Johnson 20' Jump Shot,10:43
http://stats.nba.com/cvp.html?GameID=0021200550&GameEventID=8,1,,Milwaukee Bucks,Mbah a Moute REBOUND (Off:0 Def:1),10:43
http://stats.nba.com/cvp.html?GameID=0021200550&GameEventID=9,1,[ 2 - 4 ],Milwaukee Bucks,Mbah a Moute 20' Jump Shot (2 PTS) (Jennings 1 AST),10:31
http://stats.nba.com/cvp.html?GameID=0021200550&GameEventID=10,1,,Toronto Raptors,Fields Offensive Charge Foul (P1.T1),10:18
http://stats.nba.com/cvp.html?GameID=0021200550&GameEventID=11,1,,Toronto Raptors,Fields Foul Turnover (P1.T1),10:18
http://stats.nba.com/cvp.html?GameID=0021200550&GameEventID=13,1,,Milwaukee Bucks,MISS Ilyasova 21' Turnaround Fadeaway Shot,9:54
http://stats.nba.com/cvp.html?GameID=0021200550&GameEventID=14,1,,Toronto Raptors,Calderon REBOUND (Off:0 Def:1),9:52
http://stats.nba.com/cvp.html?GameID=0021200550&GameEventID=15,1,[ 2 - 6 ],Toronto Raptors,Davis 12' Turnaround Hook Shot (2 PTS),9:40
http://stats.nba.com/cvp.html?GameID=0021200550&GameEventID=16,1,[ 5 - 6 ],Milwaukee Bucks,Jennings 27' 3PT Jump Shot (3 PTS) (Mbah a Moute 1 AST),9:22
http://stats.nba.com/cvp.html?GameID=0021200550&GameEventID=18,1,[ 5 - 8 ],Toronto Raptors,Calderon 21' Pullup Jump Shot (4 PTS),9:01
http://stats.nba.com/cvp.html?GameID=0021200550&GameEventID=19,1,[ 7 - 8 ],Milwaukee Bucks,Mbah a Moute 20' Jump Shot (4 PTS) (Jennings 2 AST),8:45
http://stats.nba.com/cvp.html?GameID=0021200550&GameEventID=20,1,[ 7 - 10 ],Toronto Raptors,DeRozan 17' Jump Shot (2 PTS) (Calderon 1 AST),8:30
http://stats.nba.com/cvp.html?GameID=0021200550&GameEventID=21,1,,Milwaukee Bucks,MISS Jennings 28' 3PT Pullup Jump Shot,8:23
http://stats.nba.com/cvp.html?GameID=0021200550&GameEventID=22,1,,Toronto Raptors,Davis REBOUND (Off:0 Def:1),8:22
http://stats.nba.com/cvp.html?GameID=0021200550&GameEventID=23,1,,Toronto Raptors,Jump Ball Calderon vs. Jennings: Tip to DeRozan,8:15
http://stats.nba.com/cvp.html?GameID=0021200550&GameEventID=24,1,,Toronto Raptors,MISS Calderon 15' Jump Shot,8:00
http://stats.nba.com/cvp.html?GameID=0021200550&GameEventID=25,1,,Toronto Raptors,RAPTORS Rebound,7:59
http://stats.nba.com/cvp.html?GameID=0021200550&GameEventID=27,1,[ 7 - 12 ],Toronto Raptors,Davis 1' Driving Jump Shot (4 PTS) (Calderon 2 AST),7:48
http://stats.nba.com/cvp.html?GameID=0021200550&GameEventID=28,1,,Milwaukee Bucks,Ellis Bad Pass Turnover (P1.T2),7:39
http://stats.nba.com/cvp.html?GameID=0021200550&GameEventID=29,1,,Milwaukee Bucks,Ilyasova P.FOUL (P1.T1),7:27
http://stats.nba.com/cvp.html?GameID=0021200550&GameEventID=30,1,,Toronto Raptors,MISS Johnson 4' Driving Layup,7:18
http://stats.nba.com/cvp.html?GameID=0021200550&GameEventID=30,1,,Milwaukee Bucks,Sanders BLOCK (1 BLK),7:18
http://stats.nba.com/cvp.html?GameID=0021200550&GameEventID=31,1,,Toronto Raptors,Davis REBOUND (Off:1 Def:1),7:16
http://stats.nba.com/cvp.html?GameID=0021200550&GameEventID=32,1,[ 7 - 14 ],Toronto Raptors,Johnson 2' Layup (4 PTS) (Davis 1 AST),7:13
http://stats.nba.com/cvp.html?GameID=0021200550&GameEventID=34,1,,Milwaukee Bucks,MISS Ellis 24' 3PT Jump Shot,6:54
http://stats.nba.com/cvp.html?GameID=0021200550&GameEventID=35,1,,Toronto Raptors,RAPTORS Rebound,6:54
http://stats.nba.com/cvp.html?GameID=0021200550&GameEventID=36,1,,Milwaukee Bucks,Sanders L.B.FOUL (P1.T2),6:54
http://stats.nba.com/cvp.html?GameID=0021200550&GameEventID=37,1,[ 7 - 17 ],Toronto Raptors,Calderon 28' 3PT Jump Shot (7 PTS) (DeRozan 1 AST),6:38
http://stats.nba.com/cvp.html?GameID=0021200550&GameEventID=38,1,,Milwaukee Bucks,Bucks Timeout: Regular (Reg.1 Short 0),6:30
http://stats.nba.com/cvp.html?GameID=0021200550&GameEventID=42,1,,Toronto Raptors,Fields S.FOUL (P2.T2),6:21
http://stats.nba.com/cvp.html?GameID=0021200550&GameEventID=43,1,[ 8 - 17 ],Milwaukee Bucks,Sanders Free Throw 1 of 2 (1 PTS),6:21
http://stats.nba.com/cvp.html?GameID=0021200550&GameEventID=45,1,,Toronto Raptors,SUB: Anderson FOR Fields,6:21
http://stats.nba.com/cvp.html?GameID=0021200550&GameEventID=46,1,,Milwaukee Bucks,MISS Sanders Free Throw 2 of 2,6:21
http://stats.nba.com/cvp.html?GameID=0021200550&GameEventID=48,1,,Toronto Raptors,Davis REBOUND (Off:1 Def:2),6:19
http://stats.nba.com/cvp.html?GameID=0021200550&GameEventID=50,1,,Toronto Raptors,MISS Anderson  3PT Jump Shot,5:57
http://stats.nba.com/cvp.html?GameID=0021200550&GameEventID=51,1,,Milwaukee Bucks,Ellis REBOUND (Off:0 Def:1),5:56
http://stats.nba.com/cvp.html?GameID=0021200550&GameEventID=52,1,,Toronto Raptors,Johnson STEAL (1 STL),5:43
http://stats.nba.com/cvp.html?GameID=0021200550&GameEventID=52,1,,Milwaukee Bucks,Ilyasova Bad Pass Turnover (P1.T3),5:43
http://stats.nba.com/cvp.html?GameID=0021200550&GameEventID=53,1,[ 8 - 19 ],Toronto Raptors,Calderon 16' Pullup Jump Shot (9 PTS) (Johnson 1 AST),5:25
http://stats.nba.com/cvp.html?GameID=0021200550&GameEventID=54,1,[ 10 - 19 ],Milwaukee Bucks,Mbah a Moute 20' Jump Shot (6 PTS) (Sanders 1 AST),5:11
http://stats.nba.com/cvp.html?GameID=0021200550&GameEventID=55,1,,Milwaukee Bucks,Ellis S.FOUL (P1.T3),4:53
http://stats.nba.com/cvp.html?GameID=0021200550&GameEventID=56,1,[ 10 - 20 ],Toronto Raptors,DeRozan Free Throw 1 of 2 (3 PTS),4:53
http://stats.nba.com/cvp.html?GameID=0021200550&GameEventID=58,1,,Milwaukee Bucks,SUB: Udoh FOR Sanders,4:53
http://stats.nba.com/cvp.html?GameID=0021200550&GameEventID=59,1,[ 10 - 21 ],Toronto Raptors,DeRozan Free Throw 2 of 2 (4 PTS),4:53
http://stats.nba.com/cvp.html?GameID=0021200550&GameEventID=61,1,,Milwaukee Bucks,MISS Mbah a Moute 24' 3PT Jump Shot,4:42
http://stats.nba.com/cvp.html?GameID=0021200550&GameEventID=62,1,,Toronto Raptors,DeRozan REBOUND (Off:0 Def:1),4:41
http://stats.nba.com/cvp.html?GameID=0021200550&GameEventID=63,1,[ 10 - 24 ],Toronto Raptors,Calderon 26' 3PT Jump Shot (12 PTS) (DeRozan 2 AST),4:31
http://stats.nba.com/cvp.html?GameID=0021200550&GameEventID=65,1,,Milwaukee Bucks,Jennings Offensive Charge Foul (P1.T4),4:17
http://stats.nba.com/cvp.html?GameID=0021200550&GameEventID=66,1,,Milwaukee Bucks,Jennings Foul Turnover (P1.T4),4:17
http://stats.nba.com/cvp.html?GameID=0021200550&GameEventID=67,1,,Milwaukee Bucks,SUB: Udrih FOR Jennings,4:17
http://stats.nba.com/cvp.html?GameID=0021200550&GameEventID=68,1,,Milwaukee Bucks,Ilyasova S.FOUL (P2.PN),4:04
http://stats.nba.com/cvp.html?GameID=0021200550&GameEventID=69,1,,Toronto Raptors,MISS Davis Free Throw 1 of 2,4:04
http://stats.nba.com/cvp.html?GameID=0021200550&GameEventID=70,1,,Toronto Raptors,RAPTORS Rebound,4:04
http://stats.nba.com/cvp.html?GameID=0021200550&GameEventID=71,1,,Milwaukee Bucks,SUB: Henson FOR Ilyasova,4:04
http://stats.nba.com/cvp.html?GameID=0021200550&GameEventID=72,1,[ 10 - 25 ],Toronto Raptors,Davis Free Throw 2 of 2 (5 PTS),4:04
http://stats.nba.com/cvp.html?GameID=0021200550&GameEventID=74,1,,Toronto Raptors,Calderon STEAL (1 STL),3:55
http://stats.nba.com/cvp.html?GameID=0021200550&GameEventID=74,1,,Milwaukee Bucks,Udrih Bad Pass Turnover (P1.T5),3:55
http://stats.nba.com/cvp.html?GameID=0021200550&GameEventID=75,1,[ 10 - 27 ],Toronto Raptors,Johnson 2' Running Reverse Layup (6 PTS) (Calderon 3 AST),3:50
http://stats.nba.com/cvp.html?GameID=0021200550&GameEventID=76,1,,Milwaukee Bucks,MISS Ellis 12' Driving Bank Shot,3:31
http://stats.nba.com/cvp.html?GameID=0021200550&GameEventID=77,1,,Milwaukee Bucks,Udrih REBOUND (Off:1 Def:0),3:29
http://stats.nba.com/cvp.html?GameID=0021200550&GameEventID=78,1,[ 12 - 27 ],Milwaukee Bucks,Ellis 4' Layup (2 PTS) (Udrih 1 AST),3:25
http://stats.nba.com/cvp.html?GameID=0021200550&GameEventID=80,1,,Toronto Raptors,MISS Anderson 21' Jump Shot,3:04
http://stats.nba.com/cvp.html?GameID=0021200550&GameEventID=81,1,,Toronto Raptors,DeRozan REBOUND (Off:1 Def:1),3:03
http://stats.nba.com/cvp.html?GameID=0021200550&GameEventID=82,1,[ 12 - 30 ],Toronto Raptors,Calderon 28' 3PT Jump Shot (15 PTS) (Davis 2 AST),2:47
http://stats.nba.com/cvp.html?GameID=0021200550&GameEventID=84,1,,Milwaukee Bucks,Bucks Timeout: Short (Reg.1 Short 1),2:39
http://stats.nba.com/cvp.html?GameID=0021200550&GameEventID=85,1,,Toronto Raptors,RAPTORS Timeout: Regular (Full 1 Short 0),2:39
http://stats.nba.com/cvp.html?GameID=0021200550&GameEventID=87,1,,Milwaukee Bucks,SUB: Dunleavy FOR Mbah a Moute,2:39
http://stats.nba.com/cvp.html?GameID=0021200550&GameEventID=88,1,,Toronto Raptors,SUB: Acy FOR Davis,2:39
http://stats.nba.com/cvp.html?GameID=0021200550&GameEventID=89,1,,Toronto Raptors,Anderson STEAL (1 STL),2:23
http://stats.nba.com/cvp.html?GameID=0021200550&GameEventID=89,1,,Milwaukee Bucks,Udrih Bad Pass Turnover (P2.T6),2:23
http://stats.nba.com/cvp.html?GameID=0021200550&GameEventID=90,1,[ 12 - 32 ],Toronto Raptors,DeRozan 3' Driving Jump Shot (6 PTS),2:04
http://stats.nba.com/cvp.html?GameID=0021200550&GameEventID=91,1,[ 14 - 32 ],Milwaukee Bucks,Ellis 5' Driving Jump Shot (4 PTS),1:44
http://stats.nba.com/cvp.html?GameID=0021200550&GameEventID=93,1,[ 14 - 34 ],Toronto Raptors,Johnson 2' Driving Finger Roll Layup (8 PTS) (Calderon 4 AST),1:22
http://stats.nba.com/cvp.html?GameID=0021200550&GameEventID=94,1,[ 16 - 34 ],Milwaukee Bucks,Henson 2' Hook Shot (2 PTS) (Udrih 2 AST),1:05
http://stats.nba.com/cvp.html?GameID=0021200550&GameEventID=95,1,,Toronto Raptors,MISS Acy 7' Jump Shot,0:41
http://stats.nba.com/cvp.html?GameID=0021200550&GameEventID=96,1,,Milwaukee Bucks,Dunleavy REBOUND (Off:0 Def:1),0:40
http://stats.nba.com/cvp.html?GameID=0021200550&GameEventID=97,1,,Milwaukee Bucks,MISS Henson 17' Step Back Jump Shot,0:29
http://stats.nba.com/cvp.html?GameID=0021200550&GameEventID=98,1,,Toronto Raptors,Johnson REBOUND (Off:0 Def:2),0:27
http://stats.nba.com/cvp.html?GameID=0021200550&GameEventID=99,1,,Toronto Raptors,MISS Anderson  3PT Jump Shot,0:20
http://stats.nba.com/cvp.html?GameID=0021200550&GameEventID=100,1,,Milwaukee Bucks,Udoh REBOUND (Off:0 Def:1),0:19
http://stats.nba.com/cvp.html?GameID=0021200550&GameEventID=101,1,,Toronto Raptors,DeRozan Personal Take Foul (P1.T3),0:04
http://stats.nba.com/cvp.html?GameID=0021200550&GameEventID=102,1,,Toronto Raptors,SUB: Lowry FOR Calderon,0:04
http://stats.nba.com/cvp.html?GameID=0021200550&GameEventID=103,1,,Milwaukee Bucks,MISS Henson 26' 3PT Jump Shot,0:00
http://stats.nba.com/cvp.html?GameID=0021200550&GameEventID=104,1,,Toronto Raptors,Lowry REBOUND (Off:0 Def:1),0:00
http://stats.nba.com/cvp.html?GameID=0021200550&GameEventID=109,2,[ 19 - 34 ],Milwaukee Bucks,Udrih 26' 3PT Jump Shot (3 PTS) (Dunleavy 1 AST),11:40
http://stats.nba.com/cvp.html?GameID=0021200550&GameEventID=110,2,,Toronto Raptors,Ross Poss Lost Ball Turnover (P1.T2),11:21
http://stats.nba.com/cvp.html?GameID=0021200550&GameEventID=111,2,,Toronto Raptors,Acy S.FOUL (P1.T1),11:08
http://stats.nba.com/cvp.html?GameID=0021200550&GameEventID=112,2,[ 20 - 34 ],Milwaukee Bucks,Henson Free Throw 1 of 2 (3 PTS),11:08
http://stats.nba.com/cvp.html?GameID=0021200550&GameEventID=114,2,[ 21 - 34 ],Milwaukee Bucks,Henson Free Throw 2 of 2 (4 PTS),11:08
http://stats.nba.com/cvp.html?GameID=0021200550&GameEventID=116,2,,Toronto Raptors,Johnson OFF.Foul (P1),10:55
http://stats.nba.com/cvp.html?GameID=0021200550&GameEventID=117,2,,Toronto Raptors,Johnson Foul Turnover (P1.T3),10:55
http://stats.nba.com/cvp.html?GameID=0021200550&GameEventID=118,2,,Milwaukee Bucks,MISS Udoh 5' Turnaround Hook Shot,10:43
http://stats.nba.com/cvp.html?GameID=0021200550&GameEventID=119,2,,Toronto Raptors,RAPTORS Rebound,10:42
http://stats.nba.com/cvp.html?GameID=0021200550&GameEventID=120,2,,Toronto Raptors,MISS Lowry 3' Driving Layup,10:19
http://stats.nba.com/cvp.html?GameID=0021200550&GameEventID=120,2,,Milwaukee Bucks,Henson BLOCK (1 BLK),10:19
http://stats.nba.com/cvp.html?GameID=0021200550&GameEventID=121,2,,Milwaukee Bucks,Henson REBOUND (Off:0 Def:1),10:17
http://stats.nba.com/cvp.html?GameID=0021200550&GameEventID=122,2,,Milwaukee Bucks,MISS Udrih 26' 3PT Jump Shot,10:08
http://stats.nba.com/cvp.html?GameID=0021200550&GameEventID=123,2,,Toronto Raptors,Lowry REBOUND (Off:0 Def:2),10:06
http://stats.nba.com/cvp.html?GameID=0021200550&GameEventID=124,2,,Toronto Raptors,Ross Traveling Turnover (P2.T4),10:00
http://stats.nba.com/cvp.html?GameID=0021200550&GameEventID=126,2,,Milwaukee Bucks,Henson OFF.Foul (P1),9:52
http://stats.nba.com/cvp.html?GameID=0021200550&GameEventID=127,2,,Milwaukee Bucks,Henson Foul Turnover (P1.T7),9:52
http://stats.nba.com/cvp.html?GameID=0021200550&GameEventID=128,2,,Toronto Raptors,Ross Lost Ball Turnover (P3.T5),9:38
http://stats.nba.com/cvp.html?GameID=0021200550&GameEventID=128,2,,Milwaukee Bucks,Daniels STEAL (1 STL),9:38
http://stats.nba.com/cvp.html?GameID=0021200550&GameEventID=129,2,[ 23 - 34 ],Milwaukee Bucks,Daniels  Driving Finger Roll Layup (2 PTS),9:34
http://stats.nba.com/cvp.html?GameID=0021200550&GameEventID=130,2,,Toronto Raptors,RAPTORS Timeout: Regular (Full 2 Short 0),9:24
http://stats.nba.com/cvp.html?GameID=0021200550&GameEventID=134,2,,Toronto Raptors,MISS Ross 7' Pullup Jump Shot,9:09
http://stats.nba.com/cvp.html?GameID=0021200550&GameEventID=135,2,,Milwaukee Bucks,Henson REBOUND (Off:0 Def:2),9:08
http://stats.nba.com/cvp.html?GameID=0021200550&GameEventID=136,2,[ 25 - 34 ],Milwaukee Bucks,Henson 3' Layup (6 PTS) (Dunleavy 2 AST),8:48
http://stats.nba.com/cvp.html?GameID=0021200550&GameEventID=137,2,,Milwaukee Bucks,Dunleavy P.FOUL (P1.T1),8:37
http://stats.nba.com/cvp.html?GameID=0021200550&GameEventID=138,2,,Toronto Raptors,SUB: DeRozan FOR Ross,8:37
http://stats.nba.com/cvp.html?GameID=0021200550&GameEventID=139,2,,Toronto Raptors,SUB: Davis FOR Johnson,8:37
http://stats.nba.com/cvp.html?GameID=0021200550&GameEventID=140,2,,Toronto Raptors,DeRozan Poss Lost Ball Turnover (P1.T6),8:23
http://stats.nba.com/cvp.html?GameID=0021200550&GameEventID=140,2,,Milwaukee Bucks,Daniels STEAL (2 STL),8:23
http://stats.nba.com/cvp.html?GameID=0021200550&GameEventID=142,2,[ 28 - 34 ],Milwaukee Bucks,Dunleavy 30' 3PT Jump Shot (3 PTS) (Udrih 3 AST),8:13
http://stats.nba.com/cvp.html?GameID=0021200550&GameEventID=143,2,[ 28 - 36 ],Toronto Raptors,Davis 3' Layup (7 PTS) (Lowry 1 AST),8:00
http://stats.nba.com/cvp.html?GameID=0021200550&GameEventID=144,2,,Milwaukee Bucks,Udoh S.FOUL (P1.T2),8:00
http://stats.nba.com/cvp.html?GameID=0021200550&GameEventID=145,2,,Toronto Raptors,MISS Davis Free Throw 1 of 1,8:00
http://stats.nba.com/cvp.html?GameID=0021200550&GameEventID=147,2,,Toronto Raptors,RAPTORS Rebound,8:00
http://stats.nba.com/cvp.html?GameID=0021200550&GameEventID=148,2,,Milwaukee Bucks,Henson P.FOUL (P2.T3),8:00
http://stats.nba.com/cvp.html?GameID=0021200550&GameEventID=150,2,,Toronto Raptors,MISS Lowry 19' Jump Shot,7:50
http://stats.nba.com/cvp.html?GameID=0021200550&GameEventID=151,2,,Milwaukee Bucks,Udoh REBOUND (Off:0 Def:2),7:49
http://stats.nba.com/cvp.html?GameID=0021200550&GameEventID=152,2,,Milwaukee Bucks,MISS Henson 5' Driving Layup,7:34
http://stats.nba.com/cvp.html?GameID=0021200550&GameEventID=153,2,,Toronto Raptors,Acy REBOUND (Off:0 Def:1),7:33
http://stats.nba.com/cvp.html?GameID=0021200550&GameEventID=154,2,,Toronto Raptors,MISS Acy 2' Layup,7:21
http://stats.nba.com/cvp.html?GameID=0021200550&GameEventID=154,2,,Milwaukee Bucks,Udoh BLOCK (1 BLK),7:21
http://stats.nba.com/cvp.html?GameID=0021200550&GameEventID=155,2,,Toronto Raptors,Davis REBOUND (Off:2 Def:2),7:20
http://stats.nba.com/cvp.html?GameID=0021200550&GameEventID=156,2,[ 28 - 38 ],Toronto Raptors,Davis 2' Layup (9 PTS),7:15
http://stats.nba.com/cvp.html?GameID=0021200550&GameEventID=157,2,[ 30 - 38 ],Milwaukee Bucks,Udoh 2' Reverse Layup (2 PTS) (Udrih 4 AST),7:09
http://stats.nba.com/cvp.html?GameID=0021200550&GameEventID=158,2,,Milwaukee Bucks,Bucks Violation: Delay of game Violation,7:08
http://stats.nba.com/cvp.html?GameID=0021200550&GameEventID=159,2,,Toronto Raptors,MISS DeRozan  3PT Jump Shot,6:50
http://stats.nba.com/cvp.html?GameID=0021200550&GameEventID=160,2,,Milwaukee Bucks,Henson REBOUND (Off:0 Def:3),6:49
http://stats.nba.com/cvp.html?GameID=0021200550&GameEventID=161,2,[ 32 - 38 ],Milwaukee Bucks,Udrih 17' Pullup Jump Shot (5 PTS) (Udoh 1 AST),6:43
http://stats.nba.com/cvp.html?GameID=0021200550&GameEventID=162,2,,Toronto Raptors,Anderson Poss Lost Ball Turnover (P1.T7),6:26
http://stats.nba.com/cvp.html?GameID=0021200550&GameEventID=163,2,[ 34 - 38 ],Milwaukee Bucks,Henson 3' Driving Layup (8 PTS) (Udrih 5 AST),6:11
http://stats.nba.com/cvp.html?GameID=0021200550&GameEventID=164,2,,Toronto Raptors,RAPTORS Timeout: Short (Full 2 Short 1),6:01
http://stats.nba.com/cvp.html?GameID=0021200550&GameEventID=167,2,[ 34 - 40 ],Toronto Raptors,Anderson 3' Driving Layup (2 PTS),5:48
http://stats.nba.com/cvp.html?GameID=0021200550&GameEventID=169,2,,Toronto Raptors,Anderson P.FOUL (P1.T2),5:32
http://stats.nba.com/cvp.html?GameID=0021200550&GameEventID=172,2,,Toronto Raptors,SUB: Johnson FOR Acy,5:32
http://stats.nba.com/cvp.html?GameID=0021200550&GameEventID=174,2,[ 36 - 40 ],Milwaukee Bucks,Henson 4' Finger Roll Layup (10 PTS) (Dunleavy 3 AST),5:22
http://stats.nba.com/cvp.html?GameID=0021200550&GameEventID=175,2,,Toronto Raptors,MISS Davis 4' Driving Hook Shot,5:04
http://stats.nba.com/cvp.html?GameID=0021200550&GameEventID=176,2,,Milwaukee Bucks,Udrih REBOUND (Off:1 Def:1),5:03
http://stats.nba.com/cvp.html?GameID=0021200550&GameEventID=178,2,,Milwaukee Bucks,SUB: Jennings FOR Udrih,4:52
http://stats.nba.com/cvp.html?GameID=0021200550&GameEventID=179,2,,Milwaukee Bucks,SUB: Ilyasova FOR Henson,4:52
http://stats.nba.com/cvp.html?GameID=0021200550&GameEventID=180,2,,Toronto Raptors,SUB: Fields FOR Anderson,4:52
http://stats.nba.com/cvp.html?GameID=0021200550&GameEventID=188,2,,Toronto Raptors,Johnson STEAL (2 STL),4:47
http://stats.nba.com/cvp.html?GameID=0021200550&GameEventID=188,2,,Milwaukee Bucks,Dunleavy Bad Pass Turnover (P1.T8),4:47
http://stats.nba.com/cvp.html?GameID=0021200550&GameEventID=197,2,,Toronto Raptors,Johnson Bad Pass Turnover (P2.T8),4:47
http://stats.nba.com/cvp.html?GameID=0021200550&GameEventID=197,2,,Milwaukee Bucks,Ilyasova STEAL (1 STL),4:47
http://stats.nba.com/cvp.html?GameID=0021200550&GameEventID=182,2,,Toronto Raptors,Davis Violation:Defensive Goaltending,4:47
http://stats.nba.com/cvp.html?GameID=0021200550&GameEventID=181,2,[ 38 - 40 ],Milwaukee Bucks,Dunleavy 1' Layup (5 PTS) (Ilyasova 1 AST),4:47
http://stats.nba.com/cvp.html?GameID=0021200550&GameEventID=183,2,[ 38 - 42 ],Toronto Raptors,Johnson 11' Driving Hook Shot (10 PTS) (Lowry 2 AST),4:25
http://stats.nba.com/cvp.html?GameID=0021200550&GameEventID=184,2,,Toronto Raptors,Lowry STEAL (1 STL),4:15
http://stats.nba.com/cvp.html?GameID=0021200550&GameEventID=184,2,,Milwaukee Bucks,Jennings Lost Ball Turnover (P2.T9),4:15
http://stats.nba.com/cvp.html?GameID=0021200550&GameEventID=185,2,[ 38 - 44 ],Toronto Raptors,Johnson 2' Layup (12 PTS) (Lowry 3 AST),4:08
http://stats.nba.com/cvp.html?GameID=0021200550&GameEventID=186,2,,Milwaukee Bucks,MISS Ilyasova 17' Jump Shot,3:52
http://stats.nba.com/cvp.html?GameID=0021200550&GameEventID=187,2,,Toronto Raptors,DeRozan REBOUND (Off:1 Def:2),3:51
http://stats.nba.com/cvp.html?GameID=0021200550&GameEventID=189,2,,Milwaukee Bucks,Udoh S.FOUL (P2.T4),3:39
http://stats.nba.com/cvp.html?GameID=0021200550&GameEventID=190,2,[ 38 - 45 ],Toronto Raptors,DeRozan Free Throw 1 of 2 (7 PTS),3:39
http://stats.nba.com/cvp.html?GameID=0021200550&GameEventID=192,2,,Toronto Raptors,SUB: Calderon FOR Lowry,3:39
http://stats.nba.com/cvp.html?GameID=0021200550&GameEventID=193,2,,Milwaukee Bucks,SUB: Sanders FOR Udoh,3:39
http://stats.nba.com/cvp.html?GameID=0021200550&GameEventID=194,2,[ 38 - 46 ],Toronto Raptors,DeRozan Free Throw 2 of 2 (8 PTS),3:39
http://stats.nba.com/cvp.html?GameID=0021200550&GameEventID=196,2,,Toronto Raptors,DeRozan P.FOUL (P2.T3),3:31
http://stats.nba.com/cvp.html?GameID=0021200550&GameEventID=198,2,,Milwaukee Bucks,MISS Daniels 24' 3PT Jump Shot,3:23
http://stats.nba.com/cvp.html?GameID=0021200550&GameEventID=199,2,,Toronto Raptors,Calderon REBOUND (Off:0 Def:2),3:22
http://stats.nba.com/cvp.html?GameID=0021200550&GameEventID=200,2,,Toronto Raptors,MISS Davis 6' Running Bank Shot,3:02
http://stats.nba.com/cvp.html?GameID=0021200550&GameEventID=201,2,,Toronto Raptors,Johnson REBOUND (Off:1 Def:2),3:01
http://stats.nba.com/cvp.html?GameID=0021200550&GameEventID=202,2,,Toronto Raptors,MISS Johnson 6' Tip Shot,3:01
http://stats.nba.com/cvp.html?GameID=0021200550&GameEventID=203,2,,Milwaukee Bucks,Bucks Rebound,3:01
http://stats.nba.com/cvp.html?GameID=0021200550&GameEventID=204,2,,Toronto Raptors,SUB: Anderson FOR DeRozan,3:01
http://stats.nba.com/cvp.html?GameID=0021200550&GameEventID=205,2,,Milwaukee Bucks,SUB: Ellis FOR Daniels,3:01
http://stats.nba.com/cvp.html?GameID=0021200550&GameEventID=206,2,,Toronto Raptors,Johnson BLOCK (1 BLK),2:52
http://stats.nba.com/cvp.html?GameID=0021200550&GameEventID=206,2,,Milwaukee Bucks,MISS Jennings 11' Pullup Jump Shot,2:52
http://stats.nba.com/cvp.html?GameID=0021200550&GameEventID=207,2,,Milwaukee Bucks,Jennings REBOUND (Off:1 Def:0),2:50
http://stats.nba.com/cvp.html?GameID=0021200550&GameEventID=208,2,[ 40 - 46 ],Milwaukee Bucks,Jennings 3' Driving Layup (5 PTS),2:48
http://stats.nba.com/cvp.html?GameID=0021200550&GameEventID=209,2,,Toronto Raptors,Calderon S.FOUL (P1.T4),2:48
http://stats.nba.com/cvp.html?GameID=0021200550&GameEventID=211,2,,Milwaukee Bucks,Bucks Timeout: Regular (Reg.2 Short 1),2:48
http://stats.nba.com/cvp.html?GameID=0021200550&GameEventID=215,2,[ 41 - 46 ],Milwaukee Bucks,Jennings Free Throw 1 of 1 (6 PTS),2:48
http://stats.nba.com/cvp.html?GameID=0021200550&GameEventID=217,2,,Milwaukee Bucks,Dunleavy S.FOUL (P2.PN),2:30
http://stats.nba.com/cvp.html?GameID=0021200550&GameEventID=218,2,,Toronto Raptors,MISS Anderson Free Throw 1 of 2,2:30
http://stats.nba.com/cvp.html?GameID=0021200550&GameEventID=219,2,,Toronto Raptors,RAPTORS Rebound,2:30
http://stats.nba.com/cvp.html?GameID=0021200550&GameEventID=220,2,,Milwaukee Bucks,SUB: Mbah a Moute FOR Dunleavy,2:30
http://stats.nba.com/cvp.html?GameID=0021200550&GameEventID=221,2,[ 41 - 47 ],Toronto Raptors,Anderson Free Throw 2 of 2 (3 PTS),2:30
http://stats.nba.com/cvp.html?GameID=0021200550&GameEventID=223,2,,Toronto Raptors,Davis STEAL (1 STL),2:20
http://stats.nba.com/cvp.html?GameID=0021200550&GameEventID=223,2,,Milwaukee Bucks,Ellis Bad Pass Turnover (P2.T10),2:20
http://stats.nba.com/cvp.html?GameID=0021200550&GameEventID=224,2,,Toronto Raptors,Anderson OFF.Foul (P2),2:08
http://stats.nba.com/cvp.html?GameID=0021200550&GameEventID=225,2,,Toronto Raptors,Anderson Foul Turnover (P2.T9),2:08
http://stats.nba.com/cvp.html?GameID=0021200550&GameEventID=226,2,,Milwaukee Bucks,MISS Jennings 16' Fadeaway Jumper,1:58
http://stats.nba.com/cvp.html?GameID=0021200550&GameEventID=227,2,,Toronto Raptors,Johnson REBOUND (Off:1 Def:3),1:57
http://stats.nba.com/cvp.html?GameID=0021200550&GameEventID=228,2,,Toronto Raptors,MISS Davis 3' Turnaround Hook Shot,1:45
http://stats.nba.com/cvp.html?GameID=0021200550&GameEventID=229,2,,Toronto Raptors,Johnson REBOUND (Off:2 Def:3),1:44
http://stats.nba.com/cvp.html?GameID=0021200550&GameEventID=230,2,,Toronto Raptors,MISS Johnson 1' Tip Shot,1:43
http://stats.nba.com/cvp.html?GameID=0021200550&GameEventID=231,2,,Toronto Raptors,RAPTORS Rebound,1:43
http://stats.nba.com/cvp.html?GameID=0021200550&GameEventID=232,2,,Toronto Raptors,Davis Offensive Goaltending Turnover (P1.T10),1:43
http://stats.nba.com/cvp.html?GameID=0021200550&GameEventID=233,2,,Milwaukee Bucks,MISS Ellis 17' Jump Shot,1:31
http://stats.nba.com/cvp.html?GameID=0021200550&GameEventID=234,2,,Toronto Raptors,Johnson REBOUND (Off:2 Def:4),1:30
http://stats.nba.com/cvp.html?GameID=0021200550&GameEventID=235,2,,Toronto Raptors,Johnson Bad Pass Turnover (P3.T11),1:16
http://stats.nba.com/cvp.html?GameID=0021200550&GameEventID=235,2,,Milwaukee Bucks,Ellis STEAL (1 STL),1:16
http://stats.nba.com/cvp.html?GameID=0021200550&GameEventID=236,2,[ 43 - 47 ],Milwaukee Bucks,Ellis 1' Driving Dunk (6 PTS),1:12
http://stats.nba.com/cvp.html?GameID=0021200550&GameEventID=237,2,,Toronto Raptors,RAPTORS Timeout: Regular (Full 3 Short 1),1:02
http://stats.nba.com/cvp.html?GameID=0021200550&GameEventID=240,2,,Toronto Raptors,SUB: Acy FOR Johnson,1:02
http://stats.nba.com/cvp.html?GameID=0021200550&GameEventID=241,2,,Toronto Raptors,MISS Anderson 18' Jump Shot,0:49
http://stats.nba.com/cvp.html?GameID=0021200550&GameEventID=242,2,,Milwaukee Bucks,Bucks Rebound,0:48
http://stats.nba.com/cvp.html?GameID=0021200550&GameEventID=243,2,,Toronto Raptors,Davis P.FOUL (P1.PN),0:44
http://stats.nba.com/cvp.html?GameID=0021200550&GameEventID=244,2,[ 44 - 47 ],Milwaukee Bucks,Jennings Free Throw 1 of 2 (7 PTS),0:44
http://stats.nba.com/cvp.html?GameID=0021200550&GameEventID=246,2,[ 45 - 47 ],Milwaukee Bucks,Jennings Free Throw 2 of 2 (8 PTS),0:44
http://stats.nba.com/cvp.html?GameID=0021200550&GameEventID=248,2,,Toronto Raptors,MISS Calderon 15' Jump Shot,0:27
http://stats.nba.com/cvp.html?GameID=0021200550&GameEventID=249,2,,Milwaukee Bucks,Jennings REBOUND (Off:1 Def:1),0:26
http://stats.nba.com/cvp.html?GameID=0021200550&GameEventID=250,2,[ 47 - 47 ],Milwaukee Bucks,Jennings 1' Driving Finger Roll Layup (10 PTS),0:23
http://stats.nba.com/cvp.html?GameID=0021200550&GameEventID=251,2,,Toronto Raptors,MISS Calderon 16' Jump Shot,0:07
http://stats.nba.com/cvp.html?GameID=0021200550&GameEventID=252,2,,Toronto Raptors,Acy REBOUND (Off:1 Def:1),0:06
http://stats.nba.com/cvp.html?GameID=0021200550&GameEventID=253,2,,Milwaukee Bucks,Mbah a Moute S.FOUL (P1.PN),0:06
http://stats.nba.com/cvp.html?GameID=0021200550&GameEventID=254,2,[ 47 - 48 ],Toronto Raptors,Acy Free Throw 1 of 2 (1 PTS),0:06
http://stats.nba.com/cvp.html?GameID=0021200550&GameEventID=256,2,,Milwaukee Bucks,SUB: Dunleavy FOR Mbah a Moute,0:06
http://stats.nba.com/cvp.html?GameID=0021200550&GameEventID=257,2,[ 47 - 49 ],Toronto Raptors,Acy Free Throw 2 of 2 (2 PTS),0:06
http://stats.nba.com/cvp.html?GameID=0021200550&GameEventID=259,2,,Milwaukee Bucks,MISS Jennings 29' 3PT Pullup Jump Shot,0:00
http://stats.nba.com/cvp.html?GameID=0021200550&GameEventID=260,2,,Milwaukee Bucks,Bucks Rebound,0:00
http://stats.nba.com/cvp.html?GameID=0021200550&GameEventID=264,3,,Milwaukee Bucks,MISS Ellis 28' 3PT Jump Shot,11:39
http://stats.nba.com/cvp.html?GameID=0021200550&GameEventID=265,3,,Milwaukee Bucks,Bucks Rebound,11:37
http://stats.nba.com/cvp.html?GameID=0021200550&GameEventID=266,3,,Milwaukee Bucks,MISS Sanders 8' Jump Hook Shot,11:28
http://stats.nba.com/cvp.html?GameID=0021200550&GameEventID=267,3,,Milwaukee Bucks,Mbah a Moute REBOUND (Off:1 Def:1),11:27
http://stats.nba.com/cvp.html?GameID=0021200550&GameEventID=268,3,[ 49 - 49 ],Milwaukee Bucks,Mbah a Moute 4' Jump Bank Shot (8 PTS),11:22
http://stats.nba.com/cvp.html?GameID=0021200550&GameEventID=269,3,[ 49 - 51 ],Toronto Raptors,Calderon 22' Jump Shot (17 PTS) (Fields 2 AST),11:03
http://stats.nba.com/cvp.html?GameID=0021200550&GameEventID=270,3,[ 52 - 51 ],Milwaukee Bucks,Jennings 25' 3PT Step Back Jump Shot (13 PTS),10:40
http://stats.nba.com/cvp.html?GameID=0021200550&GameEventID=271,3,,Toronto Raptors,MISS DeRozan 21' Step Back Jump Shot,10:16
http://stats.nba.com/cvp.html?GameID=0021200550&GameEventID=272,3,,Milwaukee Bucks,Jennings REBOUND (Off:1 Def:2),10:15
http://stats.nba.com/cvp.html?GameID=0021200550&GameEventID=273,3,,Milwaukee Bucks,MISS Jennings 20' Pullup Jump Shot,10:08
http://stats.nba.com/cvp.html?GameID=0021200550&GameEventID=274,3,,Toronto Raptors,Davis REBOUND (Off:2 Def:3),10:07
http://stats.nba.com/cvp.html?GameID=0021200550&GameEventID=275,3,,Toronto Raptors,MISS Calderon 27' 3PT Jump Shot,9:55
http://stats.nba.com/cvp.html?GameID=0021200550&GameEventID=276,3,,Toronto Raptors,Davis REBOUND (Off:3 Def:3),9:54
http://stats.nba.com/cvp.html?GameID=0021200550&GameEventID=277,3,,Toronto Raptors,MISS Calderon 3' Driving Layup,9:35
http://stats.nba.com/cvp.html?GameID=0021200550&GameEventID=278,3,,Milwaukee Bucks,Ilyasova REBOUND (Off:0 Def:1),9:34
http://stats.nba.com/cvp.html?GameID=0021200550&GameEventID=279,3,,Toronto Raptors,Davis S.FOUL (P2.T1),9:28
http://stats.nba.com/cvp.html?GameID=0021200550&GameEventID=281,3,[ 53 - 51 ],Milwaukee Bucks,Jennings Free Throw 1 of 2 (14 PTS),9:28
http://stats.nba.com/cvp.html?GameID=0021200550&GameEventID=283,3,[ 54 - 51 ],Milwaukee Bucks,Jennings Free Throw 2 of 2 (15 PTS),9:28
http://stats.nba.com/cvp.html?GameID=0021200550&GameEventID=285,3,[ 54 - 53 ],Toronto Raptors,DeRozan 5' Running Bank Shot (10 PTS) (Calderon 5 AST),9:17
http://stats.nba.com/cvp.html?GameID=0021200550&GameEventID=286,3,,Milwaukee Bucks,Jennings S.FOUL (P2.T1),9:17
http://stats.nba.com/cvp.html?GameID=0021200550&GameEventID=287,3,[ 54 - 54 ],Toronto Raptors,DeRozan Free Throw 1 of 1 (11 PTS),9:17
http://stats.nba.com/cvp.html?GameID=0021200550&GameEventID=290,3,[ 56 - 54 ],Milwaukee Bucks,Sanders 1' Slam Dunk (3 PTS) (Ellis 1 AST),9:06
http://stats.nba.com/cvp.html?GameID=0021200550&GameEventID=292,3,,Milwaukee Bucks,Ellis S.FOUL (P2.T2),8:39
http://stats.nba.com/cvp.html?GameID=0021200550&GameEventID=293,3,[ 56 - 55 ],Toronto Raptors,DeRozan Free Throw 1 of 2 (12 PTS),8:39
http://stats.nba.com/cvp.html?GameID=0021200550&GameEventID=295,3,[ 56 - 56 ],Toronto Raptors,DeRozan Free Throw 2 of 2 (13 PTS),8:39
http://stats.nba.com/cvp.html?GameID=0021200550&GameEventID=297,3,[ 58 - 56 ],Milwaukee Bucks,Ilyasova 19' Jump Shot (2 PTS) (Jennings 3 AST),8:29
http://stats.nba.com/cvp.html?GameID=0021200550&GameEventID=298,3,,Toronto Raptors,MISS Fields 12' Pullup Jump Shot,8:10
http://stats.nba.com/cvp.html?GameID=0021200550&GameEventID=299,3,,Milwaukee Bucks,Sanders REBOUND (Off:0 Def:1),8:09
http://stats.nba.com/cvp.html?GameID=0021200550&GameEventID=300,3,[ 60 - 56 ],Milwaukee Bucks,Jennings 23' Step Back Jump Shot (17 PTS),8:02
http://stats.nba.com/cvp.html?GameID=0021200550&GameEventID=301,3,[ 60 - 58 ],Toronto Raptors,Fields 2' Layup (2 PTS) (Johnson 2 AST),7:40
http://stats.nba.com/cvp.html?GameID=0021200550&GameEventID=302,3,[ 62 - 58 ],Milwaukee Bucks,Sanders 2' Slam Dunk (5 PTS) (Ellis 2 AST),7:28
http://stats.nba.com/cvp.html?GameID=0021200550&GameEventID=303,3,[ 62 - 60 ],Toronto Raptors,Calderon 14' Pullup Jump Shot (19 PTS),7:09
http://stats.nba.com/cvp.html?GameID=0021200550&GameEventID=304,3,,Toronto Raptors,DeRozan Personal Block Foul (P3.T2),7:02
http://stats.nba.com/cvp.html?GameID=0021200550&GameEventID=305,3,[ 65 - 60 ],Milwaukee Bucks,Ilyasova 26' 3PT Jump Shot (5 PTS) (Jennings 4 AST),6:54
http://stats.nba.com/cvp.html?GameID=0021200550&GameEventID=306,3,,Milwaukee Bucks,Ellis P.FOUL (P3.T3),6:38
http://stats.nba.com/cvp.html?GameID=0021200550&GameEventID=307,3,,Milwaukee Bucks,Ilyasova S.FOUL (P3.T4),6:30
http://stats.nba.com/cvp.html?GameID=0021200550&GameEventID=308,3,[ 65 - 61 ],Toronto Raptors,Davis Free Throw 1 of 2 (10 PTS),6:30
http://stats.nba.com/cvp.html?GameID=0021200550&GameEventID=310,3,[ 65 - 62 ],Toronto Raptors,Davis Free Throw 2 of 2 (11 PTS),6:30
http://stats.nba.com/cvp.html?GameID=0021200550&GameEventID=312,3,,Milwaukee Bucks,MISS Jennings 26' 3PT Jump Shot,6:18
http://stats.nba.com/cvp.html?GameID=0021200550&GameEventID=313,3,,Toronto Raptors,Davis REBOUND (Off:3 Def:4),6:17
http://stats.nba.com/cvp.html?GameID=0021200550&GameEventID=314,3,[ 65 - 64 ],Toronto Raptors,DeRozan 4' Jump Shot (15 PTS) (Calderon 6 AST),6:11
http://stats.nba.com/cvp.html?GameID=0021200550&GameEventID=315,3,,Milwaukee Bucks,Bucks Timeout: Regular (Reg.3 Short 1),6:04
http://stats.nba.com/cvp.html?GameID=0021200550&GameEventID=317,3,,Milwaukee Bucks,SUB: Dunleavy FOR Mbah a Moute,6:04
http://stats.nba.com/cvp.html?GameID=0021200550&GameEventID=320,3,,Milwaukee Bucks,Ilyasova 3 Second Violation Turnover (P2.T11),5:51
http://stats.nba.com/cvp.html?GameID=0021200550&GameEventID=321,3,,Toronto Raptors,MISS DeRozan 5' Driving Hook Shot,5:29
http://stats.nba.com/cvp.html?GameID=0021200550&GameEventID=322,3,,Toronto Raptors,Johnson REBOUND (Off:3 Def:4),5:28
http://stats.nba.com/cvp.html?GameID=0021200550&GameEventID=323,3,[ 65 - 66 ],Toronto Raptors,DeRozan 4' Jump Hook Shot (17 PTS) (Johnson 3 AST),5:26
http://stats.nba.com/cvp.html?GameID=0021200550&GameEventID=325,3,,Milwaukee Bucks,MISS Dunleavy 25' 3PT Jump Shot,5:13
http://stats.nba.com/cvp.html?GameID=0021200550&GameEventID=326,3,,Milwaukee Bucks,Bucks Rebound,5:12
http://stats.nba.com/cvp.html?GameID=0021200550&GameEventID=327,3,[ 68 - 66 ],Milwaukee Bucks,Ellis 24' 3PT Step Back Jump Shot (9 PTS) (Jennings 5 AST),5:03
http://stats.nba.com/cvp.html?GameID=0021200550&GameEventID=328,3,,Toronto Raptors,MISS DeRozan 16' Jump Shot,4:46
http://stats.nba.com/cvp.html?GameID=0021200550&GameEventID=329,3,,Toronto Raptors,RAPTORS Rebound,4:45
http://stats.nba.com/cvp.html?GameID=0021200550&GameEventID=330,3,,Milwaukee Bucks,Dunleavy L.B.FOUL (P3.PN),4:45
http://stats.nba.com/cvp.html?GameID=0021200550&GameEventID=331,3,[ 68 - 67 ],Toronto Raptors,Davis Free Throw 1 of 2 (12 PTS),4:45
http://stats.nba.com/cvp.html?GameID=0021200550&GameEventID=333,3,,Toronto Raptors,MISS Davis Free Throw 2 of 2,4:45
http://stats.nba.com/cvp.html?GameID=0021200550&GameEventID=335,3,,Milwaukee Bucks,Ilyasova REBOUND (Off:0 Def:2),4:44
http://stats.nba.com/cvp.html?GameID=0021200550&GameEventID=336,3,,Milwaukee Bucks,MISS Ilyasova 26' 3PT Jump Shot,4:37
http://stats.nba.com/cvp.html?GameID=0021200550&GameEventID=337,3,,Toronto Raptors,RAPTORS Rebound,4:36
http://stats.nba.com/cvp.html?GameID=0021200550&GameEventID=339,3,,Toronto Raptors,MISS DeRozan 1' Layup,4:20
http://stats.nba.com/cvp.html?GameID=0021200550&GameEventID=340,3,,Toronto Raptors,DeRozan REBOUND (Off:2 Def:2),4:19
http://stats.nba.com/cvp.html?GameID=0021200550&GameEventID=341,3,,Toronto Raptors,MISS DeRozan 1' Tip Shot,4:18
http://stats.nba.com/cvp.html?GameID=0021200550&GameEventID=342,3,,Toronto Raptors,Johnson REBOUND (Off:4 Def:4),4:16
http://stats.nba.com/cvp.html?GameID=0021200550&GameEventID=343,3,,Toronto Raptors,MISS Johnson 2' Tip Shot,4:14
http://stats.nba.com/cvp.html?GameID=0021200550&GameEventID=344,3,,Toronto Raptors,Johnson REBOUND (Off:5 Def:4),4:12
http://stats.nba.com/cvp.html?GameID=0021200550&GameEventID=345,3,,Toronto Raptors,MISS Davis 1' Layup,4:11
http://stats.nba.com/cvp.html?GameID=0021200550&GameEventID=346,3,,Toronto Raptors,Davis REBOUND (Off:4 Def:4),4:10
http://stats.nba.com/cvp.html?GameID=0021200550&GameEventID=347,3,,Toronto Raptors,MISS Fields 7' Jump Shot,4:05
http://stats.nba.com/cvp.html?GameID=0021200550&GameEventID=348,3,,Milwaukee Bucks,Ilyasova REBOUND (Off:0 Def:3),4:05
http://stats.nba.com/cvp.html?GameID=0021200550&GameEventID=349,3,[ 70 - 67 ],Milwaukee Bucks,Ilyasova 1' Running Layup (7 PTS) (Ellis 3 AST),4:02
http://stats.nba.com/cvp.html?GameID=0021200550&GameEventID=350,3,,Milwaukee Bucks,Sanders S.FOUL (P2.PN),3:43
http://stats.nba.com/cvp.html?GameID=0021200550&GameEventID=351,3,,Toronto Raptors,MISS DeRozan Free Throw 1 of 2,3:43
http://stats.nba.com/cvp.html?GameID=0021200550&GameEventID=352,3,,Toronto Raptors,RAPTORS Rebound,3:43
http://stats.nba.com/cvp.html?GameID=0021200550&GameEventID=353,3,,Milwaukee Bucks,SUB: Henson FOR Ilyasova,3:43
http://stats.nba.com/cvp.html?GameID=0021200550&GameEventID=354,3,,Milwaukee Bucks,SUB: Udoh FOR Sanders,3:43
http://stats.nba.com/cvp.html?GameID=0021200550&GameEventID=355,3,,Milwaukee Bucks,SUB: Daniels FOR Ellis,3:43
http://stats.nba.com/cvp.html?GameID=0021200550&GameEventID=356,3,,Toronto Raptors,SUB: Anderson FOR Fields,3:43
http://stats.nba.com/cvp.html?GameID=0021200550&GameEventID=357,3,[ 70 - 68 ],Toronto Raptors,DeRozan Free Throw 2 of 2 (18 PTS),3:43
http://stats.nba.com/cvp.html?GameID=0021200550&GameEventID=359,3,[ 72 - 68 ],Milwaukee Bucks,Dunleavy 20' Jump Shot (7 PTS) (Jennings 6 AST),3:31
http://stats.nba.com/cvp.html?GameID=0021200550&GameEventID=360,3,,Toronto Raptors,MISS DeRozan 12' Step Back Jump Shot,3:16
http://stats.nba.com/cvp.html?GameID=0021200550&GameEventID=361,3,,Toronto Raptors,Davis REBOUND (Off:5 Def:4),3:15
http://stats.nba.com/cvp.html?GameID=0021200550&GameEventID=362,3,[ 72 - 70 ],Toronto Raptors,Davis 2' Jump Hook Shot (14 PTS),3:11
http://stats.nba.com/cvp.html?GameID=0021200550&GameEventID=363,3,,Milwaukee Bucks,MISS Henson 20' Jump Shot,2:57
http://stats.nba.com/cvp.html?GameID=0021200550&GameEventID=364,3,,Milwaukee Bucks,Jennings REBOUND (Off:2 Def:2),2:56
http://stats.nba.com/cvp.html?GameID=0021200550&GameEventID=365,3,,Milwaukee Bucks,MISS Jennings 1' Tip Shot,2:53
http://stats.nba.com/cvp.html?GameID=0021200550&GameEventID=366,3,,Toronto Raptors,DeRozan REBOUND (Off:2 Def:3),2:51
http://stats.nba.com/cvp.html?GameID=0021200550&GameEventID=367,3,[ 72 - 72 ],Toronto Raptors,Johnson 2' Running Finger Roll Layup (14 PTS) (Calderon 7 AST),2:36
http://stats.nba.com/cvp.html?GameID=0021200550&GameEventID=368,3,,Toronto Raptors,Davis P.FOUL (P3.T3),2:19
http://stats.nba.com/cvp.html?GameID=0021200550&GameEventID=369,3,,Toronto Raptors,RAPTORS Timeout: Regular (Full 4 Short 1),2:19
http://stats.nba.com/cvp.html?GameID=0021200550&GameEventID=371,3,,Milwaukee Bucks,SUB: Udrih FOR Jennings,2:19
http://stats.nba.com/cvp.html?GameID=0021200550&GameEventID=372,3,,Toronto Raptors,SUB: Lowry FOR Calderon,2:19
http://stats.nba.com/cvp.html?GameID=0021200550&GameEventID=373,3,[ 74 - 72 ],Milwaukee Bucks,Henson 3' Jump Bank Hook Shot (12 PTS) (Udrih 6 AST),2:11
http://stats.nba.com/cvp.html?GameID=0021200550&GameEventID=374,3,[ 74 - 74 ],Toronto Raptors,Johnson 17' Jump Shot (16 PTS) (Anderson 1 AST),1:51
http://stats.nba.com/cvp.html?GameID=0021200550&GameEventID=375,3,,Milwaukee Bucks,MISS Udrih 16' Jump Shot,1:28
http://stats.nba.com/cvp.html?GameID=0021200550&GameEventID=376,3,,Toronto Raptors,Johnson REBOUND (Off:5 Def:5),1:27
http://stats.nba.com/cvp.html?GameID=0021200550&GameEventID=377,3,,Toronto Raptors,MISS Lowry 2' Driving Layup,1:20
http://stats.nba.com/cvp.html?GameID=0021200550&GameEventID=377,3,,Milwaukee Bucks,Henson BLOCK (2 BLK),1:20
http://stats.nba.com/cvp.html?GameID=0021200550&GameEventID=378,3,,Toronto Raptors,RAPTORS Rebound,1:20
http://stats.nba.com/cvp.html?GameID=0021200550&GameEventID=379,3,,Milwaukee Bucks,Udoh S.FOUL (P3.PN),1:09
http://stats.nba.com/cvp.html?GameID=0021200550&GameEventID=380,3,[ 74 - 75 ],Toronto Raptors,Johnson Free Throw 1 of 2 (17 PTS),1:09
http://stats.nba.com/cvp.html?GameID=0021200550&GameEventID=382,3,,Toronto Raptors,SUB: Fields FOR DeRozan,1:09
http://stats.nba.com/cvp.html?GameID=0021200550&GameEventID=383,3,[ 74 - 76 ],Toronto Raptors,Johnson Free Throw 2 of 2 (18 PTS),1:09
http://stats.nba.com/cvp.html?GameID=0021200550&GameEventID=385,3,,Milwaukee Bucks,MISS Dunleavy 3' Driving Layup,0:49
http://stats.nba.com/cvp.html?GameID=0021200550&GameEventID=386,3,,Toronto Raptors,Johnson REBOUND (Off:5 Def:6),0:47
http://stats.nba.com/cvp.html?GameID=0021200550&GameEventID=387,3,,Toronto Raptors,MISS Fields 2' Running Layup,0:42
http://stats.nba.com/cvp.html?GameID=0021200550&GameEventID=388,3,,Toronto Raptors,Davis REBOUND (Off:6 Def:4),0:40
http://stats.nba.com/cvp.html?GameID=0021200550&GameEventID=389,3,[ 74 - 78 ],Toronto Raptors,Davis 5' Jump Hook Shot (16 PTS),0:40
http://stats.nba.com/cvp.html?GameID=0021200550&GameEventID=390,3,,Milwaukee Bucks,MISS Dunleavy 10' Running Jump Shot,0:25
http://stats.nba.com/cvp.html?GameID=0021200550&GameEventID=391,3,,Toronto Raptors,RAPTORS Rebound,0:24
http://stats.nba.com/cvp.html?GameID=0021200550&GameEventID=392,3,,Toronto Raptors,MISS Fields 26' 3PT Jump Shot,0:00
http://stats.nba.com/cvp.html?GameID=0021200550&GameEventID=393,3,,Toronto Raptors,RAPTORS Rebound,0:00
http://stats.nba.com/cvp.html?GameID=0021200550&GameEventID=397,4,,Toronto Raptors,Lowry Bad Pass Turnover (P1.T12),11:37
http://stats.nba.com/cvp.html?GameID=0021200550&GameEventID=397,4,,Milwaukee Bucks,Daniels STEAL (3 STL),11:37
http://stats.nba.com/cvp.html?GameID=0021200550&GameEventID=398,4,,Milwaukee Bucks,MISS Udrih 3' Driving Layup,11:30
http://stats.nba.com/cvp.html?GameID=0021200550&GameEventID=399,4,,Milwaukee Bucks,Bucks Rebound,11:29
http://stats.nba.com/cvp.html?GameID=0021200550&GameEventID=400,4,,Toronto Raptors,Johnson STEAL (3 STL),11:15
http://stats.nba.com/cvp.html?GameID=0021200550&GameEventID=400,4,,Milwaukee Bucks,Henson Bad Pass Turnover (P2.T12),11:15
http://stats.nba.com/cvp.html?GameID=0021200550&GameEventID=401,4,,Toronto Raptors,MISS Anderson 25' 3PT Jump Shot,10:59
http://stats.nba.com/cvp.html?GameID=0021200550&GameEventID=402,4,,Toronto Raptors,Davis REBOUND (Off:7 Def:4),10:58
http://stats.nba.com/cvp.html?GameID=0021200550&GameEventID=403,4,,Toronto Raptors,Anderson Poss Lost Ball Turnover (P3.T13),10:56
http://stats.nba.com/cvp.html?GameID=0021200550&GameEventID=405,4,,Toronto Raptors,Johnson BLOCK (2 BLK),10:42
http://stats.nba.com/cvp.html?GameID=0021200550&GameEventID=405,4,,Milwaukee Bucks,MISS Henson 3' Reverse Layup,10:42
http://stats.nba.com/cvp.html?GameID=0021200550&GameEventID=406,4,,Milwaukee Bucks,Henson REBOUND (Off:1 Def:3),10:41
http://stats.nba.com/cvp.html?GameID=0021200550&GameEventID=407,4,,Toronto Raptors,Fields S.FOUL (P3.T1),10:41
http://stats.nba.com/cvp.html?GameID=0021200550&GameEventID=408,4,,Milwaukee Bucks,MISS Henson Free Throw 1 of 2,10:41
http://stats.nba.com/cvp.html?GameID=0021200550&GameEventID=409,4,,Milwaukee Bucks,Bucks Rebound,10:41
http://stats.nba.com/cvp.html?GameID=0021200550&GameEventID=410,4,[ 75 - 78 ],Milwaukee Bucks,Henson Free Throw 2 of 2 (13 PTS),10:41
http://stats.nba.com/cvp.html?GameID=0021200550&GameEventID=412,4,,Milwaukee Bucks,Udoh P.FOUL (P4.T1),10:28
http://stats.nba.com/cvp.html?GameID=0021200550&GameEventID=413,4,,Milwaukee Bucks,SUB: Ellis FOR Daniels,10:28
http://stats.nba.com/cvp.html?GameID=0021200550&GameEventID=414,4,[ 75 - 80 ],Toronto Raptors,Davis 9' Hook Bank Shot (18 PTS) (Lowry 4 AST),10:21
http://stats.nba.com/cvp.html?GameID=0021200550&GameEventID=416,4,[ 77 - 80 ],Milwaukee Bucks,Henson 4' Layup (15 PTS) (Udrih 7 AST),10:05
http://stats.nba.com/cvp.html?GameID=0021200550&GameEventID=417,4,[ 77 - 82 ],Toronto Raptors,Anderson 5' Driving Reverse Layup (5 PTS) (Lowry 5 AST),9:57
http://stats.nba.com/cvp.html?GameID=0021200550&GameEventID=418,4,,Milwaukee Bucks,MISS Ellis 16' Jump Shot,9:38
http://stats.nba.com/cvp.html?GameID=0021200550&GameEventID=419,4,,Toronto Raptors,Johnson REBOUND (Off:5 Def:7),9:37
http://stats.nba.com/cvp.html?GameID=0021200550&GameEventID=420,4,,Milwaukee Bucks,Udoh Violation:Kicked Ball,9:27
http://stats.nba.com/cvp.html?GameID=0021200550&GameEventID=421,4,,Milwaukee Bucks,SUB: Jennings FOR Udrih,9:27
http://stats.nba.com/cvp.html?GameID=0021200550&GameEventID=422,4,,Toronto Raptors,MISS Anderson 16' Jump Shot,9:19
http://stats.nba.com/cvp.html?GameID=0021200550&GameEventID=423,4,,Milwaukee Bucks,Henson REBOUND (Off:1 Def:4),9:18
http://stats.nba.com/cvp.html?GameID=0021200550&GameEventID=424,4,[ 79 - 82 ],Milwaukee Bucks,Henson 3' Running Hook Shot (17 PTS) (Dunleavy 4 AST),9:01
http://stats.nba.com/cvp.html?GameID=0021200550&GameEventID=425,4,,Toronto Raptors,RAPTORS Timeout: Regular (Full 5 Short 1),8:53
http://stats.nba.com/cvp.html?GameID=0021200550&GameEventID=427,4,,Toronto Raptors,SUB: Acy FOR Davis,8:53
http://stats.nba.com/cvp.html?GameID=0021200550&GameEventID=428,4,,Toronto Raptors,SUB: DeRozan FOR Anderson,8:53
http://stats.nba.com/cvp.html?GameID=0021200550&GameEventID=429,4,,Milwaukee Bucks,SUB: Sanders FOR Udoh,8:53
http://stats.nba.com/cvp.html?GameID=0021200550&GameEventID=430,4,,Toronto Raptors,MISS Acy 2' Layup,8:41
http://stats.nba.com/cvp.html?GameID=0021200550&GameEventID=431,4,,Milwaukee Bucks,Bucks Rebound,8:40
http://stats.nba.com/cvp.html?GameID=0021200550&GameEventID=432,4,[ 82 - 82 ],Milwaukee Bucks,Dunleavy 26' 3PT Jump Shot (10 PTS) (Jennings 7 AST),8:25
http://stats.nba.com/cvp.html?GameID=0021200550&GameEventID=433,4,[ 82 - 84 ],Toronto Raptors,DeRozan 15' Pullup Jump Shot (20 PTS),8:10
http://stats.nba.com/cvp.html?GameID=0021200550&GameEventID=434,4,,Toronto Raptors,Johnson S.FOUL (P2.T2),7:52
http://stats.nba.com/cvp.html?GameID=0021200550&GameEventID=435,4,[ 83 - 84 ],Milwaukee Bucks,Dunleavy Free Throw 1 of 2 (11 PTS),7:52
http://stats.nba.com/cvp.html?GameID=0021200550&GameEventID=437,4,[ 84 - 84 ],Milwaukee Bucks,Dunleavy Free Throw 2 of 2 (12 PTS),7:52
http://stats.nba.com/cvp.html?GameID=0021200550&GameEventID=440,4,[ 84 - 86 ],Toronto Raptors,DeRozan 8' Pullup Jump Shot (22 PTS) (Lowry 6 AST),7:42
http://stats.nba.com/cvp.html?GameID=0021200550&GameEventID=441,4,,Milwaukee Bucks,Ellis S.FOUL (P4.T2),7:42
http://stats.nba.com/cvp.html?GameID=0021200550&GameEventID=442,4,[ 84 - 87 ],Toronto Raptors,DeRozan Free Throw 1 of 1 (23 PTS),7:42
http://stats.nba.com/cvp.html?GameID=0021200550&GameEventID=444,4,[ 86 - 87 ],Milwaukee Bucks,Ellis 2' Driving Finger Roll Layup (11 PTS) (Jennings 8 AST),7:31
http://stats.nba.com/cvp.html?GameID=0021200550&GameEventID=445,4,,Toronto Raptors,MISS Lowry 25' 3PT Jump Shot,7:10
http://stats.nba.com/cvp.html?GameID=0021200550&GameEventID=446,4,,Milwaukee Bucks,Dunleavy REBOUND (Off:0 Def:2),7:09
http://stats.nba.com/cvp.html?GameID=0021200550&GameEventID=447,4,,Milwaukee Bucks,MISS Ellis 18' Pullup Jump Shot,7:03
http://stats.nba.com/cvp.html?GameID=0021200550&GameEventID=448,4,,Milwaukee Bucks,Sanders REBOUND (Off:1 Def:1),7:02
http://stats.nba.com/cvp.html?GameID=0021200550&GameEventID=450,4,[ 88 - 87 ],Milwaukee Bucks,Henson 8' Jump Hook Shot (19 PTS) (Dunleavy 5 AST),6:53
http://stats.nba.com/cvp.html?GameID=0021200550&GameEventID=451,4,,Toronto Raptors,MISS DeRozan 20' Jump Shot,6:30
http://stats.nba.com/cvp.html?GameID=0021200550&GameEventID=452,4,,Toronto Raptors,Fields REBOUND (Off:1 Def:0),6:29
http://stats.nba.com/cvp.html?GameID=0021200550&GameEventID=453,4,,Toronto Raptors,Acy 3 Second Violation Turnover (P1.T14),6:17
http://stats.nba.com/cvp.html?GameID=0021200550&GameEventID=454,4,,Milwaukee Bucks,MISS Ellis 5' Driving Hook Shot,6:03
http://stats.nba.com/cvp.html?GameID=0021200550&GameEventID=455,4,,Milwaukee Bucks,Sanders REBOUND (Off:2 Def:1),6:02
http://stats.nba.com/cvp.html?GameID=0021200550&GameEventID=456,4,[ 90 - 87 ],Milwaukee Bucks,Sanders 1' Tip Shot (7 PTS),5:57
http://stats.nba.com/cvp.html?GameID=0021200550&GameEventID=457,4,,Milwaukee Bucks,Sanders Personal Block Foul (P3.T3),5:50
http://stats.nba.com/cvp.html?GameID=0021200550&GameEventID=461,4,,Toronto Raptors,SUB: Calderon FOR Acy,5:50
http://stats.nba.com/cvp.html?GameID=0021200550&GameEventID=462,4,,Toronto Raptors,SUB: Davis FOR Lowry,5:50
http://stats.nba.com/cvp.html?GameID=0021200550&GameEventID=463,4,,Toronto Raptors,MISS DeRozan 16' Fadeaway Jumper,5:37
http://stats.nba.com/cvp.html?GameID=0021200550&GameEventID=463,4,,Milwaukee Bucks,Ellis BLOCK (1 BLK),5:37
http://stats.nba.com/cvp.html?GameID=0021200550&GameEventID=464,4,,Milwaukee Bucks,Henson REBOUND (Off:1 Def:5),5:34
http://stats.nba.com/cvp.html?GameID=0021200550&GameEventID=465,4,,Milwaukee Bucks,MISS Ellis 19' Jump Shot,5:23
http://stats.nba.com/cvp.html?GameID=0021200550&GameEventID=466,4,,Toronto Raptors,Johnson REBOUND (Off:5 Def:8),5:22
http://stats.nba.com/cvp.html?GameID=0021200550&GameEventID=467,4,,Milwaukee Bucks,Henson P.FOUL (P3.T4),5:13
http://stats.nba.com/cvp.html?GameID=0021200550&GameEventID=468,4,,Toronto Raptors,SUB: Anderson FOR Fields,5:13
http://stats.nba.com/cvp.html?GameID=0021200550&GameEventID=469,4,[ 90 - 89 ],Toronto Raptors,Johnson 2' Driving Hook Shot (20 PTS) (Calderon 8 AST),5:07
http://stats.nba.com/cvp.html?GameID=0021200550&GameEventID=470,4,,Milwaukee Bucks,MISS Jennings 22' Jump Shot,4:47
http://stats.nba.com/cvp.html?GameID=0021200550&GameEventID=471,4,,Toronto Raptors,Anderson REBOUND (Off:0 Def:1),4:46
http://stats.nba.com/cvp.html?GameID=0021200550&GameEventID=472,4,,Toronto Raptors,Johnson Offensive Charge Foul (P3.T3),4:34
http://stats.nba.com/cvp.html?GameID=0021200550&GameEventID=473,4,,Toronto Raptors,Johnson Foul Turnover (P4.T15),4:34
http://stats.nba.com/cvp.html?GameID=0021200550&GameEventID=474,4,,Milwaukee Bucks,SUB: Ilyasova FOR Henson,4:34
http://stats.nba.com/cvp.html?GameID=0021200550&GameEventID=476,4,,Toronto Raptors,Davis S.FOUL (P4.T4),4:23
http://stats.nba.com/cvp.html?GameID=0021200550&GameEventID=477,4,,Milwaukee Bucks,MISS Sanders Free Throw 1 of 2,4:23
http://stats.nba.com/cvp.html?GameID=0021200550&GameEventID=478,4,,Milwaukee Bucks,Bucks Rebound,4:23
http://stats.nba.com/cvp.html?GameID=0021200550&GameEventID=479,4,,Milwaukee Bucks,MISS Sanders Free Throw 2 of 2,4:23
http://stats.nba.com/cvp.html?GameID=0021200550&GameEventID=481,4,,Toronto Raptors,Davis REBOUND (Off:7 Def:5),4:22
http://stats.nba.com/cvp.html?GameID=0021200550&GameEventID=482,4,[ 90 - 91 ],Toronto Raptors,Davis 1' Slam Dunk (20 PTS) (Johnson 4 AST),4:03
http://stats.nba.com/cvp.html?GameID=0021200550&GameEventID=483,4,,Milwaukee Bucks,MISS Ellis 3' Driving Layup,3:40
http://stats.nba.com/cvp.html?GameID=0021200550&GameEventID=484,4,,Milwaukee Bucks,Sanders REBOUND (Off:3 Def:1),3:39
http://stats.nba.com/cvp.html?GameID=0021200550&GameEventID=487,4,,Toronto Raptors,Davis S.FOUL (P5.PN),3:34
http://stats.nba.com/cvp.html?GameID=0021200550&GameEventID=488,4,[ 91 - 91 ],Milwaukee Bucks,Jennings Free Throw 1 of 2 (18 PTS),3:34
http://stats.nba.com/cvp.html?GameID=0021200550&GameEventID=490,4,[ 92 - 91 ],Milwaukee Bucks,Jennings Free Throw 2 of 2 (19 PTS),3:34
http://stats.nba.com/cvp.html?GameID=0021200550&GameEventID=492,4,,Toronto Raptors,MISS DeRozan 25' 3PT Jump Shot,3:13
http://stats.nba.com/cvp.html?GameID=0021200550&GameEventID=493,4,,Toronto Raptors,Anderson REBOUND (Off:1 Def:1),3:12
http://stats.nba.com/cvp.html?GameID=0021200550&GameEventID=494,4,,Toronto Raptors,MISS DeRozan 4' Running Layup,3:09
http://stats.nba.com/cvp.html?GameID=0021200550&GameEventID=494,4,,Milwaukee Bucks,Sanders BLOCK (2 BLK),3:09
http://stats.nba.com/cvp.html?GameID=0021200550&GameEventID=495,4,,Milwaukee Bucks,Sanders REBOUND (Off:3 Def:2),3:07
http://stats.nba.com/cvp.html?GameID=0021200550&GameEventID=496,4,[ 95 - 91 ],Milwaukee Bucks,Dunleavy 28' 3PT Jump Shot (15 PTS) (Jennings 9 AST),3:01
http://stats.nba.com/cvp.html?GameID=0021200550&GameEventID=497,4,,Toronto Raptors,MISS Johnson 20' Jump Shot,2:38
http://stats.nba.com/cvp.html?GameID=0021200550&GameEventID=498,4,,Milwaukee Bucks,Ilyasova REBOUND (Off:0 Def:4),2:37
http://stats.nba.com/cvp.html?GameID=0021200550&GameEventID=500,4,,Milwaukee Bucks,Bucks Timeout: Regular (Reg.4 Short 1),2:27
http://stats.nba.com/cvp.html?GameID=0021200550&GameEventID=502,4,,Toronto Raptors,SUB: Fields FOR Davis,2:27
http://stats.nba.com/cvp.html?GameID=0021200550&GameEventID=504,4,[ 97 - 91 ],Milwaukee Bucks,Ellis 5' Driving Layup (13 PTS),2:20
http://stats.nba.com/cvp.html?GameID=0021200550&GameEventID=505,4,,Toronto Raptors,MISS Calderon 15' Jump Shot,2:06
http://stats.nba.com/cvp.html?GameID=0021200550&GameEventID=506,4,,Milwaukee Bucks,Sanders REBOUND (Off:3 Def:3),2:05
http://stats.nba.com/cvp.html?GameID=0021200550&GameEventID=507,4,,Toronto Raptors,Johnson S.FOUL (P4.PN),1:47
http://stats.nba.com/cvp.html?GameID=0021200550&GameEventID=508,4,[ 98 - 91 ],Milwaukee Bucks,Sanders Free Throw 1 of 2 (8 PTS),1:47
http://stats.nba.com/cvp.html?GameID=0021200550&GameEventID=510,4,[ 99 - 91 ],Milwaukee Bucks,Sanders Free Throw 2 of 2 (9 PTS),1:47
http://stats.nba.com/cvp.html?GameID=0021200550&GameEventID=512,4,,Toronto Raptors,MISS Johnson 3' Running Jump Shot,1:37
http://stats.nba.com/cvp.html?GameID=0021200550&GameEventID=513,4,,Milwaukee Bucks,Sanders REBOUND (Off:3 Def:4),1:36
http://stats.nba.com/cvp.html?GameID=0021200550&GameEventID=515,4,[ 101 - 91 ],Milwaukee Bucks,Sanders  Alley Oop Dunk (11 PTS) (Jennings 10 AST),1:23
http://stats.nba.com/cvp.html?GameID=0021200550&GameEventID=516,4,,Toronto Raptors,RAPTORS Timeout: Short (Full 5 Short 2),1:23
http://stats.nba.com/cvp.html?GameID=0021200550&GameEventID=519,4,,Milwaukee Bucks,Ilyasova S.FOUL (P4.PN),1:19
http://stats.nba.com/cvp.html?GameID=0021200550&GameEventID=520,4,,Toronto Raptors,MISS Fields Free Throw 1 of 2,1:19
http://stats.nba.com/cvp.html?GameID=0021200550&GameEventID=521,4,,Toronto Raptors,RAPTORS Rebound,1:19
http://stats.nba.com/cvp.html?GameID=0021200550&GameEventID=522,4,[ 101 - 92 ],Toronto Raptors,Fields Free Throw 2 of 2 (3 PTS),1:19
http://stats.nba.com/cvp.html?GameID=0021200550&GameEventID=524,4,,Milwaukee Bucks,MISS Sanders 2' Alley Oop Dunk,1:14
http://stats.nba.com/cvp.html?GameID=0021200550&GameEventID=525,4,,Toronto Raptors,Johnson REBOUND (Off:5 Def:9),1:11
http://stats.nba.com/cvp.html?GameID=0021200550&GameEventID=526,4,,Toronto Raptors,MISS Anderson 27' 3PT Jump Shot,1:09
http://stats.nba.com/cvp.html?GameID=0021200550&GameEventID=527,4,,Toronto Raptors,RAPTORS Rebound,1:08
http://stats.nba.com/cvp.html?GameID=0021200550&GameEventID=528,4,,Milwaukee Bucks,Sanders L.B.FOUL (P4.PN),1:08
http://stats.nba.com/cvp.html?GameID=0021200550&GameEventID=529,4,[ 101 - 93 ],Toronto Raptors,Johnson Free Throw 1 of 2 (21 PTS),1:08
http://stats.nba.com/cvp.html?GameID=0021200550&GameEventID=531,4,[ 101 - 94 ],Toronto Raptors,Johnson Free Throw 2 of 2 (22 PTS),1:08
http://stats.nba.com/cvp.html?GameID=0021200550&GameEventID=533,4,[ 103 - 94 ],Milwaukee Bucks,Ellis 9' Driving Jump Shot (15 PTS),0:48
http://stats.nba.com/cvp.html?GameID=0021200550&GameEventID=535,4,[ 103 - 96 ],Toronto Raptors,Calderon 14' Pullup Jump Shot (21 PTS),0:42
http://stats.nba.com/cvp.html?GameID=0021200550&GameEventID=536,4,,Toronto Raptors,DeRozan Personal Take Foul (P4.PN),0:34
http://stats.nba.com/cvp.html?GameID=0021200550&GameEventID=537,4,[ 104 - 96 ],Milwaukee Bucks,Ellis Free Throw 1 of 2 (16 PTS),0:34
http://stats.nba.com/cvp.html?GameID=0021200550&GameEventID=539,4,[ 105 - 96 ],Milwaukee Bucks,Ellis Free Throw 2 of 2 (17 PTS),0:34
http://stats.nba.com/cvp.html?GameID=0021200550&GameEventID=541,4,,Toronto Raptors,RAPTORS Timeout: Regular (Full 6 Short 2),0:34
http://stats.nba.com/cvp.html?GameID=0021200550&GameEventID=545,4,,Toronto Raptors,MISS Anderson 27' 3PT Jump Shot,0:25
http://stats.nba.com/cvp.html?GameID=0021200550&GameEventID=546,4,,Milwaukee Bucks,Ilyasova REBOUND (Off:0 Def:5),0:24
http://stats.nba.com/cvp.html?GameID=0021200550&GameEventID=547,4,,Toronto Raptors,Fields P.FOUL (P4.PN),0:23
http://stats.nba.com/cvp.html?GameID=0021200550&GameEventID=548,4,[ 106 - 96 ],Milwaukee Bucks,Ilyasova Free Throw 1 of 2 (8 PTS),0:23
http://stats.nba.com/cvp.html?GameID=0021200550&GameEventID=550,4,[ 107 - 96 ],Milwaukee Bucks,Ilyasova Free Throw 2 of 2 (9 PTS),0:23
http://stats.nba.com/cvp.html?GameID=0021200550&GameEventID=553,4,,Toronto Raptors,MISS DeRozan 20' Pullup Jump Shot,0:14
http://stats.nba.com/cvp.html?GameID=0021200550&GameEventID=554,4,,Milwaukee Bucks,Sanders REBOUND (Off:3 Def:5),0:13
