http://stats.nba.com/cvp.html?GameID=0021200088&GameEventID=1,1,,Portland Trail Blazers,Jump Ball Hickson vs. Duncan: Tip to Mills,12:00
http://stats.nba.com/cvp.html?GameID=0021200088&GameEventID=2,1,[ 2 - 0 ],San Antonio Spurs,Green  Reverse Layup (2 PTS) (Diaw 1 AST),11:43
http://stats.nba.com/cvp.html?GameID=0021200088&GameEventID=3,1,[ 2 - 2 ],Portland Trail Blazers,Batum 1' Driving Dunk (2 PTS) (Aldridge 1 AST),11:26
http://stats.nba.com/cvp.html?GameID=0021200088&GameEventID=4,1,[ 4 - 2 ],San Antonio Spurs,Duncan 18' Jump Shot (2 PTS) (Mills 1 AST),11:02
http://stats.nba.com/cvp.html?GameID=0021200088&GameEventID=6,1,,San Antonio Spurs,SUB: Jackson FOR Leonard,10:49
http://stats.nba.com/cvp.html?GameID=0021200088&GameEventID=7,1,[ 4 - 4 ],Portland Trail Blazers,Aldridge 20' Jump Shot (2 PTS) (Lillard 1 AST),10:43
http://stats.nba.com/cvp.html?GameID=0021200088&GameEventID=8,1,,San Antonio Spurs,MISS Mills 17' Fadeaway Jumper,10:27
http://stats.nba.com/cvp.html?GameID=0021200088&GameEventID=9,1,,Portland Trail Blazers,Hickson REBOUND (Off:0 Def:1),10:27
http://stats.nba.com/cvp.html?GameID=0021200088&GameEventID=10,1,[ 4 - 7 ],Portland Trail Blazers,Lillard 25' 3PT Pullup Jump Shot (3 PTS),10:16
http://stats.nba.com/cvp.html?GameID=0021200088&GameEventID=11,1,,San Antonio Spurs,MISS Green 20' Jump Shot,9:48
http://stats.nba.com/cvp.html?GameID=0021200088&GameEventID=12,1,,Portland Trail Blazers,Lillard REBOUND (Off:0 Def:1),9:47
http://stats.nba.com/cvp.html?GameID=0021200088&GameEventID=13,1,[ 4 - 9 ],Portland Trail Blazers,Batum 9' Running Jump Shot (4 PTS),9:41
http://stats.nba.com/cvp.html?GameID=0021200088&GameEventID=14,1,,San Antonio Spurs,Diaw S.FOUL (P1.T1),9:41
http://stats.nba.com/cvp.html?GameID=0021200088&GameEventID=15,1,,San Antonio Spurs,SUB: Leonard FOR Jackson,9:41
http://stats.nba.com/cvp.html?GameID=0021200088&GameEventID=16,1,[ 4 - 10 ],Portland Trail Blazers,Batum Free Throw 1 of 1 (5 PTS),9:41
http://stats.nba.com/cvp.html?GameID=0021200088&GameEventID=18,1,[ 6 - 10 ],San Antonio Spurs,Duncan 1' Driving Finger Roll Layup (4 PTS),9:27
http://stats.nba.com/cvp.html?GameID=0021200088&GameEventID=19,1,,Portland Trail Blazers,MISS Aldridge 19' Jump Shot,9:04
http://stats.nba.com/cvp.html?GameID=0021200088&GameEventID=20,1,,Portland Trail Blazers,Batum REBOUND (Off:1 Def:0),9:03
http://stats.nba.com/cvp.html?GameID=0021200088&GameEventID=21,1,,Portland Trail Blazers,Batum Lost Ball Turnover (P1.T1),9:01
http://stats.nba.com/cvp.html?GameID=0021200088&GameEventID=21,1,,San Antonio Spurs,Leonard STEAL (1 STL),9:01
http://stats.nba.com/cvp.html?GameID=0021200088&GameEventID=22,1,[ 8 - 10 ],San Antonio Spurs,Mills 1' Driving Layup (2 PTS) (Leonard 1 AST),8:56
http://stats.nba.com/cvp.html?GameID=0021200088&GameEventID=23,1,,Portland Trail Blazers,MISS Aldridge 13' Turnaround Fadeaway Shot,8:36
http://stats.nba.com/cvp.html?GameID=0021200088&GameEventID=24,1,,San Antonio Spurs,Leonard REBOUND (Off:0 Def:1),8:35
http://stats.nba.com/cvp.html?GameID=0021200088&GameEventID=26,1,[ 10 - 10 ],San Antonio Spurs,Green 1' Layup (4 PTS) (Diaw 2 AST),8:23
http://stats.nba.com/cvp.html?GameID=0021200088&GameEventID=27,1,,Portland Trail Blazers,MISS Matthews 2' Driving Layup,7:58
http://stats.nba.com/cvp.html?GameID=0021200088&GameEventID=27,1,,San Antonio Spurs,Duncan BLOCK (1 BLK),7:58
http://stats.nba.com/cvp.html?GameID=0021200088&GameEventID=28,1,,San Antonio Spurs,Duncan REBOUND (Off:0 Def:1),7:56
http://stats.nba.com/cvp.html?GameID=0021200088&GameEventID=29,1,,San Antonio Spurs,Leonard Offensive Charge Foul (P1.T2),7:54
http://stats.nba.com/cvp.html?GameID=0021200088&GameEventID=30,1,,San Antonio Spurs,Leonard Foul Turnover (P1.T1),7:54
http://stats.nba.com/cvp.html?GameID=0021200088&GameEventID=31,1,,Portland Trail Blazers,MISS Batum 15' Jump Shot,7:40
http://stats.nba.com/cvp.html?GameID=0021200088&GameEventID=32,1,,San Antonio Spurs,Green REBOUND (Off:0 Def:1),7:38
http://stats.nba.com/cvp.html?GameID=0021200088&GameEventID=33,1,,San Antonio Spurs,Green Bad Pass Turnover (P1.T2),7:33
http://stats.nba.com/cvp.html?GameID=0021200088&GameEventID=34,1,[ 10 - 12 ],Portland Trail Blazers,Lillard 20' Pullup Jump Shot (5 PTS),7:13
http://stats.nba.com/cvp.html?GameID=0021200088&GameEventID=35,1,,San Antonio Spurs,MISS Mills 12' Jump Shot,6:59
http://stats.nba.com/cvp.html?GameID=0021200088&GameEventID=36,1,,Portland Trail Blazers,Hickson REBOUND (Off:0 Def:2),6:58
http://stats.nba.com/cvp.html?GameID=0021200088&GameEventID=37,1,,Portland Trail Blazers,MISS Lillard 26' 3PT Pullup Jump Shot,6:50
http://stats.nba.com/cvp.html?GameID=0021200088&GameEventID=38,1,,San Antonio Spurs,Duncan REBOUND (Off:0 Def:2),6:49
http://stats.nba.com/cvp.html?GameID=0021200088&GameEventID=39,1,,San Antonio Spurs,Diaw Palming Turnover (P1.T3),6:31
http://stats.nba.com/cvp.html?GameID=0021200088&GameEventID=40,1,,San Antonio Spurs,Diaw P.FOUL (P2.T3),6:17
http://stats.nba.com/cvp.html?GameID=0021200088&GameEventID=41,1,,Portland Trail Blazers,TRAIL BLAZERS Timeout: Regular (Full 1 Short 0),6:17
http://stats.nba.com/cvp.html?GameID=0021200088&GameEventID=43,1,,San Antonio Spurs,SUB: Jackson FOR Green,6:17
http://stats.nba.com/cvp.html?GameID=0021200088&GameEventID=44,1,,San Antonio Spurs,SUB: Splitter FOR Diaw,6:17
http://stats.nba.com/cvp.html?GameID=0021200088&GameEventID=45,1,[ 10 - 14 ],Portland Trail Blazers,Aldridge 19' Jump Shot (4 PTS) (Batum 1 AST),6:09
http://stats.nba.com/cvp.html?GameID=0021200088&GameEventID=46,1,,San Antonio Spurs,MISS Splitter 2' Layup,5:53
http://stats.nba.com/cvp.html?GameID=0021200088&GameEventID=47,1,,Portland Trail Blazers,Hickson REBOUND (Off:0 Def:3),5:52
http://stats.nba.com/cvp.html?GameID=0021200088&GameEventID=48,1,[ 10 - 17 ],Portland Trail Blazers,Batum 25' 3PT Jump Shot (8 PTS) (Lillard 2 AST),5:46
http://stats.nba.com/cvp.html?GameID=0021200088&GameEventID=49,1,[ 12 - 17 ],San Antonio Spurs,Duncan 5' Turnaround Hook Shot (6 PTS),5:27
http://stats.nba.com/cvp.html?GameID=0021200088&GameEventID=50,1,[ 12 - 19 ],Portland Trail Blazers,Aldridge 21' Jump Shot (6 PTS) (Lillard 3 AST),5:08
http://stats.nba.com/cvp.html?GameID=0021200088&GameEventID=51,1,[ 14 - 19 ],San Antonio Spurs,Duncan 21' Jump Shot (8 PTS) (Jackson 1 AST),4:50
http://stats.nba.com/cvp.html?GameID=0021200088&GameEventID=52,1,,San Antonio Spurs,Jackson P.FOUL (P1.T4),4:43
http://stats.nba.com/cvp.html?GameID=0021200088&GameEventID=53,1,,San Antonio Spurs,SUB: Neal FOR Mills,4:43
http://stats.nba.com/cvp.html?GameID=0021200088&GameEventID=54,1,,San Antonio Spurs,SUB: Ginobili FOR Leonard,4:43
http://stats.nba.com/cvp.html?GameID=0021200088&GameEventID=55,1,,Portland Trail Blazers,SUB: Price FOR Lillard,4:43
http://stats.nba.com/cvp.html?GameID=0021200088&GameEventID=56,1,,Portland Trail Blazers,SUB: Leonard FOR Hickson,4:43
http://stats.nba.com/cvp.html?GameID=0021200088&GameEventID=57,1,,San Antonio Spurs,SUB: Bonner FOR Duncan,4:43
http://stats.nba.com/cvp.html?GameID=0021200088&GameEventID=59,1,,San Antonio Spurs,Jackson Violation:Kicked Ball,4:43
http://stats.nba.com/cvp.html?GameID=0021200088&GameEventID=60,1,,Portland Trail Blazers,Batum Out of Bounds Lost Ball Turnover (P2.T2),4:41
http://stats.nba.com/cvp.html?GameID=0021200088&GameEventID=62,1,,Portland Trail Blazers,Batum STEAL (1 STL),4:27
http://stats.nba.com/cvp.html?GameID=0021200088&GameEventID=62,1,,San Antonio Spurs,Bonner Bad Pass Turnover (P1.T4),4:27
http://stats.nba.com/cvp.html?GameID=0021200088&GameEventID=63,1,,Portland Trail Blazers,MISS Aldridge 3' Layup,4:16
http://stats.nba.com/cvp.html?GameID=0021200088&GameEventID=64,1,,San Antonio Spurs,Neal REBOUND (Off:0 Def:1),4:14
http://stats.nba.com/cvp.html?GameID=0021200088&GameEventID=65,1,,Portland Trail Blazers,Price STEAL (1 STL),4:02
http://stats.nba.com/cvp.html?GameID=0021200088&GameEventID=65,1,,San Antonio Spurs,Jackson Bad Pass Turnover (P1.T5),4:02
http://stats.nba.com/cvp.html?GameID=0021200088&GameEventID=66,1,[ 14 - 22 ],Portland Trail Blazers,Batum  3PT Jump Shot (11 PTS) (Matthews 1 AST),3:59
http://stats.nba.com/cvp.html?GameID=0021200088&GameEventID=67,1,,Portland Trail Blazers,Aldridge BLOCK (1 BLK),3:45
http://stats.nba.com/cvp.html?GameID=0021200088&GameEventID=67,1,,San Antonio Spurs,MISS Neal 2' Layup,3:45
http://stats.nba.com/cvp.html?GameID=0021200088&GameEventID=68,1,,San Antonio Spurs,Spurs Rebound,3:45
http://stats.nba.com/cvp.html?GameID=0021200088&GameEventID=69,1,,Portland Trail Blazers,SUB: Babbitt FOR Aldridge,3:45
http://stats.nba.com/cvp.html?GameID=0021200088&GameEventID=70,1,[ 16 - 22 ],San Antonio Spurs,Jackson 4' Running Jump Shot (2 PTS),3:35
http://stats.nba.com/cvp.html?GameID=0021200088&GameEventID=71,1,[ 16 - 24 ],Portland Trail Blazers,Matthews 4' Running Jump Shot (2 PTS) (Babbitt 1 AST),3:11
http://stats.nba.com/cvp.html?GameID=0021200088&GameEventID=72,1,,San Antonio Spurs,MISS Bonner 24' 3PT Jump Shot,2:57
http://stats.nba.com/cvp.html?GameID=0021200088&GameEventID=73,1,,Portland Trail Blazers,Leonard REBOUND (Off:0 Def:1),2:56
http://stats.nba.com/cvp.html?GameID=0021200088&GameEventID=74,1,,Portland Trail Blazers,MISS Babbitt  3PT Jump Shot,2:45
http://stats.nba.com/cvp.html?GameID=0021200088&GameEventID=75,1,,San Antonio Spurs,Splitter REBOUND (Off:0 Def:1),2:44
http://stats.nba.com/cvp.html?GameID=0021200088&GameEventID=76,1,,San Antonio Spurs,Neal Offensive Charge Foul (P1.PN),2:39
http://stats.nba.com/cvp.html?GameID=0021200088&GameEventID=77,1,,San Antonio Spurs,Neal Foul Turnover (P1.T6),2:39
http://stats.nba.com/cvp.html?GameID=0021200088&GameEventID=78,1,,San Antonio Spurs,Spurs Timeout: Regular (Reg.1 Short 0),2:39
http://stats.nba.com/cvp.html?GameID=0021200088&GameEventID=80,1,,San Antonio Spurs,SUB: Green FOR Bonner,2:39
http://stats.nba.com/cvp.html?GameID=0021200088&GameEventID=81,1,,Portland Trail Blazers,MISS Batum 1' Layup,2:26
http://stats.nba.com/cvp.html?GameID=0021200088&GameEventID=83,1,,Portland Trail Blazers,Leonard REBOUND (Off:1 Def:1),2:25
http://stats.nba.com/cvp.html?GameID=0021200088&GameEventID=82,1,[ 16 - 26 ],Portland Trail Blazers,Leonard  Tip Shot (2 PTS),2:25
http://stats.nba.com/cvp.html?GameID=0021200088&GameEventID=84,1,,Portland Trail Blazers,Babbitt STEAL (1 STL),2:12
http://stats.nba.com/cvp.html?GameID=0021200088&GameEventID=84,1,,San Antonio Spurs,Ginobili Lost Ball Turnover (P1.T7),2:12
http://stats.nba.com/cvp.html?GameID=0021200088&GameEventID=87,1,,Portland Trail Blazers,MISS Price 25' 3PT Jump Shot,1:52
http://stats.nba.com/cvp.html?GameID=0021200088&GameEventID=88,1,,San Antonio Spurs,Jackson REBOUND (Off:0 Def:1),1:51
http://stats.nba.com/cvp.html?GameID=0021200088&GameEventID=89,1,[ 19 - 26 ],San Antonio Spurs,Jackson  3PT Jump Shot (5 PTS),1:43
http://stats.nba.com/cvp.html?GameID=0021200088&GameEventID=90,1,,Portland Trail Blazers,Leonard 3 Second Violation Turnover (P1.T3),1:21
http://stats.nba.com/cvp.html?GameID=0021200088&GameEventID=91,1,[ 22 - 26 ],San Antonio Spurs,Ginobili 25' 3PT Jump Shot (3 PTS) (Jackson 2 AST),1:01
http://stats.nba.com/cvp.html?GameID=0021200088&GameEventID=92,1,,Portland Trail Blazers,Price Bad Pass Turnover (P1.T4),0:41
http://stats.nba.com/cvp.html?GameID=0021200088&GameEventID=92,1,,San Antonio Spurs,Jackson STEAL (1 STL),0:41
http://stats.nba.com/cvp.html?GameID=0021200088&GameEventID=93,1,[ 25 - 26 ],San Antonio Spurs,Neal 24' 3PT Jump Shot (3 PTS) (Green 1 AST),0:35
http://stats.nba.com/cvp.html?GameID=0021200088&GameEventID=94,1,,Portland Trail Blazers,MISS Batum 1' Driving Layup,0:23
http://stats.nba.com/cvp.html?GameID=0021200088&GameEventID=95,1,,San Antonio Spurs,Neal REBOUND (Off:0 Def:2),0:22
http://stats.nba.com/cvp.html?GameID=0021200088&GameEventID=96,1,,Portland Trail Blazers,Babbitt S.FOUL (P1.T1),0:03
http://stats.nba.com/cvp.html?GameID=0021200088&GameEventID=97,1,[ 26 - 26 ],San Antonio Spurs,Ginobili Free Throw 1 of 2 (4 PTS),0:03
http://stats.nba.com/cvp.html?GameID=0021200088&GameEventID=99,1,,Portland Trail Blazers,SUB: Lillard FOR Babbitt,0:03
http://stats.nba.com/cvp.html?GameID=0021200088&GameEventID=100,1,,San Antonio Spurs,SUB: Joseph FOR Neal,0:03
http://stats.nba.com/cvp.html?GameID=0021200088&GameEventID=101,1,,San Antonio Spurs,MISS Ginobili Free Throw 2 of 2,0:03
http://stats.nba.com/cvp.html?GameID=0021200088&GameEventID=103,1,,Portland Trail Blazers,Leonard REBOUND (Off:1 Def:2),0:03
http://stats.nba.com/cvp.html?GameID=0021200088&GameEventID=107,2,,Portland Trail Blazers,Aldridge Lost Ball Turnover (P1.T5),11:47
http://stats.nba.com/cvp.html?GameID=0021200088&GameEventID=107,2,,San Antonio Spurs,Jackson STEAL (2 STL),11:47
http://stats.nba.com/cvp.html?GameID=0021200088&GameEventID=108,2,,Portland Trail Blazers,Matthews STEAL (1 STL),11:37
http://stats.nba.com/cvp.html?GameID=0021200088&GameEventID=108,2,,San Antonio Spurs,Splitter Lost Ball Turnover (P1.T8),11:37
http://stats.nba.com/cvp.html?GameID=0021200088&GameEventID=109,2,,Portland Trail Blazers,Lillard Traveling Turnover (P1.T6),11:28
http://stats.nba.com/cvp.html?GameID=0021200088&GameEventID=110,2,,San Antonio Spurs,MISS Jackson 1' Driving Layup,11:12
http://stats.nba.com/cvp.html?GameID=0021200088&GameEventID=111,2,,Portland Trail Blazers,Pavlovic REBOUND (Off:0 Def:1),11:10
http://stats.nba.com/cvp.html?GameID=0021200088&GameEventID=112,2,[ 26 - 28 ],Portland Trail Blazers,Aldridge 15' Pullup Jump Shot (8 PTS),10:50
http://stats.nba.com/cvp.html?GameID=0021200088&GameEventID=113,2,,Portland Trail Blazers,Leonard S.FOUL (P1.T1),10:34
http://stats.nba.com/cvp.html?GameID=0021200088&GameEventID=114,2,[ 27 - 28 ],San Antonio Spurs,Splitter Free Throw 1 of 2 (1 PTS),10:34
http://stats.nba.com/cvp.html?GameID=0021200088&GameEventID=116,2,[ 28 - 28 ],San Antonio Spurs,Splitter Free Throw 2 of 2 (2 PTS),10:34
http://stats.nba.com/cvp.html?GameID=0021200088&GameEventID=118,2,,Portland Trail Blazers,MISS Matthews 5' Running Jump Shot,10:17
http://stats.nba.com/cvp.html?GameID=0021200088&GameEventID=119,2,,Portland Trail Blazers,TRAIL BLAZERS Rebound,10:15
http://stats.nba.com/cvp.html?GameID=0021200088&GameEventID=120,2,,San Antonio Spurs,SUB: Leonard FOR Green,10:15
http://stats.nba.com/cvp.html?GameID=0021200088&GameEventID=121,2,,Portland Trail Blazers,MISS Lillard 4' Jump Shot,10:14
http://stats.nba.com/cvp.html?GameID=0021200088&GameEventID=121,2,,San Antonio Spurs,Splitter BLOCK (1 BLK),10:14
http://stats.nba.com/cvp.html?GameID=0021200088&GameEventID=122,2,,San Antonio Spurs,Ginobili REBOUND (Off:0 Def:1),10:12
http://stats.nba.com/cvp.html?GameID=0021200088&GameEventID=123,2,,San Antonio Spurs,Splitter OFF.Foul (P1),10:07
http://stats.nba.com/cvp.html?GameID=0021200088&GameEventID=124,2,,San Antonio Spurs,Splitter Foul Turnover (P2.T9),10:07
http://stats.nba.com/cvp.html?GameID=0021200088&GameEventID=125,2,,Portland Trail Blazers,MISS Aldridge 19' Jump Shot,9:54
http://stats.nba.com/cvp.html?GameID=0021200088&GameEventID=126,2,,San Antonio Spurs,Neal REBOUND (Off:0 Def:3),9:53
http://stats.nba.com/cvp.html?GameID=0021200088&GameEventID=127,2,,San Antonio Spurs,MISS Leonard  3PT Jump Shot,9:38
http://stats.nba.com/cvp.html?GameID=0021200088&GameEventID=128,2,,Portland Trail Blazers,Matthews REBOUND (Off:0 Def:1),9:36
http://stats.nba.com/cvp.html?GameID=0021200088&GameEventID=129,2,[ 28 - 30 ],Portland Trail Blazers,Aldridge 15' Jump Shot (10 PTS) (Pavlovic 1 AST),9:25
http://stats.nba.com/cvp.html?GameID=0021200088&GameEventID=130,2,,San Antonio Spurs,Spurs Timeout: Regular (Reg.2 Short 0),9:25
http://stats.nba.com/cvp.html?GameID=0021200088&GameEventID=133,2,,San Antonio Spurs,SUB: Diaw FOR Jackson,9:25
http://stats.nba.com/cvp.html?GameID=0021200088&GameEventID=134,2,,San Antonio Spurs,SUB: Mills FOR Ginobili,9:25
http://stats.nba.com/cvp.html?GameID=0021200088&GameEventID=135,2,,Portland Trail Blazers,SUB: Batum FOR Matthews,9:25
http://stats.nba.com/cvp.html?GameID=0021200088&GameEventID=136,2,,San Antonio Spurs,MISS Mills 19' Jump Shot,9:09
http://stats.nba.com/cvp.html?GameID=0021200088&GameEventID=137,2,,Portland Trail Blazers,Batum REBOUND (Off:1 Def:1),9:07
http://stats.nba.com/cvp.html?GameID=0021200088&GameEventID=138,2,[ 28 - 32 ],Portland Trail Blazers,Aldridge 20' Jump Shot (12 PTS) (Lillard 4 AST),9:00
http://stats.nba.com/cvp.html?GameID=0021200088&GameEventID=139,2,,Portland Trail Blazers,Lillard STEAL (1 STL),8:51
http://stats.nba.com/cvp.html?GameID=0021200088&GameEventID=139,2,,San Antonio Spurs,Splitter Bad Pass Turnover (P3.T10),8:51
http://stats.nba.com/cvp.html?GameID=0021200088&GameEventID=140,2,[ 28 - 34 ],Portland Trail Blazers,Lillard  Driving Dunk (7 PTS),8:49
http://stats.nba.com/cvp.html?GameID=0021200088&GameEventID=141,2,[ 30 - 34 ],San Antonio Spurs,Neal 16' Pullup Jump Shot (5 PTS),8:31
http://stats.nba.com/cvp.html?GameID=0021200088&GameEventID=142,2,,Portland Trail Blazers,MISS Batum 22' Jump Shot,8:14
http://stats.nba.com/cvp.html?GameID=0021200088&GameEventID=143,2,,San Antonio Spurs,Neal REBOUND (Off:0 Def:4),8:13
http://stats.nba.com/cvp.html?GameID=0021200088&GameEventID=145,2,,Portland Trail Blazers,SUB: Hickson FOR Leonard,8:04
http://stats.nba.com/cvp.html?GameID=0021200088&GameEventID=146,2,,San Antonio Spurs,SUB: Duncan FOR Splitter,8:04
http://stats.nba.com/cvp.html?GameID=0021200088&GameEventID=147,2,[ 32 - 34 ],San Antonio Spurs,Neal 14' Jump Shot (7 PTS) (Mills 2 AST),8:02
http://stats.nba.com/cvp.html?GameID=0021200088&GameEventID=148,2,[ 32 - 37 ],Portland Trail Blazers,Lillard 25' 3PT Jump Shot (10 PTS) (Batum 2 AST),7:46
http://stats.nba.com/cvp.html?GameID=0021200088&GameEventID=149,2,,San Antonio Spurs,MISS Duncan 12' Jump Shot,7:24
http://stats.nba.com/cvp.html?GameID=0021200088&GameEventID=150,2,,Portland Trail Blazers,Pavlovic REBOUND (Off:0 Def:2),7:23
http://stats.nba.com/cvp.html?GameID=0021200088&GameEventID=151,2,,Portland Trail Blazers,MISS Lillard 2' Driving Reverse Layup,7:16
http://stats.nba.com/cvp.html?GameID=0021200088&GameEventID=152,2,,San Antonio Spurs,Duncan REBOUND (Off:0 Def:3),7:15
http://stats.nba.com/cvp.html?GameID=0021200088&GameEventID=153,2,,San Antonio Spurs,MISS Neal 19' Jump Shot,7:07
http://stats.nba.com/cvp.html?GameID=0021200088&GameEventID=154,2,,San Antonio Spurs,Duncan REBOUND (Off:1 Def:3),7:05
http://stats.nba.com/cvp.html?GameID=0021200088&GameEventID=155,2,,Portland Trail Blazers,Hickson STEAL (1 STL),6:55
http://stats.nba.com/cvp.html?GameID=0021200088&GameEventID=155,2,,San Antonio Spurs,Leonard Lost Ball Turnover (P2.T11),6:55
http://stats.nba.com/cvp.html?GameID=0021200088&GameEventID=156,2,[ 32 - 39 ],Portland Trail Blazers,Batum 1' Layup (13 PTS) (Lillard 5 AST),6:48
http://stats.nba.com/cvp.html?GameID=0021200088&GameEventID=157,2,,Portland Trail Blazers,Pavlovic STEAL (1 STL),6:31
http://stats.nba.com/cvp.html?GameID=0021200088&GameEventID=157,2,,San Antonio Spurs,Mills Lost Ball Turnover (P1.T12),6:31
http://stats.nba.com/cvp.html?GameID=0021200088&GameEventID=159,2,,San Antonio Spurs,SUB: Green FOR Neal,6:22
http://stats.nba.com/cvp.html?GameID=0021200088&GameEventID=160,2,,Portland Trail Blazers,MISS Aldridge 19' Jump Shot,6:16
http://stats.nba.com/cvp.html?GameID=0021200088&GameEventID=161,2,,San Antonio Spurs,Green REBOUND (Off:0 Def:2),6:14
http://stats.nba.com/cvp.html?GameID=0021200088&GameEventID=162,2,,Portland Trail Blazers,Pavlovic STEAL (2 STL),6:09
http://stats.nba.com/cvp.html?GameID=0021200088&GameEventID=162,2,,San Antonio Spurs,Duncan Bad Pass Turnover (P1.T13),6:09
http://stats.nba.com/cvp.html?GameID=0021200088&GameEventID=163,2,[ 32 - 42 ],Portland Trail Blazers,Lillard 25' 3PT Jump Shot (13 PTS) (Aldridge 2 AST),5:53
http://stats.nba.com/cvp.html?GameID=0021200088&GameEventID=164,2,[ 34 - 42 ],San Antonio Spurs,Duncan 12' Turnaround Bank Shot (10 PTS),5:27
http://stats.nba.com/cvp.html?GameID=0021200088&GameEventID=165,2,,Portland Trail Blazers,MISS Aldridge 9' Fadeaway Jumper,5:04
http://stats.nba.com/cvp.html?GameID=0021200088&GameEventID=166,2,,Portland Trail Blazers,Hickson REBOUND (Off:1 Def:3),5:03
http://stats.nba.com/cvp.html?GameID=0021200088&GameEventID=167,2,[ 34 - 44 ],Portland Trail Blazers,Hickson 11' Turnaround Fadeaway (2 PTS),4:57
http://stats.nba.com/cvp.html?GameID=0021200088&GameEventID=168,2,,Portland Trail Blazers,Hickson S.FOUL (P1.T2),4:41
http://stats.nba.com/cvp.html?GameID=0021200088&GameEventID=171,2,,San Antonio Spurs,SUB: Jackson FOR Leonard,4:41
http://stats.nba.com/cvp.html?GameID=0021200088&GameEventID=172,2,,Portland Trail Blazers,SUB: Matthews FOR Batum,4:41
http://stats.nba.com/cvp.html?GameID=0021200088&GameEventID=173,2,[ 35 - 44 ],San Antonio Spurs,Duncan Free Throw 1 of 2 (11 PTS),4:41
http://stats.nba.com/cvp.html?GameID=0021200088&GameEventID=175,2,[ 36 - 44 ],San Antonio Spurs,Duncan Free Throw 2 of 2 (12 PTS),4:41
http://stats.nba.com/cvp.html?GameID=0021200088&GameEventID=177,2,,Portland Trail Blazers,Lillard Lost Ball Turnover (P2.T7),4:21
http://stats.nba.com/cvp.html?GameID=0021200088&GameEventID=177,2,,San Antonio Spurs,Mills STEAL (1 STL),4:21
http://stats.nba.com/cvp.html?GameID=0021200088&GameEventID=178,2,,Portland Trail Blazers,Lillard L.B.FOUL (P1.T3),4:21
http://stats.nba.com/cvp.html?GameID=0021200088&GameEventID=179,2,,San Antonio Spurs,SUB: Ginobili FOR Green,4:21
http://stats.nba.com/cvp.html?GameID=0021200088&GameEventID=180,2,[ 38 - 44 ],San Antonio Spurs,Mills 20' Fadeaway Jumper (4 PTS),4:07
http://stats.nba.com/cvp.html?GameID=0021200088&GameEventID=181,2,,San Antonio Spurs,Duncan S.FOUL (P1.T1),3:51
http://stats.nba.com/cvp.html?GameID=0021200088&GameEventID=182,2,[ 38 - 45 ],Portland Trail Blazers,Aldridge Free Throw 1 of 2 (13 PTS),3:51
http://stats.nba.com/cvp.html?GameID=0021200088&GameEventID=184,2,[ 38 - 46 ],Portland Trail Blazers,Aldridge Free Throw 2 of 2 (14 PTS),3:51
http://stats.nba.com/cvp.html?GameID=0021200088&GameEventID=186,2,,San Antonio Spurs,MISS Duncan 5' Running Jump Shot,3:32
http://stats.nba.com/cvp.html?GameID=0021200088&GameEventID=187,2,,Portland Trail Blazers,Hickson REBOUND (Off:1 Def:4),3:31
http://stats.nba.com/cvp.html?GameID=0021200088&GameEventID=188,2,,Portland Trail Blazers,Matthews Lost Ball Turnover (P1.T8),3:18
http://stats.nba.com/cvp.html?GameID=0021200088&GameEventID=188,2,,San Antonio Spurs,Ginobili STEAL (1 STL),3:18
http://stats.nba.com/cvp.html?GameID=0021200088&GameEventID=189,2,,Portland Trail Blazers,Aldridge BLOCK (2 BLK),3:02
http://stats.nba.com/cvp.html?GameID=0021200088&GameEventID=189,2,,San Antonio Spurs,MISS Duncan 1' Driving Hook Shot,3:02
http://stats.nba.com/cvp.html?GameID=0021200088&GameEventID=190,2,,Portland Trail Blazers,Hickson REBOUND (Off:1 Def:5),3:00
http://stats.nba.com/cvp.html?GameID=0021200088&GameEventID=191,2,,San Antonio Spurs,Ginobili P.FOUL (P1.T2),2:52
http://stats.nba.com/cvp.html?GameID=0021200088&GameEventID=192,2,,Portland Trail Blazers,TRAIL BLAZERS Timeout: Regular (Full 2 Short 0),2:52
http://stats.nba.com/cvp.html?GameID=0021200088&GameEventID=193,2,,Portland Trail Blazers,SUB: Batum FOR Pavlovic,2:52
http://stats.nba.com/cvp.html?GameID=0021200088&GameEventID=194,2,,San Antonio Spurs,SUB: Neal FOR Diaw,2:52
http://stats.nba.com/cvp.html?GameID=0021200088&GameEventID=195,2,,Portland Trail Blazers,Aldridge Bad Pass Turnover (P2.T9),2:44
http://stats.nba.com/cvp.html?GameID=0021200088&GameEventID=195,2,,San Antonio Spurs,Duncan STEAL (1 STL),2:44
http://stats.nba.com/cvp.html?GameID=0021200088&GameEventID=196,2,,San Antonio Spurs,MISS Ginobili 25' 3PT Jump Shot,2:36
http://stats.nba.com/cvp.html?GameID=0021200088&GameEventID=197,2,,San Antonio Spurs,Mills REBOUND (Off:1 Def:0),2:36
http://stats.nba.com/cvp.html?GameID=0021200088&GameEventID=198,2,[ 41 - 46 ],San Antonio Spurs,Jackson 25' 3PT Jump Shot (8 PTS) (Mills 3 AST),2:33
http://stats.nba.com/cvp.html?GameID=0021200088&GameEventID=199,2,,Portland Trail Blazers,MISS Hickson 18' Jump Shot,2:13
http://stats.nba.com/cvp.html?GameID=0021200088&GameEventID=200,2,,Portland Trail Blazers,Aldridge REBOUND (Off:1 Def:0),2:12
http://stats.nba.com/cvp.html?GameID=0021200088&GameEventID=201,2,,San Antonio Spurs,Neal S.FOUL (P2.T3),2:12
http://stats.nba.com/cvp.html?GameID=0021200088&GameEventID=202,2,[ 41 - 47 ],Portland Trail Blazers,Aldridge Free Throw 1 of 2 (15 PTS),2:12
http://stats.nba.com/cvp.html?GameID=0021200088&GameEventID=204,2,,Portland Trail Blazers,MISS Aldridge Free Throw 2 of 2,2:12
http://stats.nba.com/cvp.html?GameID=0021200088&GameEventID=206,2,,San Antonio Spurs,Duncan REBOUND (Off:1 Def:4),2:11
http://stats.nba.com/cvp.html?GameID=0021200088&GameEventID=208,2,,San Antonio Spurs,MISS Neal 25' 3PT Jump Shot,1:48
http://stats.nba.com/cvp.html?GameID=0021200088&GameEventID=209,2,,Portland Trail Blazers,Hickson REBOUND (Off:1 Def:6),1:47
http://stats.nba.com/cvp.html?GameID=0021200088&GameEventID=210,2,[ 41 - 50 ],Portland Trail Blazers,Batum  3PT Jump Shot (16 PTS) (Aldridge 3 AST),1:33
http://stats.nba.com/cvp.html?GameID=0021200088&GameEventID=211,2,[ 43 - 50 ],San Antonio Spurs,Ginobili 1' Reverse Layup (6 PTS) (Duncan 1 AST),1:17
http://stats.nba.com/cvp.html?GameID=0021200088&GameEventID=212,2,,Portland Trail Blazers,MISS Matthews  3PT Jump Shot,1:06
http://stats.nba.com/cvp.html?GameID=0021200088&GameEventID=213,2,,San Antonio Spurs,Spurs Rebound,1:05
http://stats.nba.com/cvp.html?GameID=0021200088&GameEventID=214,2,,San Antonio Spurs,Mills Out of Bounds Lost Ball Turnover (P2.T14),0:55
http://stats.nba.com/cvp.html?GameID=0021200088&GameEventID=215,2,,Portland Trail Blazers,MISS Lillard 15' Pullup Jump Shot,0:34
http://stats.nba.com/cvp.html?GameID=0021200088&GameEventID=216,2,,San Antonio Spurs,Spurs Rebound,0:34
http://stats.nba.com/cvp.html?GameID=0021200088&GameEventID=217,2,,Portland Trail Blazers,Hickson L.B.FOUL (P2.T4),0:34
http://stats.nba.com/cvp.html?GameID=0021200088&GameEventID=218,2,,San Antonio Spurs,MISS Jackson 26' 3PT Jump Shot,0:27
http://stats.nba.com/cvp.html?GameID=0021200088&GameEventID=219,2,,Portland Trail Blazers,Batum REBOUND (Off:1 Def:2),0:26
http://stats.nba.com/cvp.html?GameID=0021200088&GameEventID=220,2,[ 43 - 52 ],Portland Trail Blazers,Lillard 16' Pullup Jump Shot (15 PTS),0:04
http://stats.nba.com/cvp.html?GameID=0021200088&GameEventID=221,2,,San Antonio Spurs,MISS Ginobili 30' 3PT Jump Shot,0:00
http://stats.nba.com/cvp.html?GameID=0021200088&GameEventID=222,2,,San Antonio Spurs,Spurs Rebound,0:00
http://stats.nba.com/cvp.html?GameID=0021200088&GameEventID=226,3,,Portland Trail Blazers,Batum Bad Pass Turnover (P3.T10),11:54
http://stats.nba.com/cvp.html?GameID=0021200088&GameEventID=226,3,,San Antonio Spurs,Leonard STEAL (2 STL),11:54
http://stats.nba.com/cvp.html?GameID=0021200088&GameEventID=227,3,,San Antonio Spurs,MISS Mills 1' Layup,11:51
http://stats.nba.com/cvp.html?GameID=0021200088&GameEventID=228,3,,Portland Trail Blazers,Lillard REBOUND (Off:0 Def:2),11:49
http://stats.nba.com/cvp.html?GameID=0021200088&GameEventID=229,3,,Portland Trail Blazers,MISS Matthews 25' 3PT Jump Shot,11:44
http://stats.nba.com/cvp.html?GameID=0021200088&GameEventID=230,3,,Portland Trail Blazers,Hickson REBOUND (Off:2 Def:6),11:44
http://stats.nba.com/cvp.html?GameID=0021200088&GameEventID=231,3,,San Antonio Spurs,Leonard S.FOUL (P2.T1),11:44
http://stats.nba.com/cvp.html?GameID=0021200088&GameEventID=232,3,,Portland Trail Blazers,MISS Hickson Free Throw 1 of 2,11:44
http://stats.nba.com/cvp.html?GameID=0021200088&GameEventID=233,3,,Portland Trail Blazers,TRAIL BLAZERS Rebound,11:44
http://stats.nba.com/cvp.html?GameID=0021200088&GameEventID=234,3,[ 43 - 53 ],Portland Trail Blazers,Hickson Free Throw 2 of 2 (3 PTS),11:44
http://stats.nba.com/cvp.html?GameID=0021200088&GameEventID=236,3,,Portland Trail Blazers,Aldridge STEAL (1 STL),11:34
http://stats.nba.com/cvp.html?GameID=0021200088&GameEventID=236,3,,San Antonio Spurs,Green Bad Pass Turnover (P2.T15),11:34
http://stats.nba.com/cvp.html?GameID=0021200088&GameEventID=237,3,,Portland Trail Blazers,MISS Matthews 5' Jump Bank Shot,11:14
http://stats.nba.com/cvp.html?GameID=0021200088&GameEventID=238,3,,San Antonio Spurs,Duncan REBOUND (Off:1 Def:5),11:12
http://stats.nba.com/cvp.html?GameID=0021200088&GameEventID=240,3,,Portland Trail Blazers,Aldridge STEAL (2 STL),11:03
http://stats.nba.com/cvp.html?GameID=0021200088&GameEventID=240,3,,San Antonio Spurs,Leonard Lost Ball Turnover (P3.T16),11:03
http://stats.nba.com/cvp.html?GameID=0021200088&GameEventID=241,3,,San Antonio Spurs,Leonard L.B.FOUL (P3.T2),11:03
http://stats.nba.com/cvp.html?GameID=0021200088&GameEventID=242,3,,Portland Trail Blazers,MISS Hickson 2' Layup,10:41
http://stats.nba.com/cvp.html?GameID=0021200088&GameEventID=244,3,,Portland Trail Blazers,Hickson REBOUND (Off:3 Def:6),10:39
http://stats.nba.com/cvp.html?GameID=0021200088&GameEventID=243,3,,Portland Trail Blazers,MISS Hickson 1' Layup,10:39
http://stats.nba.com/cvp.html?GameID=0021200088&GameEventID=243,3,,San Antonio Spurs,Duncan BLOCK (2 BLK),10:39
http://stats.nba.com/cvp.html?GameID=0021200088&GameEventID=246,3,,Portland Trail Blazers,Aldridge REBOUND (Off:2 Def:0),10:36
http://stats.nba.com/cvp.html?GameID=0021200088&GameEventID=245,3,[ 43 - 55 ],Portland Trail Blazers,Aldridge 1' Hook Shot (17 PTS),10:36
http://stats.nba.com/cvp.html?GameID=0021200088&GameEventID=247,3,[ 45 - 55 ],San Antonio Spurs,Leonard 19' Pullup Jump Shot (2 PTS),10:17
http://stats.nba.com/cvp.html?GameID=0021200088&GameEventID=248,3,[ 45 - 57 ],Portland Trail Blazers,Aldridge 17' Jump Shot (19 PTS) (Batum 3 AST),10:00
http://stats.nba.com/cvp.html?GameID=0021200088&GameEventID=249,3,,San Antonio Spurs,MISS Mills 24' 3PT Jump Shot,9:41
http://stats.nba.com/cvp.html?GameID=0021200088&GameEventID=250,3,,Portland Trail Blazers,Hickson REBOUND (Off:3 Def:7),9:40
http://stats.nba.com/cvp.html?GameID=0021200088&GameEventID=251,3,,San Antonio Spurs,Diaw S.FOUL (P3.T3),9:34
http://stats.nba.com/cvp.html?GameID=0021200088&GameEventID=252,3,[ 45 - 58 ],Portland Trail Blazers,Batum Free Throw 1 of 2 (17 PTS),9:34
http://stats.nba.com/cvp.html?GameID=0021200088&GameEventID=254,3,[ 45 - 59 ],Portland Trail Blazers,Batum Free Throw 2 of 2 (18 PTS),9:34
http://stats.nba.com/cvp.html?GameID=0021200088&GameEventID=256,3,,Portland Trail Blazers,Aldridge S.FOUL (P1.T1),9:23
http://stats.nba.com/cvp.html?GameID=0021200088&GameEventID=257,3,[ 46 - 59 ],San Antonio Spurs,Duncan Free Throw 1 of 2 (13 PTS),9:23
http://stats.nba.com/cvp.html?GameID=0021200088&GameEventID=259,3,,San Antonio Spurs,SUB: Ginobili FOR Green,9:23
http://stats.nba.com/cvp.html?GameID=0021200088&GameEventID=260,3,,San Antonio Spurs,SUB: Jackson FOR Diaw,9:23
http://stats.nba.com/cvp.html?GameID=0021200088&GameEventID=261,3,[ 47 - 59 ],San Antonio Spurs,Duncan Free Throw 2 of 2 (14 PTS),9:23
http://stats.nba.com/cvp.html?GameID=0021200088&GameEventID=263,3,,San Antonio Spurs,Ginobili P.FOUL (P2.T4),9:09
http://stats.nba.com/cvp.html?GameID=0021200088&GameEventID=264,3,,Portland Trail Blazers,MISS Lillard 25' 3PT Jump Shot,9:01
http://stats.nba.com/cvp.html?GameID=0021200088&GameEventID=265,3,,San Antonio Spurs,Duncan REBOUND (Off:1 Def:6),9:00
http://stats.nba.com/cvp.html?GameID=0021200088&GameEventID=266,3,,Portland Trail Blazers,Batum STEAL (2 STL),8:48
http://stats.nba.com/cvp.html?GameID=0021200088&GameEventID=266,3,,San Antonio Spurs,Ginobili Bad Pass Turnover (P2.T17),8:48
http://stats.nba.com/cvp.html?GameID=0021200088&GameEventID=267,3,,Portland Trail Blazers,MISS Matthews 2' Driving Layup,8:38
http://stats.nba.com/cvp.html?GameID=0021200088&GameEventID=267,3,,San Antonio Spurs,Duncan BLOCK (3 BLK),8:38
http://stats.nba.com/cvp.html?GameID=0021200088&GameEventID=268,3,,Portland Trail Blazers,Hickson REBOUND (Off:4 Def:7),8:36
http://stats.nba.com/cvp.html?GameID=0021200088&GameEventID=269,3,[ 47 - 61 ],Portland Trail Blazers,Hickson 8' Turnaround Jump Shot (5 PTS),8:35
http://stats.nba.com/cvp.html?GameID=0021200088&GameEventID=270,3,,Portland Trail Blazers,Batum P.FOUL (P1.T2),8:31
http://stats.nba.com/cvp.html?GameID=0021200088&GameEventID=271,3,,Portland Trail Blazers,TRAIL BLAZERS Timeout: Regular (Full 3 Short 0),8:31
http://stats.nba.com/cvp.html?GameID=0021200088&GameEventID=273,3,,Portland Trail Blazers,SUB: Barton FOR Matthews,8:31
http://stats.nba.com/cvp.html?GameID=0021200088&GameEventID=274,3,[ 49 - 61 ],San Antonio Spurs,Leonard 18' Pullup Jump Shot (4 PTS) (Mills 4 AST),8:13
http://stats.nba.com/cvp.html?GameID=0021200088&GameEventID=275,3,,Portland Trail Blazers,Lillard Bad Pass Turnover (P3.T11),7:52
http://stats.nba.com/cvp.html?GameID=0021200088&GameEventID=275,3,,San Antonio Spurs,Leonard STEAL (3 STL),7:52
http://stats.nba.com/cvp.html?GameID=0021200088&GameEventID=276,3,[ 52 - 61 ],San Antonio Spurs,Mills  3PT Jump Shot (7 PTS) (Jackson 3 AST),7:47
http://stats.nba.com/cvp.html?GameID=0021200088&GameEventID=277,3,,Portland Trail Blazers,Lillard Bad Pass Turnover (P4.T12),7:24
http://stats.nba.com/cvp.html?GameID=0021200088&GameEventID=277,3,,San Antonio Spurs,Ginobili STEAL (2 STL),7:24
http://stats.nba.com/cvp.html?GameID=0021200088&GameEventID=278,3,[ 54 - 61 ],San Antonio Spurs,Leonard 1' Dunk (6 PTS) (Ginobili 1 AST),7:20
http://stats.nba.com/cvp.html?GameID=0021200088&GameEventID=279,3,,Portland Trail Blazers,MISS Aldridge 16' Fadeaway Jumper,6:55
http://stats.nba.com/cvp.html?GameID=0021200088&GameEventID=280,3,,Portland Trail Blazers,TRAIL BLAZERS Rebound,6:55
http://stats.nba.com/cvp.html?GameID=0021200088&GameEventID=281,3,,San Antonio Spurs,Leonard L.B.FOUL (P4.PN),6:55
http://stats.nba.com/cvp.html?GameID=0021200088&GameEventID=282,3,[ 54 - 62 ],Portland Trail Blazers,Hickson Free Throw 1 of 2 (6 PTS),6:55
http://stats.nba.com/cvp.html?GameID=0021200088&GameEventID=284,3,,San Antonio Spurs,SUB: Neal FOR Leonard,6:55
http://stats.nba.com/cvp.html?GameID=0021200088&GameEventID=285,3,[ 54 - 63 ],Portland Trail Blazers,Hickson Free Throw 2 of 2 (7 PTS),6:55
http://stats.nba.com/cvp.html?GameID=0021200088&GameEventID=287,3,,San Antonio Spurs,MISS Ginobili 2' Running Jump Shot,6:38
http://stats.nba.com/cvp.html?GameID=0021200088&GameEventID=288,3,,San Antonio Spurs,Ginobili REBOUND (Off:1 Def:1),6:36
http://stats.nba.com/cvp.html?GameID=0021200088&GameEventID=289,3,[ 56 - 63 ],San Antonio Spurs,Ginobili 2' Layup (8 PTS),6:35
http://stats.nba.com/cvp.html?GameID=0021200088&GameEventID=290,3,,Portland Trail Blazers,MISS Barton 2' Layup,6:10
http://stats.nba.com/cvp.html?GameID=0021200088&GameEventID=291,3,,San Antonio Spurs,Mills REBOUND (Off:1 Def:1),6:07
http://stats.nba.com/cvp.html?GameID=0021200088&GameEventID=292,3,,Portland Trail Blazers,Aldridge BLOCK (3 BLK),6:04
http://stats.nba.com/cvp.html?GameID=0021200088&GameEventID=292,3,,San Antonio Spurs,MISS Mills 1' Driving Layup,6:04
http://stats.nba.com/cvp.html?GameID=0021200088&GameEventID=293,3,,Portland Trail Blazers,Hickson REBOUND (Off:4 Def:8),6:01
http://stats.nba.com/cvp.html?GameID=0021200088&GameEventID=294,3,,Portland Trail Blazers,MISS Aldridge 20' Jump Shot,5:41
http://stats.nba.com/cvp.html?GameID=0021200088&GameEventID=295,3,,San Antonio Spurs,Ginobili REBOUND (Off:1 Def:2),5:40
http://stats.nba.com/cvp.html?GameID=0021200088&GameEventID=296,3,,Portland Trail Blazers,Hickson S.FOUL (P3.T3),5:32
http://stats.nba.com/cvp.html?GameID=0021200088&GameEventID=297,3,[ 57 - 63 ],San Antonio Spurs,Jackson Free Throw 1 of 2 (9 PTS),5:32
http://stats.nba.com/cvp.html?GameID=0021200088&GameEventID=299,3,,Portland Trail Blazers,SUB: Price FOR Lillard,5:32
http://stats.nba.com/cvp.html?GameID=0021200088&GameEventID=300,3,,Portland Trail Blazers,SUB: Matthews FOR Barton,5:32
http://stats.nba.com/cvp.html?GameID=0021200088&GameEventID=301,3,[ 58 - 63 ],San Antonio Spurs,Jackson Free Throw 2 of 2 (10 PTS),5:32
http://stats.nba.com/cvp.html?GameID=0021200088&GameEventID=303,3,,San Antonio Spurs,Duncan S.FOUL (P2.PN),5:15
http://stats.nba.com/cvp.html?GameID=0021200088&GameEventID=304,3,[ 58 - 64 ],Portland Trail Blazers,Batum Free Throw 1 of 2 (19 PTS),5:15
http://stats.nba.com/cvp.html?GameID=0021200088&GameEventID=306,3,,San Antonio Spurs,SUB: Green FOR Mills,5:15
http://stats.nba.com/cvp.html?GameID=0021200088&GameEventID=307,3,[ 58 - 65 ],Portland Trail Blazers,Batum Free Throw 2 of 2 (20 PTS),5:15
http://stats.nba.com/cvp.html?GameID=0021200088&GameEventID=309,3,[ 60 - 65 ],San Antonio Spurs,Ginobili 1' Driving Layup (10 PTS),5:06
http://stats.nba.com/cvp.html?GameID=0021200088&GameEventID=310,3,,Portland Trail Blazers,Aldridge Offensive Charge Foul (P2.T4),4:44
http://stats.nba.com/cvp.html?GameID=0021200088&GameEventID=311,3,,Portland Trail Blazers,Aldridge Foul Turnover (P3.T13),4:44
http://stats.nba.com/cvp.html?GameID=0021200088&GameEventID=312,3,,Portland Trail Blazers,Price S.FOUL (P1.PN),4:33
http://stats.nba.com/cvp.html?GameID=0021200088&GameEventID=313,3,[ 61 - 65 ],San Antonio Spurs,Duncan Free Throw 1 of 2 (15 PTS),4:33
http://stats.nba.com/cvp.html?GameID=0021200088&GameEventID=316,3,,Portland Trail Blazers,SUB: Pavlovic FOR Batum,4:33
http://stats.nba.com/cvp.html?GameID=0021200088&GameEventID=317,3,[ 62 - 65 ],San Antonio Spurs,Duncan Free Throw 2 of 2 (16 PTS),4:33
http://stats.nba.com/cvp.html?GameID=0021200088&GameEventID=319,3,[ 62 - 67 ],Portland Trail Blazers,Aldridge 12' Turnaround Fadeaway (21 PTS),4:14
http://stats.nba.com/cvp.html?GameID=0021200088&GameEventID=320,3,,San Antonio Spurs,Spurs Timeout: Regular (Reg.3 Short 0),4:06
http://stats.nba.com/cvp.html?GameID=0021200088&GameEventID=322,3,[ 64 - 67 ],San Antonio Spurs,Neal 15' Pullup Jump Shot (9 PTS),3:53
http://stats.nba.com/cvp.html?GameID=0021200088&GameEventID=323,3,[ 64 - 69 ],Portland Trail Blazers,Aldridge 17' Jump Shot (23 PTS) (Matthews 2 AST),3:38
http://stats.nba.com/cvp.html?GameID=0021200088&GameEventID=324,3,,San Antonio Spurs,MISS Jackson 25' 3PT Jump Shot,3:28
http://stats.nba.com/cvp.html?GameID=0021200088&GameEventID=325,3,,Portland Trail Blazers,Aldridge REBOUND (Off:2 Def:1),3:26
http://stats.nba.com/cvp.html?GameID=0021200088&GameEventID=326,3,[ 64 - 71 ],Portland Trail Blazers,Hickson 5' Jump Shot (9 PTS),3:15
http://stats.nba.com/cvp.html?GameID=0021200088&GameEventID=327,3,,San Antonio Spurs,MISS Green  3PT Jump Shot,2:56
http://stats.nba.com/cvp.html?GameID=0021200088&GameEventID=328,3,,Portland Trail Blazers,Matthews REBOUND (Off:0 Def:2),2:55
http://stats.nba.com/cvp.html?GameID=0021200088&GameEventID=330,3,,San Antonio Spurs,SUB: Splitter FOR Duncan,2:49
http://stats.nba.com/cvp.html?GameID=0021200088&GameEventID=331,3,,Portland Trail Blazers,MISS Aldridge 3' Layup,2:45
http://stats.nba.com/cvp.html?GameID=0021200088&GameEventID=333,3,,Portland Trail Blazers,Hickson REBOUND (Off:5 Def:8),2:43
http://stats.nba.com/cvp.html?GameID=0021200088&GameEventID=332,3,[ 64 - 73 ],Portland Trail Blazers,Hickson 5' Turnaround Jump Shot (11 PTS),2:43
http://stats.nba.com/cvp.html?GameID=0021200088&GameEventID=335,3,[ 66 - 73 ],San Antonio Spurs,Splitter 2' Layup (4 PTS) (Ginobili 2 AST),2:31
http://stats.nba.com/cvp.html?GameID=0021200088&GameEventID=336,3,[ 66 - 75 ],Portland Trail Blazers,Pavlovic 1' Reverse Layup (2 PTS) (Aldridge 4 AST),2:11
http://stats.nba.com/cvp.html?GameID=0021200088&GameEventID=337,3,,Portland Trail Blazers,Matthews S.FOUL (P1.PN),1:59
http://stats.nba.com/cvp.html?GameID=0021200088&GameEventID=338,3,,San Antonio Spurs,MISS Neal Free Throw 1 of 2,1:59
http://stats.nba.com/cvp.html?GameID=0021200088&GameEventID=339,3,,San Antonio Spurs,Spurs Rebound,1:59
http://stats.nba.com/cvp.html?GameID=0021200088&GameEventID=340,3,,Portland Trail Blazers,SUB: Leonard FOR Hickson,1:59
http://stats.nba.com/cvp.html?GameID=0021200088&GameEventID=341,3,[ 67 - 75 ],San Antonio Spurs,Neal Free Throw 2 of 2 (10 PTS),1:59
http://stats.nba.com/cvp.html?GameID=0021200088&GameEventID=343,3,,Portland Trail Blazers,MISS Price 21' Jump Shot,1:37
http://stats.nba.com/cvp.html?GameID=0021200088&GameEventID=344,3,,San Antonio Spurs,Jackson REBOUND (Off:0 Def:2),1:36
http://stats.nba.com/cvp.html?GameID=0021200088&GameEventID=345,3,,San Antonio Spurs,MISS Neal 21' Jump Shot,1:25
http://stats.nba.com/cvp.html?GameID=0021200088&GameEventID=346,3,,San Antonio Spurs,Green REBOUND (Off:1 Def:2),1:24
http://stats.nba.com/cvp.html?GameID=0021200088&GameEventID=347,3,,Portland Trail Blazers,Pavlovic STEAL (3 STL),1:21
http://stats.nba.com/cvp.html?GameID=0021200088&GameEventID=347,3,,San Antonio Spurs,Jackson Bad Pass Turnover (P2.T18),1:21
http://stats.nba.com/cvp.html?GameID=0021200088&GameEventID=348,3,[ 67 - 77 ],Portland Trail Blazers,Matthews 5' Fadeaway Jumper (4 PTS) (Aldridge 5 AST),1:07
http://stats.nba.com/cvp.html?GameID=0021200088&GameEventID=349,3,,Portland Trail Blazers,Leonard S.FOUL (P2.PN),0:58
http://stats.nba.com/cvp.html?GameID=0021200088&GameEventID=350,3,[ 68 - 77 ],San Antonio Spurs,Jackson Free Throw 1 of 2 (11 PTS),0:58
http://stats.nba.com/cvp.html?GameID=0021200088&GameEventID=352,3,[ 69 - 77 ],San Antonio Spurs,Jackson Free Throw 2 of 2 (12 PTS),0:58
http://stats.nba.com/cvp.html?GameID=0021200088&GameEventID=355,3,,Portland Trail Blazers,MISS Price 21' Jump Shot,0:38
http://stats.nba.com/cvp.html?GameID=0021200088&GameEventID=356,3,,San Antonio Spurs,Neal REBOUND (Off:0 Def:5),0:37
http://stats.nba.com/cvp.html?GameID=0021200088&GameEventID=357,3,[ 71 - 77 ],San Antonio Spurs,Neal 12' Running Jump Shot (12 PTS),0:28
http://stats.nba.com/cvp.html?GameID=0021200088&GameEventID=358,3,,Portland Trail Blazers,MISS Aldridge  3PT Jump Shot,0:05
http://stats.nba.com/cvp.html?GameID=0021200088&GameEventID=360,3,,Portland Trail Blazers,Matthews REBOUND (Off:1 Def:2),0:04
http://stats.nba.com/cvp.html?GameID=0021200088&GameEventID=359,3,[ 71 - 79 ],Portland Trail Blazers,Matthews 1' Putback Layup (6 PTS),0:04
http://stats.nba.com/cvp.html?GameID=0021200088&GameEventID=361,3,[ 73 - 79 ],San Antonio Spurs,Ginobili 9' Jump Shot (12 PTS) (Neal 1 AST),0:00
http://stats.nba.com/cvp.html?GameID=0021200088&GameEventID=366,4,[ 75 - 79 ],San Antonio Spurs,Neal 8' Running Jump Shot (14 PTS),11:45
http://stats.nba.com/cvp.html?GameID=0021200088&GameEventID=367,4,,Portland Trail Blazers,MISS Batum 25' 3PT Jump Shot,11:27
http://stats.nba.com/cvp.html?GameID=0021200088&GameEventID=368,4,,San Antonio Spurs,Green REBOUND (Off:1 Def:3),11:25
http://stats.nba.com/cvp.html?GameID=0021200088&GameEventID=369,4,[ 77 - 79 ],San Antonio Spurs,Leonard 1' Dunk (8 PTS) (Green 2 AST),11:21
http://stats.nba.com/cvp.html?GameID=0021200088&GameEventID=370,4,,Portland Trail Blazers,Jeffries Bad Pass Turnover (P1.T14),11:05
http://stats.nba.com/cvp.html?GameID=0021200088&GameEventID=371,4,[ 79 - 79 ],San Antonio Spurs,Neal 20' Pullup Jump Shot (16 PTS),10:54
http://stats.nba.com/cvp.html?GameID=0021200088&GameEventID=372,4,,Portland Trail Blazers,MISS Lillard 25' 3PT Pullup Jump Shot,10:32
http://stats.nba.com/cvp.html?GameID=0021200088&GameEventID=373,4,,San Antonio Spurs,Splitter REBOUND (Off:0 Def:2),10:31
http://stats.nba.com/cvp.html?GameID=0021200088&GameEventID=374,4,[ 81 - 79 ],San Antonio Spurs,Green 22' Pullup Jump Shot (6 PTS),10:17
http://stats.nba.com/cvp.html?GameID=0021200088&GameEventID=375,4,,Portland Trail Blazers,TRAIL BLAZERS Timeout: Regular (Full 4 Short 0),10:14
http://stats.nba.com/cvp.html?GameID=0021200088&GameEventID=377,4,,Portland Trail Blazers,MISS Leonard 20' Jump Shot,9:52
http://stats.nba.com/cvp.html?GameID=0021200088&GameEventID=378,4,,San Antonio Spurs,De Colo REBOUND (Off:0 Def:1),9:51
http://stats.nba.com/cvp.html?GameID=0021200088&GameEventID=379,4,[ 84 - 79 ],San Antonio Spurs,Neal 25' 3PT Pullup Jump Shot (19 PTS),9:42
http://stats.nba.com/cvp.html?GameID=0021200088&GameEventID=380,4,,Portland Trail Blazers,MISS Leonard 14' Jump Shot,9:25
http://stats.nba.com/cvp.html?GameID=0021200088&GameEventID=381,4,,San Antonio Spurs,Leonard REBOUND (Off:0 Def:2),9:24
http://stats.nba.com/cvp.html?GameID=0021200088&GameEventID=382,4,[ 87 - 79 ],San Antonio Spurs,Green 25' 3PT Jump Shot (9 PTS) (De Colo 1 AST),9:16
http://stats.nba.com/cvp.html?GameID=0021200088&GameEventID=383,4,,Portland Trail Blazers,TRAIL BLAZERS Timeout: Regular (Full 5 Short 0),9:09
http://stats.nba.com/cvp.html?GameID=0021200088&GameEventID=385,4,,Portland Trail Blazers,SUB: Hickson FOR Leonard,9:09
http://stats.nba.com/cvp.html?GameID=0021200088&GameEventID=386,4,,Portland Trail Blazers,SUB: Aldridge FOR Pavlovic,9:09
http://stats.nba.com/cvp.html?GameID=0021200088&GameEventID=387,4,,Portland Trail Blazers,SUB: Matthews FOR Jeffries,9:09
http://stats.nba.com/cvp.html?GameID=0021200088&GameEventID=388,4,[ 87 - 81 ],Portland Trail Blazers,Batum 1' Driving Dunk (22 PTS) (Aldridge 6 AST),8:58
http://stats.nba.com/cvp.html?GameID=0021200088&GameEventID=389,4,[ 89 - 81 ],San Antonio Spurs,Neal 20' Pullup Jump Shot (21 PTS),8:49
http://stats.nba.com/cvp.html?GameID=0021200088&GameEventID=390,4,[ 89 - 83 ],Portland Trail Blazers,Aldridge 13' Turnaround Fadeaway (25 PTS),8:30
http://stats.nba.com/cvp.html?GameID=0021200088&GameEventID=391,4,[ 91 - 83 ],San Antonio Spurs,Leonard 20' Pullup Jump Shot (10 PTS),8:12
http://stats.nba.com/cvp.html?GameID=0021200088&GameEventID=392,4,,San Antonio Spurs,Splitter S.FOUL (P2.T1),7:57
http://stats.nba.com/cvp.html?GameID=0021200088&GameEventID=393,4,[ 91 - 84 ],Portland Trail Blazers,Aldridge Free Throw 1 of 2 (26 PTS),7:57
http://stats.nba.com/cvp.html?GameID=0021200088&GameEventID=395,4,[ 91 - 85 ],Portland Trail Blazers,Aldridge Free Throw 2 of 2 (27 PTS),7:57
http://stats.nba.com/cvp.html?GameID=0021200088&GameEventID=397,4,[ 93 - 85 ],San Antonio Spurs,Splitter 2' Reverse Layup (6 PTS) (De Colo 2 AST),7:38
http://stats.nba.com/cvp.html?GameID=0021200088&GameEventID=398,4,,Portland Trail Blazers,MISS Lillard 27' 3PT Jump Shot,7:24
http://stats.nba.com/cvp.html?GameID=0021200088&GameEventID=399,4,,San Antonio Spurs,Leonard REBOUND (Off:0 Def:3),7:23
http://stats.nba.com/cvp.html?GameID=0021200088&GameEventID=400,4,,Portland Trail Blazers,Batum S.FOUL (P2.T1),7:18
http://stats.nba.com/cvp.html?GameID=0021200088&GameEventID=401,4,[ 94 - 85 ],San Antonio Spurs,Green Free Throw 1 of 2 (10 PTS),7:18
http://stats.nba.com/cvp.html?GameID=0021200088&GameEventID=403,4,,San Antonio Spurs,MISS Green Free Throw 2 of 2,7:18
http://stats.nba.com/cvp.html?GameID=0021200088&GameEventID=405,4,,Portland Trail Blazers,Hickson REBOUND (Off:5 Def:9),7:17
http://stats.nba.com/cvp.html?GameID=0021200088&GameEventID=406,4,,San Antonio Spurs,Spurs T.Foul (Def. 3 Sec Green ),7:06
http://stats.nba.com/cvp.html?GameID=0021200088&GameEventID=407,4,,Portland Trail Blazers,MISS Lillard Free Throw Technical,7:06
http://stats.nba.com/cvp.html?GameID=0021200088&GameEventID=408,4,,Portland Trail Blazers,TRAIL BLAZERS Rebound,7:06
http://stats.nba.com/cvp.html?GameID=0021200088&GameEventID=409,4,[ 94 - 87 ],Portland Trail Blazers,Aldridge 4' Hook Shot (29 PTS) (Matthews 3 AST),7:03
http://stats.nba.com/cvp.html?GameID=0021200088&GameEventID=410,4,,San Antonio Spurs,Spurs Timeout: Regular (Reg.4 Short 0),7:00
http://stats.nba.com/cvp.html?GameID=0021200088&GameEventID=412,4,,San Antonio Spurs,SUB: Duncan FOR Splitter,7:00
http://stats.nba.com/cvp.html?GameID=0021200088&GameEventID=413,4,,San Antonio Spurs,SUB: Ginobili FOR Leonard,7:00
http://stats.nba.com/cvp.html?GameID=0021200088&GameEventID=414,4,,San Antonio Spurs,SUB: Jackson FOR De Colo,7:00
http://stats.nba.com/cvp.html?GameID=0021200088&GameEventID=415,4,,San Antonio Spurs,MISS Neal 16' Running Jump Shot,6:41
http://stats.nba.com/cvp.html?GameID=0021200088&GameEventID=416,4,,Portland Trail Blazers,Aldridge REBOUND (Off:2 Def:2),6:40
http://stats.nba.com/cvp.html?GameID=0021200088&GameEventID=417,4,,Portland Trail Blazers,MISS Lillard 2' Driving Reverse Layup,6:33
http://stats.nba.com/cvp.html?GameID=0021200088&GameEventID=418,4,,San Antonio Spurs,Green REBOUND (Off:1 Def:4),6:32
http://stats.nba.com/cvp.html?GameID=0021200088&GameEventID=419,4,,San Antonio Spurs,MISS Duncan 5' Turnaround Jump Shot,6:17
http://stats.nba.com/cvp.html?GameID=0021200088&GameEventID=420,4,,Portland Trail Blazers,Batum REBOUND (Off:1 Def:3),6:17
http://stats.nba.com/cvp.html?GameID=0021200088&GameEventID=421,4,[ 94 - 89 ],Portland Trail Blazers,Batum 1' Driving Layup (24 PTS),6:08
http://stats.nba.com/cvp.html?GameID=0021200088&GameEventID=423,4,,Portland Trail Blazers,Aldridge BLOCK (4 BLK),5:42
http://stats.nba.com/cvp.html?GameID=0021200088&GameEventID=423,4,,San Antonio Spurs,MISS Jackson 3' Jump Shot,5:42
http://stats.nba.com/cvp.html?GameID=0021200088&GameEventID=424,4,,Portland Trail Blazers,Batum REBOUND (Off:1 Def:4),5:40
http://stats.nba.com/cvp.html?GameID=0021200088&GameEventID=425,4,,Portland Trail Blazers,MISS Matthews 1' Driving Layup,5:38
http://stats.nba.com/cvp.html?GameID=0021200088&GameEventID=425,4,,San Antonio Spurs,Green BLOCK (1 BLK),5:38
http://stats.nba.com/cvp.html?GameID=0021200088&GameEventID=426,4,,Portland Trail Blazers,TRAIL BLAZERS Rebound,5:38
http://stats.nba.com/cvp.html?GameID=0021200088&GameEventID=427,4,,Portland Trail Blazers,MISS Aldridge 19' Jump Shot,5:31
http://stats.nba.com/cvp.html?GameID=0021200088&GameEventID=428,4,,San Antonio Spurs,Neal REBOUND (Off:0 Def:6),5:31
http://stats.nba.com/cvp.html?GameID=0021200088&GameEventID=429,4,[ 96 - 89 ],San Antonio Spurs,Neal 3' Running Jump Shot (23 PTS) (Ginobili 3 AST),5:15
http://stats.nba.com/cvp.html?GameID=0021200088&GameEventID=430,4,,Portland Trail Blazers,Lillard S.FOUL (P2.T2),5:15
http://stats.nba.com/cvp.html?GameID=0021200088&GameEventID=431,4,[ 97 - 89 ],San Antonio Spurs,Neal Free Throw 1 of 1 (24 PTS),5:15
http://stats.nba.com/cvp.html?GameID=0021200088&GameEventID=433,4,[ 97 - 91 ],Portland Trail Blazers,Lillard 21' Pullup Jump Shot (17 PTS),5:03
http://stats.nba.com/cvp.html?GameID=0021200088&GameEventID=434,4,,Portland Trail Blazers,Matthews P.FOUL (P2.T3),4:50
http://stats.nba.com/cvp.html?GameID=0021200088&GameEventID=435,4,,Portland Trail Blazers,Lillard STEAL (2 STL),4:48
http://stats.nba.com/cvp.html?GameID=0021200088&GameEventID=435,4,,San Antonio Spurs,Green Bad Pass Turnover (P3.T19),4:48
http://stats.nba.com/cvp.html?GameID=0021200088&GameEventID=436,4,[ 97 - 93 ],Portland Trail Blazers,Batum 5' Jump Shot (26 PTS) (Lillard 6 AST),4:46
http://stats.nba.com/cvp.html?GameID=0021200088&GameEventID=437,4,,San Antonio Spurs,Neal S.FOUL (P3.T2),4:46
http://stats.nba.com/cvp.html?GameID=0021200088&GameEventID=438,4,[ 97 - 94 ],Portland Trail Blazers,Batum Free Throw 1 of 1 (27 PTS),4:46
http://stats.nba.com/cvp.html?GameID=0021200088&GameEventID=440,4,,San Antonio Spurs,MISS Jackson  3PT Jump Shot,4:30
http://stats.nba.com/cvp.html?GameID=0021200088&GameEventID=441,4,,San Antonio Spurs,Duncan REBOUND (Off:2 Def:6),4:28
http://stats.nba.com/cvp.html?GameID=0021200088&GameEventID=442,4,,San Antonio Spurs,Ginobili Offensive Charge Foul (P3.T3),4:25
http://stats.nba.com/cvp.html?GameID=0021200088&GameEventID=443,4,,San Antonio Spurs,Ginobili Foul Turnover (P3.T20),4:25
http://stats.nba.com/cvp.html?GameID=0021200088&GameEventID=444,4,,Portland Trail Blazers,MISS Aldridge 20' Jump Shot,4:13
http://stats.nba.com/cvp.html?GameID=0021200088&GameEventID=445,4,,San Antonio Spurs,Ginobili REBOUND (Off:1 Def:3),4:12
http://stats.nba.com/cvp.html?GameID=0021200088&GameEventID=446,4,,Portland Trail Blazers,Aldridge S.FOUL (P3.T4),4:06
http://stats.nba.com/cvp.html?GameID=0021200088&GameEventID=447,4,[ 98 - 94 ],San Antonio Spurs,Duncan Free Throw 1 of 2 (17 PTS),4:06
http://stats.nba.com/cvp.html?GameID=0021200088&GameEventID=449,4,[ 99 - 94 ],San Antonio Spurs,Duncan Free Throw 2 of 2 (18 PTS),4:06
http://stats.nba.com/cvp.html?GameID=0021200088&GameEventID=451,4,,Portland Trail Blazers,Matthews Offensive Charge Foul (P3.PN),3:50
http://stats.nba.com/cvp.html?GameID=0021200088&GameEventID=452,4,,Portland Trail Blazers,Matthews Foul Turnover (P2.T15),3:50
http://stats.nba.com/cvp.html?GameID=0021200088&GameEventID=453,4,,Portland Trail Blazers,Hickson P.FOUL (P4.PN),3:39
http://stats.nba.com/cvp.html?GameID=0021200088&GameEventID=454,4,[ 100 - 94 ],San Antonio Spurs,Ginobili Free Throw 1 of 2 (13 PTS),3:39
http://stats.nba.com/cvp.html?GameID=0021200088&GameEventID=456,4,[ 101 - 94 ],San Antonio Spurs,Ginobili Free Throw 2 of 2 (14 PTS),3:39
http://stats.nba.com/cvp.html?GameID=0021200088&GameEventID=458,4,,Portland Trail Blazers,MISS Aldridge 12' Jump Shot,3:19
http://stats.nba.com/cvp.html?GameID=0021200088&GameEventID=459,4,,San Antonio Spurs,Duncan REBOUND (Off:2 Def:7),3:18
http://stats.nba.com/cvp.html?GameID=0021200088&GameEventID=460,4,,Portland Trail Blazers,Batum P.FOUL (P3.PN),3:14
http://stats.nba.com/cvp.html?GameID=0021200088&GameEventID=461,4,,San Antonio Spurs,MISS Ginobili Free Throw 1 of 2,3:14
http://stats.nba.com/cvp.html?GameID=0021200088&GameEventID=462,4,,San Antonio Spurs,Spurs Rebound,3:14
http://stats.nba.com/cvp.html?GameID=0021200088&GameEventID=463,4,[ 102 - 94 ],San Antonio Spurs,Ginobili Free Throw 2 of 2 (15 PTS),3:14
http://stats.nba.com/cvp.html?GameID=0021200088&GameEventID=465,4,,San Antonio Spurs,Ginobili S.FOUL (P4.T4),2:58
http://stats.nba.com/cvp.html?GameID=0021200088&GameEventID=466,4,,Portland Trail Blazers,MISS Matthews Free Throw 1 of 2,2:58
http://stats.nba.com/cvp.html?GameID=0021200088&GameEventID=467,4,,Portland Trail Blazers,TRAIL BLAZERS Rebound,2:58
http://stats.nba.com/cvp.html?GameID=0021200088&GameEventID=468,4,[ 102 - 95 ],Portland Trail Blazers,Matthews Free Throw 2 of 2 (7 PTS),2:58
http://stats.nba.com/cvp.html?GameID=0021200088&GameEventID=470,4,,Portland Trail Blazers,Matthews STEAL (2 STL),2:50
http://stats.nba.com/cvp.html?GameID=0021200088&GameEventID=470,4,,San Antonio Spurs,Jackson Lost Ball Turnover (P3.T21),2:50
http://stats.nba.com/cvp.html?GameID=0021200088&GameEventID=471,4,[ 102 - 97 ],Portland Trail Blazers,Hickson  Driving Layup (13 PTS),2:46
http://stats.nba.com/cvp.html?GameID=0021200088&GameEventID=472,4,[ 104 - 97 ],San Antonio Spurs,Neal 17' Pullup Jump Shot (26 PTS),2:35
http://stats.nba.com/cvp.html?GameID=0021200088&GameEventID=473,4,,Portland Trail Blazers,Batum S.FOUL (P4.PN),2:35
http://stats.nba.com/cvp.html?GameID=0021200088&GameEventID=474,4,[ 105 - 97 ],San Antonio Spurs,Neal Free Throw 1 of 1 (27 PTS),2:35
http://stats.nba.com/cvp.html?GameID=0021200088&GameEventID=476,4,[ 105 - 100 ],Portland Trail Blazers,Lillard 27' 3PT Jump Shot (20 PTS),2:17
http://stats.nba.com/cvp.html?GameID=0021200088&GameEventID=477,4,,Portland Trail Blazers,Batum BLOCK (1 BLK),2:05
http://stats.nba.com/cvp.html?GameID=0021200088&GameEventID=477,4,,San Antonio Spurs,MISS Duncan 1' Layup,2:05
http://stats.nba.com/cvp.html?GameID=0021200088&GameEventID=478,4,,Portland Trail Blazers,Batum REBOUND (Off:1 Def:5),2:03
http://stats.nba.com/cvp.html?GameID=0021200088&GameEventID=479,4,[ 105 - 103 ],Portland Trail Blazers,Batum 25' 3PT Jump Shot (30 PTS) (Matthews 4 AST),1:57
http://stats.nba.com/cvp.html?GameID=0021200088&GameEventID=480,4,[ 107 - 103 ],San Antonio Spurs,Duncan  Dunk (20 PTS),1:40
http://stats.nba.com/cvp.html?GameID=0021200088&GameEventID=481,4,[ 107 - 106 ],Portland Trail Blazers,Matthews 25' 3PT Jump Shot (10 PTS) (Batum 4 AST),1:28
http://stats.nba.com/cvp.html?GameID=0021200088&GameEventID=482,4,[ 109 - 106 ],San Antonio Spurs,Duncan 1' Layup (22 PTS) (Ginobili 4 AST),1:06
http://stats.nba.com/cvp.html?GameID=0021200088&GameEventID=483,4,,Portland Trail Blazers,Lillard S.FOUL (P3.PN),1:06
http://stats.nba.com/cvp.html?GameID=0021200088&GameEventID=484,4,,San Antonio Spurs,MISS Duncan Free Throw 1 of 1,1:06
http://stats.nba.com/cvp.html?GameID=0021200088&GameEventID=486,4,,Portland Trail Blazers,Batum REBOUND (Off:1 Def:6),1:05
http://stats.nba.com/cvp.html?GameID=0021200088&GameEventID=487,4,,Portland Trail Blazers,MISS Batum 5' Jump Shot,0:51
http://stats.nba.com/cvp.html?GameID=0021200088&GameEventID=488,4,,Portland Trail Blazers,Lillard REBOUND (Off:1 Def:2),0:49
http://stats.nba.com/cvp.html?GameID=0021200088&GameEventID=489,4,,San Antonio Spurs,Jackson P.FOUL (P2.PN),0:44
http://stats.nba.com/cvp.html?GameID=0021200088&GameEventID=490,4,,Portland Trail Blazers,TRAIL BLAZERS Timeout: Regular (Full 6 Short 0),0:44
http://stats.nba.com/cvp.html?GameID=0021200088&GameEventID=492,4,,San Antonio Spurs,SUB: Leonard FOR Neal,0:44
http://stats.nba.com/cvp.html?GameID=0021200088&GameEventID=493,4,[ 109 - 109 ],Portland Trail Blazers,Batum 27' 3PT Jump Shot (33 PTS) (Aldridge 7 AST),0:40
http://stats.nba.com/cvp.html?GameID=0021200088&GameEventID=494,4,,San Antonio Spurs,Spurs Timeout: Regular (Reg.5 Short 0),0:40
http://stats.nba.com/cvp.html?GameID=0021200088&GameEventID=495,4,,San Antonio Spurs,SUB: Neal FOR Jackson,0:40
http://stats.nba.com/cvp.html?GameID=0021200088&GameEventID=496,4,,San Antonio Spurs,MISS Green 24' 3PT Jump Shot,0:32
http://stats.nba.com/cvp.html?GameID=0021200088&GameEventID=497,4,,San Antonio Spurs,Neal REBOUND (Off:1 Def:6),0:30
http://stats.nba.com/cvp.html?GameID=0021200088&GameEventID=498,4,,Portland Trail Blazers,Hickson S.FOUL (P5.PN),0:12
http://stats.nba.com/cvp.html?GameID=0021200088&GameEventID=499,4,[ 110 - 109 ],San Antonio Spurs,Ginobili Free Throw 1 of 2 (16 PTS),0:12
http://stats.nba.com/cvp.html?GameID=0021200088&GameEventID=501,4,,San Antonio Spurs,SUB: Jackson FOR Neal,0:12
http://stats.nba.com/cvp.html?GameID=0021200088&GameEventID=502,4,[ 111 - 109 ],San Antonio Spurs,Ginobili Free Throw 2 of 2 (17 PTS),0:12
http://stats.nba.com/cvp.html?GameID=0021200088&GameEventID=504,4,,Portland Trail Blazers,TRAIL BLAZERS Timeout: Short (Full 6 Short 1),0:12
http://stats.nba.com/cvp.html?GameID=0021200088&GameEventID=506,4,,Portland Trail Blazers,SUB: Pavlovic FOR Hickson,0:12
http://stats.nba.com/cvp.html?GameID=0021200088&GameEventID=507,4,,Portland Trail Blazers,MISS Batum 25' 3PT Jump Shot,0:07
http://stats.nba.com/cvp.html?GameID=0021200088&GameEventID=510,4,,Portland Trail Blazers,Pavlovic REBOUND (Off:1 Def:2),0:04
http://stats.nba.com/cvp.html?GameID=0021200088&GameEventID=509,4,,Portland Trail Blazers,MISS Pavlovic 6' Jump Shot,0:04
http://stats.nba.com/cvp.html?GameID=0021200088&GameEventID=511,4,,San Antonio Spurs,Jackson REBOUND (Off:0 Def:3),0:04
http://stats.nba.com/cvp.html?GameID=0021200088&GameEventID=512,4,,Portland Trail Blazers,Matthews P.FOUL (P4.PN),0:04
http://stats.nba.com/cvp.html?GameID=0021200088&GameEventID=513,4,,San Antonio Spurs,MISS Jackson Free Throw 1 of 2,0:04
http://stats.nba.com/cvp.html?GameID=0021200088&GameEventID=515,4,,San Antonio Spurs,Spurs Rebound,0:04
http://stats.nba.com/cvp.html?GameID=0021200088&GameEventID=514,4,,Portland Trail Blazers,SUB: Hickson FOR Pavlovic,0:04
http://stats.nba.com/cvp.html?GameID=0021200088&GameEventID=516,4,[ 112 - 109 ],San Antonio Spurs,Jackson Free Throw 2 of 2 (13 PTS),0:04
http://stats.nba.com/cvp.html?GameID=0021200088&GameEventID=518,4,,Portland Trail Blazers,MISS Aldridge 34' 3PT Jump Shot,0:00
http://stats.nba.com/cvp.html?GameID=0021200088&GameEventID=519,4,,Portland Trail Blazers,TRAIL BLAZERS Rebound,0:00
