http://stats.nba.com/cvp.html?GameID=0021201093&GameEventID=1,1,,Sacramento Kings,Jump Ball Thompson vs. Howard: Tip to Nash,12:00
http://stats.nba.com/cvp.html?GameID=0021201093&GameEventID=2,1,,Sacramento Kings,Cousins P.FOUL (P1.T1),11:49
http://stats.nba.com/cvp.html?GameID=0021201093&GameEventID=3,1,,Los Angeles Lakers,MISS Howard 6' Jump Hook Shot,11:37
http://stats.nba.com/cvp.html?GameID=0021201093&GameEventID=4,1,,Sacramento Kings,Cousins REBOUND (Off:0 Def:1),11:36
http://stats.nba.com/cvp.html?GameID=0021201093&GameEventID=5,1,[ 0 - 2 ],Sacramento Kings,Thompson 18' Jump Shot (2 PTS) (Thomas 1 AST),11:26
http://stats.nba.com/cvp.html?GameID=0021201093&GameEventID=6,1,[ 2 - 2 ],Los Angeles Lakers,Nash 2' Driving Layup (2 PTS),11:16
http://stats.nba.com/cvp.html?GameID=0021201093&GameEventID=7,1,,Sacramento Kings,MISS Thompson 18' Jump Shot,11:02
http://stats.nba.com/cvp.html?GameID=0021201093&GameEventID=8,1,,Los Angeles Lakers,Meeks REBOUND (Off:0 Def:1),11:02
http://stats.nba.com/cvp.html?GameID=0021201093&GameEventID=9,1,,Los Angeles Lakers,MISS Bryant 16' Jump Shot,10:52
http://stats.nba.com/cvp.html?GameID=0021201093&GameEventID=10,1,,Sacramento Kings,Thompson REBOUND (Off:0 Def:1),10:51
http://stats.nba.com/cvp.html?GameID=0021201093&GameEventID=11,1,[ 2 - 5 ],Sacramento Kings,Salmons  3PT Jump Shot (3 PTS) (Evans 1 AST),10:40
http://stats.nba.com/cvp.html?GameID=0021201093&GameEventID=12,1,[ 4 - 5 ],Los Angeles Lakers,Gasol 15' Jump Shot (2 PTS) (Nash 1 AST),10:26
http://stats.nba.com/cvp.html?GameID=0021201093&GameEventID=13,1,,Los Angeles Lakers,Lakers T.Foul (Def. 3 Sec Howard ),10:12
http://stats.nba.com/cvp.html?GameID=0021201093&GameEventID=14,1,,Los Angeles Lakers,SUB: Blake FOR Nash,10:12
http://stats.nba.com/cvp.html?GameID=0021201093&GameEventID=15,1,[ 4 - 6 ],Sacramento Kings,Thomas Free Throw Technical (1 PTS),10:12
http://stats.nba.com/cvp.html?GameID=0021201093&GameEventID=17,1,[ 4 - 9 ],Sacramento Kings,Thomas 25' 3PT Jump Shot (4 PTS) (Evans 2 AST),10:02
http://stats.nba.com/cvp.html?GameID=0021201093&GameEventID=18,1,[ 6 - 9 ],Los Angeles Lakers,Howard 2' Dunk (2 PTS) (Gasol 1 AST),9:51
http://stats.nba.com/cvp.html?GameID=0021201093&GameEventID=20,1,,Sacramento Kings,MISS Cousins 20' Jump Shot,9:31
http://stats.nba.com/cvp.html?GameID=0021201093&GameEventID=21,1,,Los Angeles Lakers,Howard REBOUND (Off:0 Def:1),9:30
http://stats.nba.com/cvp.html?GameID=0021201093&GameEventID=22,1,,Sacramento Kings,KINGS T.Foul (Def. 3 Sec Salmons ),9:18
http://stats.nba.com/cvp.html?GameID=0021201093&GameEventID=23,1,,Los Angeles Lakers,MISS Bryant Free Throw Technical,9:18
http://stats.nba.com/cvp.html?GameID=0021201093&GameEventID=24,1,,Los Angeles Lakers,Lakers Rebound,9:18
http://stats.nba.com/cvp.html?GameID=0021201093&GameEventID=25,1,,Los Angeles Lakers,MISS Meeks 24' 3PT Jump Shot,9:03
http://stats.nba.com/cvp.html?GameID=0021201093&GameEventID=26,1,,Sacramento Kings,Salmons REBOUND (Off:0 Def:1),9:03
http://stats.nba.com/cvp.html?GameID=0021201093&GameEventID=27,1,,Sacramento Kings,MISS Cousins 21' Jump Shot,8:42
http://stats.nba.com/cvp.html?GameID=0021201093&GameEventID=28,1,,Los Angeles Lakers,Howard REBOUND (Off:0 Def:2),8:42
http://stats.nba.com/cvp.html?GameID=0021201093&GameEventID=29,1,[ 9 - 9 ],Los Angeles Lakers,Meeks  3PT Jump Shot (3 PTS) (Bryant 1 AST),8:28
http://stats.nba.com/cvp.html?GameID=0021201093&GameEventID=30,1,,Sacramento Kings,KINGS Timeout: Regular (Full 1 Short 0),8:19
http://stats.nba.com/cvp.html?GameID=0021201093&GameEventID=32,1,[ 9 - 11 ],Sacramento Kings,Cousins 4' Jump Shot (2 PTS),8:08
http://stats.nba.com/cvp.html?GameID=0021201093&GameEventID=33,1,[ 11 - 11 ],Los Angeles Lakers,Gasol 20' Jump Shot (4 PTS) (Bryant 2 AST),7:53
http://stats.nba.com/cvp.html?GameID=0021201093&GameEventID=34,1,[ 11 - 13 ],Sacramento Kings,Thompson 14' Jump Shot (4 PTS) (Thomas 2 AST),7:38
http://stats.nba.com/cvp.html?GameID=0021201093&GameEventID=35,1,,Los Angeles Lakers,Howard S.FOUL (P1.T1),7:38
http://stats.nba.com/cvp.html?GameID=0021201093&GameEventID=36,1,[ 11 - 14 ],Sacramento Kings,Thompson Free Throw 1 of 1 (5 PTS),7:38
http://stats.nba.com/cvp.html?GameID=0021201093&GameEventID=38,1,[ 13 - 14 ],Los Angeles Lakers,Howard 2' Alley Oop Layup (4 PTS) (Gasol 2 AST),7:23
http://stats.nba.com/cvp.html?GameID=0021201093&GameEventID=39,1,[ 13 - 16 ],Sacramento Kings,Cousins 5' Finger Roll Layup (4 PTS),7:06
http://stats.nba.com/cvp.html?GameID=0021201093&GameEventID=40,1,[ 15 - 16 ],Los Angeles Lakers,Howard 3' Layup (6 PTS) (Bryant 3 AST),6:49
http://stats.nba.com/cvp.html?GameID=0021201093&GameEventID=41,1,[ 15 - 19 ],Sacramento Kings,Salmons 24' 3PT Jump Shot (6 PTS) (Thomas 3 AST),6:29
http://stats.nba.com/cvp.html?GameID=0021201093&GameEventID=42,1,[ 18 - 19 ],Los Angeles Lakers,Blake  3PT Jump Shot (3 PTS) (Gasol 3 AST),6:12
http://stats.nba.com/cvp.html?GameID=0021201093&GameEventID=43,1,[ 18 - 21 ],Sacramento Kings,Thompson 11' Jump Hook Shot (7 PTS) (Evans 3 AST),5:59
http://stats.nba.com/cvp.html?GameID=0021201093&GameEventID=44,1,,Sacramento Kings,Salmons STEAL (1 STL),5:45
http://stats.nba.com/cvp.html?GameID=0021201093&GameEventID=44,1,,Los Angeles Lakers,Bryant Lost Ball Turnover (P1.T1),5:45
http://stats.nba.com/cvp.html?GameID=0021201093&GameEventID=45,1,[ 18 - 23 ],Sacramento Kings,Cousins 2' Slam Dunk (6 PTS) (Evans 4 AST),5:40
http://stats.nba.com/cvp.html?GameID=0021201093&GameEventID=46,1,,Los Angeles Lakers,Lakers Timeout: Regular (Reg.1 Short 0),5:37
http://stats.nba.com/cvp.html?GameID=0021201093&GameEventID=48,1,,Los Angeles Lakers,SUB: Jamison FOR Gasol,5:37
http://stats.nba.com/cvp.html?GameID=0021201093&GameEventID=49,1,,Los Angeles Lakers,MISS Jamison 12' Jump Shot,5:26
http://stats.nba.com/cvp.html?GameID=0021201093&GameEventID=50,1,,Sacramento Kings,Evans REBOUND (Off:0 Def:1),5:25
http://stats.nba.com/cvp.html?GameID=0021201093&GameEventID=51,1,,Sacramento Kings,Evans Bad Pass Turnover (P1.T1),5:21
http://stats.nba.com/cvp.html?GameID=0021201093&GameEventID=51,1,,Los Angeles Lakers,Meeks STEAL (1 STL),5:21
http://stats.nba.com/cvp.html?GameID=0021201093&GameEventID=52,1,,Los Angeles Lakers,MISS Jamison 3' Layup,5:13
http://stats.nba.com/cvp.html?GameID=0021201093&GameEventID=53,1,,Sacramento Kings,Cousins REBOUND (Off:0 Def:2),5:12
http://stats.nba.com/cvp.html?GameID=0021201093&GameEventID=54,1,[ 18 - 25 ],Sacramento Kings,Cousins 7' Jump Hook Shot (8 PTS),4:55
http://stats.nba.com/cvp.html?GameID=0021201093&GameEventID=55,1,[ 21 - 25 ],Los Angeles Lakers,Meeks  3PT Jump Shot (6 PTS) (Blake 1 AST),4:37
http://stats.nba.com/cvp.html?GameID=0021201093&GameEventID=56,1,[ 21 - 27 ],Sacramento Kings,Evans 2' Driving Layup (2 PTS),4:24
http://stats.nba.com/cvp.html?GameID=0021201093&GameEventID=57,1,[ 23 - 27 ],Los Angeles Lakers,Howard 2' Layup (8 PTS),4:02
http://stats.nba.com/cvp.html?GameID=0021201093&GameEventID=58,1,[ 23 - 30 ],Sacramento Kings,Salmons 25' 3PT Jump Shot (9 PTS) (Thompson 1 AST),3:50
http://stats.nba.com/cvp.html?GameID=0021201093&GameEventID=59,1,,Los Angeles Lakers,MISS Bryant 16' Pullup Jump Shot,3:32
http://stats.nba.com/cvp.html?GameID=0021201093&GameEventID=60,1,,Sacramento Kings,Evans REBOUND (Off:0 Def:2),3:31
http://stats.nba.com/cvp.html?GameID=0021201093&GameEventID=61,1,,Sacramento Kings,Evans Traveling Turnover (P2.T2),3:27
http://stats.nba.com/cvp.html?GameID=0021201093&GameEventID=62,1,,Los Angeles Lakers,SUB: Clark FOR Meeks,3:27
http://stats.nba.com/cvp.html?GameID=0021201093&GameEventID=63,1,,Sacramento Kings,Thompson P.FOUL (P1.T2),3:11
http://stats.nba.com/cvp.html?GameID=0021201093&GameEventID=65,1,[ 25 - 30 ],Los Angeles Lakers,Clark 23' Jump Shot (2 PTS) (Bryant 4 AST),3:00
http://stats.nba.com/cvp.html?GameID=0021201093&GameEventID=66,1,[ 25 - 32 ],Sacramento Kings,Thompson 3' Layup (9 PTS) (Cousins 1 AST),2:45
http://stats.nba.com/cvp.html?GameID=0021201093&GameEventID=67,1,,Los Angeles Lakers,Howard Step Out of Bounds Turnover (P1.T2),2:27
http://stats.nba.com/cvp.html?GameID=0021201093&GameEventID=68,1,,Sacramento Kings,SUB: Thornton FOR Thomas,2:27
http://stats.nba.com/cvp.html?GameID=0021201093&GameEventID=69,1,,Sacramento Kings,MISS Cousins 5' Jump Hook Shot,2:10
http://stats.nba.com/cvp.html?GameID=0021201093&GameEventID=70,1,,Sacramento Kings,Evans REBOUND (Off:1 Def:2),2:09
http://stats.nba.com/cvp.html?GameID=0021201093&GameEventID=71,1,,Sacramento Kings,MISS Cousins 7' Jump Hook Shot,1:52
http://stats.nba.com/cvp.html?GameID=0021201093&GameEventID=72,1,,Los Angeles Lakers,Howard REBOUND (Off:0 Def:3),1:51
http://stats.nba.com/cvp.html?GameID=0021201093&GameEventID=75,1,,Los Angeles Lakers,MISS Jamison 26' 3PT Jump Shot,1:40
http://stats.nba.com/cvp.html?GameID=0021201093&GameEventID=73,1,,Sacramento Kings,Cousins REBOUND (Off:0 Def:3),1:36
http://stats.nba.com/cvp.html?GameID=0021201093&GameEventID=74,1,[ 25 - 34 ],Sacramento Kings,Thompson 2' Layup (11 PTS) (Salmons 1 AST),1:29
http://stats.nba.com/cvp.html?GameID=0021201093&GameEventID=76,1,,Sacramento Kings,Thompson S.FOUL (P2.T3),1:15
http://stats.nba.com/cvp.html?GameID=0021201093&GameEventID=77,1,,Los Angeles Lakers,MISS Howard Free Throw 1 of 2,1:15
http://stats.nba.com/cvp.html?GameID=0021201093&GameEventID=78,1,,Los Angeles Lakers,Lakers Rebound,1:15
http://stats.nba.com/cvp.html?GameID=0021201093&GameEventID=79,1,,Sacramento Kings,SUB: Hayes FOR Thompson,1:15
http://stats.nba.com/cvp.html?GameID=0021201093&GameEventID=88,1,,Los Angeles Lakers,SUB: Duhon FOR Blake,1:15
http://stats.nba.com/cvp.html?GameID=0021201093&GameEventID=89,1,,Sacramento Kings,SUB: Patterson FOR Cousins,1:15
http://stats.nba.com/cvp.html?GameID=0021201093&GameEventID=81,1,,Los Angeles Lakers,MISS Howard Free Throw 2 of 2,1:15
http://stats.nba.com/cvp.html?GameID=0021201093&GameEventID=83,1,,Sacramento Kings,Hayes REBOUND (Off:0 Def:1),1:10
http://stats.nba.com/cvp.html?GameID=0021201093&GameEventID=84,1,,Los Angeles Lakers,Duhon S.FOUL (P1.T2),0:53
http://stats.nba.com/cvp.html?GameID=0021201093&GameEventID=85,1,,Sacramento Kings,MISS Thornton Free Throw 1 of 2,0:53
http://stats.nba.com/cvp.html?GameID=0021201093&GameEventID=86,1,,Sacramento Kings,KINGS Rebound,0:53
http://stats.nba.com/cvp.html?GameID=0021201093&GameEventID=87,1,,Los Angeles Lakers,SUB: Gasol FOR Howard,0:53
http://stats.nba.com/cvp.html?GameID=0021201093&GameEventID=90,1,[ 25 - 35 ],Sacramento Kings,Thornton Free Throw 2 of 2 (1 PTS),0:53
http://stats.nba.com/cvp.html?GameID=0021201093&GameEventID=92,1,,Los Angeles Lakers,MISS Jamison 3' Jump Shot,0:38
http://stats.nba.com/cvp.html?GameID=0021201093&GameEventID=93,1,,Los Angeles Lakers,Jamison REBOUND (Off:1 Def:0),0:37
http://stats.nba.com/cvp.html?GameID=0021201093&GameEventID=94,1,,Los Angeles Lakers,MISS Bryant 25' 3PT Jump Shot,0:31
http://stats.nba.com/cvp.html?GameID=0021201093&GameEventID=95,1,,Sacramento Kings,Thornton REBOUND (Off:0 Def:1),0:31
http://stats.nba.com/cvp.html?GameID=0021201093&GameEventID=97,1,,Los Angeles Lakers,Clark Violation:Defensive Goaltending,0:10
http://stats.nba.com/cvp.html?GameID=0021201093&GameEventID=96,1,[ 25 - 37 ],Sacramento Kings,Evans 3' Driving Layup (4 PTS),0:10
http://stats.nba.com/cvp.html?GameID=0021201093&GameEventID=98,1,,Los Angeles Lakers,Duhon Poss Lost Ball Turnover (P1.T3),0:01
http://stats.nba.com/cvp.html?GameID=0021201093&GameEventID=99,1,,Sacramento Kings,MISS Evans 64' 3PT Jump Shot,0:00
http://stats.nba.com/cvp.html?GameID=0021201093&GameEventID=100,1,,Sacramento Kings,KINGS Rebound,0:00
http://stats.nba.com/cvp.html?GameID=0021201093&GameEventID=104,2,,Sacramento Kings,Hayes Bad Pass Turnover (P1.T3),11:47
http://stats.nba.com/cvp.html?GameID=0021201093&GameEventID=104,2,,Los Angeles Lakers,Bryant STEAL (1 STL),11:47
http://stats.nba.com/cvp.html?GameID=0021201093&GameEventID=105,2,,Los Angeles Lakers,MISS Bryant 12' Jump Shot,11:40
http://stats.nba.com/cvp.html?GameID=0021201093&GameEventID=106,2,,Sacramento Kings,Evans REBOUND (Off:1 Def:3),11:39
http://stats.nba.com/cvp.html?GameID=0021201093&GameEventID=107,2,,Sacramento Kings,MISS Evans 4' Layup,11:33
http://stats.nba.com/cvp.html?GameID=0021201093&GameEventID=107,2,,Los Angeles Lakers,Clark BLOCK (1 BLK),11:33
http://stats.nba.com/cvp.html?GameID=0021201093&GameEventID=108,2,,Los Angeles Lakers,Bryant REBOUND (Off:0 Def:1),11:32
http://stats.nba.com/cvp.html?GameID=0021201093&GameEventID=109,2,[ 27 - 37 ],Los Angeles Lakers,Gasol 2' Slam Dunk (6 PTS) (Bryant 5 AST),11:21
http://stats.nba.com/cvp.html?GameID=0021201093&GameEventID=110,2,,Sacramento Kings,MISS Thornton 24' 3PT Jump Shot,10:59
http://stats.nba.com/cvp.html?GameID=0021201093&GameEventID=111,2,,Los Angeles Lakers,Clark REBOUND (Off:0 Def:1),10:58
http://stats.nba.com/cvp.html?GameID=0021201093&GameEventID=112,2,[ 29 - 37 ],Los Angeles Lakers,Gasol 13' Turnaround Jump Shot (8 PTS),10:40
http://stats.nba.com/cvp.html?GameID=0021201093&GameEventID=113,2,[ 29 - 39 ],Sacramento Kings,Salmons 14' Pullup Jump Shot (11 PTS),10:27
http://stats.nba.com/cvp.html?GameID=0021201093&GameEventID=114,2,[ 32 - 39 ],Los Angeles Lakers,Clark 24' 3PT Jump Shot (5 PTS) (Bryant 6 AST),10:13
http://stats.nba.com/cvp.html?GameID=0021201093&GameEventID=115,2,[ 32 - 41 ],Sacramento Kings,Salmons 18' Pullup Jump Shot (13 PTS),9:57
http://stats.nba.com/cvp.html?GameID=0021201093&GameEventID=116,2,,Sacramento Kings,Patterson S.FOUL (P1.T1),9:39
http://stats.nba.com/cvp.html?GameID=0021201093&GameEventID=117,2,[ 33 - 41 ],Los Angeles Lakers,Jamison Free Throw 1 of 2 (1 PTS),9:39
http://stats.nba.com/cvp.html?GameID=0021201093&GameEventID=119,2,,Sacramento Kings,SUB: Douglas FOR Evans,9:39
http://stats.nba.com/cvp.html?GameID=0021201093&GameEventID=120,2,[ 34 - 41 ],Los Angeles Lakers,Jamison Free Throw 2 of 2 (2 PTS),9:39
http://stats.nba.com/cvp.html?GameID=0021201093&GameEventID=122,2,,Sacramento Kings,MISS Salmons 5' Jump Shot,9:21
http://stats.nba.com/cvp.html?GameID=0021201093&GameEventID=123,2,,Los Angeles Lakers,Clark REBOUND (Off:0 Def:2),9:20
http://stats.nba.com/cvp.html?GameID=0021201093&GameEventID=124,2,,Los Angeles Lakers,MISS Duhon  3PT Jump Shot,9:05
http://stats.nba.com/cvp.html?GameID=0021201093&GameEventID=125,2,,Los Angeles Lakers,Jamison REBOUND (Off:2 Def:0),9:04
http://stats.nba.com/cvp.html?GameID=0021201093&GameEventID=126,2,,Sacramento Kings,Patterson BLOCK (1 BLK),8:50
http://stats.nba.com/cvp.html?GameID=0021201093&GameEventID=126,2,,Los Angeles Lakers,MISS Bryant 5' Jump Shot,8:50
http://stats.nba.com/cvp.html?GameID=0021201093&GameEventID=127,2,,Los Angeles Lakers,Bryant REBOUND (Off:1 Def:1),8:50
http://stats.nba.com/cvp.html?GameID=0021201093&GameEventID=128,2,,Sacramento Kings,Patterson S.FOUL (P2.T2),8:50
http://stats.nba.com/cvp.html?GameID=0021201093&GameEventID=131,2,,Los Angeles Lakers,SUB: Meeks FOR Duhon,8:50
http://stats.nba.com/cvp.html?GameID=0021201093&GameEventID=133,2,[ 35 - 41 ],Los Angeles Lakers,Bryant Free Throw 1 of 2 (1 PTS),8:50
http://stats.nba.com/cvp.html?GameID=0021201093&GameEventID=135,2,[ 36 - 41 ],Los Angeles Lakers,Bryant Free Throw 2 of 2 (2 PTS),8:50
http://stats.nba.com/cvp.html?GameID=0021201093&GameEventID=137,2,,Sacramento Kings,MISS Thornton 19' Jump Shot,8:40
http://stats.nba.com/cvp.html?GameID=0021201093&GameEventID=138,2,,Los Angeles Lakers,Gasol REBOUND (Off:0 Def:1),8:39
http://stats.nba.com/cvp.html?GameID=0021201093&GameEventID=139,2,[ 38 - 41 ],Los Angeles Lakers,Bryant 2' Driving Layup (4 PTS),8:16
http://stats.nba.com/cvp.html?GameID=0021201093&GameEventID=140,2,,Sacramento Kings,MISS Salmons 24' 3PT Jump Shot,8:06
http://stats.nba.com/cvp.html?GameID=0021201093&GameEventID=141,2,,Los Angeles Lakers,Jamison REBOUND (Off:2 Def:1),8:05
http://stats.nba.com/cvp.html?GameID=0021201093&GameEventID=142,2,[ 40 - 41 ],Los Angeles Lakers,Bryant 19' Jump Shot (6 PTS),7:54
http://stats.nba.com/cvp.html?GameID=0021201093&GameEventID=143,2,,Sacramento Kings,MISS Thornton 18' Jump Shot,7:40
http://stats.nba.com/cvp.html?GameID=0021201093&GameEventID=144,2,,Los Angeles Lakers,Jamison REBOUND (Off:2 Def:2),7:39
http://stats.nba.com/cvp.html?GameID=0021201093&GameEventID=145,2,,Los Angeles Lakers,MISS Gasol 12' Jump Shot,7:16
http://stats.nba.com/cvp.html?GameID=0021201093&GameEventID=146,2,,Sacramento Kings,Patterson REBOUND (Off:0 Def:1),7:16
http://stats.nba.com/cvp.html?GameID=0021201093&GameEventID=147,2,,Los Angeles Lakers,Clark P.FOUL (P1.T1),7:03
http://stats.nba.com/cvp.html?GameID=0021201093&GameEventID=148,2,,Los Angeles Lakers,SUB: Howard FOR Jamison,7:03
http://stats.nba.com/cvp.html?GameID=0021201093&GameEventID=149,2,,Sacramento Kings,SUB: Cousins FOR Hayes,7:03
http://stats.nba.com/cvp.html?GameID=0021201093&GameEventID=156,2,,Sacramento Kings,SUB: Evans FOR Salmons,7:03
http://stats.nba.com/cvp.html?GameID=0021201093&GameEventID=150,2,[ 40 - 44 ],Sacramento Kings,Thornton  3PT Jump Shot (4 PTS),6:51
http://stats.nba.com/cvp.html?GameID=0021201093&GameEventID=151,2,[ 42 - 44 ],Los Angeles Lakers,Bryant 1' Driving Layup (8 PTS),6:34
http://stats.nba.com/cvp.html?GameID=0021201093&GameEventID=152,2,,Sacramento Kings,MISS Cousins 18' Jump Shot,6:16
http://stats.nba.com/cvp.html?GameID=0021201093&GameEventID=153,2,,Los Angeles Lakers,Bryant REBOUND (Off:1 Def:2),6:16
http://stats.nba.com/cvp.html?GameID=0021201093&GameEventID=155,2,,Sacramento Kings,Evans P.FOUL (P1.T3),6:09
http://stats.nba.com/cvp.html?GameID=0021201093&GameEventID=157,2,,Los Angeles Lakers,MISS Bryant 25' 3PT Jump Shot,6:02
http://stats.nba.com/cvp.html?GameID=0021201093&GameEventID=158,2,,Sacramento Kings,Thornton REBOUND (Off:0 Def:2),6:00
http://stats.nba.com/cvp.html?GameID=0021201093&GameEventID=159,2,[ 42 - 46 ],Sacramento Kings,Evans  Layup (6 PTS),5:59
http://stats.nba.com/cvp.html?GameID=0021201093&GameEventID=160,2,,Los Angeles Lakers,SUB: Blake FOR Clark,5:54
http://stats.nba.com/cvp.html?GameID=0021201093&GameEventID=161,2,[ 44 - 46 ],Los Angeles Lakers,Meeks 1' Dunk (8 PTS) (Gasol 4 AST),5:38
http://stats.nba.com/cvp.html?GameID=0021201093&GameEventID=162,2,,Los Angeles Lakers,Gasol Personal Take Foul (P1.T2),5:27
http://stats.nba.com/cvp.html?GameID=0021201093&GameEventID=163,2,,Sacramento Kings,KINGS Timeout: Regular (Full 2 Short 0),5:27
http://stats.nba.com/cvp.html?GameID=0021201093&GameEventID=167,2,,Sacramento Kings,MISS Patterson 19' Jump Shot,5:13
http://stats.nba.com/cvp.html?GameID=0021201093&GameEventID=168,2,,Sacramento Kings,Thornton REBOUND (Off:1 Def:2),5:12
http://stats.nba.com/cvp.html?GameID=0021201093&GameEventID=169,2,[ 44 - 48 ],Sacramento Kings,Thornton 7' Jump Shot (6 PTS),5:09
http://stats.nba.com/cvp.html?GameID=0021201093&GameEventID=170,2,,Sacramento Kings,KINGS T.Foul (Def. 3 Sec Patterson ),4:45
http://stats.nba.com/cvp.html?GameID=0021201093&GameEventID=171,2,[ 45 - 48 ],Los Angeles Lakers,Meeks Free Throw Technical (9 PTS),4:45
http://stats.nba.com/cvp.html?GameID=0021201093&GameEventID=173,2,,Sacramento Kings,SUB: Thompson FOR Patterson,4:45
http://stats.nba.com/cvp.html?GameID=0021201093&GameEventID=175,2,,Sacramento Kings,Jump Ball Cousins vs. Bryant: Tip to Blake,4:37
http://stats.nba.com/cvp.html?GameID=0021201093&GameEventID=177,2,,Los Angeles Lakers,MISS Bryant 25' 3PT Jump Shot,4:30
http://stats.nba.com/cvp.html?GameID=0021201093&GameEventID=178,2,,Los Angeles Lakers,Meeks REBOUND (Off:1 Def:1),4:28
http://stats.nba.com/cvp.html?GameID=0021201093&GameEventID=179,2,[ 47 - 48 ],Los Angeles Lakers,Howard 4' Layup (10 PTS),4:19
http://stats.nba.com/cvp.html?GameID=0021201093&GameEventID=180,2,,Sacramento Kings,MISS Cousins 3' Layup,4:02
http://stats.nba.com/cvp.html?GameID=0021201093&GameEventID=181,2,,Los Angeles Lakers,Blake REBOUND (Off:0 Def:1),4:01
http://stats.nba.com/cvp.html?GameID=0021201093&GameEventID=182,2,,Los Angeles Lakers,MISS Gasol 19' Jump Shot,3:45
http://stats.nba.com/cvp.html?GameID=0021201093&GameEventID=183,2,,Sacramento Kings,Douglas REBOUND (Off:0 Def:1),3:44
http://stats.nba.com/cvp.html?GameID=0021201093&GameEventID=184,2,,Sacramento Kings,MISS Thornton  3PT Jump Shot,3:30
http://stats.nba.com/cvp.html?GameID=0021201093&GameEventID=185,2,,Los Angeles Lakers,Bryant REBOUND (Off:1 Def:3),3:29
http://stats.nba.com/cvp.html?GameID=0021201093&GameEventID=186,2,,Sacramento Kings,Douglas P.FOUL (P1.T4),3:24
http://stats.nba.com/cvp.html?GameID=0021201093&GameEventID=187,2,,Sacramento Kings,SUB: Thomas FOR Thornton,3:24
http://stats.nba.com/cvp.html?GameID=0021201093&GameEventID=188,2,,Sacramento Kings,SUB: Salmons FOR Douglas,3:24
http://stats.nba.com/cvp.html?GameID=0021201093&GameEventID=189,2,,Sacramento Kings,Thompson P.FOUL (P3.PN),3:17
http://stats.nba.com/cvp.html?GameID=0021201093&GameEventID=190,2,,Sacramento Kings,Cousins T.FOUL (P1.PN),3:17
http://stats.nba.com/cvp.html?GameID=0021201093&GameEventID=191,2,,Sacramento Kings,KINGS Violation: Delay of game Violation,3:17
http://stats.nba.com/cvp.html?GameID=0021201093&GameEventID=192,2,,Los Angeles Lakers,MISS Meeks Free Throw Technical,3:17
http://stats.nba.com/cvp.html?GameID=0021201093&GameEventID=193,2,,Los Angeles Lakers,Lakers Rebound,3:17
http://stats.nba.com/cvp.html?GameID=0021201093&GameEventID=194,2,,Sacramento Kings,SUB: Hayes FOR Thompson,3:17
http://stats.nba.com/cvp.html?GameID=0021201093&GameEventID=195,2,,Los Angeles Lakers,MISS Howard Free Throw 1 of 2,3:17
http://stats.nba.com/cvp.html?GameID=0021201093&GameEventID=196,2,,Los Angeles Lakers,Lakers Rebound,3:17
http://stats.nba.com/cvp.html?GameID=0021201093&GameEventID=197,2,[ 48 - 48 ],Los Angeles Lakers,Howard Free Throw 2 of 2 (11 PTS),3:17
http://stats.nba.com/cvp.html?GameID=0021201093&GameEventID=199,2,,Sacramento Kings,MISS Evans 3' Driving Layup,3:03
http://stats.nba.com/cvp.html?GameID=0021201093&GameEventID=199,2,,Los Angeles Lakers,Howard BLOCK (1 BLK),3:03
http://stats.nba.com/cvp.html?GameID=0021201093&GameEventID=200,2,,Sacramento Kings,KINGS Rebound,3:03
http://stats.nba.com/cvp.html?GameID=0021201093&GameEventID=201,2,,Los Angeles Lakers,Howard Violation:Kicked Ball,2:56
http://stats.nba.com/cvp.html?GameID=0021201093&GameEventID=202,2,,Los Angeles Lakers,Lakers Timeout: Regular (Reg.2 Short 0),2:56
http://stats.nba.com/cvp.html?GameID=0021201093&GameEventID=206,2,,Sacramento Kings,MISS Hayes 13' Jump Shot,2:47
http://stats.nba.com/cvp.html?GameID=0021201093&GameEventID=206,2,,Los Angeles Lakers,Howard BLOCK (2 BLK),2:47
http://stats.nba.com/cvp.html?GameID=0021201093&GameEventID=207,2,,Sacramento Kings,Hayes REBOUND (Off:1 Def:1),2:45
http://stats.nba.com/cvp.html?GameID=0021201093&GameEventID=208,2,,Sacramento Kings,MISS Hayes 4' Jump Hook Shot,2:44
http://stats.nba.com/cvp.html?GameID=0021201093&GameEventID=210,2,,Sacramento Kings,KINGS Rebound,2:43
http://stats.nba.com/cvp.html?GameID=0021201093&GameEventID=209,2,,Los Angeles Lakers,Gasol S.FOUL (P2.T3),2:43
http://stats.nba.com/cvp.html?GameID=0021201093&GameEventID=211,2,[ 48 - 49 ],Sacramento Kings,Cousins Free Throw 1 of 2 (9 PTS),2:43
http://stats.nba.com/cvp.html?GameID=0021201093&GameEventID=213,2,[ 48 - 50 ],Sacramento Kings,Cousins Free Throw 2 of 2 (10 PTS),2:43
http://stats.nba.com/cvp.html?GameID=0021201093&GameEventID=215,2,[ 51 - 50 ],Los Angeles Lakers,Blake 25' 3PT Jump Shot (6 PTS) (Bryant 7 AST),2:24
http://stats.nba.com/cvp.html?GameID=0021201093&GameEventID=216,2,[ 51 - 52 ],Sacramento Kings,Hayes 8' Jump Hook Shot (2 PTS) (Evans 5 AST),2:06
http://stats.nba.com/cvp.html?GameID=0021201093&GameEventID=217,2,,Sacramento Kings,Cousins P.FOUL (P2.PN),1:50
http://stats.nba.com/cvp.html?GameID=0021201093&GameEventID=218,2,,Los Angeles Lakers,MISS Howard Free Throw 1 of 2,1:50
http://stats.nba.com/cvp.html?GameID=0021201093&GameEventID=219,2,,Los Angeles Lakers,Lakers Rebound,1:50
http://stats.nba.com/cvp.html?GameID=0021201093&GameEventID=220,2,,Los Angeles Lakers,MISS Howard Free Throw 2 of 2,1:50
http://stats.nba.com/cvp.html?GameID=0021201093&GameEventID=222,2,,Sacramento Kings,Hayes REBOUND (Off:1 Def:2),1:49
http://stats.nba.com/cvp.html?GameID=0021201093&GameEventID=223,2,,Sacramento Kings,MISS Hayes 8' Jump Hook Shot,1:36
http://stats.nba.com/cvp.html?GameID=0021201093&GameEventID=223,2,,Los Angeles Lakers,Howard BLOCK (3 BLK),1:36
http://stats.nba.com/cvp.html?GameID=0021201093&GameEventID=224,2,,Los Angeles Lakers,Bryant REBOUND (Off:1 Def:4),1:34
http://stats.nba.com/cvp.html?GameID=0021201093&GameEventID=225,2,,Los Angeles Lakers,Howard OFF.Foul (P2),1:31
http://stats.nba.com/cvp.html?GameID=0021201093&GameEventID=226,2,,Los Angeles Lakers,Howard Foul Turnover (P2.T4),1:31
http://stats.nba.com/cvp.html?GameID=0021201093&GameEventID=227,2,,Los Angeles Lakers,SUB: Jamison FOR Howard,1:31
http://stats.nba.com/cvp.html?GameID=0021201093&GameEventID=228,2,,Sacramento Kings,MISS Thomas 25' 3PT Jump Shot,1:04
http://stats.nba.com/cvp.html?GameID=0021201093&GameEventID=229,2,,Sacramento Kings,Salmons REBOUND (Off:1 Def:1),1:03
http://stats.nba.com/cvp.html?GameID=0021201093&GameEventID=230,2,[ 51 - 54 ],Sacramento Kings,Evans 3' Driving Layup (8 PTS) (Thomas 4 AST),0:54
http://stats.nba.com/cvp.html?GameID=0021201093&GameEventID=231,2,,Los Angeles Lakers,MISS Gasol 4' Jump Shot,0:35
http://stats.nba.com/cvp.html?GameID=0021201093&GameEventID=233,2,,Los Angeles Lakers,Gasol REBOUND (Off:1 Def:1),0:33
http://stats.nba.com/cvp.html?GameID=0021201093&GameEventID=232,2,,Los Angeles Lakers,MISS Gasol 3' Layup,0:33
http://stats.nba.com/cvp.html?GameID=0021201093&GameEventID=234,2,,Sacramento Kings,Cousins REBOUND (Off:0 Def:4),0:32
http://stats.nba.com/cvp.html?GameID=0021201093&GameEventID=235,2,,Sacramento Kings,MISS Salmons  3PT Jump Hook Shot,0:25
http://stats.nba.com/cvp.html?GameID=0021201093&GameEventID=236,2,,Los Angeles Lakers,Jamison REBOUND (Off:2 Def:3),0:25
http://stats.nba.com/cvp.html?GameID=0021201093&GameEventID=237,2,,Sacramento Kings,Hayes S.FOUL (P1.PN),0:04
http://stats.nba.com/cvp.html?GameID=0021201093&GameEventID=238,2,[ 52 - 54 ],Los Angeles Lakers,Bryant Free Throw 1 of 2 (9 PTS),0:04
http://stats.nba.com/cvp.html?GameID=0021201093&GameEventID=240,2,[ 53 - 54 ],Los Angeles Lakers,Bryant Free Throw 2 of 2 (10 PTS),0:04
http://stats.nba.com/cvp.html?GameID=0021201093&GameEventID=242,2,,Los Angeles Lakers,Bryant Personal Take Foul (P1.T4),0:03
http://stats.nba.com/cvp.html?GameID=0021201093&GameEventID=243,2,[ 53 - 57 ],Sacramento Kings,Thomas  3PT Jump Shot (7 PTS) (Salmons 2 AST),0:00
http://stats.nba.com/cvp.html?GameID=0021201093&GameEventID=247,3,[ 53 - 59 ],Sacramento Kings,Thompson 18' Jump Shot (13 PTS) (Evans 6 AST),11:44
http://stats.nba.com/cvp.html?GameID=0021201093&GameEventID=248,3,,Los Angeles Lakers,MISS Howard 12' Jump Shot,11:29
http://stats.nba.com/cvp.html?GameID=0021201093&GameEventID=249,3,,Sacramento Kings,Evans REBOUND (Off:1 Def:4),11:29
http://stats.nba.com/cvp.html?GameID=0021201093&GameEventID=250,3,,Sacramento Kings,MISS Thompson 16' Jump Shot,11:18
http://stats.nba.com/cvp.html?GameID=0021201093&GameEventID=251,3,,Los Angeles Lakers,Bryant REBOUND (Off:1 Def:5),11:17
http://stats.nba.com/cvp.html?GameID=0021201093&GameEventID=252,3,[ 55 - 59 ],Los Angeles Lakers,Meeks 3' Layup (11 PTS) (Bryant 8 AST),11:05
http://stats.nba.com/cvp.html?GameID=0021201093&GameEventID=253,3,,Sacramento Kings,MISS Salmons 15' Jump Shot,10:45
http://stats.nba.com/cvp.html?GameID=0021201093&GameEventID=254,3,,Los Angeles Lakers,Howard REBOUND (Off:0 Def:4),10:45
http://stats.nba.com/cvp.html?GameID=0021201093&GameEventID=255,3,[ 58 - 59 ],Los Angeles Lakers,Blake  3PT Jump Shot (9 PTS) (Gasol 5 AST),10:31
http://stats.nba.com/cvp.html?GameID=0021201093&GameEventID=256,3,,Sacramento Kings,Thompson Bad Pass Turnover (P1.T4),10:15
http://stats.nba.com/cvp.html?GameID=0021201093&GameEventID=256,3,,Los Angeles Lakers,Gasol STEAL (1 STL),10:15
http://stats.nba.com/cvp.html?GameID=0021201093&GameEventID=257,3,[ 60 - 59 ],Los Angeles Lakers,Howard 1' Dunk (13 PTS) (Gasol 6 AST),10:02
http://stats.nba.com/cvp.html?GameID=0021201093&GameEventID=258,3,,Sacramento Kings,KINGS Timeout: Regular (Full 3 Short 0),10:02
http://stats.nba.com/cvp.html?GameID=0021201093&GameEventID=260,3,,Los Angeles Lakers,Bryant P.FOUL (P2.T1),9:50
http://stats.nba.com/cvp.html?GameID=0021201093&GameEventID=261,3,,Los Angeles Lakers,Howard S.FOUL (P3.T2),9:38
http://stats.nba.com/cvp.html?GameID=0021201093&GameEventID=262,3,[ 60 - 60 ],Sacramento Kings,Evans Free Throw 1 of 2 (9 PTS),9:38
http://stats.nba.com/cvp.html?GameID=0021201093&GameEventID=264,3,[ 60 - 61 ],Sacramento Kings,Evans Free Throw 2 of 2 (10 PTS),9:38
http://stats.nba.com/cvp.html?GameID=0021201093&GameEventID=266,3,,Los Angeles Lakers,MISS Blake 25' 3PT Jump Shot,9:22
http://stats.nba.com/cvp.html?GameID=0021201093&GameEventID=267,3,,Sacramento Kings,Evans REBOUND (Off:1 Def:5),9:21
http://stats.nba.com/cvp.html?GameID=0021201093&GameEventID=268,3,[ 60 - 63 ],Sacramento Kings,Evans 3' Driving Layup (12 PTS),9:14
http://stats.nba.com/cvp.html?GameID=0021201093&GameEventID=269,3,,Los Angeles Lakers,Meeks S.FOUL (P1.T3),9:14
http://stats.nba.com/cvp.html?GameID=0021201093&GameEventID=270,3,[ 60 - 64 ],Sacramento Kings,Evans Free Throw 1 of 1 (13 PTS),9:14
http://stats.nba.com/cvp.html?GameID=0021201093&GameEventID=272,3,[ 62 - 64 ],Los Angeles Lakers,Bryant 1' Slam Dunk (12 PTS) (Gasol 7 AST),9:03
http://stats.nba.com/cvp.html?GameID=0021201093&GameEventID=273,3,[ 62 - 66 ],Sacramento Kings,Evans 1' Layup (15 PTS) (Cousins 2 AST),8:42
http://stats.nba.com/cvp.html?GameID=0021201093&GameEventID=274,3,,Sacramento Kings,Evans S.FOUL (P2.T1),8:25
http://stats.nba.com/cvp.html?GameID=0021201093&GameEventID=275,3,,Los Angeles Lakers,MISS Howard Free Throw 1 of 2,8:25
http://stats.nba.com/cvp.html?GameID=0021201093&GameEventID=276,3,,Los Angeles Lakers,Lakers Rebound,8:25
http://stats.nba.com/cvp.html?GameID=0021201093&GameEventID=277,3,[ 63 - 66 ],Los Angeles Lakers,Howard Free Throw 2 of 2 (14 PTS),8:25
http://stats.nba.com/cvp.html?GameID=0021201093&GameEventID=279,3,,Sacramento Kings,MISS Salmons 16' Jump Shot,8:03
http://stats.nba.com/cvp.html?GameID=0021201093&GameEventID=280,3,,Los Angeles Lakers,Howard REBOUND (Off:0 Def:5),8:02
http://stats.nba.com/cvp.html?GameID=0021201093&GameEventID=281,3,,Los Angeles Lakers,MISS Blake  3PT Jump Shot,7:43
http://stats.nba.com/cvp.html?GameID=0021201093&GameEventID=282,3,,Sacramento Kings,Thompson REBOUND (Off:0 Def:2),7:43
http://stats.nba.com/cvp.html?GameID=0021201093&GameEventID=283,3,,Sacramento Kings,Salmons Out of Bounds Lost Ball Turnover (P1.T5),7:38
http://stats.nba.com/cvp.html?GameID=0021201093&GameEventID=284,3,[ 65 - 66 ],Los Angeles Lakers,Bryant 22' Jump Shot (14 PTS) (Gasol 8 AST),7:23
http://stats.nba.com/cvp.html?GameID=0021201093&GameEventID=287,3,,Sacramento Kings,MISS Cousins 4' Jump Shot,6:59
http://stats.nba.com/cvp.html?GameID=0021201093&GameEventID=288,3,,Sacramento Kings,Cousins REBOUND (Off:1 Def:4),6:58
http://stats.nba.com/cvp.html?GameID=0021201093&GameEventID=289,3,[ 65 - 68 ],Sacramento Kings,Cousins 3' Layup (12 PTS),6:57
http://stats.nba.com/cvp.html?GameID=0021201093&GameEventID=290,3,,Los Angeles Lakers,MISS Meeks 24' 3PT Jump Shot,6:39
http://stats.nba.com/cvp.html?GameID=0021201093&GameEventID=291,3,,Sacramento Kings,Cousins REBOUND (Off:1 Def:5),6:38
http://stats.nba.com/cvp.html?GameID=0021201093&GameEventID=292,3,[ 65 - 70 ],Sacramento Kings,Cousins 19' Jump Shot (14 PTS) (Thomas 5 AST),6:28
http://stats.nba.com/cvp.html?GameID=0021201093&GameEventID=293,3,,Los Angeles Lakers,Howard Out of Bounds Lost Ball Turnover (P3.T5),6:09
http://stats.nba.com/cvp.html?GameID=0021201093&GameEventID=294,3,,Los Angeles Lakers,SUB: Jamison FOR Gasol,6:09
http://stats.nba.com/cvp.html?GameID=0021201093&GameEventID=295,3,,Los Angeles Lakers,Jamison P.FOUL (P1.T4),5:58
http://stats.nba.com/cvp.html?GameID=0021201093&GameEventID=296,3,,Los Angeles Lakers,SUB: Clark FOR Meeks,5:58
http://stats.nba.com/cvp.html?GameID=0021201093&GameEventID=297,3,,Sacramento Kings,MISS Thomas 28' 3PT Jump Shot,5:46
http://stats.nba.com/cvp.html?GameID=0021201093&GameEventID=298,3,,Sacramento Kings,Thompson REBOUND (Off:1 Def:2),5:45
http://stats.nba.com/cvp.html?GameID=0021201093&GameEventID=299,3,,Sacramento Kings,MISS Thompson 3' Jump Shot,5:41
http://stats.nba.com/cvp.html?GameID=0021201093&GameEventID=299,3,,Los Angeles Lakers,Clark BLOCK (2 BLK),5:41
http://stats.nba.com/cvp.html?GameID=0021201093&GameEventID=300,3,,Sacramento Kings,Thompson REBOUND (Off:2 Def:2),5:40
http://stats.nba.com/cvp.html?GameID=0021201093&GameEventID=301,3,[ 65 - 72 ],Sacramento Kings,Thompson 6' Jump Shot (15 PTS),5:39
http://stats.nba.com/cvp.html?GameID=0021201093&GameEventID=302,3,[ 68 - 72 ],Los Angeles Lakers,Jamison 24' 3PT Jump Shot (5 PTS) (Bryant 9 AST),5:16
http://stats.nba.com/cvp.html?GameID=0021201093&GameEventID=303,3,[ 68 - 74 ],Sacramento Kings,Thomas 4' Floating Jump Shot (9 PTS),5:03
http://stats.nba.com/cvp.html?GameID=0021201093&GameEventID=304,3,,Los Angeles Lakers,MISS Blake 22' Jump Shot,4:36
http://stats.nba.com/cvp.html?GameID=0021201093&GameEventID=305,3,,Los Angeles Lakers,Lakers Rebound,4:36
http://stats.nba.com/cvp.html?GameID=0021201093&GameEventID=306,3,,Sacramento Kings,Cousins L.B.FOUL (P3.T2),4:36
http://stats.nba.com/cvp.html?GameID=0021201093&GameEventID=307,3,[ 71 - 74 ],Los Angeles Lakers,Blake  3PT Jump Shot (12 PTS) (Jamison 1 AST),4:23
http://stats.nba.com/cvp.html?GameID=0021201093&GameEventID=308,3,,Los Angeles Lakers,Blake P.FOUL (P1.PN),4:13
http://stats.nba.com/cvp.html?GameID=0021201093&GameEventID=309,3,,Sacramento Kings,MISS Thomas Free Throw 1 of 2,4:13
http://stats.nba.com/cvp.html?GameID=0021201093&GameEventID=310,3,,Sacramento Kings,KINGS Rebound,4:13
http://stats.nba.com/cvp.html?GameID=0021201093&GameEventID=311,3,[ 71 - 75 ],Sacramento Kings,Thomas Free Throw 2 of 2 (10 PTS),4:13
http://stats.nba.com/cvp.html?GameID=0021201093&GameEventID=313,3,[ 73 - 75 ],Los Angeles Lakers,Jamison 20' Jump Shot (7 PTS) (Bryant 10 AST),3:59
http://stats.nba.com/cvp.html?GameID=0021201093&GameEventID=314,3,,Sacramento Kings,MISS Cousins 3' Jump Shot,3:35
http://stats.nba.com/cvp.html?GameID=0021201093&GameEventID=314,3,,Los Angeles Lakers,Howard BLOCK (4 BLK),3:35
http://stats.nba.com/cvp.html?GameID=0021201093&GameEventID=315,3,,Los Angeles Lakers,Howard REBOUND (Off:0 Def:6),3:34
http://stats.nba.com/cvp.html?GameID=0021201093&GameEventID=316,3,,Los Angeles Lakers,Blake Poss Lost Ball Turnover (P1.T6),3:26
http://stats.nba.com/cvp.html?GameID=0021201093&GameEventID=317,3,,Sacramento Kings,Evans Lost Ball Turnover (P3.T6),3:04
http://stats.nba.com/cvp.html?GameID=0021201093&GameEventID=317,3,,Los Angeles Lakers,Clark STEAL (1 STL),3:04
http://stats.nba.com/cvp.html?GameID=0021201093&GameEventID=318,3,,Sacramento Kings,Thomas S.FOUL (P1.T3),3:02
http://stats.nba.com/cvp.html?GameID=0021201093&GameEventID=319,3,[ 74 - 75 ],Los Angeles Lakers,Bryant Free Throw 1 of 2 (15 PTS),3:02
http://stats.nba.com/cvp.html?GameID=0021201093&GameEventID=321,3,,Sacramento Kings,SUB: Thornton FOR Evans,3:02
http://stats.nba.com/cvp.html?GameID=0021201093&GameEventID=322,3,,Los Angeles Lakers,SUB: Meeks FOR Blake,3:02
http://stats.nba.com/cvp.html?GameID=0021201093&GameEventID=323,3,[ 75 - 75 ],Los Angeles Lakers,Bryant Free Throw 2 of 2 (16 PTS),3:02
http://stats.nba.com/cvp.html?GameID=0021201093&GameEventID=325,3,,Sacramento Kings,Cousins Lost Ball Turnover (P1.T7),2:49
http://stats.nba.com/cvp.html?GameID=0021201093&GameEventID=325,3,,Los Angeles Lakers,Bryant STEAL (2 STL),2:49
http://stats.nba.com/cvp.html?GameID=0021201093&GameEventID=326,3,,Los Angeles Lakers,MISS Bryant 10' Fadeaway Jumper,2:42
http://stats.nba.com/cvp.html?GameID=0021201093&GameEventID=327,3,,Los Angeles Lakers,Clark REBOUND (Off:1 Def:2),2:40
http://stats.nba.com/cvp.html?GameID=0021201093&GameEventID=328,3,[ 77 - 75 ],Los Angeles Lakers,Howard 3' Slam Dunk (16 PTS) (Bryant 11 AST),2:31
http://stats.nba.com/cvp.html?GameID=0021201093&GameEventID=329,3,,Sacramento Kings,Cousins Bad Pass Turnover (P2.T8),2:14
http://stats.nba.com/cvp.html?GameID=0021201093&GameEventID=329,3,,Los Angeles Lakers,Clark STEAL (2 STL),2:14
http://stats.nba.com/cvp.html?GameID=0021201093&GameEventID=330,3,,Los Angeles Lakers,MISS Bryant 11' Jump Shot,1:57
http://stats.nba.com/cvp.html?GameID=0021201093&GameEventID=332,3,,Los Angeles Lakers,Howard REBOUND (Off:1 Def:6),1:55
http://stats.nba.com/cvp.html?GameID=0021201093&GameEventID=331,3,,Los Angeles Lakers,MISS Howard 1' Tip Shot,1:55
http://stats.nba.com/cvp.html?GameID=0021201093&GameEventID=334,3,,Los Angeles Lakers,Howard REBOUND (Off:2 Def:6),1:55
http://stats.nba.com/cvp.html?GameID=0021201093&GameEventID=333,3,[ 79 - 75 ],Los Angeles Lakers,Howard 1' Tip Shot (18 PTS),1:55
http://stats.nba.com/cvp.html?GameID=0021201093&GameEventID=335,3,,Sacramento Kings,MISS Thornton 13' Jump Shot,1:35
http://stats.nba.com/cvp.html?GameID=0021201093&GameEventID=336,3,,Los Angeles Lakers,Clark REBOUND (Off:1 Def:3),1:34
http://stats.nba.com/cvp.html?GameID=0021201093&GameEventID=337,3,,Los Angeles Lakers,MISS Clark  3PT Jump Shot,1:11
http://stats.nba.com/cvp.html?GameID=0021201093&GameEventID=338,3,,Sacramento Kings,Cousins REBOUND (Off:1 Def:6),1:10
http://stats.nba.com/cvp.html?GameID=0021201093&GameEventID=339,3,,Sacramento Kings,Cousins Lost Ball Turnover (P3.T9),1:05
http://stats.nba.com/cvp.html?GameID=0021201093&GameEventID=339,3,,Los Angeles Lakers,Howard STEAL (1 STL),1:05
http://stats.nba.com/cvp.html?GameID=0021201093&GameEventID=340,3,,Los Angeles Lakers,MISS Jamison  3PT Jump Shot,0:42
http://stats.nba.com/cvp.html?GameID=0021201093&GameEventID=341,3,,Sacramento Kings,Thornton REBOUND (Off:1 Def:3),0:41
http://stats.nba.com/cvp.html?GameID=0021201093&GameEventID=342,3,,Sacramento Kings,MISS Thornton 25' 3PT Jump Shot,0:32
http://stats.nba.com/cvp.html?GameID=0021201093&GameEventID=343,3,,Los Angeles Lakers,Howard REBOUND (Off:2 Def:7),0:31
http://stats.nba.com/cvp.html?GameID=0021201093&GameEventID=344,3,,Los Angeles Lakers,MISS Clark 17' Jump Shot,0:23
http://stats.nba.com/cvp.html?GameID=0021201093&GameEventID=346,3,,Los Angeles Lakers,Jamison REBOUND (Off:3 Def:3),0:22
http://stats.nba.com/cvp.html?GameID=0021201093&GameEventID=345,3,,Los Angeles Lakers,MISS Jamison 2' Layup,0:22
http://stats.nba.com/cvp.html?GameID=0021201093&GameEventID=348,3,,Los Angeles Lakers,Jamison REBOUND (Off:4 Def:3),0:22
http://stats.nba.com/cvp.html?GameID=0021201093&GameEventID=347,3,[ 81 - 75 ],Los Angeles Lakers,Jamison 1' Tip Shot (9 PTS),0:22
http://stats.nba.com/cvp.html?GameID=0021201093&GameEventID=349,3,,Sacramento Kings,Thompson S.FOUL (P4.T4),0:22
http://stats.nba.com/cvp.html?GameID=0021201093&GameEventID=350,3,,Los Angeles Lakers,Lakers Timeout: Regular (Reg.3 Short 0),0:22
http://stats.nba.com/cvp.html?GameID=0021201093&GameEventID=352,3,,Los Angeles Lakers,SUB: Blake FOR Bryant,0:22
http://stats.nba.com/cvp.html?GameID=0021201093&GameEventID=353,3,,Sacramento Kings,SUB: Patterson FOR Thompson,0:22
http://stats.nba.com/cvp.html?GameID=0021201093&GameEventID=354,3,,Sacramento Kings,SUB: Evans FOR Cousins,0:22
http://stats.nba.com/cvp.html?GameID=0021201093&GameEventID=356,3,,Los Angeles Lakers,SUB: Morris FOR Howard,0:22
http://stats.nba.com/cvp.html?GameID=0021201093&GameEventID=357,3,[ 82 - 75 ],Los Angeles Lakers,Jamison Free Throw 1 of 1 (10 PTS),0:22
http://stats.nba.com/cvp.html?GameID=0021201093&GameEventID=359,3,,Sacramento Kings,Thomas Lost Ball Turnover (P1.T10),0:00
http://stats.nba.com/cvp.html?GameID=0021201093&GameEventID=359,3,,Los Angeles Lakers,Morris STEAL (1 STL),0:00
http://stats.nba.com/cvp.html?GameID=0021201093&GameEventID=360,3,,Los Angeles Lakers,MISS Morris 67' 3PT Jump Shot,0:00
http://stats.nba.com/cvp.html?GameID=0021201093&GameEventID=362,3,,Los Angeles Lakers,Lakers Rebound,0:00
http://stats.nba.com/cvp.html?GameID=0021201093&GameEventID=365,4,,Los Angeles Lakers,MISS Jamison  3PT Jump Shot,11:41
http://stats.nba.com/cvp.html?GameID=0021201093&GameEventID=366,4,,Sacramento Kings,Thornton REBOUND (Off:1 Def:4),11:40
http://stats.nba.com/cvp.html?GameID=0021201093&GameEventID=367,4,,Sacramento Kings,MISS Salmons  3PT Jump Shot,11:19
http://stats.nba.com/cvp.html?GameID=0021201093&GameEventID=368,4,,Sacramento Kings,Thornton REBOUND (Off:2 Def:4),11:18
http://stats.nba.com/cvp.html?GameID=0021201093&GameEventID=369,4,[ 82 - 77 ],Sacramento Kings,Thornton 5' Jump Shot (8 PTS),11:17
http://stats.nba.com/cvp.html?GameID=0021201093&GameEventID=370,4,,Los Angeles Lakers,Jamison S.FOUL (P2.T1),11:17
http://stats.nba.com/cvp.html?GameID=0021201093&GameEventID=371,4,[ 82 - 78 ],Sacramento Kings,Thornton Free Throw 1 of 1 (9 PTS),11:17
http://stats.nba.com/cvp.html?GameID=0021201093&GameEventID=373,4,,Los Angeles Lakers,MISS Clark 24' 3PT Jump Shot,11:04
http://stats.nba.com/cvp.html?GameID=0021201093&GameEventID=374,4,,Los Angeles Lakers,Meeks REBOUND (Off:2 Def:1),11:03
http://stats.nba.com/cvp.html?GameID=0021201093&GameEventID=375,4,,Los Angeles Lakers,MISS Howard 3' Layup,10:49
http://stats.nba.com/cvp.html?GameID=0021201093&GameEventID=376,4,,Los Angeles Lakers,Howard REBOUND (Off:3 Def:7),10:48
http://stats.nba.com/cvp.html?GameID=0021201093&GameEventID=377,4,[ 84 - 78 ],Los Angeles Lakers,Howard 2' Layup (20 PTS),10:47
http://stats.nba.com/cvp.html?GameID=0021201093&GameEventID=378,4,,Sacramento Kings,MISS Evans 16' Jump Shot,10:36
http://stats.nba.com/cvp.html?GameID=0021201093&GameEventID=379,4,,Sacramento Kings,Hayes REBOUND (Off:2 Def:2),10:36
http://stats.nba.com/cvp.html?GameID=0021201093&GameEventID=380,4,[ 84 - 81 ],Sacramento Kings,Thornton 24' 3PT Jump Shot (12 PTS) (Hayes 1 AST),10:33
http://stats.nba.com/cvp.html?GameID=0021201093&GameEventID=381,4,,Los Angeles Lakers,MISS Clark 25' 3PT Jump Shot,10:17
http://stats.nba.com/cvp.html?GameID=0021201093&GameEventID=382,4,,Los Angeles Lakers,Howard REBOUND (Off:4 Def:7),10:16
http://stats.nba.com/cvp.html?GameID=0021201093&GameEventID=383,4,[ 86 - 81 ],Los Angeles Lakers,Clark 3' Dunk (7 PTS) (Howard 1 AST),10:10
http://stats.nba.com/cvp.html?GameID=0021201093&GameEventID=384,4,,Sacramento Kings,MISS Evans 1' Layup,9:45
http://stats.nba.com/cvp.html?GameID=0021201093&GameEventID=386,4,,Sacramento Kings,Hayes REBOUND (Off:3 Def:2),9:44
http://stats.nba.com/cvp.html?GameID=0021201093&GameEventID=385,4,,Sacramento Kings,MISS Hayes 3' Tip Shot,9:44
http://stats.nba.com/cvp.html?GameID=0021201093&GameEventID=387,4,,Los Angeles Lakers,Howard REBOUND (Off:4 Def:8),9:43
http://stats.nba.com/cvp.html?GameID=0021201093&GameEventID=388,4,,Sacramento Kings,Salmons BLOCK (1 BLK),9:30
http://stats.nba.com/cvp.html?GameID=0021201093&GameEventID=388,4,,Los Angeles Lakers,MISS Bryant 3' Layup,9:30
http://stats.nba.com/cvp.html?GameID=0021201093&GameEventID=389,4,,Los Angeles Lakers,Lakers Rebound,9:30
http://stats.nba.com/cvp.html?GameID=0021201093&GameEventID=390,4,,Sacramento Kings,SUB: Cousins FOR Hayes,9:30
http://stats.nba.com/cvp.html?GameID=0021201093&GameEventID=391,4,,Los Angeles Lakers,MISS Bryant 17' Jump Shot,9:20
http://stats.nba.com/cvp.html?GameID=0021201093&GameEventID=392,4,,Sacramento Kings,Evans REBOUND (Off:1 Def:6),9:19
http://stats.nba.com/cvp.html?GameID=0021201093&GameEventID=393,4,,Los Angeles Lakers,Meeks S.FOUL (P2.T2),9:16
http://stats.nba.com/cvp.html?GameID=0021201093&GameEventID=394,4,[ 86 - 82 ],Sacramento Kings,Thornton Free Throw 1 of 2 (13 PTS),9:16
http://stats.nba.com/cvp.html?GameID=0021201093&GameEventID=396,4,[ 86 - 83 ],Sacramento Kings,Thornton Free Throw 2 of 2 (14 PTS),9:16
http://stats.nba.com/cvp.html?GameID=0021201093&GameEventID=398,4,,Sacramento Kings,Patterson S.FOUL (P3.T1),9:02
http://stats.nba.com/cvp.html?GameID=0021201093&GameEventID=399,4,[ 87 - 83 ],Los Angeles Lakers,Howard Free Throw 1 of 2 (21 PTS),9:02
http://stats.nba.com/cvp.html?GameID=0021201093&GameEventID=401,4,[ 88 - 83 ],Los Angeles Lakers,Howard Free Throw 2 of 2 (22 PTS),9:02
http://stats.nba.com/cvp.html?GameID=0021201093&GameEventID=403,4,[ 88 - 85 ],Sacramento Kings,Thornton 2' Driving Layup (16 PTS),8:40
http://stats.nba.com/cvp.html?GameID=0021201093&GameEventID=404,4,[ 91 - 85 ],Los Angeles Lakers,Meeks 25' 3PT Jump Shot (14 PTS) (Bryant 12 AST),8:21
http://stats.nba.com/cvp.html?GameID=0021201093&GameEventID=405,4,,Sacramento Kings,MISS Thornton 25' 3PT Jump Shot,8:01
http://stats.nba.com/cvp.html?GameID=0021201093&GameEventID=406,4,,Sacramento Kings,KINGS Rebound,8:01
http://stats.nba.com/cvp.html?GameID=0021201093&GameEventID=409,4,,Los Angeles Lakers,SUB: Blake FOR Jamison,8:01
http://stats.nba.com/cvp.html?GameID=0021201093&GameEventID=410,4,,Los Angeles Lakers,SUB: Gasol FOR Clark,8:01
http://stats.nba.com/cvp.html?GameID=0021201093&GameEventID=412,4,,Sacramento Kings,MISS Salmons  3PT Jump Shot,7:43
http://stats.nba.com/cvp.html?GameID=0021201093&GameEventID=413,4,,Sacramento Kings,Patterson REBOUND (Off:1 Def:1),7:41
http://stats.nba.com/cvp.html?GameID=0021201093&GameEventID=414,4,[ 91 - 87 ],Sacramento Kings,Thornton 1' Layup (18 PTS) (Patterson 1 AST),7:40
http://stats.nba.com/cvp.html?GameID=0021201093&GameEventID=415,4,,Los Angeles Lakers,MISS Meeks 25' 3PT Jump Shot,7:20
http://stats.nba.com/cvp.html?GameID=0021201093&GameEventID=416,4,,Sacramento Kings,Cousins REBOUND (Off:1 Def:7),7:19
http://stats.nba.com/cvp.html?GameID=0021201093&GameEventID=417,4,,Los Angeles Lakers,Meeks P.FOUL (P3.T3),7:19
http://stats.nba.com/cvp.html?GameID=0021201093&GameEventID=418,4,[ 91 - 89 ],Sacramento Kings,Evans 20' Pullup Jump Shot (17 PTS),6:58
http://stats.nba.com/cvp.html?GameID=0021201093&GameEventID=419,4,[ 94 - 89 ],Los Angeles Lakers,Blake  3PT Jump Shot (15 PTS) (Gasol 9 AST),6:38
http://stats.nba.com/cvp.html?GameID=0021201093&GameEventID=420,4,,Sacramento Kings,MISS Cousins 2' Layup,6:20
http://stats.nba.com/cvp.html?GameID=0021201093&GameEventID=421,4,,Sacramento Kings,Thornton REBOUND (Off:3 Def:4),6:18
http://stats.nba.com/cvp.html?GameID=0021201093&GameEventID=422,4,,Sacramento Kings,MISS Thornton 7' Jump Shot,6:17
http://stats.nba.com/cvp.html?GameID=0021201093&GameEventID=423,4,,Sacramento Kings,Cousins REBOUND (Off:2 Def:7),6:16
http://stats.nba.com/cvp.html?GameID=0021201093&GameEventID=424,4,[ 94 - 91 ],Sacramento Kings,Cousins 2' Layup (16 PTS),6:15
http://stats.nba.com/cvp.html?GameID=0021201093&GameEventID=425,4,[ 96 - 91 ],Los Angeles Lakers,Howard 2' Alley Oop Dunk (24 PTS) (Gasol 10 AST),6:00
http://stats.nba.com/cvp.html?GameID=0021201093&GameEventID=426,4,[ 96 - 93 ],Sacramento Kings,Evans 3' Driving Layup (19 PTS),5:41
http://stats.nba.com/cvp.html?GameID=0021201093&GameEventID=427,4,,Los Angeles Lakers,MISS Meeks  3PT Jump Shot,5:17
http://stats.nba.com/cvp.html?GameID=0021201093&GameEventID=428,4,,Sacramento Kings,Patterson REBOUND (Off:1 Def:2),5:17
http://stats.nba.com/cvp.html?GameID=0021201093&GameEventID=429,4,,Sacramento Kings,MISS Evans 3' Layup,5:06
http://stats.nba.com/cvp.html?GameID=0021201093&GameEventID=430,4,,Sacramento Kings,Evans REBOUND (Off:2 Def:6),5:05
http://stats.nba.com/cvp.html?GameID=0021201093&GameEventID=431,4,,Sacramento Kings,MISS Patterson  3PT Jump Shot,5:00
http://stats.nba.com/cvp.html?GameID=0021201093&GameEventID=432,4,,Los Angeles Lakers,Howard REBOUND (Off:4 Def:9),4:57
http://stats.nba.com/cvp.html?GameID=0021201093&GameEventID=433,4,[ 98 - 93 ],Los Angeles Lakers,Gasol 1' Dunk (10 PTS) (Bryant 13 AST),4:52
http://stats.nba.com/cvp.html?GameID=0021201093&GameEventID=434,4,,Sacramento Kings,KINGS Timeout: Regular (Full 4 Short 0),4:50
http://stats.nba.com/cvp.html?GameID=0021201093&GameEventID=437,4,,Sacramento Kings,MISS Thornton  3PT Jump Shot,4:25
http://stats.nba.com/cvp.html?GameID=0021201093&GameEventID=438,4,,Sacramento Kings,KINGS Rebound,4:25
http://stats.nba.com/cvp.html?GameID=0021201093&GameEventID=439,4,,Sacramento Kings,KINGS Turnover: Shot Clock (T#11),4:25
http://stats.nba.com/cvp.html?GameID=0021201093&GameEventID=440,4,,Los Angeles Lakers,MISS Bryant 27' 3PT Jump Shot,4:01
http://stats.nba.com/cvp.html?GameID=0021201093&GameEventID=441,4,,Sacramento Kings,Cousins REBOUND (Off:2 Def:8),4:01
http://stats.nba.com/cvp.html?GameID=0021201093&GameEventID=442,4,,Sacramento Kings,MISS Patterson 25' 3PT Jump Shot,3:46
http://stats.nba.com/cvp.html?GameID=0021201093&GameEventID=443,4,,Sacramento Kings,Patterson REBOUND (Off:2 Def:2),3:45
http://stats.nba.com/cvp.html?GameID=0021201093&GameEventID=444,4,,Los Angeles Lakers,Blake S.FOUL (P2.T4),3:42
http://stats.nba.com/cvp.html?GameID=0021201093&GameEventID=445,4,[ 98 - 94 ],Sacramento Kings,Cousins Free Throw 1 of 2 (17 PTS),3:42
http://stats.nba.com/cvp.html?GameID=0021201093&GameEventID=447,4,,Sacramento Kings,MISS Cousins Free Throw 2 of 2,3:42
http://stats.nba.com/cvp.html?GameID=0021201093&GameEventID=449,4,,Los Angeles Lakers,Bryant REBOUND (Off:1 Def:6),3:40
http://stats.nba.com/cvp.html?GameID=0021201093&GameEventID=450,4,,Los Angeles Lakers,MISS Blake 24' 3PT Jump Shot,3:16
http://stats.nba.com/cvp.html?GameID=0021201093&GameEventID=451,4,,Los Angeles Lakers,Howard REBOUND (Off:5 Def:9),3:15
http://stats.nba.com/cvp.html?GameID=0021201093&GameEventID=453,4,[ 100 - 94 ],Los Angeles Lakers,Gasol 15' Jump Shot (12 PTS) (Bryant 14 AST),2:56
http://stats.nba.com/cvp.html?GameID=0021201093&GameEventID=454,4,[ 100 - 96 ],Sacramento Kings,Cousins 20' Jump Shot (19 PTS) (Salmons 3 AST),2:35
http://stats.nba.com/cvp.html?GameID=0021201093&GameEventID=455,4,,Los Angeles Lakers,MISS Meeks 24' 3PT Jump Shot,2:10
http://stats.nba.com/cvp.html?GameID=0021201093&GameEventID=456,4,,Los Angeles Lakers,Howard REBOUND (Off:6 Def:9),2:09
http://stats.nba.com/cvp.html?GameID=0021201093&GameEventID=457,4,,Los Angeles Lakers,Howard Out of Bounds Lost Ball Turnover (P4.T7),2:09
http://stats.nba.com/cvp.html?GameID=0021201093&GameEventID=458,4,,Los Angeles Lakers,Lakers Timeout: Regular (Reg.4 Short 0),2:09
http://stats.nba.com/cvp.html?GameID=0021201093&GameEventID=462,4,,Sacramento Kings,MISS Patterson  3PT Jump Shot,1:49
http://stats.nba.com/cvp.html?GameID=0021201093&GameEventID=463,4,,Los Angeles Lakers,Bryant REBOUND (Off:1 Def:7),1:48
http://stats.nba.com/cvp.html?GameID=0021201093&GameEventID=464,4,,Los Angeles Lakers,MISS Gasol 4' Jump Shot,1:24
http://stats.nba.com/cvp.html?GameID=0021201093&GameEventID=465,4,,Sacramento Kings,Cousins REBOUND (Off:2 Def:9),1:23
http://stats.nba.com/cvp.html?GameID=0021201093&GameEventID=466,4,[ 100 - 98 ],Sacramento Kings,Evans  Driving Layup (21 PTS),1:18
http://stats.nba.com/cvp.html?GameID=0021201093&GameEventID=467,4,,Sacramento Kings,Salmons P.FOUL (P1.T2),1:01
http://stats.nba.com/cvp.html?GameID=0021201093&GameEventID=468,4,,Los Angeles Lakers,Lakers Timeout: Short (Reg.4 Short 1),1:01
http://stats.nba.com/cvp.html?GameID=0021201093&GameEventID=472,4,,Los Angeles Lakers,MISS Bryant 20' Jump Shot,0:54
http://stats.nba.com/cvp.html?GameID=0021201093&GameEventID=473,4,,Sacramento Kings,Evans REBOUND (Off:2 Def:7),0:53
http://stats.nba.com/cvp.html?GameID=0021201093&GameEventID=474,4,,Sacramento Kings,Evans Bad Pass Turnover (P4.T12),0:44
http://stats.nba.com/cvp.html?GameID=0021201093&GameEventID=474,4,,Los Angeles Lakers,Meeks STEAL (2 STL),0:44
http://stats.nba.com/cvp.html?GameID=0021201093&GameEventID=478,4,,Sacramento Kings,Salmons S.FOUL (P2.PN),0:24
http://stats.nba.com/cvp.html?GameID=0021201093&GameEventID=479,4,,Los Angeles Lakers,MISS Bryant Free Throw 1 of 2,0:24
http://stats.nba.com/cvp.html?GameID=0021201093&GameEventID=480,4,,Los Angeles Lakers,Lakers Rebound,0:24
http://stats.nba.com/cvp.html?GameID=0021201093&GameEventID=481,4,[ 101 - 98 ],Los Angeles Lakers,Bryant Free Throw 2 of 2 (17 PTS),0:24
http://stats.nba.com/cvp.html?GameID=0021201093&GameEventID=483,4,,Sacramento Kings,KINGS Timeout: Regular (Full 5 Short 0),0:24
http://stats.nba.com/cvp.html?GameID=0021201093&GameEventID=485,4,,Sacramento Kings,SUB: Thomas FOR Patterson,0:24
http://stats.nba.com/cvp.html?GameID=0021201093&GameEventID=486,4,,Los Angeles Lakers,SUB: Clark FOR Gasol,0:24
http://stats.nba.com/cvp.html?GameID=0021201093&GameEventID=487,4,,Sacramento Kings,MISS Cousins 22' Jump Shot,0:18
http://stats.nba.com/cvp.html?GameID=0021201093&GameEventID=487,4,,Los Angeles Lakers,Howard BLOCK (5 BLK),0:18
http://stats.nba.com/cvp.html?GameID=0021201093&GameEventID=488,4,,Sacramento Kings,Salmons REBOUND (Off:2 Def:1),0:16
http://stats.nba.com/cvp.html?GameID=0021201093&GameEventID=489,4,,Sacramento Kings,MISS Cousins 26' 3PT Jump Shot,0:13
http://stats.nba.com/cvp.html?GameID=0021201093&GameEventID=490,4,,Los Angeles Lakers,Blake REBOUND (Off:0 Def:2),0:12
http://stats.nba.com/cvp.html?GameID=0021201093&GameEventID=491,4,,Sacramento Kings,Evans Personal Take Foul (P3.PN),0:12
http://stats.nba.com/cvp.html?GameID=0021201093&GameEventID=492,4,[ 102 - 98 ],Los Angeles Lakers,Bryant Free Throw 1 of 2 (18 PTS),0:12
http://stats.nba.com/cvp.html?GameID=0021201093&GameEventID=494,4,[ 103 - 98 ],Los Angeles Lakers,Bryant Free Throw 2 of 2 (19 PTS),0:12
http://stats.nba.com/cvp.html?GameID=0021201093&GameEventID=496,4,,Sacramento Kings,KINGS Timeout: Short (Full 5 Short 1),0:12
http://stats.nba.com/cvp.html?GameID=0021201093&GameEventID=500,4,,Sacramento Kings,MISS Cousins 25' 3PT Jump Shot,0:07
http://stats.nba.com/cvp.html?GameID=0021201093&GameEventID=501,4,,Los Angeles Lakers,Bryant REBOUND (Off:1 Def:8),0:06
