http://stats.nba.com/cvp.html?GameID=0021200454&GameEventID=1,1,,Orlando Magic,Jump Ball Vucevic vs. Bosh: Tip to James,12:00
http://stats.nba.com/cvp.html?GameID=0021200454&GameEventID=2,1,,Miami Heat,James OFF.Foul (P1),11:50
http://stats.nba.com/cvp.html?GameID=0021200454&GameEventID=3,1,,Miami Heat,James Foul Turnover (P1.T1),11:50
http://stats.nba.com/cvp.html?GameID=0021200454&GameEventID=4,1,[ 0 - 2 ],Orlando Magic,Jones 2' Driving Slam Dunk (2 PTS),11:38
http://stats.nba.com/cvp.html?GameID=0021200454&GameEventID=5,1,[ 2 - 2 ],Miami Heat,Bosh 2' Slam Dunk (2 PTS) (James 1 AST),11:16
http://stats.nba.com/cvp.html?GameID=0021200454&GameEventID=8,1,,Orlando Magic,MISS Afflalo 23' Pullup Jump Shot,10:49
http://stats.nba.com/cvp.html?GameID=0021200454&GameEventID=9,1,,Orlando Magic,Nicholson REBOUND (Off:1 Def:0),10:49
http://stats.nba.com/cvp.html?GameID=0021200454&GameEventID=10,1,[ 2 - 4 ],Orlando Magic,Nicholson 5' Jump Shot (2 PTS),10:45
http://stats.nba.com/cvp.html?GameID=0021200454&GameEventID=11,1,,Miami Heat,James Bad Pass Turnover (P2.T2),10:37
http://stats.nba.com/cvp.html?GameID=0021200454&GameEventID=12,1,[ 2 - 6 ],Orlando Magic,Vucevic 13' Jump Shot (2 PTS) (Smith 1 AST),10:18
http://stats.nba.com/cvp.html?GameID=0021200454&GameEventID=13,1,,Orlando Magic,MAGIC T.Foul (Def. 3 Sec Nicholson ),10:03
http://stats.nba.com/cvp.html?GameID=0021200454&GameEventID=14,1,[ 3 - 6 ],Miami Heat,James Free Throw Technical (1 PTS),10:03
http://stats.nba.com/cvp.html?GameID=0021200454&GameEventID=16,1,,Miami Heat,MISS James 24' 3PT Jump Shot,9:55
http://stats.nba.com/cvp.html?GameID=0021200454&GameEventID=17,1,,Orlando Magic,Vucevic REBOUND (Off:0 Def:1),9:54
http://stats.nba.com/cvp.html?GameID=0021200454&GameEventID=18,1,,Orlando Magic,Smith Bad Pass Turnover (P1.T1),9:50
http://stats.nba.com/cvp.html?GameID=0021200454&GameEventID=19,1,,Miami Heat,MISS Bosh 3' Jump Hook Shot,9:35
http://stats.nba.com/cvp.html?GameID=0021200454&GameEventID=20,1,,Orlando Magic,Vucevic REBOUND (Off:0 Def:2),9:35
http://stats.nba.com/cvp.html?GameID=0021200454&GameEventID=21,1,[ 3 - 8 ],Orlando Magic,Smith 1' Driving Layup (2 PTS),9:26
http://stats.nba.com/cvp.html?GameID=0021200454&GameEventID=22,1,,Orlando Magic,MAGIC Violation: Delay of game Violation,9:26
http://stats.nba.com/cvp.html?GameID=0021200454&GameEventID=23,1,,Orlando Magic,Smith P.FOUL (P1.T1),9:15
http://stats.nba.com/cvp.html?GameID=0021200454&GameEventID=24,1,,Miami Heat,MISS Wade 3' Driving Reverse Layup,9:05
http://stats.nba.com/cvp.html?GameID=0021200454&GameEventID=25,1,,Orlando Magic,Vucevic REBOUND (Off:0 Def:3),9:04
http://stats.nba.com/cvp.html?GameID=0021200454&GameEventID=26,1,,Orlando Magic,Smith Out of Bounds Lost Ball Turnover (P2.T2),8:52
http://stats.nba.com/cvp.html?GameID=0021200454&GameEventID=27,1,[ 5 - 8 ],Miami Heat,Bosh 19' Jump Shot (4 PTS) (James 2 AST),8:34
http://stats.nba.com/cvp.html?GameID=0021200454&GameEventID=28,1,,Orlando Magic,MISS Nicholson 16' Turnaround Fadeaway Shot,8:07
http://stats.nba.com/cvp.html?GameID=0021200454&GameEventID=29,1,,Miami Heat,James REBOUND (Off:0 Def:1),8:06
http://stats.nba.com/cvp.html?GameID=0021200454&GameEventID=30,1,[ 7 - 8 ],Miami Heat,Bosh 1' Layup (6 PTS) (Chalmers 1 AST),7:52
http://stats.nba.com/cvp.html?GameID=0021200454&GameEventID=31,1,,Orlando Magic,MISS Smith 3' Floating Jump Shot,7:37
http://stats.nba.com/cvp.html?GameID=0021200454&GameEventID=32,1,,Miami Heat,Haslem REBOUND (Off:0 Def:1),7:37
http://stats.nba.com/cvp.html?GameID=0021200454&GameEventID=33,1,,Orlando Magic,Nicholson S.FOUL (P1.T2),7:31
http://stats.nba.com/cvp.html?GameID=0021200454&GameEventID=36,1,,Miami Heat,MISS Wade Free Throw 1 of 2,7:31
http://stats.nba.com/cvp.html?GameID=0021200454&GameEventID=37,1,,Miami Heat,Heat Rebound,7:31
http://stats.nba.com/cvp.html?GameID=0021200454&GameEventID=38,1,,Miami Heat,MISS Wade Free Throw 2 of 2,7:31
http://stats.nba.com/cvp.html?GameID=0021200454&GameEventID=40,1,,Orlando Magic,Vucevic REBOUND (Off:0 Def:4),7:31
http://stats.nba.com/cvp.html?GameID=0021200454&GameEventID=42,1,,Miami Heat,SUB: Allen FOR Wade,7:31
http://stats.nba.com/cvp.html?GameID=0021200454&GameEventID=43,1,,Orlando Magic,Smith Bad Pass Turnover (P3.T3),7:18
http://stats.nba.com/cvp.html?GameID=0021200454&GameEventID=43,1,,Miami Heat,James STEAL (1 STL),7:18
http://stats.nba.com/cvp.html?GameID=0021200454&GameEventID=44,1,[ 9 - 8 ],Miami Heat,James 2' Layup (3 PTS),7:07
http://stats.nba.com/cvp.html?GameID=0021200454&GameEventID=45,1,,Orlando Magic,Jones S.FOUL (P1.T3),7:07
http://stats.nba.com/cvp.html?GameID=0021200454&GameEventID=46,1,[ 10 - 8 ],Miami Heat,James Free Throw 1 of 1 (4 PTS),7:07
http://stats.nba.com/cvp.html?GameID=0021200454&GameEventID=48,1,,Orlando Magic,MAGIC Timeout: Regular (Full 1 Short 0),7:04
http://stats.nba.com/cvp.html?GameID=0021200454&GameEventID=53,1,,Orlando Magic,MISS Jones 20' Jump Shot,6:45
http://stats.nba.com/cvp.html?GameID=0021200454&GameEventID=54,1,,Orlando Magic,Smith REBOUND (Off:1 Def:0),6:44
http://stats.nba.com/cvp.html?GameID=0021200454&GameEventID=55,1,,Orlando Magic,MISS Nicholson 17' Jump Shot,6:39
http://stats.nba.com/cvp.html?GameID=0021200454&GameEventID=56,1,,Orlando Magic,MAGIC Rebound,6:39
http://stats.nba.com/cvp.html?GameID=0021200454&GameEventID=57,1,,Orlando Magic,MISS Afflalo 21' Jump Shot,6:28
http://stats.nba.com/cvp.html?GameID=0021200454&GameEventID=58,1,,Miami Heat,Haslem REBOUND (Off:0 Def:2),6:28
http://stats.nba.com/cvp.html?GameID=0021200454&GameEventID=59,1,[ 13 - 8 ],Miami Heat,Allen 25' 3PT Jump Shot (3 PTS) (James 3 AST),6:17
http://stats.nba.com/cvp.html?GameID=0021200454&GameEventID=60,1,,Orlando Magic,MISS Nicholson 20' Jump Shot,6:03
http://stats.nba.com/cvp.html?GameID=0021200454&GameEventID=61,1,,Orlando Magic,Vucevic REBOUND (Off:1 Def:4),6:02
http://stats.nba.com/cvp.html?GameID=0021200454&GameEventID=62,1,[ 13 - 11 ],Orlando Magic,Afflalo  3PT Jump Shot (3 PTS) (Smith 2 AST),5:52
http://stats.nba.com/cvp.html?GameID=0021200454&GameEventID=63,1,[ 15 - 11 ],Miami Heat,Bosh 18' Jump Shot (8 PTS) (James 4 AST),5:30
http://stats.nba.com/cvp.html?GameID=0021200454&GameEventID=64,1,,Orlando Magic,Smith Bad Pass Turnover (P4.T4),5:14
http://stats.nba.com/cvp.html?GameID=0021200454&GameEventID=64,1,,Miami Heat,Bosh STEAL (1 STL),5:14
http://stats.nba.com/cvp.html?GameID=0021200454&GameEventID=65,1,[ 18 - 11 ],Miami Heat,Chalmers 24' 3PT Jump Shot (3 PTS) (Bosh 1 AST),5:00
http://stats.nba.com/cvp.html?GameID=0021200454&GameEventID=66,1,,Miami Heat,Bosh S.FOUL (P1.T1),4:42
http://stats.nba.com/cvp.html?GameID=0021200454&GameEventID=67,1,[ 18 - 12 ],Orlando Magic,Jones Free Throw 1 of 2 (3 PTS),4:42
http://stats.nba.com/cvp.html?GameID=0021200454&GameEventID=69,1,,Miami Heat,SUB: Anthony FOR Bosh,4:42
http://stats.nba.com/cvp.html?GameID=0021200454&GameEventID=70,1,,Miami Heat,SUB: Battier FOR Haslem,4:42
http://stats.nba.com/cvp.html?GameID=0021200454&GameEventID=71,1,,Orlando Magic,SUB: Redick FOR Nicholson,4:42
http://stats.nba.com/cvp.html?GameID=0021200454&GameEventID=72,1,,Orlando Magic,SUB: Turkoglu FOR Vucevic,4:42
http://stats.nba.com/cvp.html?GameID=0021200454&GameEventID=73,1,,Orlando Magic,SUB: O'Quinn FOR Afflalo,4:42
http://stats.nba.com/cvp.html?GameID=0021200454&GameEventID=74,1,,Orlando Magic,SUB: McRoberts FOR Smith,4:42
http://stats.nba.com/cvp.html?GameID=0021200454&GameEventID=75,1,[ 18 - 13 ],Orlando Magic,Jones Free Throw 2 of 2 (4 PTS),4:42
http://stats.nba.com/cvp.html?GameID=0021200454&GameEventID=77,1,[ 20 - 13 ],Miami Heat,Allen 2' Layup (5 PTS) (Chalmers 2 AST),4:26
http://stats.nba.com/cvp.html?GameID=0021200454&GameEventID=78,1,[ 20 - 16 ],Orlando Magic,Redick 25' 3PT Jump Shot (3 PTS) (Turkoglu 1 AST),4:13
http://stats.nba.com/cvp.html?GameID=0021200454&GameEventID=79,1,[ 22 - 16 ],Miami Heat,James 1' Driving Dunk (6 PTS),3:51
http://stats.nba.com/cvp.html?GameID=0021200454&GameEventID=80,1,,Orlando Magic,MISS McRoberts 17' Jump Shot,3:33
http://stats.nba.com/cvp.html?GameID=0021200454&GameEventID=81,1,,Orlando Magic,O'Quinn REBOUND (Off:1 Def:0),3:33
http://stats.nba.com/cvp.html?GameID=0021200454&GameEventID=82,1,,Orlando Magic,O'Quinn Lost Ball Turnover (P1.T5),3:29
http://stats.nba.com/cvp.html?GameID=0021200454&GameEventID=82,1,,Miami Heat,Allen STEAL (1 STL),3:29
http://stats.nba.com/cvp.html?GameID=0021200454&GameEventID=83,1,,Miami Heat,MISS Allen  3PT Jump Shot,3:16
http://stats.nba.com/cvp.html?GameID=0021200454&GameEventID=84,1,,Miami Heat,Heat Rebound,3:15
http://stats.nba.com/cvp.html?GameID=0021200454&GameEventID=85,1,,Miami Heat,MISS Allen 18' Jump Shot,3:04
http://stats.nba.com/cvp.html?GameID=0021200454&GameEventID=86,1,,Miami Heat,Anthony REBOUND (Off:1 Def:0),3:02
http://stats.nba.com/cvp.html?GameID=0021200454&GameEventID=96,1,,Miami Heat,MISS Anthony 3' Tip Shot,3:02
http://stats.nba.com/cvp.html?GameID=0021200454&GameEventID=94,1,,Miami Heat,Anthony REBOUND (Off:2 Def:0),3:00
http://stats.nba.com/cvp.html?GameID=0021200454&GameEventID=87,1,,Orlando Magic,Jones STEAL (1 STL),2:55
http://stats.nba.com/cvp.html?GameID=0021200454&GameEventID=87,1,,Miami Heat,Anthony Lost Ball Turnover (P1.T3),2:55
http://stats.nba.com/cvp.html?GameID=0021200454&GameEventID=88,1,[ 22 - 18 ],Orlando Magic,Redick 10' Pullup Jump Shot (5 PTS),2:43
http://stats.nba.com/cvp.html?GameID=0021200454&GameEventID=89,1,[ 24 - 18 ],Miami Heat,Allen 19' Jump Shot (7 PTS) (Chalmers 3 AST),2:29
http://stats.nba.com/cvp.html?GameID=0021200454&GameEventID=90,1,,Orlando Magic,MISS Redick 28' 3PT Jump Shot,2:04
http://stats.nba.com/cvp.html?GameID=0021200454&GameEventID=91,1,,Miami Heat,James REBOUND (Off:0 Def:2),2:03
http://stats.nba.com/cvp.html?GameID=0021200454&GameEventID=92,1,,Orlando Magic,McRoberts S.FOUL (P1.T4),1:57
http://stats.nba.com/cvp.html?GameID=0021200454&GameEventID=93,1,,Miami Heat,Heat Timeout: Regular (Reg.1 Short 0),1:57
http://stats.nba.com/cvp.html?GameID=0021200454&GameEventID=97,1,,Miami Heat,SUB: Cole FOR Chalmers,1:57
http://stats.nba.com/cvp.html?GameID=0021200454&GameEventID=98,1,,Orlando Magic,SUB: Afflalo FOR Jones,1:57
http://stats.nba.com/cvp.html?GameID=0021200454&GameEventID=99,1,,Orlando Magic,SUB: Nicholson FOR O'Quinn,1:57
http://stats.nba.com/cvp.html?GameID=0021200454&GameEventID=100,1,[ 25 - 18 ],Miami Heat,James Free Throw 1 of 2 (7 PTS),1:57
http://stats.nba.com/cvp.html?GameID=0021200454&GameEventID=102,1,[ 26 - 18 ],Miami Heat,James Free Throw 2 of 2 (8 PTS),1:57
http://stats.nba.com/cvp.html?GameID=0021200454&GameEventID=105,1,[ 26 - 20 ],Orlando Magic,Nicholson 6' Hook Shot (4 PTS),1:40
http://stats.nba.com/cvp.html?GameID=0021200454&GameEventID=106,1,,Miami Heat,MISS Cole 17' Jump Shot,1:13
http://stats.nba.com/cvp.html?GameID=0021200454&GameEventID=107,1,,Orlando Magic,Redick REBOUND (Off:0 Def:1),1:12
http://stats.nba.com/cvp.html?GameID=0021200454&GameEventID=108,1,,Orlando Magic,Redick Bad Pass Turnover (P1.T6),1:02
http://stats.nba.com/cvp.html?GameID=0021200454&GameEventID=108,1,,Miami Heat,Allen STEAL (2 STL),1:02
http://stats.nba.com/cvp.html?GameID=0021200454&GameEventID=109,1,[ 28 - 20 ],Miami Heat,Anthony 1' Layup (2 PTS) (James 5 AST),0:51
http://stats.nba.com/cvp.html?GameID=0021200454&GameEventID=110,1,,Orlando Magic,Nicholson S.FOUL (P2.PN),0:51
http://stats.nba.com/cvp.html?GameID=0021200454&GameEventID=111,1,[ 29 - 20 ],Miami Heat,Anthony Free Throw 1 of 1 (3 PTS),0:51
http://stats.nba.com/cvp.html?GameID=0021200454&GameEventID=113,1,[ 29 - 22 ],Orlando Magic,Nicholson 2' Layup (6 PTS) (Turkoglu 2 AST),0:40
http://stats.nba.com/cvp.html?GameID=0021200454&GameEventID=114,1,[ 31 - 22 ],Miami Heat,James 21' Step Back Jump Shot (10 PTS),0:20
http://stats.nba.com/cvp.html?GameID=0021200454&GameEventID=115,1,,Orlando Magic,MISS Nicholson 19' Jump Shot,0:02
http://stats.nba.com/cvp.html?GameID=0021200454&GameEventID=116,1,,Orlando Magic,MAGIC Rebound,0:01
http://stats.nba.com/cvp.html?GameID=0021200454&GameEventID=120,2,[ 31 - 24 ],Orlando Magic,Afflalo 8' Running Bank Shot (5 PTS) (Turkoglu 3 AST),11:38
http://stats.nba.com/cvp.html?GameID=0021200454&GameEventID=121,2,,Orlando Magic,Turkoglu S.FOUL (P1.T1),11:16
http://stats.nba.com/cvp.html?GameID=0021200454&GameEventID=122,2,[ 32 - 24 ],Miami Heat,Allen Free Throw 1 of 2 (8 PTS),11:16
http://stats.nba.com/cvp.html?GameID=0021200454&GameEventID=124,2,[ 33 - 24 ],Miami Heat,Allen Free Throw 2 of 2 (9 PTS),11:16
http://stats.nba.com/cvp.html?GameID=0021200454&GameEventID=126,2,,Orlando Magic,MISS Afflalo 25' 3PT Jump Shot,10:57
http://stats.nba.com/cvp.html?GameID=0021200454&GameEventID=128,2,,Orlando Magic,Vucevic REBOUND (Off:2 Def:4),10:54
http://stats.nba.com/cvp.html?GameID=0021200454&GameEventID=127,2,,Orlando Magic,MISS Vucevic 1' Tip Shot,10:54
http://stats.nba.com/cvp.html?GameID=0021200454&GameEventID=129,2,,Miami Heat,Heat Rebound,10:53
http://stats.nba.com/cvp.html?GameID=0021200454&GameEventID=130,2,,Miami Heat,MISS Cole 27' 3PT Jump Shot,10:30
http://stats.nba.com/cvp.html?GameID=0021200454&GameEventID=131,2,,Orlando Magic,McRoberts REBOUND (Off:0 Def:1),10:29
http://stats.nba.com/cvp.html?GameID=0021200454&GameEventID=132,2,[ 33 - 26 ],Orlando Magic,Vucevic 2' Layup (4 PTS) (Redick 1 AST),10:19
http://stats.nba.com/cvp.html?GameID=0021200454&GameEventID=133,2,,Orlando Magic,McRoberts P.FOUL (P2.T2),10:03
http://stats.nba.com/cvp.html?GameID=0021200454&GameEventID=134,2,,Miami Heat,MISS Wade 2' Driving Layup,9:53
http://stats.nba.com/cvp.html?GameID=0021200454&GameEventID=135,2,,Orlando Magic,Vucevic REBOUND (Off:2 Def:5),9:52
http://stats.nba.com/cvp.html?GameID=0021200454&GameEventID=136,2,,Orlando Magic,MISS Turkoglu 24' 3PT Jump Shot,9:40
http://stats.nba.com/cvp.html?GameID=0021200454&GameEventID=137,2,,Miami Heat,Battier REBOUND (Off:0 Def:1),9:40
http://stats.nba.com/cvp.html?GameID=0021200454&GameEventID=138,2,,Miami Heat,MISS Wade 11' Running Jump Shot,9:31
http://stats.nba.com/cvp.html?GameID=0021200454&GameEventID=139,2,,Orlando Magic,Turkoglu REBOUND (Off:0 Def:1),9:29
http://stats.nba.com/cvp.html?GameID=0021200454&GameEventID=140,2,,Orlando Magic,MISS Turkoglu 25' 3PT Jump Shot,9:16
http://stats.nba.com/cvp.html?GameID=0021200454&GameEventID=141,2,,Miami Heat,Wade REBOUND (Off:0 Def:1),9:14
http://stats.nba.com/cvp.html?GameID=0021200454&GameEventID=142,2,,Orlando Magic,Vucevic STEAL (1 STL),9:07
http://stats.nba.com/cvp.html?GameID=0021200454&GameEventID=142,2,,Miami Heat,Wade Lost Ball Turnover (P1.T4),9:07
http://stats.nba.com/cvp.html?GameID=0021200454&GameEventID=143,2,,Miami Heat,Cole S.FOUL (P1.T1),9:04
http://stats.nba.com/cvp.html?GameID=0021200454&GameEventID=144,2,[ 33 - 27 ],Orlando Magic,Afflalo Free Throw 1 of 2 (6 PTS),9:04
http://stats.nba.com/cvp.html?GameID=0021200454&GameEventID=146,2,,Orlando Magic,MISS Afflalo Free Throw 2 of 2,9:04
http://stats.nba.com/cvp.html?GameID=0021200454&GameEventID=149,2,,Orlando Magic,Vucevic REBOUND (Off:3 Def:5),9:02
http://stats.nba.com/cvp.html?GameID=0021200454&GameEventID=148,2,,Orlando Magic,MISS Vucevic 1' Tip Shot,9:02
http://stats.nba.com/cvp.html?GameID=0021200454&GameEventID=150,2,,Orlando Magic,Vucevic REBOUND (Off:4 Def:5),9:00
http://stats.nba.com/cvp.html?GameID=0021200454&GameEventID=151,2,[ 33 - 29 ],Orlando Magic,Vucevic 2' Layup (6 PTS),8:59
http://stats.nba.com/cvp.html?GameID=0021200454&GameEventID=152,2,,Miami Heat,MISS Bosh 13' Turnaround Jump Shot,8:36
http://stats.nba.com/cvp.html?GameID=0021200454&GameEventID=153,2,,Orlando Magic,Afflalo REBOUND (Off:0 Def:1),8:35
http://stats.nba.com/cvp.html?GameID=0021200454&GameEventID=154,2,,Orlando Magic,MISS Redick  3PT Jump Shot,8:18
http://stats.nba.com/cvp.html?GameID=0021200454&GameEventID=156,2,,Orlando Magic,Vucevic REBOUND (Off:5 Def:5),8:15
http://stats.nba.com/cvp.html?GameID=0021200454&GameEventID=155,2,[ 33 - 31 ],Orlando Magic,Vucevic  Tip Shot (8 PTS),8:15
http://stats.nba.com/cvp.html?GameID=0021200454&GameEventID=157,2,,Miami Heat,Heat Timeout: Regular (Reg.2 Short 0),8:08
http://stats.nba.com/cvp.html?GameID=0021200454&GameEventID=161,2,,Orlando Magic,Redick S.FOUL (P1.T3),7:56
http://stats.nba.com/cvp.html?GameID=0021200454&GameEventID=162,2,[ 34 - 31 ],Miami Heat,Bosh Free Throw 1 of 2 (9 PTS),7:56
http://stats.nba.com/cvp.html?GameID=0021200454&GameEventID=164,2,[ 35 - 31 ],Miami Heat,Bosh Free Throw 2 of 2 (10 PTS),7:56
http://stats.nba.com/cvp.html?GameID=0021200454&GameEventID=166,2,,Miami Heat,Allen S.FOUL (P1.T2),7:42
http://stats.nba.com/cvp.html?GameID=0021200454&GameEventID=167,2,[ 35 - 32 ],Orlando Magic,McRoberts Free Throw 1 of 2 (1 PTS),7:42
http://stats.nba.com/cvp.html?GameID=0021200454&GameEventID=169,2,[ 35 - 33 ],Orlando Magic,McRoberts Free Throw 2 of 2 (2 PTS),7:42
http://stats.nba.com/cvp.html?GameID=0021200454&GameEventID=171,2,[ 37 - 33 ],Miami Heat,Bosh 3' Dunk (12 PTS) (Wade 1 AST),7:23
http://stats.nba.com/cvp.html?GameID=0021200454&GameEventID=172,2,,Orlando Magic,Turkoglu Bad Pass Turnover (P1.T7),7:15
http://stats.nba.com/cvp.html?GameID=0021200454&GameEventID=172,2,,Miami Heat,Wade STEAL (1 STL),7:15
http://stats.nba.com/cvp.html?GameID=0021200454&GameEventID=173,2,,Miami Heat,MISS Cole 1' Layup,7:10
http://stats.nba.com/cvp.html?GameID=0021200454&GameEventID=174,2,,Miami Heat,Allen REBOUND (Off:1 Def:0),7:08
http://stats.nba.com/cvp.html?GameID=0021200454&GameEventID=175,2,[ 40 - 33 ],Miami Heat,Allen  3PT Jump Shot (12 PTS),7:05
http://stats.nba.com/cvp.html?GameID=0021200454&GameEventID=176,2,,Miami Heat,Allen P.FOUL (P2.T3),6:53
http://stats.nba.com/cvp.html?GameID=0021200454&GameEventID=177,2,,Miami Heat,SUB: Chalmers FOR Cole,6:53
http://stats.nba.com/cvp.html?GameID=0021200454&GameEventID=178,2,,Miami Heat,SUB: James FOR Allen,6:53
http://stats.nba.com/cvp.html?GameID=0021200454&GameEventID=179,2,[ 40 - 36 ],Orlando Magic,Redick 25' 3PT Pullup Jump Shot (8 PTS) (Vucevic 1 AST),6:43
http://stats.nba.com/cvp.html?GameID=0021200454&GameEventID=180,2,,Miami Heat,MISS Wade 26' 3PT Jump Shot,6:27
http://stats.nba.com/cvp.html?GameID=0021200454&GameEventID=181,2,,Orlando Magic,Afflalo REBOUND (Off:0 Def:2),6:26
http://stats.nba.com/cvp.html?GameID=0021200454&GameEventID=182,2,[ 40 - 38 ],Orlando Magic,Afflalo 2' Driving Layup (8 PTS),6:20
http://stats.nba.com/cvp.html?GameID=0021200454&GameEventID=183,2,,Orlando Magic,Vucevic BLOCK (1 BLK),5:58
http://stats.nba.com/cvp.html?GameID=0021200454&GameEventID=183,2,,Miami Heat,MISS Battier 1' Driving Layup,5:58
http://stats.nba.com/cvp.html?GameID=0021200454&GameEventID=184,2,,Orlando Magic,Vucevic REBOUND (Off:5 Def:6),5:55
http://stats.nba.com/cvp.html?GameID=0021200454&GameEventID=185,2,[ 40 - 40 ],Orlando Magic,Redick 1' Driving Layup (10 PTS) (McRoberts 1 AST),5:41
http://stats.nba.com/cvp.html?GameID=0021200454&GameEventID=186,2,,Miami Heat,Heat Timeout: Short (Reg.2 Short 1),5:35
http://stats.nba.com/cvp.html?GameID=0021200454&GameEventID=190,2,,Miami Heat,SUB: Haslem FOR Battier,5:35
http://stats.nba.com/cvp.html?GameID=0021200454&GameEventID=192,2,,Miami Heat,MISS Bosh 9' Hook Shot,5:21
http://stats.nba.com/cvp.html?GameID=0021200454&GameEventID=193,2,,Orlando Magic,Vucevic REBOUND (Off:5 Def:7),5:20
http://stats.nba.com/cvp.html?GameID=0021200454&GameEventID=196,2,,Miami Heat,Haslem S.FOUL (P1.T4),5:09
http://stats.nba.com/cvp.html?GameID=0021200454&GameEventID=197,2,[ 40 - 41 ],Orlando Magic,McRoberts Free Throw 1 of 2 (3 PTS),5:09
http://stats.nba.com/cvp.html?GameID=0021200454&GameEventID=199,2,[ 40 - 42 ],Orlando Magic,McRoberts Free Throw 2 of 2 (4 PTS),5:09
http://stats.nba.com/cvp.html?GameID=0021200454&GameEventID=201,2,,Orlando Magic,Vucevic STEAL (2 STL),4:59
http://stats.nba.com/cvp.html?GameID=0021200454&GameEventID=201,2,,Miami Heat,James Bad Pass Turnover (P3.T5),4:59
http://stats.nba.com/cvp.html?GameID=0021200454&GameEventID=202,2,[ 40 - 45 ],Orlando Magic,Redick 26' 3PT Jump Shot (13 PTS) (Turkoglu 4 AST),4:52
http://stats.nba.com/cvp.html?GameID=0021200454&GameEventID=203,2,,Orlando Magic,Turkoglu S.FOUL (P2.T4),4:33
http://stats.nba.com/cvp.html?GameID=0021200454&GameEventID=204,2,[ 41 - 45 ],Miami Heat,James Free Throw 1 of 2 (11 PTS),4:33
http://stats.nba.com/cvp.html?GameID=0021200454&GameEventID=206,2,,Miami Heat,SUB: Battier FOR Bosh,4:33
http://stats.nba.com/cvp.html?GameID=0021200454&GameEventID=207,2,,Orlando Magic,SUB: Smith FOR Turkoglu,4:33
http://stats.nba.com/cvp.html?GameID=0021200454&GameEventID=208,2,[ 42 - 45 ],Miami Heat,James Free Throw 2 of 2 (12 PTS),4:33
http://stats.nba.com/cvp.html?GameID=0021200454&GameEventID=210,2,,Orlando Magic,MISS McRoberts 28' 3PT Jump Shot,4:10
http://stats.nba.com/cvp.html?GameID=0021200454&GameEventID=211,2,,Miami Heat,Heat Rebound,4:09
http://stats.nba.com/cvp.html?GameID=0021200454&GameEventID=212,2,,Miami Heat,MISS Haslem  Layup,3:58
http://stats.nba.com/cvp.html?GameID=0021200454&GameEventID=213,2,,Orlando Magic,Vucevic REBOUND (Off:5 Def:8),3:56
http://stats.nba.com/cvp.html?GameID=0021200454&GameEventID=214,2,,Orlando Magic,MISS McRoberts 3' Jump Shot,3:35
http://stats.nba.com/cvp.html?GameID=0021200454&GameEventID=215,2,,Orlando Magic,Vucevic REBOUND (Off:6 Def:8),3:34
http://stats.nba.com/cvp.html?GameID=0021200454&GameEventID=218,2,[ 42 - 47 ],Orlando Magic,Vucevic 5' Hook Shot (10 PTS) (Afflalo 1 AST),3:24
http://stats.nba.com/cvp.html?GameID=0021200454&GameEventID=219,2,[ 44 - 47 ],Miami Heat,Wade 2' Dunk (2 PTS) (Battier 1 AST),3:08
http://stats.nba.com/cvp.html?GameID=0021200454&GameEventID=220,2,,Orlando Magic,MISS Vucevic 15' Jump Shot,2:52
http://stats.nba.com/cvp.html?GameID=0021200454&GameEventID=221,2,,Miami Heat,Chalmers REBOUND (Off:0 Def:1),2:52
http://stats.nba.com/cvp.html?GameID=0021200454&GameEventID=222,2,,Orlando Magic,Afflalo BLOCK (1 BLK),2:39
http://stats.nba.com/cvp.html?GameID=0021200454&GameEventID=222,2,,Miami Heat,MISS Haslem 3' Jump Shot,2:39
http://stats.nba.com/cvp.html?GameID=0021200454&GameEventID=223,2,,Orlando Magic,Afflalo REBOUND (Off:0 Def:3),2:38
http://stats.nba.com/cvp.html?GameID=0021200454&GameEventID=230,2,,Orlando Magic,MISS Vucevic 2' Layup,2:35
http://stats.nba.com/cvp.html?GameID=0021200454&GameEventID=231,2,,Orlando Magic,Vucevic REBOUND (Off:7 Def:8),2:33
http://stats.nba.com/cvp.html?GameID=0021200454&GameEventID=224,2,[ 44 - 49 ],Orlando Magic,Vucevic  Tip Shot (12 PTS),2:33
http://stats.nba.com/cvp.html?GameID=0021200454&GameEventID=225,2,,Miami Heat,MISS Wade 2' Driving Reverse Layup,2:09
http://stats.nba.com/cvp.html?GameID=0021200454&GameEventID=226,2,,Orlando Magic,Vucevic REBOUND (Off:7 Def:9),2:08
http://stats.nba.com/cvp.html?GameID=0021200454&GameEventID=228,2,,Orlando Magic,Afflalo Bad Pass Turnover (P1.T8),2:06
http://stats.nba.com/cvp.html?GameID=0021200454&GameEventID=229,2,,Orlando Magic,MAGIC Timeout: Regular (Full 2 Short 0),2:06
http://stats.nba.com/cvp.html?GameID=0021200454&GameEventID=232,2,,Miami Heat,SUB: Bosh FOR Haslem,2:06
http://stats.nba.com/cvp.html?GameID=0021200454&GameEventID=233,2,,Orlando Magic,SUB: Turkoglu FOR Afflalo,2:06
http://stats.nba.com/cvp.html?GameID=0021200454&GameEventID=234,2,,Orlando Magic,SUB: Jones FOR Smith,2:06
http://stats.nba.com/cvp.html?GameID=0021200454&GameEventID=236,2,,Miami Heat,MISS Bosh 10' Jump Shot,1:49
http://stats.nba.com/cvp.html?GameID=0021200454&GameEventID=237,2,,Miami Heat,Heat Rebound,1:48
http://stats.nba.com/cvp.html?GameID=0021200454&GameEventID=238,2,,Orlando Magic,Vucevic S.FOUL (P1.PN),1:48
http://stats.nba.com/cvp.html?GameID=0021200454&GameEventID=239,2,,Miami Heat,MISS Wade Free Throw 1 of 2,1:48
http://stats.nba.com/cvp.html?GameID=0021200454&GameEventID=240,2,,Miami Heat,Heat Rebound,1:48
http://stats.nba.com/cvp.html?GameID=0021200454&GameEventID=241,2,,Miami Heat,SUB: Allen FOR Chalmers,1:48
http://stats.nba.com/cvp.html?GameID=0021200454&GameEventID=242,2,,Miami Heat,MISS Wade Free Throw 2 of 2,1:48
http://stats.nba.com/cvp.html?GameID=0021200454&GameEventID=244,2,,Miami Heat,Bosh REBOUND (Off:1 Def:0),1:47
http://stats.nba.com/cvp.html?GameID=0021200454&GameEventID=245,2,,Miami Heat,MISS Battier  3PT Jump Shot,1:40
http://stats.nba.com/cvp.html?GameID=0021200454&GameEventID=246,2,,Orlando Magic,Turkoglu REBOUND (Off:0 Def:2),1:39
http://stats.nba.com/cvp.html?GameID=0021200454&GameEventID=247,2,,Orlando Magic,MISS Turkoglu 2' Driving Layup,1:34
http://stats.nba.com/cvp.html?GameID=0021200454&GameEventID=248,2,,Orlando Magic,MAGIC Rebound,1:34
http://stats.nba.com/cvp.html?GameID=0021200454&GameEventID=249,2,,Miami Heat,Battier L.B.FOUL (P1.PN),1:34
http://stats.nba.com/cvp.html?GameID=0021200454&GameEventID=250,2,[ 44 - 50 ],Orlando Magic,McRoberts Free Throw 1 of 2 (5 PTS),1:34
http://stats.nba.com/cvp.html?GameID=0021200454&GameEventID=252,2,[ 44 - 51 ],Orlando Magic,McRoberts Free Throw 2 of 2 (6 PTS),1:34
http://stats.nba.com/cvp.html?GameID=0021200454&GameEventID=254,2,,Orlando Magic,Vucevic STEAL (3 STL),1:13
http://stats.nba.com/cvp.html?GameID=0021200454&GameEventID=254,2,,Miami Heat,Wade Bad Pass Turnover (P2.T6),1:13
http://stats.nba.com/cvp.html?GameID=0021200454&GameEventID=255,2,,Miami Heat,Allen P.FOUL (P3.PN),1:04
http://stats.nba.com/cvp.html?GameID=0021200454&GameEventID=256,2,[ 44 - 52 ],Orlando Magic,Vucevic Free Throw 1 of 2 (13 PTS),1:04
http://stats.nba.com/cvp.html?GameID=0021200454&GameEventID=258,2,,Miami Heat,SUB: Chalmers FOR Allen,1:04
http://stats.nba.com/cvp.html?GameID=0021200454&GameEventID=259,2,,Orlando Magic,MISS Vucevic Free Throw 2 of 2,1:04
http://stats.nba.com/cvp.html?GameID=0021200454&GameEventID=261,2,,Miami Heat,Bosh REBOUND (Off:1 Def:1),1:04
http://stats.nba.com/cvp.html?GameID=0021200454&GameEventID=262,2,[ 46 - 52 ],Miami Heat,Wade 1' Running Dunk (4 PTS) (James 6 AST),0:56
http://stats.nba.com/cvp.html?GameID=0021200454&GameEventID=263,2,,Orlando Magic,Jones Step Out of Bounds Turnover (P1.T9),0:36
http://stats.nba.com/cvp.html?GameID=0021200454&GameEventID=264,2,,Orlando Magic,Vucevic S.FOUL (P2.PN),0:25
http://stats.nba.com/cvp.html?GameID=0021200454&GameEventID=265,2,[ 47 - 52 ],Miami Heat,Wade Free Throw 1 of 2 (5 PTS),0:25
http://stats.nba.com/cvp.html?GameID=0021200454&GameEventID=268,2,,Orlando Magic,SUB: Afflalo FOR Jones,0:25
http://stats.nba.com/cvp.html?GameID=0021200454&GameEventID=269,2,[ 48 - 52 ],Miami Heat,Wade Free Throw 2 of 2 (6 PTS),0:25
http://stats.nba.com/cvp.html?GameID=0021200454&GameEventID=271,2,[ 48 - 54 ],Orlando Magic,Turkoglu 18' Fadeaway Jumper (2 PTS),0:02
http://stats.nba.com/cvp.html?GameID=0021200454&GameEventID=272,2,,Miami Heat,MISS Chalmers 53' 3PT Jump Shot,0:00
http://stats.nba.com/cvp.html?GameID=0021200454&GameEventID=273,2,,Miami Heat,Heat Rebound,0:00
http://stats.nba.com/cvp.html?GameID=0021200454&GameEventID=277,3,,Orlando Magic,MISS Nicholson 18' Jump Shot,11:40
http://stats.nba.com/cvp.html?GameID=0021200454&GameEventID=278,3,,Miami Heat,Heat Rebound,11:38
http://stats.nba.com/cvp.html?GameID=0021200454&GameEventID=280,3,,Orlando Magic,Jones S.FOUL (P2.T1),11:20
http://stats.nba.com/cvp.html?GameID=0021200454&GameEventID=281,3,[ 49 - 54 ],Miami Heat,James Free Throw 1 of 2 (13 PTS),11:20
http://stats.nba.com/cvp.html?GameID=0021200454&GameEventID=283,3,,Miami Heat,MISS James Free Throw 2 of 2,11:20
http://stats.nba.com/cvp.html?GameID=0021200454&GameEventID=285,3,,Orlando Magic,Jones REBOUND (Off:0 Def:1),11:18
http://stats.nba.com/cvp.html?GameID=0021200454&GameEventID=286,3,,Orlando Magic,MISS Afflalo 26' 3PT Jump Shot,10:56
http://stats.nba.com/cvp.html?GameID=0021200454&GameEventID=287,3,,Miami Heat,Haslem REBOUND (Off:0 Def:3),10:56
http://stats.nba.com/cvp.html?GameID=0021200454&GameEventID=288,3,[ 51 - 54 ],Miami Heat,Bosh 12' Jump Shot (14 PTS) (Wade 2 AST),10:39
http://stats.nba.com/cvp.html?GameID=0021200454&GameEventID=296,3,,Orlando Magic,MISS Jones 8' Jump Shot,10:16
http://stats.nba.com/cvp.html?GameID=0021200454&GameEventID=296,3,,Miami Heat,Wade BLOCK (1 BLK),10:16
http://stats.nba.com/cvp.html?GameID=0021200454&GameEventID=293,3,,Orlando Magic,Smith REBOUND (Off:2 Def:0),10:15
http://stats.nba.com/cvp.html?GameID=0021200454&GameEventID=289,3,,Orlando Magic,MISS Smith 19' Jump Shot,10:10
http://stats.nba.com/cvp.html?GameID=0021200454&GameEventID=290,3,,Miami Heat,James REBOUND (Off:0 Def:3),10:10
http://stats.nba.com/cvp.html?GameID=0021200454&GameEventID=291,3,[ 53 - 54 ],Miami Heat,Haslem 2' Layup (2 PTS) (Wade 3 AST),9:58
http://stats.nba.com/cvp.html?GameID=0021200454&GameEventID=292,3,,Orlando Magic,MAGIC Timeout: Regular (Full 3 Short 0),9:55
http://stats.nba.com/cvp.html?GameID=0021200454&GameEventID=295,3,,Orlando Magic,SUB: Turkoglu FOR Smith,9:55
http://stats.nba.com/cvp.html?GameID=0021200454&GameEventID=297,3,,Orlando Magic,MISS Turkoglu 2' Driving Layup,9:31
http://stats.nba.com/cvp.html?GameID=0021200454&GameEventID=298,3,,Miami Heat,Haslem REBOUND (Off:0 Def:4),9:28
http://stats.nba.com/cvp.html?GameID=0021200454&GameEventID=299,3,[ 55 - 54 ],Miami Heat,James 17' Jump Shot (15 PTS),9:18
http://stats.nba.com/cvp.html?GameID=0021200454&GameEventID=301,3,,Orlando Magic,MISS Jones 25' 3PT Jump Shot,8:56
http://stats.nba.com/cvp.html?GameID=0021200454&GameEventID=302,3,,Miami Heat,Haslem REBOUND (Off:0 Def:5),8:55
http://stats.nba.com/cvp.html?GameID=0021200454&GameEventID=303,3,,Miami Heat,MISS Wade 8' Hook Shot,8:39
http://stats.nba.com/cvp.html?GameID=0021200454&GameEventID=304,3,,Orlando Magic,Afflalo REBOUND (Off:0 Def:4),8:37
http://stats.nba.com/cvp.html?GameID=0021200454&GameEventID=305,3,,Miami Heat,Haslem S.FOUL (P2.T1),8:28
http://stats.nba.com/cvp.html?GameID=0021200454&GameEventID=306,3,[ 55 - 55 ],Orlando Magic,Afflalo Free Throw 1 of 2 (9 PTS),8:28
http://stats.nba.com/cvp.html?GameID=0021200454&GameEventID=308,3,[ 55 - 56 ],Orlando Magic,Afflalo Free Throw 2 of 2 (10 PTS),8:28
http://stats.nba.com/cvp.html?GameID=0021200454&GameEventID=310,3,,Orlando Magic,Jones P.FOUL (P3.T2),8:18
http://stats.nba.com/cvp.html?GameID=0021200454&GameEventID=311,3,,Miami Heat,MISS James 21' Jump Shot,8:05
http://stats.nba.com/cvp.html?GameID=0021200454&GameEventID=312,3,,Orlando Magic,MAGIC Rebound,8:05
http://stats.nba.com/cvp.html?GameID=0021200454&GameEventID=313,3,,Miami Heat,Haslem L.B.FOUL (P3.T2),8:05
http://stats.nba.com/cvp.html?GameID=0021200454&GameEventID=314,3,,Orlando Magic,Afflalo Offensive Charge Foul (P1.T3),7:45
http://stats.nba.com/cvp.html?GameID=0021200454&GameEventID=315,3,,Orlando Magic,Afflalo Foul Turnover (P2.T10),7:45
http://stats.nba.com/cvp.html?GameID=0021200454&GameEventID=316,3,,Orlando Magic,Afflalo STEAL (1 STL),7:27
http://stats.nba.com/cvp.html?GameID=0021200454&GameEventID=316,3,,Miami Heat,Wade Lost Ball Turnover (P3.T7),7:27
http://stats.nba.com/cvp.html?GameID=0021200454&GameEventID=317,3,[ 55 - 58 ],Orlando Magic,Turkoglu  Driving Layup (4 PTS) (Afflalo 2 AST),7:21
http://stats.nba.com/cvp.html?GameID=0021200454&GameEventID=318,3,,Miami Heat,MISS James 21' Jump Shot,7:05
http://stats.nba.com/cvp.html?GameID=0021200454&GameEventID=319,3,,Orlando Magic,Nicholson REBOUND (Off:1 Def:1),7:04
http://stats.nba.com/cvp.html?GameID=0021200454&GameEventID=320,3,,Orlando Magic,MISS Afflalo 13' Jump Shot,6:57
http://stats.nba.com/cvp.html?GameID=0021200454&GameEventID=321,3,,Orlando Magic,Nicholson REBOUND (Off:2 Def:1),6:57
http://stats.nba.com/cvp.html?GameID=0021200454&GameEventID=322,3,[ 55 - 60 ],Orlando Magic,Nicholson 1' Layup (8 PTS),6:57
http://stats.nba.com/cvp.html?GameID=0021200454&GameEventID=323,3,,Miami Heat,Chalmers S.FOUL (P1.T3),6:57
http://stats.nba.com/cvp.html?GameID=0021200454&GameEventID=324,3,,Orlando Magic,MISS Nicholson Free Throw 1 of 1,6:57
http://stats.nba.com/cvp.html?GameID=0021200454&GameEventID=326,3,,Miami Heat,Haslem REBOUND (Off:0 Def:6),6:56
http://stats.nba.com/cvp.html?GameID=0021200454&GameEventID=327,3,,Miami Heat,MISS Chalmers 25' 3PT Jump Shot,6:41
http://stats.nba.com/cvp.html?GameID=0021200454&GameEventID=328,3,,Orlando Magic,Vucevic REBOUND (Off:7 Def:10),6:41
http://stats.nba.com/cvp.html?GameID=0021200454&GameEventID=329,3,[ 55 - 62 ],Orlando Magic,Nicholson 1' Dunk (10 PTS) (Vucevic 2 AST),6:21
http://stats.nba.com/cvp.html?GameID=0021200454&GameEventID=330,3,,Miami Heat,Heat Timeout: Regular (Reg.3 Short 1),6:21
http://stats.nba.com/cvp.html?GameID=0021200454&GameEventID=335,3,[ 57 - 62 ],Miami Heat,Wade 2' Driving Layup (8 PTS),6:07
http://stats.nba.com/cvp.html?GameID=0021200454&GameEventID=336,3,,Miami Heat,Haslem P.FOUL (P4.T4),5:49
http://stats.nba.com/cvp.html?GameID=0021200454&GameEventID=337,3,,Miami Heat,SUB: Battier FOR Haslem,5:49
http://stats.nba.com/cvp.html?GameID=0021200454&GameEventID=338,3,,Orlando Magic,SUB: McRoberts FOR Nicholson,5:49
http://stats.nba.com/cvp.html?GameID=0021200454&GameEventID=339,3,[ 57 - 65 ],Orlando Magic,Turkoglu 26' 3PT Pullup Jump Shot (7 PTS),5:36
http://stats.nba.com/cvp.html?GameID=0021200454&GameEventID=340,3,,Miami Heat,MISS James 26' 3PT Jump Shot,5:22
http://stats.nba.com/cvp.html?GameID=0021200454&GameEventID=341,3,,Orlando Magic,Vucevic REBOUND (Off:7 Def:11),5:21
http://stats.nba.com/cvp.html?GameID=0021200454&GameEventID=342,3,[ 57 - 67 ],Orlando Magic,Jones 20' Jump Shot (6 PTS) (Turkoglu 5 AST),5:01
http://stats.nba.com/cvp.html?GameID=0021200454&GameEventID=343,3,[ 59 - 67 ],Miami Heat,Bosh 14' Turnaround Jump Shot (16 PTS),4:43
http://stats.nba.com/cvp.html?GameID=0021200454&GameEventID=344,3,[ 59 - 69 ],Orlando Magic,McRoberts 15' Jump Shot (8 PTS) (Turkoglu 6 AST),4:18
http://stats.nba.com/cvp.html?GameID=0021200454&GameEventID=345,3,[ 61 - 69 ],Miami Heat,Wade 17' Jump Shot (10 PTS) (Chalmers 4 AST),4:02
http://stats.nba.com/cvp.html?GameID=0021200454&GameEventID=346,3,[ 61 - 71 ],Orlando Magic,Afflalo 14' Jump Shot (12 PTS),3:41
http://stats.nba.com/cvp.html?GameID=0021200454&GameEventID=347,3,[ 63 - 71 ],Miami Heat,Wade 9' Jump Bank Shot (12 PTS),3:19
http://stats.nba.com/cvp.html?GameID=0021200454&GameEventID=348,3,,Orlando Magic,MISS Turkoglu 26' 3PT Fadeaway Jumper,2:54
http://stats.nba.com/cvp.html?GameID=0021200454&GameEventID=349,3,,Miami Heat,Wade REBOUND (Off:0 Def:2),2:53
http://stats.nba.com/cvp.html?GameID=0021200454&GameEventID=350,3,,Miami Heat,MISS Battier  3PT Jump Shot,2:46
http://stats.nba.com/cvp.html?GameID=0021200454&GameEventID=351,3,,Orlando Magic,Vucevic REBOUND (Off:7 Def:12),2:44
http://stats.nba.com/cvp.html?GameID=0021200454&GameEventID=352,3,[ 63 - 73 ],Orlando Magic,Afflalo 2' Running Layup (14 PTS) (Jones 1 AST),2:38
http://stats.nba.com/cvp.html?GameID=0021200454&GameEventID=353,3,,Miami Heat,Heat Timeout: Short (Reg.3 Short 2),2:30
http://stats.nba.com/cvp.html?GameID=0021200454&GameEventID=356,3,,Orlando Magic,SUB: Redick FOR Jones,2:30
http://stats.nba.com/cvp.html?GameID=0021200454&GameEventID=357,3,,Orlando Magic,SUB: Smith FOR Turkoglu,2:30
http://stats.nba.com/cvp.html?GameID=0021200454&GameEventID=358,3,,Miami Heat,SUB: Allen FOR Bosh,2:30
http://stats.nba.com/cvp.html?GameID=0021200454&GameEventID=359,3,,Miami Heat,SUB: Anthony FOR Chalmers,2:30
http://stats.nba.com/cvp.html?GameID=0021200454&GameEventID=360,3,,Orlando Magic,Vucevic S.FOUL (P3.T4),2:17
http://stats.nba.com/cvp.html?GameID=0021200454&GameEventID=361,3,[ 64 - 73 ],Miami Heat,James Free Throw 1 of 2 (16 PTS),2:17
http://stats.nba.com/cvp.html?GameID=0021200454&GameEventID=363,3,[ 65 - 73 ],Miami Heat,James Free Throw 2 of 2 (17 PTS),2:17
http://stats.nba.com/cvp.html?GameID=0021200454&GameEventID=365,3,,Orlando Magic,MISS Afflalo 2' Driving Layup,2:05
http://stats.nba.com/cvp.html?GameID=0021200454&GameEventID=365,3,,Miami Heat,Anthony BLOCK (1 BLK),2:05
http://stats.nba.com/cvp.html?GameID=0021200454&GameEventID=366,3,,Miami Heat,Wade REBOUND (Off:0 Def:3),2:04
http://stats.nba.com/cvp.html?GameID=0021200454&GameEventID=367,3,,Miami Heat,MISS Wade 2' Driving Layup,1:57
http://stats.nba.com/cvp.html?GameID=0021200454&GameEventID=368,3,,Orlando Magic,Vucevic REBOUND (Off:7 Def:13),1:57
http://stats.nba.com/cvp.html?GameID=0021200454&GameEventID=369,3,[ 65 - 75 ],Orlando Magic,Afflalo 10' Step Back Jump Shot (16 PTS),1:34
http://stats.nba.com/cvp.html?GameID=0021200454&GameEventID=370,3,,Orlando Magic,Afflalo S.FOUL (P2.PN),1:13
http://stats.nba.com/cvp.html?GameID=0021200454&GameEventID=371,3,,Miami Heat,MISS Anthony Free Throw 1 of 2,1:13
http://stats.nba.com/cvp.html?GameID=0021200454&GameEventID=372,3,,Miami Heat,Heat Rebound,1:13
http://stats.nba.com/cvp.html?GameID=0021200454&GameEventID=373,3,,Miami Heat,SUB: Miller FOR Wade,1:13
http://stats.nba.com/cvp.html?GameID=0021200454&GameEventID=374,3,[ 66 - 75 ],Miami Heat,Anthony Free Throw 2 of 2 (4 PTS),1:13
http://stats.nba.com/cvp.html?GameID=0021200454&GameEventID=376,3,[ 66 - 77 ],Orlando Magic,McRoberts 2' Layup (10 PTS) (Redick 2 AST),0:50
http://stats.nba.com/cvp.html?GameID=0021200454&GameEventID=377,3,[ 68 - 77 ],Miami Heat,James 1' Driving Layup (19 PTS),0:41
http://stats.nba.com/cvp.html?GameID=0021200454&GameEventID=378,3,,Orlando Magic,MISS Smith 1' Driving Layup,0:25
http://stats.nba.com/cvp.html?GameID=0021200454&GameEventID=378,3,,Miami Heat,Battier BLOCK (1 BLK),0:25
http://stats.nba.com/cvp.html?GameID=0021200454&GameEventID=379,3,,Orlando Magic,MAGIC Rebound,0:25
http://stats.nba.com/cvp.html?GameID=0021200454&GameEventID=380,3,,Orlando Magic,MISS Vucevic 7' Hook Shot,0:19
http://stats.nba.com/cvp.html?GameID=0021200454&GameEventID=381,3,,Miami Heat,James REBOUND (Off:0 Def:4),0:19
http://stats.nba.com/cvp.html?GameID=0021200454&GameEventID=382,3,,Miami Heat,MISS James 25' 3PT Jump Shot,0:01
http://stats.nba.com/cvp.html?GameID=0021200454&GameEventID=383,3,,Miami Heat,Anthony REBOUND (Off:3 Def:0),0:01
http://stats.nba.com/cvp.html?GameID=0021200454&GameEventID=384,3,[ 70 - 77 ],Miami Heat,Anthony 3' Layup (6 PTS),0:00
http://stats.nba.com/cvp.html?GameID=0021200454&GameEventID=392,4,[ 72 - 77 ],Miami Heat,Allen 16' Jump Shot (14 PTS) (James 7 AST),11:43
http://stats.nba.com/cvp.html?GameID=0021200454&GameEventID=393,4,,Orlando Magic,MISS Jones 21' Jump Shot,11:21
http://stats.nba.com/cvp.html?GameID=0021200454&GameEventID=394,4,,Miami Heat,James REBOUND (Off:0 Def:5),11:21
http://stats.nba.com/cvp.html?GameID=0021200454&GameEventID=395,4,,Orlando Magic,McRoberts S.FOUL (P3.T1),11:16
http://stats.nba.com/cvp.html?GameID=0021200454&GameEventID=396,4,[ 73 - 77 ],Miami Heat,James Free Throw 1 of 2 (20 PTS),11:16
http://stats.nba.com/cvp.html?GameID=0021200454&GameEventID=398,4,[ 74 - 77 ],Miami Heat,James Free Throw 2 of 2 (21 PTS),11:16
http://stats.nba.com/cvp.html?GameID=0021200454&GameEventID=400,4,,Orlando Magic,MAGIC Timeout: Regular (Full 4 Short 0),11:06
http://stats.nba.com/cvp.html?GameID=0021200454&GameEventID=404,4,,Orlando Magic,Redick Traveling Turnover (P2.T11),10:59
http://stats.nba.com/cvp.html?GameID=0021200454&GameEventID=405,4,,Miami Heat,MISS James 21' Jump Shot,10:35
http://stats.nba.com/cvp.html?GameID=0021200454&GameEventID=406,4,,Orlando Magic,McRoberts REBOUND (Off:0 Def:2),10:34
http://stats.nba.com/cvp.html?GameID=0021200454&GameEventID=407,4,,Orlando Magic,Turkoglu Bad Pass Turnover (P2.T12),10:16
http://stats.nba.com/cvp.html?GameID=0021200454&GameEventID=408,4,,Orlando Magic,SUB: Vucevic FOR Nicholson,10:16
http://stats.nba.com/cvp.html?GameID=0021200454&GameEventID=409,4,[ 77 - 77 ],Miami Heat,Miller 24' 3PT Jump Shot (3 PTS) (James 8 AST),10:01
http://stats.nba.com/cvp.html?GameID=0021200454&GameEventID=411,4,,Orlando Magic,Turkoglu Bad Pass Turnover (P3.T13),9:42
http://stats.nba.com/cvp.html?GameID=0021200454&GameEventID=411,4,,Miami Heat,Allen STEAL (3 STL),9:42
http://stats.nba.com/cvp.html?GameID=0021200454&GameEventID=412,4,[ 79 - 77 ],Miami Heat,James  Slam Dunk (23 PTS) (Miller 1 AST),9:36
http://stats.nba.com/cvp.html?GameID=0021200454&GameEventID=413,4,,Orlando Magic,MAGIC Timeout: Short (Full 4 Short 1),9:36
http://stats.nba.com/cvp.html?GameID=0021200454&GameEventID=416,4,,Orlando Magic,SUB: Afflalo FOR Jones,9:36
http://stats.nba.com/cvp.html?GameID=0021200454&GameEventID=417,4,,Orlando Magic,MISS Turkoglu 25' 3PT Jump Shot,9:12
http://stats.nba.com/cvp.html?GameID=0021200454&GameEventID=418,4,,Orlando Magic,McRoberts REBOUND (Off:1 Def:2),9:12
http://stats.nba.com/cvp.html?GameID=0021200454&GameEventID=419,4,[ 79 - 80 ],Orlando Magic,Redick 25' 3PT Jump Shot (16 PTS) (McRoberts 2 AST),9:07
http://stats.nba.com/cvp.html?GameID=0021200454&GameEventID=420,4,[ 82 - 80 ],Miami Heat,Allen  3PT Jump Shot (17 PTS) (Miller 2 AST),8:47
http://stats.nba.com/cvp.html?GameID=0021200454&GameEventID=421,4,,Miami Heat,Miller P.FOUL (P1.T1),8:28
http://stats.nba.com/cvp.html?GameID=0021200454&GameEventID=422,4,[ 82 - 83 ],Orlando Magic,Redick 25' 3PT Jump Bank Shot (19 PTS) (Turkoglu 7 AST),8:17
http://stats.nba.com/cvp.html?GameID=0021200454&GameEventID=423,4,,Miami Heat,MISS Miller 27' 3PT Jump Shot,7:51
http://stats.nba.com/cvp.html?GameID=0021200454&GameEventID=424,4,,Orlando Magic,Vucevic REBOUND (Off:7 Def:14),7:49
http://stats.nba.com/cvp.html?GameID=0021200454&GameEventID=425,4,,Miami Heat,Miller S.FOUL (P2.T2),7:36
http://stats.nba.com/cvp.html?GameID=0021200454&GameEventID=426,4,[ 82 - 84 ],Orlando Magic,Afflalo Free Throw 1 of 2 (17 PTS),7:36
http://stats.nba.com/cvp.html?GameID=0021200454&GameEventID=428,4,,Miami Heat,SUB: Wade FOR Battier,7:36
http://stats.nba.com/cvp.html?GameID=0021200454&GameEventID=429,4,[ 82 - 85 ],Orlando Magic,Afflalo Free Throw 2 of 2 (18 PTS),7:36
http://stats.nba.com/cvp.html?GameID=0021200454&GameEventID=431,4,,Miami Heat,MISS Miller 26' 3PT Jump Shot,7:16
http://stats.nba.com/cvp.html?GameID=0021200454&GameEventID=432,4,,Orlando Magic,McRoberts REBOUND (Off:1 Def:3),7:15
http://stats.nba.com/cvp.html?GameID=0021200454&GameEventID=433,4,,Orlando Magic,MISS Redick 25' 3PT Jump Shot,7:08
http://stats.nba.com/cvp.html?GameID=0021200454&GameEventID=434,4,,Miami Heat,Miller REBOUND (Off:0 Def:1),7:07
http://stats.nba.com/cvp.html?GameID=0021200454&GameEventID=435,4,,Orlando Magic,Turkoglu FLAGRANT.FOUL.TYPE1 (P3.T2),6:58
http://stats.nba.com/cvp.html?GameID=0021200454&GameEventID=439,4,[ 83 - 85 ],Miami Heat,Anthony Free Throw Flagrant 1 of 2 (7 PTS),6:58
http://stats.nba.com/cvp.html?GameID=0021200454&GameEventID=441,4,[ 84 - 85 ],Miami Heat,Anthony Free Throw Flagrant 2 of 2 (8 PTS),6:58
http://stats.nba.com/cvp.html?GameID=0021200454&GameEventID=443,4,,Miami Heat,SUB: Bosh FOR Anthony,6:58
http://stats.nba.com/cvp.html?GameID=0021200454&GameEventID=444,4,,Miami Heat,MISS James 19' Fadeaway Jumper,6:44
http://stats.nba.com/cvp.html?GameID=0021200454&GameEventID=445,4,,Miami Heat,Miller REBOUND (Off:1 Def:1),6:42
http://stats.nba.com/cvp.html?GameID=0021200454&GameEventID=446,4,,Miami Heat,MISS Miller 2' Reverse Layup,6:39
http://stats.nba.com/cvp.html?GameID=0021200454&GameEventID=447,4,,Orlando Magic,McRoberts REBOUND (Off:1 Def:4),6:38
http://stats.nba.com/cvp.html?GameID=0021200454&GameEventID=448,4,,Orlando Magic,MISS McRoberts 3' Layup,6:22
http://stats.nba.com/cvp.html?GameID=0021200454&GameEventID=449,4,,Orlando Magic,Vucevic REBOUND (Off:8 Def:14),6:21
http://stats.nba.com/cvp.html?GameID=0021200454&GameEventID=450,4,,Orlando Magic,MISS Vucevic 2' Tip Shot,6:19
http://stats.nba.com/cvp.html?GameID=0021200454&GameEventID=452,4,,Orlando Magic,Vucevic REBOUND (Off:9 Def:14),6:18
http://stats.nba.com/cvp.html?GameID=0021200454&GameEventID=451,4,,Orlando Magic,MISS Vucevic 3' Tip Shot,6:18
http://stats.nba.com/cvp.html?GameID=0021200454&GameEventID=454,4,,Orlando Magic,Vucevic REBOUND (Off:10 Def:14),6:17
http://stats.nba.com/cvp.html?GameID=0021200454&GameEventID=453,4,,Orlando Magic,MISS Vucevic 1' Tip Shot,6:17
http://stats.nba.com/cvp.html?GameID=0021200454&GameEventID=456,4,,Orlando Magic,Vucevic REBOUND (Off:11 Def:14),6:16
http://stats.nba.com/cvp.html?GameID=0021200454&GameEventID=455,4,[ 84 - 87 ],Orlando Magic,Vucevic 1' Tip Shot (15 PTS),6:16
http://stats.nba.com/cvp.html?GameID=0021200454&GameEventID=457,4,,Miami Heat,MISS Allen 3' Jump Shot,5:50
http://stats.nba.com/cvp.html?GameID=0021200454&GameEventID=458,4,,Miami Heat,Heat Rebound,5:50
http://stats.nba.com/cvp.html?GameID=0021200454&GameEventID=465,4,,Miami Heat,MISS Wade 16' Jump Shot,5:37
http://stats.nba.com/cvp.html?GameID=0021200454&GameEventID=466,4,,Orlando Magic,MAGIC Rebound,5:35
http://stats.nba.com/cvp.html?GameID=0021200454&GameEventID=467,4,[ 84 - 89 ],Orlando Magic,Afflalo 18' Fadeaway Jumper (20 PTS) (McRoberts 3 AST),5:12
http://stats.nba.com/cvp.html?GameID=0021200454&GameEventID=468,4,[ 86 - 89 ],Miami Heat,Bosh 2' Layup (18 PTS) (James 9 AST),4:57
http://stats.nba.com/cvp.html?GameID=0021200454&GameEventID=469,4,,Orlando Magic,MISS Redick 27' 3PT Jump Shot,4:36
http://stats.nba.com/cvp.html?GameID=0021200454&GameEventID=470,4,,Miami Heat,Bosh REBOUND (Off:1 Def:2),4:35
http://stats.nba.com/cvp.html?GameID=0021200454&GameEventID=471,4,,Miami Heat,MISS Wade 6' Driving Jump Shot,4:20
http://stats.nba.com/cvp.html?GameID=0021200454&GameEventID=472,4,,Miami Heat,Wade REBOUND (Off:1 Def:3),4:20
http://stats.nba.com/cvp.html?GameID=0021200454&GameEventID=473,4,[ 88 - 89 ],Miami Heat,Wade 2' Layup (14 PTS),4:17
http://stats.nba.com/cvp.html?GameID=0021200454&GameEventID=474,4,,Orlando Magic,MISS Afflalo 15' Jump Shot,3:59
http://stats.nba.com/cvp.html?GameID=0021200454&GameEventID=475,4,,Miami Heat,Bosh REBOUND (Off:1 Def:3),3:59
http://stats.nba.com/cvp.html?GameID=0021200454&GameEventID=476,4,,Orlando Magic,McRoberts P.FOUL (P4.T3),3:52
http://stats.nba.com/cvp.html?GameID=0021200454&GameEventID=477,4,[ 91 - 89 ],Miami Heat,James 25' 3PT Step Back Jump Shot (26 PTS),3:36
http://stats.nba.com/cvp.html?GameID=0021200454&GameEventID=478,4,[ 91 - 91 ],Orlando Magic,Vucevic 14' Jump Shot (17 PTS) (Redick 3 AST),3:16
http://stats.nba.com/cvp.html?GameID=0021200454&GameEventID=479,4,,Miami Heat,MISS James 26' 3PT Jump Shot,2:51
http://stats.nba.com/cvp.html?GameID=0021200454&GameEventID=480,4,,Orlando Magic,Vucevic REBOUND (Off:11 Def:15),2:50
http://stats.nba.com/cvp.html?GameID=0021200454&GameEventID=481,4,[ 91 - 93 ],Orlando Magic,Afflalo 2' Layup (22 PTS),2:45
http://stats.nba.com/cvp.html?GameID=0021200454&GameEventID=482,4,,Miami Heat,Miller S.FOUL (P3.T3),2:45
http://stats.nba.com/cvp.html?GameID=0021200454&GameEventID=483,4,,Miami Heat,Heat Timeout: Regular (Reg.4 Short 2),2:45
http://stats.nba.com/cvp.html?GameID=0021200454&GameEventID=487,4,[ 91 - 94 ],Orlando Magic,Afflalo Free Throw 1 of 1 (23 PTS),2:45
http://stats.nba.com/cvp.html?GameID=0021200454&GameEventID=490,4,[ 93 - 94 ],Miami Heat,Wade 1' Layup (16 PTS) (James 10 AST),2:28
http://stats.nba.com/cvp.html?GameID=0021200454&GameEventID=491,4,[ 93 - 97 ],Orlando Magic,Afflalo 25' 3PT Jump Shot (26 PTS) (Turkoglu 8 AST),2:12
http://stats.nba.com/cvp.html?GameID=0021200454&GameEventID=492,4,,Miami Heat,MISS Wade 26' 3PT Jump Shot,1:47
http://stats.nba.com/cvp.html?GameID=0021200454&GameEventID=493,4,,Orlando Magic,Vucevic REBOUND (Off:11 Def:16),1:46
http://stats.nba.com/cvp.html?GameID=0021200454&GameEventID=494,4,,Orlando Magic,Turkoglu Bad Pass Turnover (P4.T14),1:36
http://stats.nba.com/cvp.html?GameID=0021200454&GameEventID=494,4,,Miami Heat,Allen STEAL (4 STL),1:36
http://stats.nba.com/cvp.html?GameID=0021200454&GameEventID=495,4,[ 95 - 97 ],Miami Heat,Wade 11' Jump Bank Shot (18 PTS) (Miller 3 AST),1:27
http://stats.nba.com/cvp.html?GameID=0021200454&GameEventID=496,4,[ 95 - 99 ],Orlando Magic,Vucevic 17' Jump Shot (19 PTS) (Redick 4 AST),1:07
http://stats.nba.com/cvp.html?GameID=0021200454&GameEventID=497,4,,Miami Heat,Heat Timeout: Regular (Reg.5 Short 2),1:07
http://stats.nba.com/cvp.html?GameID=0021200454&GameEventID=501,4,[ 97 - 99 ],Miami Heat,Bosh 2' Layup (20 PTS) (James 11 AST),1:03
http://stats.nba.com/cvp.html?GameID=0021200454&GameEventID=502,4,,Orlando Magic,MISS Afflalo 25' 3PT Jump Shot,0:44
http://stats.nba.com/cvp.html?GameID=0021200454&GameEventID=503,4,,Miami Heat,James REBOUND (Off:0 Def:6),0:43
http://stats.nba.com/cvp.html?GameID=0021200454&GameEventID=504,4,,Orlando Magic,Turkoglu BLOCK (1 BLK),0:37
http://stats.nba.com/cvp.html?GameID=0021200454&GameEventID=504,4,,Miami Heat,MISS James 1' Layup,0:37
http://stats.nba.com/cvp.html?GameID=0021200454&GameEventID=505,4,,Miami Heat,Heat Rebound,0:37
http://stats.nba.com/cvp.html?GameID=0021200454&GameEventID=506,4,[ 99 - 99 ],Miami Heat,Bosh 16' Jump Shot (22 PTS) (Miller 4 AST),0:35
http://stats.nba.com/cvp.html?GameID=0021200454&GameEventID=507,4,,Orlando Magic,MISS Afflalo 12' Pullup Jump Shot,0:14
http://stats.nba.com/cvp.html?GameID=0021200454&GameEventID=508,4,,Miami Heat,James REBOUND (Off:0 Def:7),0:14
http://stats.nba.com/cvp.html?GameID=0021200454&GameEventID=509,4,,Orlando Magic,McRoberts P.FOUL (P5.T4),0:03
http://stats.nba.com/cvp.html?GameID=0021200454&GameEventID=510,4,,Miami Heat,Heat Timeout: Short (Reg.5 Short 3),0:03
http://stats.nba.com/cvp.html?GameID=0021200454&GameEventID=514,4,,Miami Heat,MISS Bosh 18' Fadeaway Jumper,0:00
http://stats.nba.com/cvp.html?GameID=0021200454&GameEventID=515,4,,Miami Heat,Heat Rebound,0:00
http://stats.nba.com/cvp.html?GameID=0021200454&GameEventID=519,5,,Orlando Magic,Jump Ball McRoberts vs. Bosh: Tip to James,5:00
http://stats.nba.com/cvp.html?GameID=0021200454&GameEventID=520,5,[ 101 - 99 ],Miami Heat,James 11' Jump Shot (28 PTS),4:40
http://stats.nba.com/cvp.html?GameID=0021200454&GameEventID=521,5,,Orlando Magic,MISS Turkoglu 20' Step Back Jump Shot,4:18
http://stats.nba.com/cvp.html?GameID=0021200454&GameEventID=522,5,,Miami Heat,Wade REBOUND (Off:1 Def:4),4:17
http://stats.nba.com/cvp.html?GameID=0021200454&GameEventID=523,5,[ 103 - 99 ],Miami Heat,James 7' Jump Shot (30 PTS),3:57
http://stats.nba.com/cvp.html?GameID=0021200454&GameEventID=524,5,,Miami Heat,Wade S.FOUL (P1.T1),3:37
http://stats.nba.com/cvp.html?GameID=0021200454&GameEventID=525,5,[ 103 - 100 ],Orlando Magic,Afflalo Free Throw 1 of 2 (27 PTS),3:37
http://stats.nba.com/cvp.html?GameID=0021200454&GameEventID=527,5,[ 103 - 101 ],Orlando Magic,Afflalo Free Throw 2 of 2 (28 PTS),3:37
http://stats.nba.com/cvp.html?GameID=0021200454&GameEventID=529,5,,Orlando Magic,Vucevic S.FOUL (P4.T1),3:19
http://stats.nba.com/cvp.html?GameID=0021200454&GameEventID=531,5,[ 104 - 101 ],Miami Heat,James Free Throw 1 of 2 (31 PTS),3:19
http://stats.nba.com/cvp.html?GameID=0021200454&GameEventID=533,5,[ 105 - 101 ],Miami Heat,James Free Throw 2 of 2 (32 PTS),3:19
http://stats.nba.com/cvp.html?GameID=0021200454&GameEventID=536,5,,Miami Heat,James S.FOUL (P2.T2),3:05
http://stats.nba.com/cvp.html?GameID=0021200454&GameEventID=537,5,[ 105 - 102 ],Orlando Magic,Vucevic Free Throw 1 of 2 (20 PTS),3:05
http://stats.nba.com/cvp.html?GameID=0021200454&GameEventID=539,5,,Orlando Magic,MISS Vucevic Free Throw 2 of 2,3:05
http://stats.nba.com/cvp.html?GameID=0021200454&GameEventID=541,5,,Miami Heat,Miller REBOUND (Off:1 Def:2),3:04
http://stats.nba.com/cvp.html?GameID=0021200454&GameEventID=542,5,,Orlando Magic,Vucevic BLOCK (2 BLK),2:46
http://stats.nba.com/cvp.html?GameID=0021200454&GameEventID=542,5,,Miami Heat,MISS Wade 13' Fadeaway Jumper,2:46
http://stats.nba.com/cvp.html?GameID=0021200454&GameEventID=543,5,,Orlando Magic,Turkoglu REBOUND (Off:0 Def:3),2:45
http://stats.nba.com/cvp.html?GameID=0021200454&GameEventID=544,5,[ 105 - 104 ],Orlando Magic,Redick 3' Driving Layup (21 PTS),2:36
http://stats.nba.com/cvp.html?GameID=0021200454&GameEventID=545,5,,Orlando Magic,Afflalo S.FOUL (P3.T2),2:26
http://stats.nba.com/cvp.html?GameID=0021200454&GameEventID=546,5,,Miami Heat,MISS Wade Free Throw 1 of 2,2:26
http://stats.nba.com/cvp.html?GameID=0021200454&GameEventID=548,5,,Miami Heat,Heat Rebound,2:26
http://stats.nba.com/cvp.html?GameID=0021200454&GameEventID=547,5,,Miami Heat,MISS Wade Free Throw 2 of 2,2:26
http://stats.nba.com/cvp.html?GameID=0021200454&GameEventID=550,5,,Orlando Magic,Vucevic REBOUND (Off:11 Def:17),2:25
http://stats.nba.com/cvp.html?GameID=0021200454&GameEventID=551,5,[ 105 - 106 ],Orlando Magic,Redick 2' Layup (23 PTS) (Afflalo 3 AST),2:11
http://stats.nba.com/cvp.html?GameID=0021200454&GameEventID=552,5,,Miami Heat,Heat Timeout: Regular (Reg.6 Short 3),2:11
http://stats.nba.com/cvp.html?GameID=0021200454&GameEventID=557,5,,Miami Heat,MISS James 17' Fadeaway Jumper,1:56
http://stats.nba.com/cvp.html?GameID=0021200454&GameEventID=558,5,,Miami Heat,James REBOUND (Off:1 Def:7),1:55
http://stats.nba.com/cvp.html?GameID=0021200454&GameEventID=559,5,,Miami Heat,MISS James 25' 3PT Jump Shot,1:51
http://stats.nba.com/cvp.html?GameID=0021200454&GameEventID=561,5,,Miami Heat,Wade REBOUND (Off:2 Def:4),1:51
http://stats.nba.com/cvp.html?GameID=0021200454&GameEventID=564,5,,Orlando Magic,Afflalo S.FOUL (P4.T3),1:51
http://stats.nba.com/cvp.html?GameID=0021200454&GameEventID=565,5,,Miami Heat,MISS Wade Free Throw 1 of 2,1:51
http://stats.nba.com/cvp.html?GameID=0021200454&GameEventID=568,5,,Miami Heat,Heat Rebound,1:51
http://stats.nba.com/cvp.html?GameID=0021200454&GameEventID=567,5,,Miami Heat,SUB: Chalmers FOR Miller,1:51
http://stats.nba.com/cvp.html?GameID=0021200454&GameEventID=569,5,[ 106 - 106 ],Miami Heat,Wade Free Throw 2 of 2 (19 PTS),1:51
http://stats.nba.com/cvp.html?GameID=0021200454&GameEventID=586,5,,Orlando Magic,MISS McRoberts 40' 3PT Jump Shot,1:26
http://stats.nba.com/cvp.html?GameID=0021200454&GameEventID=572,5,,Orlando Magic,MAGIC Rebound,1:25
http://stats.nba.com/cvp.html?GameID=0021200454&GameEventID=573,5,,Orlando Magic,MAGIC Turnover: Shot Clock (T#15),1:25
http://stats.nba.com/cvp.html?GameID=0021200454&GameEventID=575,5,,Miami Heat,SUB: Miller FOR Chalmers,1:25
http://stats.nba.com/cvp.html?GameID=0021200454&GameEventID=577,5,[ 108 - 106 ],Miami Heat,James 2' Driving Layup (34 PTS),1:07
http://stats.nba.com/cvp.html?GameID=0021200454&GameEventID=578,5,,Orlando Magic,Turkoglu Lost Ball Turnover (P5.T16),0:46
http://stats.nba.com/cvp.html?GameID=0021200454&GameEventID=578,5,,Miami Heat,Miller STEAL (1 STL),0:46
http://stats.nba.com/cvp.html?GameID=0021200454&GameEventID=579,5,,Miami Heat,MISS James 22' Jump Shot,0:22
http://stats.nba.com/cvp.html?GameID=0021200454&GameEventID=580,5,,Orlando Magic,Vucevic REBOUND (Off:11 Def:18),0:22
http://stats.nba.com/cvp.html?GameID=0021200454&GameEventID=581,5,,Orlando Magic,MAGIC Timeout: Regular (Full 5 Short 1),0:17
http://stats.nba.com/cvp.html?GameID=0021200454&GameEventID=583,5,,Miami Heat,SUB: Anthony FOR Miller,0:17
http://stats.nba.com/cvp.html?GameID=0021200454&GameEventID=585,5,,Orlando Magic,Redick Bad Pass Turnover (P3.T17),0:09
http://stats.nba.com/cvp.html?GameID=0021200454&GameEventID=585,5,,Miami Heat,Wade STEAL (2 STL),0:09
http://stats.nba.com/cvp.html?GameID=0021200454&GameEventID=587,5,[ 110 - 106 ],Miami Heat,Wade 1' Slam Dunk (21 PTS),0:06
http://stats.nba.com/cvp.html?GameID=0021200454&GameEventID=588,5,,Orlando Magic,MAGIC Timeout: Short (Full 5 Short 2),0:06
http://stats.nba.com/cvp.html?GameID=0021200454&GameEventID=590,5,,Miami Heat,SUB: Battier FOR Allen,0:06
http://stats.nba.com/cvp.html?GameID=0021200454&GameEventID=591,5,,Orlando Magic,MISS Afflalo 24' 3PT Jump Shot,0:03
http://stats.nba.com/cvp.html?GameID=0021200454&GameEventID=592,5,,Orlando Magic,McRoberts REBOUND (Off:2 Def:4),0:02
http://stats.nba.com/cvp.html?GameID=0021200454&GameEventID=593,5,[ 110 - 108 ],Orlando Magic,McRoberts 1' Layup (12 PTS),0:02
http://stats.nba.com/cvp.html?GameID=0021200454&GameEventID=594,5,,Orlando Magic,Afflalo P.FOUL (P5.PN),0:01
http://stats.nba.com/cvp.html?GameID=0021200454&GameEventID=595,5,[ 111 - 108 ],Miami Heat,James Free Throw 1 of 2 (35 PTS),0:01
http://stats.nba.com/cvp.html?GameID=0021200454&GameEventID=597,5,[ 112 - 108 ],Miami Heat,James Free Throw 2 of 2 (36 PTS),0:01
http://stats.nba.com/cvp.html?GameID=0021200454&GameEventID=600,5,,Orlando Magic,MAGIC Timeout: Short (Full 5 Short 3),0:01
http://stats.nba.com/cvp.html?GameID=0021200454&GameEventID=605,5,[ 112 - 110 ],Orlando Magic,Turkoglu 2' Layup (9 PTS) (Redick 5 AST),0:00
