a1, a2, a3, a4, a5, h1, h2, h3, h4, h5, quarter, time, team, eventtype, assist, awayjumpball, block, entered, homejumpball, left, numfreeshot, opponent, outof, player, points, possession, reason, result, steal, type, x, y, score, shotdistance, url 
,,,,,,,,,,1,11.36,Miami Heat,shot,,,,,,,,,,Bosh,,,,missed,,Driving Layup,,,,2,http://stats.nba.com/cvp.html?GameID=0021200880&GameEventID=2
,,,,,,,,,,1,11.34,New York Knicks,rebound,,,,,,,,,,Chandler,,,,,,,,,,,http://stats.nba.com/cvp.html?GameID=0021200880&GameEventID=3
,,,,,,,,,,1,11.17,Miami Heat,foul,,,,,,,,,,James,,,,,,Shooting,,,,,http://stats.nba.com/cvp.html?GameID=0021200880&GameEventID=4
,,,,,,,,,,1,11.17,New York Knicks,free throw,,,,,,,1,,2,Anthony,1,,foul,made,,,,,0-1,,http://stats.nba.com/cvp.html?GameID=0021200880&GameEventID=5
,,,,,,,,,,1,11.17,New York Knicks,free throw,,,,,,,2,,2,Anthony,1,,foul,made,,,,,0-2,,http://stats.nba.com/cvp.html?GameID=0021200880&GameEventID=7
,,,,,,,,,,1,11.12,Miami Heat,shot,,,,,,,,,,Chalmers,2,,,made,,Driving Layup,,,2-2,2,http://stats.nba.com/cvp.html?GameID=0021200880&GameEventID=9
,,,,,,,,,,1,11.12,New York Knicks,foul,,,,,,,,,,White,,,,,,Shooting,,,2-2,,http://stats.nba.com/cvp.html?GameID=0021200880&GameEventID=10
,,,,,,,,,,1,11.12,Miami Heat,free throw,,,,,,,1,,1,Chalmers,1,,foul,made,,,,,3-2,,http://stats.nba.com/cvp.html?GameID=0021200880&GameEventID=11
,,,,,,,,,,1,10.56,New York Knicks,turnover,,,,,,,,,,White,,,Traveling,,,,,,3-2,,http://stats.nba.com/cvp.html?GameID=0021200880&GameEventID=12
,,,,,,,,,,1,10.39,New York Knicks,foul,,,,,,,,,,White,,,,,,Personal,,,3-2,,http://stats.nba.com/cvp.html?GameID=0021200880&GameEventID=13
,,,,,,,,,,1,10.27,Miami Heat,turnover,,,,,,,,,,Chalmers,,,Bad Pass,,,,,,3-2,,http://stats.nba.com/cvp.html?GameID=0021200880&GameEventID=14
,,,,,,,,,,1,10.15,New York Knicks,shot,Felton,,,,,,,,,Anthony,3,,,made,,3PT Jump Shot,,,3-5,24,http://stats.nba.com/cvp.html?GameID=0021200880&GameEventID=15
,,,,,,,,,,1,9.47,Miami Heat,shot,,,,,,,,,,Bosh,,,,missed,,Jump Shot,,,3-5,8,http://stats.nba.com/cvp.html?GameID=0021200880&GameEventID=16
,,,,,,,,,,1,9.42,Miami Heat,rebound,,,,,,,,,,,,,,,,,,,3-5,,http://stats.nba.com/cvp.html?GameID=0021200880&GameEventID=18
,,,,,,,,,,1,9.42,New York Knicks,jumpball,,Haslem,,,Shumpert,,,,,,,,,,,,,,3-5,,http://stats.nba.com/cvp.html?GameID=0021200880&GameEventID=17
,,,,,,,,,,1,9.28,Miami Heat,shot,James,,,,,,,,,Haslem,2,,,made,,Jump Shot,,,5-5,18,http://stats.nba.com/cvp.html?GameID=0021200880&GameEventID=19
,,,,,,,,,,1,9.06,New York Knicks,shot,White,,,,,,,,,Anthony,2,,,made,,Jump Shot,,,5-7,17,http://stats.nba.com/cvp.html?GameID=0021200880&GameEventID=21
,,,,,,,,,,1,8.50,Miami Heat,shot,,,,,,,,,,Bosh,,,,missed,,3PT Jump Shot,,,5-7,24,http://stats.nba.com/cvp.html?GameID=0021200880&GameEventID=22
,,,,,,,,,,1,8.48,New York Knicks,rebound,,,,,,,,,,Shumpert,,,,,,,,,5-7,,http://stats.nba.com/cvp.html?GameID=0021200880&GameEventID=23
,,,,,,,,,,1,8.44,New York Knicks,shot,Shumpert,,,,,,,,,Chandler,2,,,made,,Dunk,,,5-9,1,http://stats.nba.com/cvp.html?GameID=0021200880&GameEventID=24
,,,,,,,,,,1,8.22,Miami Heat,shot,Wade,,,,,,,,,Bosh,2,,,made,,Layup,,,7-9,1,http://stats.nba.com/cvp.html?GameID=0021200880&GameEventID=25
,,,,,,,,,,1,8.10,New York Knicks,shot,,,,,,,,,,Shumpert,,,,missed,,3PT Jump Shot,,,7-9,,http://stats.nba.com/cvp.html?GameID=0021200880&GameEventID=26
,,,,,,,,,,1,8.08,Miami Heat,rebound,,,,,,,,,,James,,,,,,,,,7-9,,http://stats.nba.com/cvp.html?GameID=0021200880&GameEventID=27
,,,,,,,,,,1,8.00,Miami Heat,shot,,,,,,,,,,James,,,,missed,,Jump Shot,,,7-9,17,http://stats.nba.com/cvp.html?GameID=0021200880&GameEventID=28
,,,,,,,,,,1,7.59,New York Knicks,rebound,,,,,,,,,,Chandler,,,,,,,,,7-9,,http://stats.nba.com/cvp.html?GameID=0021200880&GameEventID=29
,,,,,,,,,,1,7.49,New York Knicks,shot,,,,,,,,,,Felton,,,,missed,,3PT Jump Shot,,,7-9,25,http://stats.nba.com/cvp.html?GameID=0021200880&GameEventID=30
,,,,,,,,,,1,7.47,Miami Heat,rebound,,,,,,,,,,Wade,,,,,,,,,7-9,,http://stats.nba.com/cvp.html?GameID=0021200880&GameEventID=31
,,,,,,,,,,1,7.33,Miami Heat,shot,,,,,,,,,,Bosh,,,,missed,,Jump Shot,,,7-9,13,http://stats.nba.com/cvp.html?GameID=0021200880&GameEventID=32
,,,,,,,,,,1,7.31,New York Knicks,rebound,,,,,,,,,,Chandler,,,,,,,,,7-9,,http://stats.nba.com/cvp.html?GameID=0021200880&GameEventID=33
,,,,,,,,,,1,7.26,New York Knicks,shot,,,,,,,,,,Felton,,,,missed,,Driving Reverse Layup,,,7-9,1,http://stats.nba.com/cvp.html?GameID=0021200880&GameEventID=34
,,,,,,,,,,1,7.25,Miami Heat,rebound,,,,,,,,,,Haslem,,,,,,,,,7-9,,http://stats.nba.com/cvp.html?GameID=0021200880&GameEventID=35
,,,,,,,,,,1,7.16,New York Knicks,foul,,,,,,,,,,White,,,,,,Shooting,,,7-9,,http://stats.nba.com/cvp.html?GameID=0021200880&GameEventID=36
,,,,,,,,,,1,7.16,Miami Heat,free throw,,,,,,,1,,2,James,1,,foul,made,,,,,8-9,,http://stats.nba.com/cvp.html?GameID=0021200880&GameEventID=37
,,,,,,,,,,1,7.16,New York Knicks,substitute,,,,Smith,,White,,,,,,,,,,,,,8-9,,http://stats.nba.com/cvp.html?GameID=0021200880&GameEventID=39
,,,,,,,,,,1,7.16,Miami Heat,free throw,,,,,,,2,,2,James,,,foul,missed,,,,,8-9,,http://stats.nba.com/cvp.html?GameID=0021200880&GameEventID=40
,,,,,,,,,,1,7.15,New York Knicks,rebound,,,,,,,,,,Smith,,,,,,,,,8-9,,http://stats.nba.com/cvp.html?GameID=0021200880&GameEventID=42
,,,,,,,,,,1,6.54,New York Knicks,shot,,,,,,,,,,Smith,,,,missed,,3PT Jump Shot,,,8-9,24,http://stats.nba.com/cvp.html?GameID=0021200880&GameEventID=43
,,,,,,,,,,1,6.52,Miami Heat,rebound,,,,,,,,,,Haslem,,,,,,,,,8-9,,http://stats.nba.com/cvp.html?GameID=0021200880&GameEventID=44
,,,,,,,,,,1,6.46,New York Knicks,foul,,,,,,,,,,Smith,,,,,,Personal,,,8-9,,http://stats.nba.com/cvp.html?GameID=0021200880&GameEventID=45
,,,,,,,,,,1,6.36,Miami Heat,shot,,,,,,,,,,Haslem,,,,missed,,Jump Shot,,,8-9,16,http://stats.nba.com/cvp.html?GameID=0021200880&GameEventID=46
,,,,,,,,,,1,6.34,New York Knicks,rebound,,,,,,,,,,Smith,,,,,,,,,8-9,,http://stats.nba.com/cvp.html?GameID=0021200880&GameEventID=47
,,,,,,,,,,1,6.26,New York Knicks,shot,Smith,,,,,,,,,Anthony,2,,,made,,Jump Shot,,,8-11,18,http://stats.nba.com/cvp.html?GameID=0021200880&GameEventID=48
,,,,,,,,,,1,6.19,Miami Heat,turnover,,,,,,,,,,Chalmers,,,Bad Pass,,,,,,8-11,,http://stats.nba.com/cvp.html?GameID=0021200880&GameEventID=49
,,,,,,,,,,1,6.13,New York Knicks,turnover,,,,,,,,,,Felton,,,Bad Pass,,,,,,8-11,,http://stats.nba.com/cvp.html?GameID=0021200880&GameEventID=50
,,,,,,,,,,1,6.08,Miami Heat,shot,Wade,,,,,,,,,James,2,,,made,,Alley Oop Dunk,,,10-11,1,http://stats.nba.com/cvp.html?GameID=0021200880&GameEventID=51
,,,,,,,,,,1,5.52,New York Knicks,shot,,,,,,,,,,Anthony,,,,missed,,3PT Jump Shot,,,10-11,25,http://stats.nba.com/cvp.html?GameID=0021200880&GameEventID=52
,,,,,,,,,,1,5.52,Miami Heat,rebound,,,,,,,,,,,,,,,,,,,10-11,,http://stats.nba.com/cvp.html?GameID=0021200880&GameEventID=53
,,,,,,,,,,1,5.52,New York Knicks,timeout,,,,,,,,,,,,,,,,,,,10-11,,http://stats.nba.com/cvp.html?GameID=0021200880&GameEventID=54
,,,,,,,,,,1,5.43,Miami Heat,shot,James,,,,,,,,,Wade,2,,,made,,Layup,,,12-11,2,http://stats.nba.com/cvp.html?GameID=0021200880&GameEventID=58
,,,,,,,,,,1,5.43,New York Knicks,foul,,,,,,,,,,Felton,,,,,,Shooting,,,12-11,,http://stats.nba.com/cvp.html?GameID=0021200880&GameEventID=59
,,,,,,,,,,1,5.43,Miami Heat,free throw,,,,,,,1,,1,Wade,1,,foul,made,,,,,13-11,,http://stats.nba.com/cvp.html?GameID=0021200880&GameEventID=60
,,,,,,,,,,1,5.29,New York Knicks,shot,,,,,,,,,,Smith,,,,missed,,3PT Jump Shot,,,13-11,,http://stats.nba.com/cvp.html?GameID=0021200880&GameEventID=61
,,,,,,,,,,1,5.27,Miami Heat,rebound,,,,,,,,,,James,,,,,,,,,13-11,,http://stats.nba.com/cvp.html?GameID=0021200880&GameEventID=62
,,,,,,,,,,1,5.18,Miami Heat,turnover,,,,,,,,,,Bosh,,,Bad Pass,,,,,,13-11,,http://stats.nba.com/cvp.html?GameID=0021200880&GameEventID=63
,,,,,,,,,,1,5.09,Miami Heat,foul,,,,,,,,,,Bosh,,,,,,Shooting,,,13-11,,http://stats.nba.com/cvp.html?GameID=0021200880&GameEventID=64
,,,,,,,,,,1,5.09,New York Knicks,free throw,,,,,,,1,,2,Felton,,,foul,missed,,,,,13-11,,http://stats.nba.com/cvp.html?GameID=0021200880&GameEventID=65
,,,,,,,,,,1,5.09,New York Knicks,rebound,,,,,,,,,,,,,,,,,,,13-11,,http://stats.nba.com/cvp.html?GameID=0021200880&GameEventID=66
,,,,,,,,,,1,5.09,New York Knicks,substitute,,,,Stoudemire,,Chandler,,,,,,,,,,,,,13-11,,http://stats.nba.com/cvp.html?GameID=0021200880&GameEventID=67
,,,,,,,,,,1,5.09,New York Knicks,free throw,,,,,,,2,,2,Felton,1,,foul,made,,,,,13-12,,http://stats.nba.com/cvp.html?GameID=0021200880&GameEventID=68
,,,,,,,,,,1,4.44,Miami Heat,shot,,,,,,,,,,James,,,,missed,,3PT Jump Shot,,,13-12,26,http://stats.nba.com/cvp.html?GameID=0021200880&GameEventID=70
,,,,,,,,,,1,4.42,Miami Heat,rebound,,,,,,,,,,Haslem,,,,,,,,,13-12,,http://stats.nba.com/cvp.html?GameID=0021200880&GameEventID=71
,,,,,,,,,,1,4.39,Miami Heat,shot,,,,,,,,,,James,,,,missed,,Driving Finger Roll Layup,,,13-12,1,http://stats.nba.com/cvp.html?GameID=0021200880&GameEventID=72
,,,,,,,,,,1,4.38,New York Knicks,rebound,,,,,,,,,,Smith,,,,,,,,,13-12,,http://stats.nba.com/cvp.html?GameID=0021200880&GameEventID=73
,,,,,,,,,,1,4.28,New York Knicks,shot,,,,,,,,,,Shumpert,,,,missed,,3PT Jump Shot,,,13-12,25,http://stats.nba.com/cvp.html?GameID=0021200880&GameEventID=74
,,,,,,,,,,1,4.26,Miami Heat,rebound,,,,,,,,,,Wade,,,,,,,,,13-12,,http://stats.nba.com/cvp.html?GameID=0021200880&GameEventID=75
,,,,,,,,,,1,4.15,Miami Heat,shot,Wade,,,,,,,,,Haslem,2,,,made,,Layup,,,15-12,1,http://stats.nba.com/cvp.html?GameID=0021200880&GameEventID=76
,,,,,,,,,,1,4.00,New York Knicks,shot,,,,,,,,,,Anthony,2,,,made,,Driving Finger Roll Layup,,,15-14,2,http://stats.nba.com/cvp.html?GameID=0021200880&GameEventID=77
,,,,,,,,,,1,3.46,Miami Heat,shot,Wade,,,,,,,,,James,2,,,made,,Alley Oop Dunk,,,17-14,1,http://stats.nba.com/cvp.html?GameID=0021200880&GameEventID=78
,,,,,,,,,,1,3.29,New York Knicks,turnover,,,,,,,,,,Felton,,,Lost Ball,,,,,,17-14,,http://stats.nba.com/cvp.html?GameID=0021200880&GameEventID=79
,,,,,,,,,,1,3.26,Miami Heat,turnover,,,,,,,,,,Bosh,,,Bad Pass,,,,,,17-14,,http://stats.nba.com/cvp.html?GameID=0021200880&GameEventID=80
,,,,,,,,,,1,3.22,Miami Heat,foul,,,,,,,,,,Haslem,,,,,,Shooting,,,17-14,,http://stats.nba.com/cvp.html?GameID=0021200880&GameEventID=81
,,,,,,,,,,1,3.22,New York Knicks,free throw,,,,,,,1,,2,Anthony,,,foul,missed,,,,,17-14,,http://stats.nba.com/cvp.html?GameID=0021200880&GameEventID=82
,,,,,,,,,,1,3.22,New York Knicks,rebound,,,,,,,,,,,,,,,,,,,17-14,,http://stats.nba.com/cvp.html?GameID=0021200880&GameEventID=83
,,,,,,,,,,1,3.22,Miami Heat,substitute,,,,Allen,,Wade,,,,,,,,,,,,,17-14,,http://stats.nba.com/cvp.html?GameID=0021200880&GameEventID=84
,,,,,,,,,,1,3.22,Miami Heat,substitute,,,,Battier,,Haslem,,,,,,,,,,,,,17-14,,http://stats.nba.com/cvp.html?GameID=0021200880&GameEventID=85
,,,,,,,,,,1,3.22,New York Knicks,substitute,,,,Kidd,,Felton,,,,,,,,,,,,,17-14,,http://stats.nba.com/cvp.html?GameID=0021200880&GameEventID=86
,,,,,,,,,,1,3.22,New York Knicks,free throw,,,,,,,2,,2,Anthony,1,,foul,made,,,,,17-15,,http://stats.nba.com/cvp.html?GameID=0021200880&GameEventID=87
,,,,,,,,,,1,3.19,Miami Heat,timeout,,,,,,,,,,,,,,,,,,,17-15,,http://stats.nba.com/cvp.html?GameID=0021200880&GameEventID=89
,,,,,,,,,,1,3.19,New York Knicks,substitute,,,,Novak,,Shumpert,,,,,,,,,,,,,17-15,,http://stats.nba.com/cvp.html?GameID=0021200880&GameEventID=92
,,,,,,,,,,1,3.07,Miami Heat,shot,,,,,,,,,,James,2,,,made,,Driving Layup,,,19-15,2,http://stats.nba.com/cvp.html?GameID=0021200880&GameEventID=93
,,,,,,,,,,1,2.44,Miami Heat,foul,,,,,,,,,,Battier,,,,,,Personal,,,19-15,,http://stats.nba.com/cvp.html?GameID=0021200880&GameEventID=94
,,,,,,,,,,1,2.44,Miami Heat,substitute,,,,Andersen,,Bosh,,,,,,,,,,,,,19-15,,http://stats.nba.com/cvp.html?GameID=0021200880&GameEventID=95
,,,,,,,,,,1,2.29,New York Knicks,shot,,,,,,,,,,Smith,2,,,made,,Step Back Jump Shot,,,19-17,19,http://stats.nba.com/cvp.html?GameID=0021200880&GameEventID=96
,,,,,,,,,,1,2.07,Miami Heat,shot,Allen,,,,,,,,,Battier,3,,,made,,3PT Jump Shot,,,22-17,24,http://stats.nba.com/cvp.html?GameID=0021200880&GameEventID=97
,,,,,,,,,,1,1.56,New York Knicks,shot,,,,,,,,,,Novak,,,,missed,,3PT Jump Shot,,,22-17,,http://stats.nba.com/cvp.html?GameID=0021200880&GameEventID=98
,,,,,,,,,,1,1.54,Miami Heat,rebound,,,,,,,,,,Allen,,,,,,,,,22-17,,http://stats.nba.com/cvp.html?GameID=0021200880&GameEventID=99
,,,,,,,,,,1,1.48,Miami Heat,shot,,,,,,,,,,James,,,,missed,,Layup,,,22-17,1,http://stats.nba.com/cvp.html?GameID=0021200880&GameEventID=100
,,,,,,,,,,1,1.46,New York Knicks,rebound,,,,,,,,,,Kidd,,,,,,,,,22-17,,http://stats.nba.com/cvp.html?GameID=0021200880&GameEventID=101
,,,,,,,,,,1,1.32,New York Knicks,shot,,,,,,,,,,Stoudemire,,,,missed,,Layup,,,22-17,1,http://stats.nba.com/cvp.html?GameID=0021200880&GameEventID=102
,,,,,,,,,,1,1.30,Miami Heat,rebound,,,,,,,,,,Chalmers,,,,,,,,,22-17,,http://stats.nba.com/cvp.html?GameID=0021200880&GameEventID=103
,,,,,,,,,,1,1.23,Miami Heat,turnover,,,,,,,,,,Chalmers,,,Bad Pass,,,,,,22-17,,http://stats.nba.com/cvp.html?GameID=0021200880&GameEventID=104
,,,,,,,,,,1,1.23,Miami Heat,substitute,,,,Cole,,Chalmers,,,,,,,,,,,,,22-17,,http://stats.nba.com/cvp.html?GameID=0021200880&GameEventID=105
,,,,,,,,,,1,1.09,Miami Heat,foul,,,,,,,,,,Battier,,,,,,Shooting,,,22-17,,http://stats.nba.com/cvp.html?GameID=0021200880&GameEventID=106
,,,,,,,,,,1,1.09,New York Knicks,free throw,,,,,,,1,,3,Anthony,1,,foul,made,,,,,22-18,,http://stats.nba.com/cvp.html?GameID=0021200880&GameEventID=107
,,,,,,,,,,1,1.09,New York Knicks,free throw,,,,,,,2,,3,Anthony,1,,foul,made,,,,,22-19,,http://stats.nba.com/cvp.html?GameID=0021200880&GameEventID=109
,,,,,,,,,,1,1.09,Miami Heat,substitute,,,,Lewis,,Battier,,,,,,,,,,,,,22-19,,http://stats.nba.com/cvp.html?GameID=0021200880&GameEventID=111
,,,,,,,,,,1,1.09,New York Knicks,free throw,,,,,,,3,,3,Anthony,1,,foul,made,,,,,22-20,,http://stats.nba.com/cvp.html?GameID=0021200880&GameEventID=112
,,,,,,,,,,1,0.55,Miami Heat,shot,,,,,,,,,,Lewis,,,,missed,,Hook Shot,,,22-20,3,http://stats.nba.com/cvp.html?GameID=0021200880&GameEventID=114
,,,,,,,,,,1,0.53,New York Knicks,rebound,,,,,,,,,,Kidd,,,,,,,,,22-20,,http://stats.nba.com/cvp.html?GameID=0021200880&GameEventID=115
,,,,,,,,,,1,0.41,New York Knicks,turnover,,,,,,,,,,Stoudemire,,,Lost Ball,,,,,,22-20,,http://stats.nba.com/cvp.html?GameID=0021200880&GameEventID=116
,,,,,,,,,,1,0.36,New York Knicks,foul,,,,,,,,,,Stoudemire,,,,,,Personal,,,22-20,,http://stats.nba.com/cvp.html?GameID=0021200880&GameEventID=117
,,,,,,,,,,1,0.36,Miami Heat,free throw,,,,,,,1,,2,Andersen,,,foul,missed,,,,,22-20,,http://stats.nba.com/cvp.html?GameID=0021200880&GameEventID=118
,,,,,,,,,,1,0.36,Miami Heat,rebound,,,,,,,,,,,,,,,,,,,22-20,,http://stats.nba.com/cvp.html?GameID=0021200880&GameEventID=119
,,,,,,,,,,1,0.36,Miami Heat,free throw,,,,,,,2,,2,Andersen,1,,foul,made,,,,,23-20,,http://stats.nba.com/cvp.html?GameID=0021200880&GameEventID=120
,,,,,,,,,,1,0.18,Miami Heat,foul,,,,,,,,,,Lewis,,,,,,Shooting,,,23-20,,http://stats.nba.com/cvp.html?GameID=0021200880&GameEventID=122
,,,,,,,,,,1,0.18,New York Knicks,free throw,,,,,,,1,,2,Anthony,1,,foul,made,,,,,23-21,,http://stats.nba.com/cvp.html?GameID=0021200880&GameEventID=123
,,,,,,,,,,1,0.18,New York Knicks,substitute,,,,Felton,,Novak,,,,,,,,,,,,,23-21,,http://stats.nba.com/cvp.html?GameID=0021200880&GameEventID=126
,,,,,,,,,,1,0.18,New York Knicks,free throw,,,,,,,2,,2,Anthony,1,,foul,made,,,,,23-22,,http://stats.nba.com/cvp.html?GameID=0021200880&GameEventID=127
,,,,,,,,,,1,0.03,Miami Heat,turnover,,,,,,,,,,James,,,Bad Pass,,,,,,23-22,,http://stats.nba.com/cvp.html?GameID=0021200880&GameEventID=129
,,,,,,,,,,1,0.00,New York Knicks,shot,,,,,,,,,,Smith,,,,missed,,Driving Layup,,,23-22,2,http://stats.nba.com/cvp.html?GameID=0021200880&GameEventID=130
,,,,,,,,,,1,0.00,New York Knicks,rebound,,,,,,,,,,,,,,,,,,,23-22,,http://stats.nba.com/cvp.html?GameID=0021200880&GameEventID=131
,,,,,,,,,,2,11.44,New York Knicks,shot,Kidd,,,,,,,,,Stoudemire,2,,,made,,Jump Shot,,,23-24,16,http://stats.nba.com/cvp.html?GameID=0021200880&GameEventID=135
,,,,,,,,,,2,11.21,Miami Heat,shot,,,,,,,,,,Lewis,,,,missed,,Jump Shot,,,23-24,21,http://stats.nba.com/cvp.html?GameID=0021200880&GameEventID=136
,,,,,,,,,,2,11.19,New York Knicks,rebound,,,,,,,,,,Novak,,,,,,,,,23-24,,http://stats.nba.com/cvp.html?GameID=0021200880&GameEventID=137
,,,,,,,,,,2,11.01,New York Knicks,turnover,,,,,,,,,,Kidd,,,Bad Pass,,,,,,23-24,,http://stats.nba.com/cvp.html?GameID=0021200880&GameEventID=139
,,,,,,,,,,2,10.54,Miami Heat,shot,,,,,,,,,,Wade,,,,missed,,Driving Layup,,,23-24,2,http://stats.nba.com/cvp.html?GameID=0021200880&GameEventID=140
,,,,,,,,,,2,10.53,Miami Heat,rebound,,,,,,,,,,,,,,,,,,,23-24,,http://stats.nba.com/cvp.html?GameID=0021200880&GameEventID=141
,,,,,,,,,,2,10.46,Miami Heat,foul,,,,,,,,,,,,,,,,,,,23-24,,http://stats.nba.com/cvp.html?GameID=0021200880&GameEventID=142
,,,,,,,,,,2,10.46,Miami Heat,turnover,,,,,,,,,,Cole,,,Foul,,,,,,23-24,,http://stats.nba.com/cvp.html?GameID=0021200880&GameEventID=143
,,,,,,,,,,2,10.33,New York Knicks,shot,Stoudemire,,,,,,,,,Kidd,3,,,made,,3PT Jump Shot,,,23-27,,http://stats.nba.com/cvp.html?GameID=0021200880&GameEventID=144
,,,,,,,,,,2,10.15,Miami Heat,shot,Lewis,,,,,,,,,Cole,2,,,made,,Jump Shot,,,25-27,21,http://stats.nba.com/cvp.html?GameID=0021200880&GameEventID=145
,,,,,,,,,,2,9.47,New York Knicks,shot,,,,,,,,,,Smith,,,,missed,,3PT Jump Shot,,,25-27,28,http://stats.nba.com/cvp.html?GameID=0021200880&GameEventID=146
,,,,,,,,,,2,9.46,Miami Heat,rebound,,,,,,,,,,Allen,,,,,,,,,25-27,,http://stats.nba.com/cvp.html?GameID=0021200880&GameEventID=147
,,,,,,,,,,2,9.39,Miami Heat,shot,,,,,,,,,,Wade,2,,,made,,Jump Shot,,,27-27,19,http://stats.nba.com/cvp.html?GameID=0021200880&GameEventID=148
,,,,,,,,,,2,9.18,New York Knicks,shot,Smith,,,,,,,,,Stoudemire,2,,,made,,Driving Dunk,,,27-29,1,http://stats.nba.com/cvp.html?GameID=0021200880&GameEventID=149
,,,,,,,,,,2,8.57,Miami Heat,shot,,,,,,,,,,Lewis,,,,missed,,Layup,,,27-29,2,http://stats.nba.com/cvp.html?GameID=0021200880&GameEventID=150
,,,,,,,,,,2,8.56,Miami Heat,rebound,,,,,,,,,,Andersen,,,,,,,,,27-29,,http://stats.nba.com/cvp.html?GameID=0021200880&GameEventID=152
,,,,,,,,,,2,8.56,Miami Heat,shot,,,,,,,,,,Andersen,,,,missed,,Tip Shot,,,27-29,2,http://stats.nba.com/cvp.html?GameID=0021200880&GameEventID=151
,,,,,,,,,,2,8.55,Miami Heat,rebound,,,,,,,,,,Wade,,,,,,,,,27-29,,http://stats.nba.com/cvp.html?GameID=0021200880&GameEventID=153
,,,,,,,,,,2,8.52,Miami Heat,shot,,,,,,,,,,Wade,,,,missed,,Jump Shot,,,27-29,17,http://stats.nba.com/cvp.html?GameID=0021200880&GameEventID=154
,,,,,,,,,,2,8.50,New York Knicks,rebound,,,,,,,,,,Smith,,,,,,,,,27-29,,http://stats.nba.com/cvp.html?GameID=0021200880&GameEventID=155
,,,,,,,,,,2,8.41,New York Knicks,turnover,,,,,,,,,,Stoudemire,,,Bad Pass,,,,,,27-29,,http://stats.nba.com/cvp.html?GameID=0021200880&GameEventID=156
,,,,,,,,,,2,8.35,Miami Heat,shot,,,,,,,,,,Allen,,,,missed,,Jump Bank Shot,,,27-29,6,http://stats.nba.com/cvp.html?GameID=0021200880&GameEventID=157
,,,,,,,,,,2,8.33,New York Knicks,rebound,,,,,,,,,,Chandler,,,,,,,,,27-29,,http://stats.nba.com/cvp.html?GameID=0021200880&GameEventID=158
,,,,,,,,,,2,8.30,New York Knicks,turnover,,,,,,,,,,Chandler,,,Bad Pass,,,,,,27-29,,http://stats.nba.com/cvp.html?GameID=0021200880&GameEventID=159
,,,,,,,,,,2,8.30,Miami Heat,substitute,,,,Bosh,,Andersen,,,,,,,,,,,,,27-29,,http://stats.nba.com/cvp.html?GameID=0021200880&GameEventID=162
,,,,,,,,,,2,8.30,New York Knicks,substitute,,,,Shumpert,,Smith,,,,,,,,,,,,,27-29,,http://stats.nba.com/cvp.html?GameID=0021200880&GameEventID=163
,,,,,,,,,,2,8.17,Miami Heat,shot,Cole,,,,,,,,,Allen,3,,,made,,3PT Jump Shot,,,30-29,25,http://stats.nba.com/cvp.html?GameID=0021200880&GameEventID=164
,,,,,,,,,,2,7.54,New York Knicks,shot,,,,,,,,,,Novak,,,,missed,,3PT Jump Shot,,,30-29,25,http://stats.nba.com/cvp.html?GameID=0021200880&GameEventID=165
,,,,,,,,,,2,7.52,New York Knicks,rebound,,,,,,,,,,Shumpert,,,,,,,,,30-29,,http://stats.nba.com/cvp.html?GameID=0021200880&GameEventID=166
,,,,,,,,,,2,7.48,New York Knicks,shot,,,,,,,,,,Shumpert,2,,,made,,Pullup Jump Shot,,,30-31,17,http://stats.nba.com/cvp.html?GameID=0021200880&GameEventID=167
,,,,,,,,,,2,7.27,Miami Heat,shot,,,,,,,,,,Bosh,,,,missed,,Running Layup,,,30-31,2,http://stats.nba.com/cvp.html?GameID=0021200880&GameEventID=168
,,,,,,,,,,2,7.25,New York Knicks,rebound,,,,,,,,,,Stoudemire,,,,,,,,,30-31,,http://stats.nba.com/cvp.html?GameID=0021200880&GameEventID=169
,,,,,,,,,,2,7.08,New York Knicks,shot,Novak,,,,,,,,,Kidd,3,,,made,,3PT Jump Shot,,,30-34,24,http://stats.nba.com/cvp.html?GameID=0021200880&GameEventID=170
,,,,,,,,,,2,6.50,New York Knicks,foul,,,,,,,,,,Novak,,,,,,Shooting,,,30-34,,http://stats.nba.com/cvp.html?GameID=0021200880&GameEventID=171
,,,,,,,,,,2,6.50,Miami Heat,free throw,,,,,,,1,,2,Allen,1,,foul,made,,,,,31-34,,http://stats.nba.com/cvp.html?GameID=0021200880&GameEventID=172
,,,,,,,,,,2,6.50,New York Knicks,substitute,,,,Anthony,,Novak,,,,,,,,,,,,,31-34,,http://stats.nba.com/cvp.html?GameID=0021200880&GameEventID=174
,,,,,,,,,,2,6.50,New York Knicks,substitute,,,,Felton,,Stoudemire,,,,,,,,,,,,,31-34,,http://stats.nba.com/cvp.html?GameID=0021200880&GameEventID=175
,,,,,,,,,,2,6.50,Miami Heat,substitute,,,,James,,Lewis,,,,,,,,,,,,,31-34,,http://stats.nba.com/cvp.html?GameID=0021200880&GameEventID=176
,,,,,,,,,,2,6.50,Miami Heat,free throw,,,,,,,2,,2,Allen,1,,foul,made,,,,,32-34,,http://stats.nba.com/cvp.html?GameID=0021200880&GameEventID=177
,,,,,,,,,,2,6.39,New York Knicks,shot,Kidd,,,,,,,,,Chandler,2,,,made,,Layup,,,32-36,2,http://stats.nba.com/cvp.html?GameID=0021200880&GameEventID=179
,,,,,,,,,,2,6.22,Miami Heat,shot,Cole,,,,,,,,,Wade,2,,,made,,Reverse Layup,,,34-36,2,http://stats.nba.com/cvp.html?GameID=0021200880&GameEventID=180
,,,,,,,,,,2,6.10,New York Knicks,shot,Felton,,,,,,,,,Kidd,3,,,made,,3PT Jump Shot,,,34-39,25,http://stats.nba.com/cvp.html?GameID=0021200880&GameEventID=181
,,,,,,,,,,2,5.54,New York Knicks,foul,,,,,,,,,,Shumpert,,,,,,Personal,,,34-39,,http://stats.nba.com/cvp.html?GameID=0021200880&GameEventID=182
,,,,,,,,,,2,5.54,New York Knicks,timeout,,,,,,,,,,,,,,,,,,,34-39,,http://stats.nba.com/cvp.html?GameID=0021200880&GameEventID=183
,,,,,,,,,,2,5.54,Miami Heat,substitute,,,,Chalmers,,Allen,,,,,,,,,,,,,34-39,,http://stats.nba.com/cvp.html?GameID=0021200880&GameEventID=185
,,,,,,,,,,2,5.54,Miami Heat,substitute,,,,Battier,,Cole,,,,,,,,,,,,,34-39,,http://stats.nba.com/cvp.html?GameID=0021200880&GameEventID=186
,,,,,,,,,,2,5.42,Miami Heat,shot,Wade,,,,,,,,,Battier,3,,,made,,3PT Jump Shot,,,37-39,,http://stats.nba.com/cvp.html?GameID=0021200880&GameEventID=188
,,,,,,,,,,2,5.21,New York Knicks,shot,,,,,,,,,,Shumpert,,,,missed,,3PT Jump Shot,,,37-39,,http://stats.nba.com/cvp.html?GameID=0021200880&GameEventID=189
,,,,,,,,,,2,5.20,New York Knicks,rebound,,,,,,,,,,,,,,,,,,,37-39,,http://stats.nba.com/cvp.html?GameID=0021200880&GameEventID=190
,,,,,,,,,,2,5.20,Miami Heat,foul,,,,,,,,,,Chalmers,,,,,,Loose ball,,,37-39,,http://stats.nba.com/cvp.html?GameID=0021200880&GameEventID=191
,,,,,,,,,,2,5.12,New York Knicks,shot,,,,,,,,,,Anthony,,,,missed,,Jump Shot,,,37-39,19,http://stats.nba.com/cvp.html?GameID=0021200880&GameEventID=192
,,,,,,,,,,2,5.11,New York Knicks,rebound,,,,,,,,,,Shumpert,,,,,,,,,37-39,,http://stats.nba.com/cvp.html?GameID=0021200880&GameEventID=193
,,,,,,,,,,2,5.09,New York Knicks,turnover,,,,,,,,,,Shumpert,,,Bad Pass,,,,,,37-39,,http://stats.nba.com/cvp.html?GameID=0021200880&GameEventID=194
,,,,,,,,,,2,5.00,Miami Heat,turnover,,,,,,,,,,Wade,,,Bad Pass,,,,,,37-39,,http://stats.nba.com/cvp.html?GameID=0021200880&GameEventID=195
,,,,,,,,,,2,4.49,New York Knicks,shot,Shumpert,,,,,,,,,Kidd,3,,,made,,3PT Jump Shot,,,37-42,25,http://stats.nba.com/cvp.html?GameID=0021200880&GameEventID=196
,,,,,,,,,,2,4.36,New York Knicks,foul,,,,,,,,,,Anthony,,,,,,Personal,,,37-42,,http://stats.nba.com/cvp.html?GameID=0021200880&GameEventID=197
,,,,,,,,,,2,4.23,Miami Heat,turnover,,,,,,,,,,Wade Out of Bounds,,,Lost Ball,,,,,,37-42,,http://stats.nba.com/cvp.html?GameID=0021200880&GameEventID=198
,,,,,,,,,,2,4.12,New York Knicks,turnover,,,,,,,,,,Kidd Out of Bounds,,,Lost Ball,,,,,,37-42,,http://stats.nba.com/cvp.html?GameID=0021200880&GameEventID=199
,,,,,,,,,,2,4.11,New York Knicks,foul,,,,,,,,,,Kidd,,,,,,Personal,,,37-42,,http://stats.nba.com/cvp.html?GameID=0021200880&GameEventID=200
,,,,,,,,,,2,3.55,Miami Heat,shot,,,,,,,,,,Wade,,,,missed,,Jump Bank Shot,,,37-42,8,http://stats.nba.com/cvp.html?GameID=0021200880&GameEventID=201
,,,,,,,,,,2,3.54,Miami Heat,rebound,,,,,,,,,,Chalmers,,,,,,,,,37-42,,http://stats.nba.com/cvp.html?GameID=0021200880&GameEventID=202
,,,,,,,,,,2,3.50,Miami Heat,shot,,,,,,,,,,Chalmers,3,,,made,,3PT Jump Shot,,,40-42,25,http://stats.nba.com/cvp.html?GameID=0021200880&GameEventID=203
,,,,,,,,,,2,3.41,Miami Heat,foul,,,,,,,,,,Chalmers,,,,,,Personal,,,40-42,,http://stats.nba.com/cvp.html?GameID=0021200880&GameEventID=204
,,,,,,,,,,2,3.41,Miami Heat,substitute,,,,Allen,,Wade,,,,,,,,,,,,,40-42,,http://stats.nba.com/cvp.html?GameID=0021200880&GameEventID=205
,,,,,,,,,,2,3.41,New York Knicks,substitute,,,,Smith,,Shumpert,,,,,,,,,,,,,40-42,,http://stats.nba.com/cvp.html?GameID=0021200880&GameEventID=206
,,,,,,,,,,2,3.32,New York Knicks,shot,,,,,,,,,,Anthony,2,,,made,,Turnaround Fadeaway,,,40-44,12,http://stats.nba.com/cvp.html?GameID=0021200880&GameEventID=207
,,,,,,,,,,2,3.16,Miami Heat,shot,,,,,,,,,,James,,,,missed,,Jump Shot,,,40-44,6,http://stats.nba.com/cvp.html?GameID=0021200880&GameEventID=208
,,,,,,,,,,2,3.15,New York Knicks,rebound,,,,,,,,,,Chandler,,,,,,,,,40-44,,http://stats.nba.com/cvp.html?GameID=0021200880&GameEventID=209
,,,,,,,,,,2,3.10,New York Knicks,shot,Anthony,,,,,,,,,Chandler,2,,,made,,Finger Roll Layup,,,40-46,2,http://stats.nba.com/cvp.html?GameID=0021200880&GameEventID=210
,,,,,,,,,,2,3.09,Miami Heat,timeout,,,,,,,,,,,,,,,,,,,40-46,,http://stats.nba.com/cvp.html?GameID=0021200880&GameEventID=211
,,,,,,,,,,2,3.06,Miami Heat,turnover,,,,,,,,,,Chalmers,,,Bad Pass,,,,,,40-46,,http://stats.nba.com/cvp.html?GameID=0021200880&GameEventID=215
,,,,,,,,,,2,2.59,New York Knicks,shot,Kidd,,,,,,,,,Smith,3,,,made,,3PT Jump Shot,,,40-49,24,http://stats.nba.com/cvp.html?GameID=0021200880&GameEventID=216
,,,,,,,,,,2,2.36,Miami Heat,shot,,,,,,,,,,Allen,2,,,made,,Driving Bank Shot,,,42-49,8,http://stats.nba.com/cvp.html?GameID=0021200880&GameEventID=217
,,,,,,,,,,2,2.20,New York Knicks,shot,,,,,,,,,,Anthony,2,,,made,,Jump Shot,,,42-51,18,http://stats.nba.com/cvp.html?GameID=0021200880&GameEventID=218
,,,,,,,,,,2,2.08,New York Knicks,foul,,,,,,,,,,Anthony,,,,,,Shooting,,,42-51,,http://stats.nba.com/cvp.html?GameID=0021200880&GameEventID=219
,,,,,,,,,,2,2.08,Miami Heat,free throw,,,,,,,1,,2,James,,,foul,missed,,,,,42-51,,http://stats.nba.com/cvp.html?GameID=0021200880&GameEventID=220
,,,,,,,,,,2,2.08,Miami Heat,rebound,,,,,,,,,,,,,,,,,,,42-51,,http://stats.nba.com/cvp.html?GameID=0021200880&GameEventID=222
,,,,,,,,,,2,2.08,Miami Heat,free throw,,,,,,,2,,2,James,1,,foul,made,,,,,43-51,,http://stats.nba.com/cvp.html?GameID=0021200880&GameEventID=221
,,,,,,,,,,2,1.45,New York Knicks,shot,Anthony,,,,,,,,,Chandler,2,,,made,,Alley Oop Dunk,,,43-53,1,http://stats.nba.com/cvp.html?GameID=0021200880&GameEventID=224
,,,,,,,,,,2,1.27,Miami Heat,shot,,,,,,,,,,James,,,,missed,,3PT Jump Shot,,,43-53,26,http://stats.nba.com/cvp.html?GameID=0021200880&GameEventID=225
,,,,,,,,,,2,1.25,New York Knicks,rebound,,,,,,,,,,Anthony,,,,,,,,,43-53,,http://stats.nba.com/cvp.html?GameID=0021200880&GameEventID=226
,,,,,,,,,,2,1.10,Miami Heat,foul,,,,,,,,,,Chalmers,,,,,,Shooting,,,43-53,,http://stats.nba.com/cvp.html?GameID=0021200880&GameEventID=227
,,,,,,,,,,2,1.10,New York Knicks,free throw,,,,,,,1,,3,Anthony,1,,foul,made,,,,,43-54,,http://stats.nba.com/cvp.html?GameID=0021200880&GameEventID=228
,,,,,,,,,,2,1.10,New York Knicks,free throw,,,,,,,2,,3,Anthony,1,,foul,made,,,,,43-55,,http://stats.nba.com/cvp.html?GameID=0021200880&GameEventID=230
,,,,,,,,,,2,1.10,New York Knicks,substitute,,,,Shumpert,,Kidd,,,,,,,,,,,,,43-55,,http://stats.nba.com/cvp.html?GameID=0021200880&GameEventID=232
,,,,,,,,,,2,1.10,Miami Heat,substitute,,,,Cole,,Chalmers,,,,,,,,,,,,,43-55,,http://stats.nba.com/cvp.html?GameID=0021200880&GameEventID=233
,,,,,,,,,,2,1.10,Miami Heat,substitute,,,,Wade,,Battier,,,,,,,,,,,,,43-55,,http://stats.nba.com/cvp.html?GameID=0021200880&GameEventID=234
,,,,,,,,,,2,1.10,New York Knicks,free throw,,,,,,,3,,3,Anthony,1,,foul,made,,,,,43-56,,http://stats.nba.com/cvp.html?GameID=0021200880&GameEventID=235
,,,,,,,,,,2,0.58,Miami Heat,turnover,,,,,,,,,,James,,,Lost Ball,,,,,,43-56,,http://stats.nba.com/cvp.html?GameID=0021200880&GameEventID=237
,,,,,,,,,,2,0.53,New York Knicks,shot,,,,,,,,,,Smith,2,,,made,,Driving Layup,,,43-58,1,http://stats.nba.com/cvp.html?GameID=0021200880&GameEventID=238
,,,,,,,,,,2,0.53,New York Knicks,violation,,,,,,,,,,KNICKS,,, Delay of game Violation,,,,,,43-58,,http://stats.nba.com/cvp.html?GameID=0021200880&GameEventID=239
,,,,,,,,,,2,0.39,Miami Heat,turnover,,,,,,,,,,Allen,,,Bad Pass,,,,,,43-58,,http://stats.nba.com/cvp.html?GameID=0021200880&GameEventID=240
,,,,,,,,,,2,0.36,Miami Heat,foul,,,,,,,,,,Allen,,,,,,Shooting,,,43-58,,http://stats.nba.com/cvp.html?GameID=0021200880&GameEventID=241
,,,,,,,,,,2,0.36,New York Knicks,free throw,,,,,,,1,,2,Shumpert,1,,foul,made,,,,,43-59,,http://stats.nba.com/cvp.html?GameID=0021200880&GameEventID=242
,,,,,,,,,,2,0.36,New York Knicks,substitute,,,,White,,Anthony,,,,,,,,,,,,,43-59,,http://stats.nba.com/cvp.html?GameID=0021200880&GameEventID=244
,,,,,,,,,,2,0.36,New York Knicks,free throw,,,,,,,2,,2,Shumpert,,,foul,missed,,,,,43-59,,http://stats.nba.com/cvp.html?GameID=0021200880&GameEventID=245
,,,,,,,,,,2,0.35,Miami Heat,rebound,,,,,,,,,,James,,,,,,,,,43-59,,http://stats.nba.com/cvp.html?GameID=0021200880&GameEventID=247
,,,,,,,,,,2,0.32,Miami Heat,timeout,,,,,,,,,,,,,,,,,,,43-59,,http://stats.nba.com/cvp.html?GameID=0021200880&GameEventID=248
,,,,,,,,,,2,0.25,Miami Heat,shot,Wade,,,,,,,,,James,2,,,made,,Driving Slam Dunk,,,45-59,2,http://stats.nba.com/cvp.html?GameID=0021200880&GameEventID=252
,,,,,,,,,,2,0.21,New York Knicks,timeout,,,,,,,,,,,,,,,,,,,45-59,,http://stats.nba.com/cvp.html?GameID=0021200880&GameEventID=253
,,,,,,,,,,2,0.21,New York Knicks,substitute,,,,Novak,,White,,,,,,,,,,,,,45-59,,http://stats.nba.com/cvp.html?GameID=0021200880&GameEventID=255
,,,,,,,,,,2,0.21,New York Knicks,substitute,,,,Kidd,,Shumpert,,,,,,,,,,,,,45-59,,http://stats.nba.com/cvp.html?GameID=0021200880&GameEventID=256
,,,,,,,,,,2,0.04,New York Knicks,shot,,,,,,,,,,Kidd,,,,missed,,3PT Jump Shot,,,45-59,,http://stats.nba.com/cvp.html?GameID=0021200880&GameEventID=257
,,,,,,,,,,2,0.02,Miami Heat,rebound,,,,,,,,,,Wade,,,,,,,,,45-59,,http://stats.nba.com/cvp.html?GameID=0021200880&GameEventID=258
,,,,,,,,,,2,0.00,Miami Heat,shot,,,,,,,,,,Wade,,,,missed,,3PT Jump Shot,,,45-59,57,http://stats.nba.com/cvp.html?GameID=0021200880&GameEventID=259
,,,,,,,,,,2,0.00,Miami Heat,rebound,,,,,,,,,,,,,,,,,,,45-59,,http://stats.nba.com/cvp.html?GameID=0021200880&GameEventID=260
,,,,,,,,,,3,11.52,Miami Heat,foul,,,,,,,,,,Bosh,,,,,,Personal,,,45-59,,http://stats.nba.com/cvp.html?GameID=0021200880&GameEventID=264
,,,,,,,,,,3,11.40,New York Knicks,shot,,,,,,,,,,White,,,,missed,,Driving Jump Shot,,,45-59,13,http://stats.nba.com/cvp.html?GameID=0021200880&GameEventID=265
,,,,,,,,,,3,11.38,Miami Heat,rebound,,,,,,,,,,Wade,,,,,,,,,45-59,,http://stats.nba.com/cvp.html?GameID=0021200880&GameEventID=266
,,,,,,,,,,3,11.26,Miami Heat,shot,Wade,,,,,,,,,Bosh,2,,,made,,Layup,,,47-59,1,http://stats.nba.com/cvp.html?GameID=0021200880&GameEventID=267
,,,,,,,,,,3,11.26,New York Knicks,foul,,,,,,,,,,Anthony,,,,,,Shooting,,,47-59,,http://stats.nba.com/cvp.html?GameID=0021200880&GameEventID=268
,,,,,,,,,,3,11.26,Miami Heat,free throw,,,,,,,1,,1,Bosh,1,,foul,made,,,,,48-59,,http://stats.nba.com/cvp.html?GameID=0021200880&GameEventID=269
,,,,,,,,,,3,11.12,New York Knicks,shot,,,,,,,,,,Felton,,,,missed,,Driving Layup,,,48-59,2,http://stats.nba.com/cvp.html?GameID=0021200880&GameEventID=271
,,,,,,,,,,3,11.10,New York Knicks,rebound,,,,,,,,,,Chandler,,,,,,,,,48-59,,http://stats.nba.com/cvp.html?GameID=0021200880&GameEventID=278
,,,,,,,,,,3,11.10,New York Knicks,shot,,,,,,,,,,Chandler,,,,missed,,Tip Shot,,,48-59,2,http://stats.nba.com/cvp.html?GameID=0021200880&GameEventID=280
,,,,,,,,,,3,11.08,Miami Heat,rebound,,,,,,,,,,Haslem,,,,,,,,,48-59,,http://stats.nba.com/cvp.html?GameID=0021200880&GameEventID=272
,,,,,,,,,,3,10.59,New York Knicks,foul,,,,,,,,,,Shumpert,,,,,,Shooting,,,48-59,,http://stats.nba.com/cvp.html?GameID=0021200880&GameEventID=273
,,,,,,,,,,3,10.59,Miami Heat,free throw,,,,,,,1,,2,Wade,1,,foul,made,,,,,49-59,,http://stats.nba.com/cvp.html?GameID=0021200880&GameEventID=274
,,,,,,,,,,3,10.59,Miami Heat,free throw,,,,,,,2,,2,Wade,1,,foul,made,,,,,50-59,,http://stats.nba.com/cvp.html?GameID=0021200880&GameEventID=276
,,,,,,,,,,3,10.41,Miami Heat,foul,,,,,,,,,,Haslem,,,,,,Shooting Block,,,50-59,,http://stats.nba.com/cvp.html?GameID=0021200880&GameEventID=279
,,,,,,,,,,3,10.41,New York Knicks,free throw,,,,,,,1,,2,Chandler,1,,foul,made,,,,,50-60,,http://stats.nba.com/cvp.html?GameID=0021200880&GameEventID=281
,,,,,,,,,,3,10.41,New York Knicks,free throw,,,,,,,2,,2,Chandler,1,,foul,made,,,,,50-61,,http://stats.nba.com/cvp.html?GameID=0021200880&GameEventID=283
,,,,,,,,,,3,10.23,Miami Heat,shot,,,,,,,,,,Wade,,,,missed,,Jump Shot,,,50-61,17,http://stats.nba.com/cvp.html?GameID=0021200880&GameEventID=285
,,,,,,,,,,3,10.22,New York Knicks,rebound,,,,,,,,,,White,,,,,,,,,50-61,,http://stats.nba.com/cvp.html?GameID=0021200880&GameEventID=286
,,,,,,,,,,3,10.14,New York Knicks,shot,,,,,,,,,,Anthony,,,,missed,,Jump Shot,,,50-61,20,http://stats.nba.com/cvp.html?GameID=0021200880&GameEventID=288
,,,,,,,,,,3,10.12,New York Knicks,rebound,,,,,,,,,,White,,,,,,,,,50-61,,http://stats.nba.com/cvp.html?GameID=0021200880&GameEventID=289
,,,,,,,,,,3,10.09,New York Knicks,turnover,,,,,,,,,,White,,,Bad Pass,,,,,,50-61,,http://stats.nba.com/cvp.html?GameID=0021200880&GameEventID=290
,,,,,,,,,,3,10.03,Miami Heat,shot,,,,,,,,,,Wade,,,,missed,,Driving Layup,,,50-61,3,http://stats.nba.com/cvp.html?GameID=0021200880&GameEventID=292
,,,,,,,,,,3,10.02,Miami Heat,rebound,,,,,,,,,,James,,,,,,,,,50-61,,http://stats.nba.com/cvp.html?GameID=0021200880&GameEventID=294
,,,,,,,,,,3,10.02,Miami Heat,shot,,,,,,,,,,James,2,,,made,,Putback Dunk,,,52-61,1,http://stats.nba.com/cvp.html?GameID=0021200880&GameEventID=293
,,,,,,,,,,3,9.48,New York Knicks,shot,,,,,,,,,,Felton,2,,,made,,Jump Shot,,,52-63,17,http://stats.nba.com/cvp.html?GameID=0021200880&GameEventID=295
,,,,,,,,,,3,9.30,Miami Heat,shot,,,,,,,,,,Bosh,2,,,made,,Jump Shot,,,54-63,18,http://stats.nba.com/cvp.html?GameID=0021200880&GameEventID=296
,,,,,,,,,,3,9.12,New York Knicks,turnover,,,,,,,,,,Shumpert,,,Step Out of Bounds,,,,,,54-63,,http://stats.nba.com/cvp.html?GameID=0021200880&GameEventID=297
,,,,,,,,,,3,9.12,New York Knicks,substitute,,,,Smith,,White,,,,,,,,,,,,,54-63,,http://stats.nba.com/cvp.html?GameID=0021200880&GameEventID=298
,,,,,,,,,,3,9.00,Miami Heat,timeout,,,,,,,,,,,,,,,,,,,54-63,,http://stats.nba.com/cvp.html?GameID=0021200880&GameEventID=299
,,,,,,,,,,3,8.53,Miami Heat,shot,,,,,,,,,,Bosh,2,,,made,,Layup,,,56-63,2,http://stats.nba.com/cvp.html?GameID=0021200880&GameEventID=300
,,,,,,,,,,3,8.32,New York Knicks,shot,,,,,,,,,,Smith,,,,missed,,3PT Jump Shot,,,56-63,,http://stats.nba.com/cvp.html?GameID=0021200880&GameEventID=301
,,,,,,,,,,3,8.30,Miami Heat,rebound,,,,,,,,,,James,,,,,,,,,56-63,,http://stats.nba.com/cvp.html?GameID=0021200880&GameEventID=302
,,,,,,,,,,3,8.24,New York Knicks,foul,,,,,,,,,,Smith,,,,,,Personal,,,56-63,,http://stats.nba.com/cvp.html?GameID=0021200880&GameEventID=303
,,,,,,,,,,3,8.15,Miami Heat,shot,,,,,,,,,,Haslem,,,,missed,,Jump Shot,,,56-63,9,http://stats.nba.com/cvp.html?GameID=0021200880&GameEventID=304
,,,,,,,,,,3,8.14,New York Knicks,rebound,,,,,,,,,,Smith,,,,,,,,,56-63,,http://stats.nba.com/cvp.html?GameID=0021200880&GameEventID=305
,,,,,,,,,,3,8.02,New York Knicks,shot,,,,,,,,,,Felton,,,,missed,,Driving Layup,,,56-63,2,http://stats.nba.com/cvp.html?GameID=0021200880&GameEventID=306
,,,,,,,,,,3,8.00,New York Knicks,rebound,,,,,,,,,,Felton,,,,,,,,,56-63,,http://stats.nba.com/cvp.html?GameID=0021200880&GameEventID=307
,,,,,,,,,,3,7.58,New York Knicks,shot,,,,,,,,,,Anthony,,,,missed,,3PT Jump Shot,,,56-63,,http://stats.nba.com/cvp.html?GameID=0021200880&GameEventID=308
,,,,,,,,,,3,7.56,Miami Heat,rebound,,,,,,,,,,Haslem,,,,,,,,,56-63,,http://stats.nba.com/cvp.html?GameID=0021200880&GameEventID=309
,,,,,,,,,,3,7.54,New York Knicks,foul,,,,,,,,,,Smith,,,,,,Personal,,,56-63,,http://stats.nba.com/cvp.html?GameID=0021200880&GameEventID=310
,,,,,,,,,,3,7.54,New York Knicks,substitute,,,,Kidd,,Shumpert,,,,,,,,,,,,,56-63,,http://stats.nba.com/cvp.html?GameID=0021200880&GameEventID=311
,,,,,,,,,,3,7.51,Miami Heat,shot,Chalmers,,,,,,,,,James,2,,,made,,Jump Shot,,,58-63,19,http://stats.nba.com/cvp.html?GameID=0021200880&GameEventID=312
,,,,,,,,,,3,7.38,New York Knicks,turnover,,,,,,,,,,Felton,,,Bad Pass,,,,,,58-63,,http://stats.nba.com/cvp.html?GameID=0021200880&GameEventID=313
,,,,,,,,,,3,7.27,Miami Heat,shot,,,,,,,,,,Bosh,,,,missed,,Jump Shot,,,58-63,17,http://stats.nba.com/cvp.html?GameID=0021200880&GameEventID=314
,,,,,,,,,,3,7.26,New York Knicks,rebound,,,,,,,,,,Smith,,,,,,,,,58-63,,http://stats.nba.com/cvp.html?GameID=0021200880&GameEventID=315
,,,,,,,,,,3,7.16,New York Knicks,shot,,,,,,,,,,Anthony,,,,missed,,Layup,,,58-63,1,http://stats.nba.com/cvp.html?GameID=0021200880&GameEventID=316
,,,,,,,,,,3,7.14,Miami Heat,rebound,,,,,,,,,,Haslem,,,,,,,,,58-63,,http://stats.nba.com/cvp.html?GameID=0021200880&GameEventID=317
,,,,,,,,,,3,7.08,Miami Heat,shot,,,,,,,,,,Chalmers,,,,missed,,3PT Jump Shot,,,58-63,25,http://stats.nba.com/cvp.html?GameID=0021200880&GameEventID=318
,,,,,,,,,,3,7.06,New York Knicks,rebound,,,,,,,,,,Smith,,,,,,,,,58-63,,http://stats.nba.com/cvp.html?GameID=0021200880&GameEventID=319
,,,,,,,,,,3,6.58,New York Knicks,shot,,,,,,,,,,Smith,,,,missed,,3PT Jump Shot,,,58-63,24,http://stats.nba.com/cvp.html?GameID=0021200880&GameEventID=320
,,,,,,,,,,3,6.57,Miami Heat,rebound,,,,,,,,,,Chalmers,,,,,,,,,58-63,,http://stats.nba.com/cvp.html?GameID=0021200880&GameEventID=321
,,,,,,,,,,3,6.52,New York Knicks,foul,,,,,,,,,,Kidd,,,,,,Shooting,,,58-63,,http://stats.nba.com/cvp.html?GameID=0021200880&GameEventID=322
,,,,,,,,,,3,6.52,Miami Heat,free throw,,,,,,,1,,2,Bosh,1,,foul,made,,,,,59-63,,http://stats.nba.com/cvp.html?GameID=0021200880&GameEventID=323
,,,,,,,,,,3,6.52,New York Knicks,substitute,,,,Stoudemire,,Felton,,,,,,,,,,,,,59-63,,http://stats.nba.com/cvp.html?GameID=0021200880&GameEventID=325
,,,,,,,,,,3,6.52,Miami Heat,free throw,,,,,,,2,,2,Bosh,,,foul,missed,,,,,59-63,,http://stats.nba.com/cvp.html?GameID=0021200880&GameEventID=326
,,,,,,,,,,3,6.51,New York Knicks,rebound,,,,,,,,,,Smith,,,,,,,,,59-63,,http://stats.nba.com/cvp.html?GameID=0021200880&GameEventID=328
,,,,,,,,,,3,6.42,Miami Heat,foul,,,,,,,,,,Bosh,,,,,,Shooting,,,59-63,,http://stats.nba.com/cvp.html?GameID=0021200880&GameEventID=329
,,,,,,,,,,3,6.42,New York Knicks,free throw,,,,,,,1,,2,Anthony,1,,foul,made,,,,,59-64,,http://stats.nba.com/cvp.html?GameID=0021200880&GameEventID=330
,,,,,,,,,,3,6.42,New York Knicks,free throw,,,,,,,2,,2,Anthony,1,,foul,made,,,,,59-65,,http://stats.nba.com/cvp.html?GameID=0021200880&GameEventID=332
,,,,,,,,,,3,6.26,Miami Heat,shot,,,,,,,,,,Chalmers,,,,missed,,3PT Jump Shot,,,59-65,,http://stats.nba.com/cvp.html?GameID=0021200880&GameEventID=334
,,,,,,,,,,3,6.24,New York Knicks,rebound,,,,,,,,,,Anthony,,,,,,,,,59-65,,http://stats.nba.com/cvp.html?GameID=0021200880&GameEventID=335
,,,,,,,,,,3,6.21,New York Knicks,shot,,,,,,,,,,Anthony,2,,,made,,Driving Layup,,,59-67,1,http://stats.nba.com/cvp.html?GameID=0021200880&GameEventID=336
,,,,,,,,,,3,6.04,Miami Heat,turnover,,,,,,,,,,Wade,,,Lost Ball,,,,,,59-67,,http://stats.nba.com/cvp.html?GameID=0021200880&GameEventID=337
,,,,,,,,,,3,5.58,New York Knicks,shot,Kidd,,,,,,,,,Smith,3,,,made,,3PT Jump Shot,,,59-70,26,http://stats.nba.com/cvp.html?GameID=0021200880&GameEventID=338
,,,,,,,,,,3,5.55,Miami Heat,timeout,,,,,,,,,,,,,,,,,,,59-70,,http://stats.nba.com/cvp.html?GameID=0021200880&GameEventID=339
,,,,,,,,,,3,5.39,Miami Heat,shot,James,,,,,,,,,Wade,2,,,made,,Layup,,,61-70,1,http://stats.nba.com/cvp.html?GameID=0021200880&GameEventID=342
,,,,,,,,,,3,5.18,New York Knicks,shot,,,,,,,,,,Smith,,,,missed,,3PT Jump Shot,,,61-70,25,http://stats.nba.com/cvp.html?GameID=0021200880&GameEventID=343
,,,,,,,,,,3,5.16,Miami Heat,rebound,,,,,,,,,,Chalmers,,,,,,,,,61-70,,http://stats.nba.com/cvp.html?GameID=0021200880&GameEventID=344
,,,,,,,,,,3,5.08,Miami Heat,shot,,,,,,,,,,Bosh,,,,missed,,Jump Shot,,,61-70,20,http://stats.nba.com/cvp.html?GameID=0021200880&GameEventID=345
,,,,,,,,,,3,5.06,New York Knicks,rebound,,,,,,,,,,Kidd,,,,,,,,,61-70,,http://stats.nba.com/cvp.html?GameID=0021200880&GameEventID=346
,,,,,,,,,,3,4.58,New York Knicks,shot,,,,,,,,,,Anthony,,,,missed,,Layup,,,61-70,3,http://stats.nba.com/cvp.html?GameID=0021200880&GameEventID=347
,,,,,,,,,,3,4.57,New York Knicks,rebound,,,,,,,,,,Chandler,,,,,,,,,61-70,,http://stats.nba.com/cvp.html?GameID=0021200880&GameEventID=349
,,,,,,,,,,3,4.57,New York Knicks,shot,,,,,,,,,,Chandler,,,,missed,,Tip Shot,,,61-70,1,http://stats.nba.com/cvp.html?GameID=0021200880&GameEventID=348
,,,,,,,,,,3,4.56,Miami Heat,rebound,,,,,,,,,,,,,,,,,,,61-70,,http://stats.nba.com/cvp.html?GameID=0021200880&GameEventID=350
,,,,,,,,,,3,4.45,Miami Heat,shot,,,,,,,,,,James,2,,,made,,Jump Shot,,,63-70,16,http://stats.nba.com/cvp.html?GameID=0021200880&GameEventID=352
,,,,,,,,,,3,4.21,Miami Heat,foul,,,,,,,,,,Chalmers,,,,,,Personal,,,63-70,,http://stats.nba.com/cvp.html?GameID=0021200880&GameEventID=353
,,,,,,,,,,3,4.21,Miami Heat,substitute,,,,Battier,,Haslem,,,,,,,,,,,,,63-70,,http://stats.nba.com/cvp.html?GameID=0021200880&GameEventID=354
,,,,,,,,,,3,4.21,New York Knicks,substitute,,,,Novak,,Chandler,,,,,,,,,,,,,63-70,,http://stats.nba.com/cvp.html?GameID=0021200880&GameEventID=355
,,,,,,,,,,3,4.21,Miami Heat,substitute,,,,Allen,,Chalmers,,,,,,,,,,,,,63-70,,http://stats.nba.com/cvp.html?GameID=0021200880&GameEventID=356
,,,,,,,,,,3,4.07,New York Knicks,shot,,,,,,,,,,Anthony,,,,missed,,Turnaround Jump Shot,,,63-70,16,http://stats.nba.com/cvp.html?GameID=0021200880&GameEventID=357
,,,,,,,,,,3,4.06,Miami Heat,rebound,,,,,,,,,,Allen,,,,,,,,,63-70,,http://stats.nba.com/cvp.html?GameID=0021200880&GameEventID=358
,,,,,,,,,,3,3.54,Miami Heat,shot,,,,,,,,,,Bosh,,,,missed,,Hook Shot,,,63-70,3,http://stats.nba.com/cvp.html?GameID=0021200880&GameEventID=359
,,,,,,,,,,3,3.52,New York Knicks,rebound,,,,,,,,,,,,,,,,,,,63-70,,http://stats.nba.com/cvp.html?GameID=0021200880&GameEventID=360
,,,,,,,,,,3,3.35,New York Knicks,shot,,,,,,,,,,Kidd,2,,,made,,Driving Layup,,,63-72,1,http://stats.nba.com/cvp.html?GameID=0021200880&GameEventID=361
,,,,,,,,,,3,3.20,Miami Heat,shot,,,,,,,,,,Wade,,,,missed,,Turnaround Jump Shot,,,63-72,17,http://stats.nba.com/cvp.html?GameID=0021200880&GameEventID=362
,,,,,,,,,,3,3.18,New York Knicks,rebound,,,,,,,,,,Novak,,,,,,,,,63-72,,http://stats.nba.com/cvp.html?GameID=0021200880&GameEventID=363
,,,,,,,,,,3,3.10,New York Knicks,shot,,,,,,,,,,Novak,,,,missed,,3PT Jump Shot,,,63-72,25,http://stats.nba.com/cvp.html?GameID=0021200880&GameEventID=364
,,,,,,,,,,3,3.08,Miami Heat,rebound,,,,,,,,,,James,,,,,,,,,63-72,,http://stats.nba.com/cvp.html?GameID=0021200880&GameEventID=365
,,,,,,,,,,3,2.47,Miami Heat,shot,,,,,,,,,,James,,,,missed,,Jump Shot,,,63-72,10,http://stats.nba.com/cvp.html?GameID=0021200880&GameEventID=366
,,,,,,,,,,3,2.44,New York Knicks,rebound,,,,,,,,,,Kidd,,,,,,,,,63-72,,http://stats.nba.com/cvp.html?GameID=0021200880&GameEventID=367
,,,,,,,,,,3,2.39,New York Knicks,shot,Kidd,,,,,,,,,Stoudemire,2,,,made,,Slam Dunk,,,63-74,1,http://stats.nba.com/cvp.html?GameID=0021200880&GameEventID=368
,,,,,,,,,,3,2.10,Miami Heat,shot,,,,,,,,,,Wade,2,,,made,,Fadeaway Jumper,,,65-74,16,http://stats.nba.com/cvp.html?GameID=0021200880&GameEventID=369
,,,,,,,,,,3,2.00,New York Knicks,shot,Anthony,,,,,,,,,Stoudemire,2,,,made,,Slam Dunk,,,65-76,,http://stats.nba.com/cvp.html?GameID=0021200880&GameEventID=370
,,,,,,,,,,3,1.39,Miami Heat,shot,,,,,,,,,,Wade,2,,,made,,Driving Layup,,,67-76,1,http://stats.nba.com/cvp.html?GameID=0021200880&GameEventID=371
,,,,,,,,,,3,1.25,Miami Heat,foul,,,,,,,,,,Battier,,,,,,Shooting,,,67-76,,http://stats.nba.com/cvp.html?GameID=0021200880&GameEventID=372
,,,,,,,,,,3,1.25,New York Knicks,timeout,,,,,,,,,,,,,,,,,,,67-76,,http://stats.nba.com/cvp.html?GameID=0021200880&GameEventID=373
,,,,,,,,,,3,1.25,Miami Heat,substitute,,,,Cole,,Bosh,,,,,,,,,,,,,67-76,,http://stats.nba.com/cvp.html?GameID=0021200880&GameEventID=376
,,,,,,,,,,3,1.25,Miami Heat,substitute,,,,Andersen,,Wade,,,,,,,,,,,,,67-76,,http://stats.nba.com/cvp.html?GameID=0021200880&GameEventID=377
,,,,,,,,,,3,1.25,New York Knicks,free throw,,,,,,,1,,2,Stoudemire,1,,foul,made,,,,,67-77,,http://stats.nba.com/cvp.html?GameID=0021200880&GameEventID=378
,,,,,,,,,,3,1.25,New York Knicks,free throw,,,,,,,2,,2,Stoudemire,,,foul,missed,,,,,67-77,,http://stats.nba.com/cvp.html?GameID=0021200880&GameEventID=380
,,,,,,,,,,3,1.24,New York Knicks,rebound,,,,,,,,,,Smith,,,,,,,,,67-77,,http://stats.nba.com/cvp.html?GameID=0021200880&GameEventID=382
,,,,,,,,,,3,1.20,New York Knicks,turnover,,,,,,,,,,Smith,,,Bad Pass,,,,,,67-77,,http://stats.nba.com/cvp.html?GameID=0021200880&GameEventID=383
,,,,,,,,,,3,1.20,New York Knicks,foul,,,,,,,,,,Kidd,,,,,,Personal,,,67-77,,http://stats.nba.com/cvp.html?GameID=0021200880&GameEventID=384
,,,,,,,,,,3,1.20,Miami Heat,free throw,,,,,,,1,,2,James,,,foul,missed,,,,,67-77,,http://stats.nba.com/cvp.html?GameID=0021200880&GameEventID=386
,,,,,,,,,,3,1.20,Miami Heat,rebound,,,,,,,,,,,,,,,,,,,67-77,,http://stats.nba.com/cvp.html?GameID=0021200880&GameEventID=388
,,,,,,,,,,3,1.20,Miami Heat,free throw,,,,,,,2,,2,James,1,,foul,made,,,,,68-77,,http://stats.nba.com/cvp.html?GameID=0021200880&GameEventID=389
,,,,,,,,,,3,0.56,New York Knicks,shot,,,,,,,,,,Anthony,,,,missed,,Jump Shot,,,68-77,15,http://stats.nba.com/cvp.html?GameID=0021200880&GameEventID=391
,,,,,,,,,,3,0.54,Miami Heat,rebound,,,,,,,,,,Cole,,,,,,,,,68-77,,http://stats.nba.com/cvp.html?GameID=0021200880&GameEventID=392
,,,,,,,,,,3,0.50,Miami Heat,shot,,,,,,,,,,Allen,,,,missed,,3PT Jump Shot,,,68-77,24,http://stats.nba.com/cvp.html?GameID=0021200880&GameEventID=393
,,,,,,,,,,3,0.48,Miami Heat,rebound,,,,,,,,,,Allen,,,,,,,,,68-77,,http://stats.nba.com/cvp.html?GameID=0021200880&GameEventID=394
,,,,,,,,,,3,0.45,Miami Heat,shot,,,,,,,,,,Allen,,,,missed,,Jump Shot,,,68-77,13,http://stats.nba.com/cvp.html?GameID=0021200880&GameEventID=395
,,,,,,,,,,3,0.44,Miami Heat,rebound,,,,,,,,,,,,,,,,,,,68-77,,http://stats.nba.com/cvp.html?GameID=0021200880&GameEventID=396
,,,,,,,,,,3,0.44,New York Knicks,substitute,,,,Shumpert,,Novak,,,,,,,,,,,,,68-77,,http://stats.nba.com/cvp.html?GameID=0021200880&GameEventID=397
,,,,,,,,,,3,0.29,Miami Heat,shot,,,,,,,,,,Cole,2,,,made,,Jump Shot,,,70-77,19,http://stats.nba.com/cvp.html?GameID=0021200880&GameEventID=399
,,,,,,,,,,3,0.10,New York Knicks,shot,,,,,,,,,,Smith,,,,missed,,3PT Jump Shot,,,70-77,25,http://stats.nba.com/cvp.html?GameID=0021200880&GameEventID=401
,,,,,,,,,,3,0.08,Miami Heat,rebound,,,,,,,,,,Andersen,,,,,,,,,70-77,,http://stats.nba.com/cvp.html?GameID=0021200880&GameEventID=402
,,,,,,,,,,3,0.01,Miami Heat,shot,James,,,,,,,,,Battier,3,,,made,,3PT Jump Shot,,,73-77,24,http://stats.nba.com/cvp.html?GameID=0021200880&GameEventID=403
,,,,,,,,,,4,11.41,Miami Heat,shot,,,,,,,,,,Allen,,,,missed,,3PT Jump Shot,,,73-77,24,http://stats.nba.com/cvp.html?GameID=0021200880&GameEventID=407
,,,,,,,,,,4,11.39,New York Knicks,rebound,,,,,,,,,,Smith,,,,,,,,,73-77,,http://stats.nba.com/cvp.html?GameID=0021200880&GameEventID=408
,,,,,,,,,,4,11.33,New York Knicks,shot,,,,,,,,,,Smith,,,,missed,,Driving Layup,,,73-77,2,http://stats.nba.com/cvp.html?GameID=0021200880&GameEventID=409
,,,,,,,,,,4,11.32,Miami Heat,rebound,,,,,,,,,,Battier,,,,,,,,,73-77,,http://stats.nba.com/cvp.html?GameID=0021200880&GameEventID=410
,,,,,,,,,,4,11.16,Miami Heat,shot,,,,,,,,,,James,,,,missed,,Jump Shot,,,73-77,21,http://stats.nba.com/cvp.html?GameID=0021200880&GameEventID=411
,,,,,,,,,,4,11.14,New York Knicks,rebound,,,,,,,,,,Kidd,,,,,,,,,73-77,,http://stats.nba.com/cvp.html?GameID=0021200880&GameEventID=412
,,,,,,,,,,4,10.58,New York Knicks,shot,,,,,,,,,,Anthony,2,,,made,,Driving Layup,,,73-79,1,http://stats.nba.com/cvp.html?GameID=0021200880&GameEventID=413
,,,,,,,,,,4,10.34,Miami Heat,shot,,,,,,,,,,James,3,,,made,,3PT Jump Shot,,,76-79,25,http://stats.nba.com/cvp.html?GameID=0021200880&GameEventID=414
,,,,,,,,,,4,10.19,New York Knicks,shot,,,,,,,,,,Stoudemire,,,,missed,,Layup,,,76-79,2,http://stats.nba.com/cvp.html?GameID=0021200880&GameEventID=415
,,,,,,,,,,4,10.17,Miami Heat,rebound,,,,,,,,,,Andersen,,,,,,,,,76-79,,http://stats.nba.com/cvp.html?GameID=0021200880&GameEventID=416
,,,,,,,,,,4,10.09,Miami Heat,shot,,,,,,,,,,Allen,,,,missed,,Jump Bank Shot,,,76-79,15,http://stats.nba.com/cvp.html?GameID=0021200880&GameEventID=417
,,,,,,,,,,4,10.07,Miami Heat,rebound,,,,,,,,,,James,,,,,,,,,76-79,,http://stats.nba.com/cvp.html?GameID=0021200880&GameEventID=418
,,,,,,,,,,4,10.05,Miami Heat,shot,,,,,,,,,,James,3,,,made,,3PT Jump Shot,,,79-79,24,http://stats.nba.com/cvp.html?GameID=0021200880&GameEventID=419
,,,,,,,,,,4,10.04,New York Knicks,timeout,,,,,,,,,,,,,,,,,,,79-79,,http://stats.nba.com/cvp.html?GameID=0021200880&GameEventID=420
,,,,,,,,,,4,10.04,New York Knicks,substitute,,,,Felton,,Shumpert,,,,,,,,,,,,,79-79,,http://stats.nba.com/cvp.html?GameID=0021200880&GameEventID=423
,,,,,,,,,,4,9.45,Miami Heat,foul,,,,,,,,,,Andersen,,,,,,Personal,,,79-79,,http://stats.nba.com/cvp.html?GameID=0021200880&GameEventID=424
,,,,,,,,,,4,9.33,New York Knicks,shot,,,,,,,,,,Stoudemire,2,,,made,,Reverse Layup,,,79-81,2,http://stats.nba.com/cvp.html?GameID=0021200880&GameEventID=425
,,,,,,,,,,4,9.10,Miami Heat,shot,,,,,,,,,,Cole,,,,missed,,3PT Jump Shot,,,79-81,24,http://stats.nba.com/cvp.html?GameID=0021200880&GameEventID=426
,,,,,,,,,,4,9.08,New York Knicks,rebound,,,,,,,,,,Smith,,,,,,,,,79-81,,http://stats.nba.com/cvp.html?GameID=0021200880&GameEventID=427
,,,,,,,,,,4,9.01,New York Knicks,turnover,,,,,,,,,,Smith,,,Bad Pass,,,,,,79-81,,http://stats.nba.com/cvp.html?GameID=0021200880&GameEventID=428
,,,,,,,,,,4,8.54,Miami Heat,shot,,,,,,,,,,James,,,,missed,,3PT Jump Shot,,,79-81,24,http://stats.nba.com/cvp.html?GameID=0021200880&GameEventID=429
,,,,,,,,,,4,8.52,New York Knicks,rebound,,,,,,,,,,Smith,,,,,,,,,79-81,,http://stats.nba.com/cvp.html?GameID=0021200880&GameEventID=430
,,,,,,,,,,4,8.43,New York Knicks,shot,,,,,,,,,,Felton,,,,missed,,Driving Layup,,,79-81,1,http://stats.nba.com/cvp.html?GameID=0021200880&GameEventID=431
,,,,,,,,,,4,8.41,Miami Heat,rebound,,,,,,,,,,Battier,,,,,,,,,79-81,,http://stats.nba.com/cvp.html?GameID=0021200880&GameEventID=432
,,,,,,,,,,4,8.34,Miami Heat,shot,James,,,,,,,,,Battier,3,,,made,,3PT Jump Shot,,,82-81,24,http://stats.nba.com/cvp.html?GameID=0021200880&GameEventID=433
,,,,,,,,,,4,8.14,Miami Heat,foul,,,,,,,,,,Allen,,,,,,Shooting,,,82-81,,http://stats.nba.com/cvp.html?GameID=0021200880&GameEventID=434
,,,,,,,,,,4,8.14,New York Knicks,free throw,,,,,,,1,,2,Stoudemire,1,,foul,made,,,,,82-82,,http://stats.nba.com/cvp.html?GameID=0021200880&GameEventID=435
,,,,,,,,,,4,8.14,Miami Heat,substitute,,,,Bosh,,Andersen,,,,,,,,,,,,,82-82,,http://stats.nba.com/cvp.html?GameID=0021200880&GameEventID=437
,,,,,,,,,,4,8.14,Miami Heat,substitute,,,,Wade,,Allen,,,,,,,,,,,,,82-82,,http://stats.nba.com/cvp.html?GameID=0021200880&GameEventID=438
,,,,,,,,,,4,8.14,New York Knicks,free throw,,,,,,,2,,2,Stoudemire,,,foul,missed,,,,,82-82,,http://stats.nba.com/cvp.html?GameID=0021200880&GameEventID=439
,,,,,,,,,,4,8.13,Miami Heat,rebound,,,,,,,,,,Cole,,,,,,,,,82-82,,http://stats.nba.com/cvp.html?GameID=0021200880&GameEventID=441
,,,,,,,,,,4,8.04,New York Knicks,foul,,,,,,,,,,Smith,,,,,,Shooting,,,82-82,,http://stats.nba.com/cvp.html?GameID=0021200880&GameEventID=442
,,,,,,,,,,4,8.04,Miami Heat,free throw,,,,,,,1,,2,Wade,1,,foul,made,,,,,83-82,,http://stats.nba.com/cvp.html?GameID=0021200880&GameEventID=443
,,,,,,,,,,4,8.04,Miami Heat,free throw,,,,,,,2,,2,Wade,,,foul,missed,,,,,83-82,,http://stats.nba.com/cvp.html?GameID=0021200880&GameEventID=445
,,,,,,,,,,4,8.02,New York Knicks,rebound,,,,,,,,,,Stoudemire,,,,,,,,,83-82,,http://stats.nba.com/cvp.html?GameID=0021200880&GameEventID=447
,,,,,,,,,,4,7.56,Miami Heat,foul,,,,,,,,,,Cole,,,,,,Personal,,,83-82,,http://stats.nba.com/cvp.html?GameID=0021200880&GameEventID=448
,,,,,,,,,,4,7.56,New York Knicks,substitute,,,,Chandler,,Stoudemire,,,,,,,,,,,,,83-82,,http://stats.nba.com/cvp.html?GameID=0021200880&GameEventID=449
,,,,,,,,,,4,7.47,New York Knicks,turnover,,,,,,,,,,Anthony,,,Traveling,,,,,,83-82,,http://stats.nba.com/cvp.html?GameID=0021200880&GameEventID=450
,,,,,,,,,,4,7.29,Miami Heat,shot,,,,,,,,,,Cole,,,,missed,,Driving Reverse Layup,,,83-82,3,http://stats.nba.com/cvp.html?GameID=0021200880&GameEventID=451
,,,,,,,,,,4,7.28,Miami Heat,rebound,,,,,,,,,,Bosh,,,,,,,,,83-82,,http://stats.nba.com/cvp.html?GameID=0021200880&GameEventID=464
,,,,,,,,,,4,7.28,Miami Heat,shot,,,,,,,,,,Bosh,,,,missed,,Tip Shot,,,83-82,2,http://stats.nba.com/cvp.html?GameID=0021200880&GameEventID=463
,,,,,,,,,,4,7.27,Miami Heat,rebound,,,,,,,,,,Wade,,,,,,,,,83-82,,http://stats.nba.com/cvp.html?GameID=0021200880&GameEventID=452
,,,,,,,,,,4,7.10,Miami Heat,shot,,,,,,,,,,Wade,2,,,made,,Jump Shot,,,85-82,20,http://stats.nba.com/cvp.html?GameID=0021200880&GameEventID=453
,,,,,,,,,,4,6.55,New York Knicks,shot,,,,,,,,,,Smith,,,,missed,,3PT Jump Shot,,,85-82,25,http://stats.nba.com/cvp.html?GameID=0021200880&GameEventID=454
,,,,,,,,,,4,6.53,New York Knicks,rebound,,,,,,,,,,Chandler,,,,,,,,,85-82,,http://stats.nba.com/cvp.html?GameID=0021200880&GameEventID=455
,,,,,,,,,,4,6.50,New York Knicks,shot,,,,,,,,,,Anthony,2,,,made,,Driving Layup,,,85-84,2,http://stats.nba.com/cvp.html?GameID=0021200880&GameEventID=456
,,,,,,,,,,4,6.35,New York Knicks,foul,,,,,,,,,,Felton,,,,,,Personal,,,85-84,,http://stats.nba.com/cvp.html?GameID=0021200880&GameEventID=457
,,,,,,,,,,4,6.35,Miami Heat,substitute,,,,Chalmers,,Cole,,,,,,,,,,,,,85-84,,http://stats.nba.com/cvp.html?GameID=0021200880&GameEventID=458
,,,,,,,,,,4,6.25,Miami Heat,turnover,,,,,,,,,,Wade,,,Bad Pass,,,,,,85-84,,http://stats.nba.com/cvp.html?GameID=0021200880&GameEventID=459
,,,,,,,,,,4,6.20,New York Knicks,shot,Kidd,,,,,,,,,Smith,3,,,made,,3PT Jump Shot,,,85-87,24,http://stats.nba.com/cvp.html?GameID=0021200880&GameEventID=460
,,,,,,,,,,4,6.18,Miami Heat,timeout,,,,,,,,,,,,,,,,,,,85-87,,http://stats.nba.com/cvp.html?GameID=0021200880&GameEventID=461
,,,,,,,,,,4,5.55,Miami Heat,shot,,,,,,,,,,Wade,,,,missed,,Jump Shot,,,85-87,17,http://stats.nba.com/cvp.html?GameID=0021200880&GameEventID=467
,,,,,,,,,,4,5.54,Miami Heat,rebound,,,,,,,,,,,,,,,,,,,85-87,,http://stats.nba.com/cvp.html?GameID=0021200880&GameEventID=468
,,,,,,,,,,4,5.54,Miami Heat,turnover,,,,,,,,,,,,,Shot Clock,,,,,,85-87,,http://stats.nba.com/cvp.html?GameID=0021200880&GameEventID=469
,,,,,,,,,,4,5.44,New York Knicks,shot,,,,,,,,,,Anthony,,,,missed,,Jump Shot,,,85-87,4,http://stats.nba.com/cvp.html?GameID=0021200880&GameEventID=470
,,,,,,,,,,4,5.42,Miami Heat,rebound,,,,,,,,,,Wade,,,,,,,,,85-87,,http://stats.nba.com/cvp.html?GameID=0021200880&GameEventID=471
,,,,,,,,,,4,5.25,Miami Heat,shot,James,,,,,,,,,Bosh,2,,,made,,Layup,,,87-87,2,http://stats.nba.com/cvp.html?GameID=0021200880&GameEventID=473
,,,,,,,,,,4,4.56,New York Knicks,shot,,,,,,,,,,Smith,,,,missed,,3PT Jump Shot,,,87-87,25,http://stats.nba.com/cvp.html?GameID=0021200880&GameEventID=474
,,,,,,,,,,4,4.54,New York Knicks,rebound,,,,,,,,,,Kidd,,,,,,,,,87-87,,http://stats.nba.com/cvp.html?GameID=0021200880&GameEventID=475
,,,,,,,,,,4,4.52,New York Knicks,shot,,,,,,,,,,Anthony,,,,missed,,Jump Shot,,,87-87,21,http://stats.nba.com/cvp.html?GameID=0021200880&GameEventID=476
,,,,,,,,,,4,4.50,Miami Heat,rebound,,,,,,,,,,James,,,,,,,,,87-87,,http://stats.nba.com/cvp.html?GameID=0021200880&GameEventID=477
,,,,,,,,,,4,4.29,Miami Heat,shot,,,,,,,,,,Wade,2,,,made,,Jump Shot,,,89-87,5,http://stats.nba.com/cvp.html?GameID=0021200880&GameEventID=478
,,,,,,,,,,4,4.16,New York Knicks,shot,,,,,,,,,,Chandler,,,,missed,,Layup,,,89-87,3,http://stats.nba.com/cvp.html?GameID=0021200880&GameEventID=479
,,,,,,,,,,4,4.14,Miami Heat,rebound,,,,,,,,,,Wade,,,,,,,,,89-87,,http://stats.nba.com/cvp.html?GameID=0021200880&GameEventID=480
,,,,,,,,,,4,4.08,Miami Heat,shot,,,,,,,,,,Chalmers,,,,missed,,3PT Jump Shot,,,89-87,,http://stats.nba.com/cvp.html?GameID=0021200880&GameEventID=481
,,,,,,,,,,4,4.05,Miami Heat,rebound,,,,,,,,,,James,,,,,,,,,89-87,,http://stats.nba.com/cvp.html?GameID=0021200880&GameEventID=483
,,,,,,,,,,4,4.05,Miami Heat,shot,,,,,,,,,,James,2,,,made,,Tip Shot,,,91-87,2,http://stats.nba.com/cvp.html?GameID=0021200880&GameEventID=482
,,,,,,,,,,4,4.05,New York Knicks,timeout,,,,,,,,,,,,,,,,,,,91-87,,http://stats.nba.com/cvp.html?GameID=0021200880&GameEventID=484
,,,,,,,,,,4,3.42,New York Knicks,shot,,,,,,,,,,Kidd,,,,missed,,Driving Jump Shot,,,91-87,4,http://stats.nba.com/cvp.html?GameID=0021200880&GameEventID=487
,,,,,,,,,,4,3.41,New York Knicks,rebound,,,,,,,,,,,,,,,,,,,91-87,,http://stats.nba.com/cvp.html?GameID=0021200880&GameEventID=488
,,,,,,,,,,4,3.41,New York Knicks,turnover,,,,,,,,,,,,,Shot Clock,,,,,,91-87,,http://stats.nba.com/cvp.html?GameID=0021200880&GameEventID=489
,,,,,,,,,,4,3.22,Miami Heat,shot,,,,,,,,,,Bosh,,,,missed,,Driving Layup,,,91-87,2,http://stats.nba.com/cvp.html?GameID=0021200880&GameEventID=490
,,,,,,,,,,4,3.21,Miami Heat,rebound,,,,,,,,,,,,,,,,,,,91-87,,http://stats.nba.com/cvp.html?GameID=0021200880&GameEventID=491
,,,,,,,,,,4,3.17,Miami Heat,turnover,,,,,,,,,,,,,Shot Clock,,,,,,91-87,,http://stats.nba.com/cvp.html?GameID=0021200880&GameEventID=492
,,,,,,,,,,4,3.09,New York Knicks,shot,,,,,,,,,,Felton,2,,,made,,Driving Reverse Layup,,,91-89,2,http://stats.nba.com/cvp.html?GameID=0021200880&GameEventID=493
,,,,,,,,,,4,2.45,Miami Heat,shot,James,,,,,,,,,Bosh,2,,,made,,Layup,,,93-89,2,http://stats.nba.com/cvp.html?GameID=0021200880&GameEventID=494
,,,,,,,,,,4,2.29,New York Knicks,shot,,,,,,,,,,Felton,2,,,made,,Driving Layup,,,93-91,2,http://stats.nba.com/cvp.html?GameID=0021200880&GameEventID=495
,,,,,,,,,,4,2.00,Miami Heat,shot,,,,,,,,,,James,,,,missed,,3PT Jump Shot,,,93-91,24,http://stats.nba.com/cvp.html?GameID=0021200880&GameEventID=496
,,,,,,,,,,4,1.59,New York Knicks,rebound,,,,,,,,,,Kidd,,,,,,,,,93-91,,http://stats.nba.com/cvp.html?GameID=0021200880&GameEventID=497
,,,,,,,,,,4,1.45,New York Knicks,shot,,,,,,,,,,Smith,,,,missed,,3PT Jump Shot,,,93-91,26,http://stats.nba.com/cvp.html?GameID=0021200880&GameEventID=498
,,,,,,,,,,4,1.44,Miami Heat,rebound,,,,,,,,,,James,,,,,,,,,93-91,,http://stats.nba.com/cvp.html?GameID=0021200880&GameEventID=499
,,,,,,,,,,4,1.38,Miami Heat,shot,,,,,,,,,,James,2,,,made,,Driving Layup,,,95-91,2,http://stats.nba.com/cvp.html?GameID=0021200880&GameEventID=500
,,,,,,,,,,4,1.24,New York Knicks,turnover,,,,,,,,,,Felton Out of Bounds,,,Lost Ball,,,,,,95-91,,http://stats.nba.com/cvp.html?GameID=0021200880&GameEventID=501
,,,,,,,,,,4,1.06,Miami Heat,shot,Wade,,,,,,,,,Bosh,2,,,made,,Jump Shot,,,97-91,18,http://stats.nba.com/cvp.html?GameID=0021200880&GameEventID=502
,,,,,,,,,,4,1.06,New York Knicks,timeout,,,,,,,,,,,,,,,,,,,97-91,,http://stats.nba.com/cvp.html?GameID=0021200880&GameEventID=503
,,,,,,,,,,4,0.55,Miami Heat,foul,,,,,,,,,,Bosh,,,,,,Shooting,,,97-91,,http://stats.nba.com/cvp.html?GameID=0021200880&GameEventID=507
,,,,,,,,,,4,0.55,New York Knicks,free throw,,,,,,,1,,2,Felton,1,,foul,made,,,,,97-92,,http://stats.nba.com/cvp.html?GameID=0021200880&GameEventID=508
,,,,,,,,,,4,0.55,New York Knicks,free throw,,,,,,,2,,2,Felton,1,,foul,made,,,,,97-93,,http://stats.nba.com/cvp.html?GameID=0021200880&GameEventID=510
,,,,,,,,,,4,0.32,Miami Heat,shot,,,,,,,,,,James,,,,missed,,Jump Shot,,,97-93,18,http://stats.nba.com/cvp.html?GameID=0021200880&GameEventID=512
,,,,,,,,,,4,0.30,New York Knicks,rebound,,,,,,,,,,Kidd,,,,,,,,,97-93,,http://stats.nba.com/cvp.html?GameID=0021200880&GameEventID=513
,,,,,,,,,,4,0.25,New York Knicks,turnover,,,,,,,,,,Smith,,,Bad Pass,,,,,,97-93,,http://stats.nba.com/cvp.html?GameID=0021200880&GameEventID=514
,,,,,,,,,,4,0.23,Miami Heat,shot,,,,,,,,,,James,2,,,made,,Driving Slam Dunk,,,99-93,1,http://stats.nba.com/cvp.html?GameID=0021200880&GameEventID=515
,,,,,,,,,,4,0.13,New York Knicks,shot,,,,,,,,,,Smith,,,,missed,,3PT Jump Shot,,,99-93,24,http://stats.nba.com/cvp.html?GameID=0021200880&GameEventID=516
,,,,,,,,,,4,0.11,Miami Heat,rebound,,,,,,,,,,James,,,,,,,,,99-93,,http://stats.nba.com/cvp.html?GameID=0021200880&GameEventID=517
